#! /c/Source/iverilog-install/bin/vvp
:ivl_version "12.0 (devel)" "(s20150603-1539-g2693dd32b)";
:ivl_delay_selection "TYPICAL";
:vpi_time_precision - 12;
:vpi_module "C:\iverilog\lib\ivl\system.vpi";
:vpi_module "C:\iverilog\lib\ivl\vhdl_sys.vpi";
:vpi_module "C:\iverilog\lib\ivl\vhdl_textio.vpi";
:vpi_module "C:\iverilog\lib\ivl\v2005_math.vpi";
:vpi_module "C:\iverilog\lib\ivl\va_math.vpi";
S_0000019010581390 .scope module, "Boot_tb" "Boot_tb" 2 12;
 .timescale -9 -12;
P_00000190104bad10 .param/l "BITNS" 1 2 14, +C4<0000000000000000000000000000000000000000000000000000000001010000>;
P_00000190104bad48 .param/l "CPB" 1 2 13, +C4<00000000000000000000000000001000>;
L_000001901073a2b0 .functor BUFT 1, C4<111>, C4<0>, C4<0>, C4<0>;
v0000019010732150_0 .net/2u *"_ivl_4", 2 0, L_000001901073a2b0;  1 drivers
v00000190107330f0_0 .var "clk", 0 0;
v0000019010733af0_0 .var/i "errors", 31 0;
v0000019010733410_0 .var "rst", 0 0;
v0000019010731cf0_0 .var "rx_drive", 0 0;
L_00000190107a1130 .concat [ 1 3 0 0], v0000019010731cf0_0, L_000001901073a2b0;
S_0000019010581520 .scope module, "dut" "TopLayer" 2 20, 3 44 0, S_0000019010581390;
 .timescale -9 -12;
    .port_info 0 /INPUT 1 "clk";
    .port_info 1 /INPUT 1 "rst";
    .port_info 2 /INPUT 1 "irq_external";
    .port_info 3 /INPUT 32 "gpio_in";
    .port_info 4 /OUTPUT 32 "gpio_out";
    .port_info 5 /INPUT 4 "uart_rx";
    .port_info 6 /OUTPUT 4 "uart_tx";
P_000001901059d0e0 .param/l "BOOTLOADER" 0 3 46, +C4<00000000000000000000000000000001>;
P_000001901059d118 .param/l "CLINT_MSIP" 1 3 65, C4<110000>;
P_000001901059d150 .param/l "CLINT_MTIMECMPH" 1 3 67, C4<110010>;
P_000001901059d188 .param/l "CLINT_MTIMECMPL" 1 3 66, C4<110001>;
P_000001901059d1c0 .param/l "CLINT_MTIMEH" 1 3 69, C4<110100>;
P_000001901059d1f8 .param/l "CLINT_MTIMEL" 1 3 68, C4<110011>;
P_000001901059d230 .param/l "CLKS_PER_BIT" 0 3 45, +C4<00000000000000000000000000001000>;
P_000001901059d268 .param/l "IRQ_SOURCE_SLOT" 1 3 70, C4<101000>;
L_000001901073a220 .functor BUFT 1, C4<0>, C4<0>, C4<0>, C4<0>;
L_000001901067b7a0 .functor OR 1, L_000001901073a220, L_0000019010736890, C4<0>, C4<0>;
L_000001901067bb90 .functor OR 1, L_000001901067b7a0, L_00000190107911b0, C4<0>, C4<0>;
L_000001901067c8b0 .functor OR 1, L_000001901067bb90, L_00000190107925d0, C4<0>, C4<0>;
L_000001901067bc00 .functor OR 1, L_000001901067c8b0, L_0000019010792720, C4<0>, C4<0>;
L_000001901067b260 .functor OR 1, L_000001901067bc00, L_0000019010792aa0, C4<0>, C4<0>;
L_00000190105740b0 .functor AND 1, L_0000019010734450, L_0000019010736610, C4<1>, C4<1>;
L_0000019010790f10 .functor AND 1, L_0000019010735b70, L_00000190107366b0, C4<1>, C4<1>;
L_00000190107924f0 .functor AND 1, L_00000190105740b0, L_0000019010736750, C4<1>, C4<1>;
L_0000019010791450 .functor AND 1, L_00000190105740b0, L_000001901079dad0, C4<1>, C4<1>;
L_00000190107910d0 .functor AND 1, L_0000019010790f10, L_000001901079ff10, C4<1>, C4<1>;
L_00000190107914c0 .functor AND 1, L_00000190105740b0, L_000001901079f010, C4<1>, C4<1>;
L_0000019010791220 .functor AND 1, L_00000190105740b0, L_000001901079f330, C4<1>, C4<1>;
L_00000190107926b0 .functor AND 1, L_0000019010790f10, L_000001901079e250, C4<1>, C4<1>;
L_0000019010792800 .functor AND 1, L_00000190105740b0, L_000001901079f790, C4<1>, C4<1>;
L_0000019010791c30 .functor AND 1, L_00000190105740b0, L_00000190107a00f0, C4<1>, C4<1>;
L_0000019010792870 .functor AND 1, L_0000019010790f10, L_00000190107a09b0, C4<1>, C4<1>;
L_0000019010790ff0 .functor AND 1, L_00000190105740b0, L_00000190107a0190, C4<1>, C4<1>;
L_0000019010792bf0 .functor AND 1, L_00000190105740b0, L_00000190107a0a50, C4<1>, C4<1>;
L_0000019010792b10 .functor AND 1, L_0000019010790f10, L_00000190107a0550, C4<1>, C4<1>;
L_0000019010792950 .functor AND 1, L_00000190105740b0, L_00000190107a0f50, C4<1>, C4<1>;
v0000019010730490_0 .net *"_ivl_0", 0 0, L_000001901067b7a0;  1 drivers
L_0000019010739770 .functor BUFT 1, C4<010110>, C4<0>, C4<0>, C4<0>;
v00000190107314d0_0 .net/2u *"_ivl_102", 5 0, L_0000019010739770;  1 drivers
v0000019010731570_0 .net *"_ivl_104", 0 0, L_000001901079f790;  1 drivers
v0000019010731070_0 .net *"_ivl_11", 23 0, L_0000019010735350;  1 drivers
L_0000019010739bf0 .functor BUFT 1, C4<011000>, C4<0>, C4<0>, C4<0>;
v0000019010731890_0 .net/2u *"_ivl_114", 5 0, L_0000019010739bf0;  1 drivers
v000001901072f630_0 .net *"_ivl_116", 0 0, L_00000190107a00f0;  1 drivers
L_0000019010738b58 .functor BUFT 1, C4<111111111111111111111111>, C4<0>, C4<0>, C4<0>;
v0000019010731110_0 .net/2u *"_ivl_12", 23 0, L_0000019010738b58;  1 drivers
L_0000019010739c38 .functor BUFT 1, C4<011000>, C4<0>, C4<0>, C4<0>;
v0000019010731610_0 .net/2u *"_ivl_122", 5 0, L_0000019010739c38;  1 drivers
v000001901072f770_0 .net *"_ivl_124", 0 0, L_00000190107a09b0;  1 drivers
L_0000019010739c80 .functor BUFT 1, C4<011010>, C4<0>, C4<0>, C4<0>;
v00000190107308f0_0 .net/2u *"_ivl_128", 5 0, L_0000019010739c80;  1 drivers
v000001901072f9f0_0 .net *"_ivl_130", 0 0, L_00000190107a0190;  1 drivers
L_000001901073a100 .functor BUFT 1, C4<011100>, C4<0>, C4<0>, C4<0>;
v00000190107316b0_0 .net/2u *"_ivl_141", 5 0, L_000001901073a100;  1 drivers
v0000019010731930_0 .net *"_ivl_143", 0 0, L_00000190107a0a50;  1 drivers
L_000001901073a148 .functor BUFT 1, C4<011100>, C4<0>, C4<0>, C4<0>;
v000001901072f950_0 .net/2u *"_ivl_149", 5 0, L_000001901073a148;  1 drivers
v000001901072f270_0 .net *"_ivl_151", 0 0, L_00000190107a0550;  1 drivers
L_000001901073a190 .functor BUFT 1, C4<011110>, C4<0>, C4<0>, C4<0>;
v00000190107319d0_0 .net/2u *"_ivl_155", 5 0, L_000001901073a190;  1 drivers
v0000019010730850_0 .net *"_ivl_157", 0 0, L_00000190107a0f50;  1 drivers
L_000001901073a1d8 .functor BUFT 1, C4<000000000000000000000000000>, C4<0>, C4<0>, C4<0>;
v0000019010730990_0 .net/2u *"_ivl_163", 26 0, L_000001901073a1d8;  1 drivers
v0000019010730670_0 .net *"_ivl_17", 23 0, L_00000190107358f0;  1 drivers
L_0000019010738ba0 .functor BUFT 1, C4<111111111111111111111111>, C4<0>, C4<0>, C4<0>;
v0000019010730a30_0 .net/2u *"_ivl_18", 23 0, L_0000019010738ba0;  1 drivers
v00000190107305d0_0 .net *"_ivl_2", 0 0, L_000001901067bb90;  1 drivers
L_0000019010738be8 .functor BUFT 1, C4<111>, C4<0>, C4<0>, C4<0>;
v000001901072fdb0_0 .net/2u *"_ivl_26", 2 0, L_0000019010738be8;  1 drivers
v0000019010730030_0 .net *"_ivl_28", 0 0, L_0000019010736610;  1 drivers
L_0000019010738c30 .functor BUFT 1, C4<111>, C4<0>, C4<0>, C4<0>;
v0000019010730c10_0 .net/2u *"_ivl_32", 2 0, L_0000019010738c30;  1 drivers
v000001901072fc70_0 .net *"_ivl_34", 0 0, L_00000190107366b0;  1 drivers
L_0000019010738c78 .functor BUFT 1, C4<111>, C4<0>, C4<0>, C4<0>;
v000001901072fb30_0 .net/2u *"_ivl_38", 2 0, L_0000019010738c78;  1 drivers
v0000019010730350_0 .net *"_ivl_4", 0 0, L_000001901067c8b0;  1 drivers
L_0000019010738cc0 .functor BUFT 1, C4<001000>, C4<0>, C4<0>, C4<0>;
v00000190107300d0_0 .net/2u *"_ivl_48", 5 0, L_0000019010738cc0;  1 drivers
v0000019010731250_0 .net *"_ivl_50", 0 0, L_0000019010736750;  1 drivers
v000001901072f3b0_0 .net *"_ivl_6", 0 0, L_000001901067bc00;  1 drivers
L_00000190107391d0 .functor BUFT 1, C4<010000>, C4<0>, C4<0>, C4<0>;
v0000019010730210_0 .net/2u *"_ivl_62", 5 0, L_00000190107391d0;  1 drivers
v000001901072f6d0_0 .net *"_ivl_64", 0 0, L_000001901079dad0;  1 drivers
L_0000019010739218 .functor BUFT 1, C4<010000>, C4<0>, C4<0>, C4<0>;
v0000019010730b70_0 .net/2u *"_ivl_70", 5 0, L_0000019010739218;  1 drivers
v0000019010730df0_0 .net *"_ivl_72", 0 0, L_000001901079ff10;  1 drivers
L_0000019010739260 .functor BUFT 1, C4<010010>, C4<0>, C4<0>, C4<0>;
v000001901072f4f0_0 .net/2u *"_ivl_76", 5 0, L_0000019010739260;  1 drivers
v000001901072fbd0_0 .net *"_ivl_78", 0 0, L_000001901079f010;  1 drivers
L_00000190107396e0 .functor BUFT 1, C4<010100>, C4<0>, C4<0>, C4<0>;
v000001901072f590_0 .net/2u *"_ivl_88", 5 0, L_00000190107396e0;  1 drivers
v000001901072fd10_0 .net *"_ivl_90", 0 0, L_000001901079f330;  1 drivers
L_0000019010739728 .functor BUFT 1, C4<010100>, C4<0>, C4<0>, C4<0>;
v000001901072fe50_0 .net/2u *"_ivl_96", 5 0, L_0000019010739728;  1 drivers
v0000019010730cb0_0 .net *"_ivl_98", 0 0, L_000001901079e250;  1 drivers
v0000019010730d50_0 .net "bram_data_out", 31 0, v00000190106a9b00_0;  1 drivers
v0000019010730e90_0 .net "bram_write_mode", 2 0, L_00000190107346d0;  1 drivers
v0000019010730170_0 .net "clk", 0 0, v00000190107330f0_0;  1 drivers
v0000019010730f30_0 .net "cpu_irq_external", 0 0, L_000001901067b260;  1 drivers
L_000001901073a268 .functor BUFT 1, C4<00000000000000000000000000000000>, C4<0>, C4<0>, C4<0>;
v00000190107303f0_0 .net "gpio_in", 31 0, L_000001901073a268;  1 drivers
v00000190107302b0_0 .net "gpio_irq", 0 0, L_0000019010736890;  1 drivers
v00000190107311b0_0 .net "gpio_out", 31 0, L_0000019010790f80;  1 drivers
v000001901072f810_0 .net "gpio_raddr", 3 0, L_0000019010735990;  1 drivers
v0000019010730710_0 .net "gpio_rdata", 31 0, v000001901071f970_0;  1 drivers
v00000190107307b0_0 .net "gpio_waddr", 3 0, L_0000019010735850;  1 drivers
v0000019010730fd0_0 .net "gpio_we", 0 0, L_00000190107924f0;  1 drivers
v00000190107312f0_0 .net "irq_external", 0 0, L_000001901073a220;  1 drivers
v0000019010731390_0 .net "irq_source_word", 31 0, L_00000190107a1770;  1 drivers
v0000019010731430_0 .net "mem_data_in", 31 0, v000001901065a980_0;  1 drivers
v0000019010734090_0 .net "mem_data_out", 31 0, L_00000190107a1c70;  1 drivers
v0000019010732650_0 .net "mem_fetch_addr", 15 0, L_0000019010734f90;  1 drivers
v00000190107337d0_0 .net "mem_instruction", 31 0, v00000190106aa820_0;  1 drivers
v0000019010731d90_0 .net "mem_read_addr", 31 0, v0000019010676920_0;  1 drivers
v0000019010732fb0_0 .net "mem_read_mode", 2 0, v0000019010675c00_0;  1 drivers
v0000019010733690_0 .net "mem_write_addr", 31 0, v0000019010676a60_0;  1 drivers
v0000019010734130_0 .net "mem_write_mode", 2 0, v0000019010675d40_0;  1 drivers
v0000019010732f10_0 .var "mmio_read_data", 31 0;
v0000019010731b10_0 .var "mmio_read_data_q", 31 0;
v0000019010732e70_0 .net "mmio_read_en", 0 0, L_0000019010790f10;  1 drivers
v0000019010733730_0 .net "mmio_read_slot", 5 0, L_00000190107355d0;  1 drivers
v00000190107339b0_0 .net "mmio_write_en", 0 0, L_00000190105740b0;  1 drivers
v00000190107335f0_0 .net "mmio_write_slot", 5 0, L_0000019010735fd0;  1 drivers
v0000019010733b90_0 .var "msip", 0 0;
v0000019010733c30_0 .var "mtime", 63 0;
v00000190107341d0_0 .var "mtimecmp", 63 0;
v0000019010732470_0 .net "read_is_mmio", 0 0, L_0000019010735b70;  1 drivers
v0000019010733f50_0 .var "read_was_mmio", 0 0;
v0000019010733a50_0 .net "rst", 0 0, v0000019010733410_0;  1 drivers
v00000190107326f0_0 .net "soft_int", 0 0, v0000019010733b90_0;  1 drivers
v00000190107320b0_0 .net "timer_int", 0 0, L_00000190107a2530;  1 drivers
v0000019010733ff0_0 .net "uart_irq0", 0 0, L_00000190107911b0;  1 drivers
v0000019010731f70_0 .net "uart_irq1", 0 0, L_00000190107925d0;  1 drivers
v0000019010733910_0 .net "uart_irq2", 0 0, L_0000019010792720;  1 drivers
v0000019010732790_0 .net "uart_irq3", 0 0, L_0000019010792aa0;  1 drivers
v0000019010732ab0_0 .net "uart_rdata0", 31 0, L_000001901079dfd0;  1 drivers
v0000019010732010_0 .net "uart_rdata1", 31 0, L_000001901079f650;  1 drivers
v00000190107332d0_0 .net "uart_rdata2", 31 0, L_00000190107a1f90;  1 drivers
v0000019010731a70_0 .net "uart_rdata3", 31 0, L_00000190107a2850;  1 drivers
v0000019010733870_0 .net "uart_reg_sel", 1 0, L_00000190107369d0;  1 drivers
v0000019010731bb0_0 .net "uart_rx", 3 0, L_00000190107a1130;  1 drivers
v0000019010733e10_0 .net "uart_tx", 3 0, L_00000190107a2490;  1 drivers
v0000019010731c50_0 .net "write_is_mmio", 0 0, L_0000019010734450;  1 drivers
E_000001901069dc60/0 .event anyedge, v0000019010733730_0, v000001901071f970_0, v00000190107221b0_0, v00000190107281a0_0;
E_000001901069dc60/1 .event anyedge, v0000019010726e40_0, v000001901072caa0_0, v0000019010731390_0, v0000019010733b90_0;
E_000001901069dc60/2 .event anyedge, v00000190107341d0_0, v0000019010733c30_0;
E_000001901069dc60 .event/or E_000001901069dc60/0, E_000001901069dc60/1, E_000001901069dc60/2;
L_0000019010735350 .part v0000019010676920_0, 8, 24;
L_0000019010735b70 .cmp/eq 24, L_0000019010735350, L_0000019010738b58;
L_00000190107358f0 .part v0000019010676a60_0, 8, 24;
L_0000019010734450 .cmp/eq 24, L_00000190107358f0, L_0000019010738ba0;
L_00000190107355d0 .part v0000019010676920_0, 2, 6;
L_0000019010735fd0 .part v0000019010676a60_0, 2, 6;
L_0000019010736610 .cmp/ne 3, v0000019010675d40_0, L_0000019010738be8;
L_00000190107366b0 .cmp/ne 3, v0000019010675c00_0, L_0000019010738c30;
L_00000190107346d0 .functor MUXZ 3, v0000019010675d40_0, L_0000019010738c78, L_0000019010734450, C4<>;
L_00000190107361b0 .part v0000019010676a60_0, 0, 16;
L_0000019010736930 .part v0000019010676920_0, 0, 16;
L_0000019010735850 .part L_0000019010735fd0, 0, 4;
L_0000019010736750 .cmp/ge 6, L_0000019010738cc0, L_0000019010735fd0;
L_0000019010735990 .part L_00000190107355d0, 0, 4;
L_00000190107369d0 .part L_00000190107355d0, 0, 2;
L_000001901079ec50 .part L_00000190107a1130, 0, 1;
L_000001901079dad0 .cmp/eq 6, L_0000019010735fd0, L_00000190107391d0;
L_000001901079e9d0 .part v000001901065a980_0, 0, 8;
L_000001901079ff10 .cmp/eq 6, L_00000190107355d0, L_0000019010739218;
L_000001901079f010 .cmp/eq 6, L_0000019010735fd0, L_0000019010739260;
L_000001901079e110 .part v000001901065a980_0, 0, 3;
L_000001901079e890 .part L_00000190107a1130, 1, 1;
L_000001901079f330 .cmp/eq 6, L_0000019010735fd0, L_00000190107396e0;
L_000001901079ed90 .part v000001901065a980_0, 0, 8;
L_000001901079e250 .cmp/eq 6, L_00000190107355d0, L_0000019010739728;
L_000001901079f790 .cmp/eq 6, L_0000019010735fd0, L_0000019010739770;
L_000001901079eed0 .part v000001901065a980_0, 0, 3;
L_00000190107a0730 .part L_00000190107a1130, 2, 1;
L_00000190107a00f0 .cmp/eq 6, L_0000019010735fd0, L_0000019010739bf0;
L_00000190107a2710 .part v000001901065a980_0, 0, 8;
L_00000190107a09b0 .cmp/eq 6, L_00000190107355d0, L_0000019010739c38;
L_00000190107a0190 .cmp/eq 6, L_0000019010735fd0, L_0000019010739c80;
L_00000190107a2170 .part v000001901065a980_0, 0, 3;
L_00000190107a0370 .part L_00000190107a1130, 3, 1;
L_00000190107a2490 .concat8 [ 1 1 1 1], v00000190107213f0_0, v0000019010725ea0_0, v000001901072bc40_0, v000001901072fef0_0;
L_00000190107a0a50 .cmp/eq 6, L_0000019010735fd0, L_000001901073a100;
L_00000190107a1450 .part v000001901065a980_0, 0, 8;
L_00000190107a0550 .cmp/eq 6, L_00000190107355d0, L_000001901073a148;
L_00000190107a0f50 .cmp/eq 6, L_0000019010735fd0, L_000001901073a190;
L_00000190107a0ff0 .part v000001901065a980_0, 0, 3;
LS_00000190107a1770_0_0 .concat [ 1 1 1 1], L_0000019010736890, L_00000190107911b0, L_00000190107925d0, L_0000019010792720;
LS_00000190107a1770_0_4 .concat [ 1 27 0 0], L_0000019010792aa0, L_000001901073a1d8;
L_00000190107a1770 .concat [ 4 28 0 0], LS_00000190107a1770_0_0, LS_00000190107a1770_0_4;
L_00000190107a2530 .cmp/ge 64, v0000019010733c30_0, v00000190107341d0_0;
L_00000190107a1c70 .functor MUXZ 32, v00000190106a9b00_0, v0000019010731b10_0, v0000019010733f50_0, C4<>;
S_000001901059d2b0 .scope generate, "boot_preload" "boot_preload" 3 136, 3 136 0, S_0000019010581520;
 .timescale -9 -12;
v00000190106aab40_0 .var/i "bi", 31 0;
v00000190106aabe0 .array "boot_words", 32 0, 31 0;
S_000001901056c480 .scope module, "bram" "BRAM" 3 116, 4 13 0, S_0000019010581520;
 .timescale -9 -12;
    .port_info 0 /INPUT 1 "clk";
    .port_info 1 /INPUT 16 "write_addr";
    .port_info 2 /INPUT 16 "read_addr";
    .port_info 3 /INPUT 16 "fetch_addr";
    .port_info 4 /INPUT 32 "data_in";
    .port_info 5 /INPUT 3 "write_mode";
    .port_info 6 /INPUT 3 "read_mode";
    .port_info 7 /OUTPUT 32 "data_out";
    .port_info 8 /OUTPUT 32 "instruction_out";
v00000190106aadc0 .array "Mem", 0 65535, 7 0;
v00000190106ab040_0 .net "clk", 0 0, v00000190107330f0_0;  alias, 1 drivers
v00000190106aa0a0_0 .net "data_in", 31 0, v000001901065a980_0;  alias, 1 drivers
v00000190106a9b00_0 .var "data_out", 31 0;
v00000190106a9600_0 .net "fetch_addr", 15 0, L_0000019010734f90;  alias, 1 drivers
v00000190106aa820_0 .var "instruction_out", 31 0;
v00000190106aaf00_0 .net "read_addr", 15 0, L_0000019010736930;  1 drivers
v00000190106aa1e0_0 .net "read_mode", 2 0, v0000019010675c00_0;  alias, 1 drivers
v00000190106ab220_0 .net "write_addr", 15 0, L_00000190107361b0;  1 drivers
v00000190106aa140_0 .net "write_mode", 2 0, L_00000190107346d0;  alias, 1 drivers
E_000001901069de60 .event posedge, v00000190106ab040_0;
S_000001901056c610 .scope module, "cpu" "CPU" 3 90, 5 10 0, S_0000019010581520;
 .timescale -9 -12;
    .port_info 0 /INPUT 1 "clk";
    .port_info 1 /INPUT 1 "rst";
    .port_info 2 /INPUT 1 "irq_external";
    .port_info 3 /INPUT 1 "timer_int";
    .port_info 4 /INPUT 1 "soft_int";
    .port_info 5 /OUTPUT 16 "mem_fetch_addr";
    .port_info 6 /OUTPUT 32 "mem_read_addr";
    .port_info 7 /OUTPUT 32 "mem_write_addr";
    .port_info 8 /OUTPUT 32 "mem_data_in";
    .port_info 9 /OUTPUT 3 "mem_read_mode";
    .port_info 10 /OUTPUT 3 "mem_write_mode";
    .port_info 11 /INPUT 32 "mem_data_out";
    .port_info 12 /INPUT 32 "mem_instruction";
L_000001901067b500 .functor BUFZ 32, v00000190106aa820_0, C4<00000000000000000000000000000000>, C4<00000000000000000000000000000000>, C4<00000000000000000000000000000000>;
L_000001901067bc70 .functor BUFZ 32, L_00000190107a1c70, C4<00000000000000000000000000000000>, C4<00000000000000000000000000000000>, C4<00000000000000000000000000000000>;
L_000001901067ca70 .functor AND 1, L_0000019010734310, L_0000019010736110, C4<1>, C4<1>;
L_000001901067cae0 .functor OR 1, L_0000019010734b30, L_000001901067b260, C4<0>, C4<0>;
L_000001901067b6c0 .functor AND 1, L_000001901067ca70, L_000001901067cae0, C4<1>, C4<1>;
L_000001901067cbc0 .functor AND 1, L_0000019010735cb0, L_0000019010736570, C4<1>, C4<1>;
L_000001901067bea0 .functor OR 1, L_0000019010734950, v0000019010733b90_0, C4<0>, C4<0>;
L_000001901067bf10 .functor AND 1, L_000001901067cbc0, L_000001901067bea0, C4<1>, C4<1>;
L_000001901067b810 .functor AND 1, L_00000190107350d0, L_0000019010734770, C4<1>, C4<1>;
L_000001901067cc30 .functor OR 1, L_00000190107349f0, L_00000190107a2530, C4<0>, C4<0>;
L_000001901067b8f0 .functor AND 1, L_000001901067b810, L_000001901067cc30, C4<1>, C4<1>;
L_000001901067c0d0 .functor OR 1, L_000001901067b6c0, L_000001901067bf10, C4<0>, C4<0>;
L_000001901067ced0 .functor OR 1, L_000001901067c0d0, L_000001901067b8f0, C4<0>, C4<0>;
L_000001901067cdf0 .functor AND 1, L_0000019010735210, L_0000019010736390, C4<1>, C4<1>;
L_000001901067ce60 .functor AND 1, L_000001901067cdf0, L_0000019010735df0, C4<1>, C4<1>;
L_000001901067cf40 .functor AND 1, L_000001901067ce60, L_00000190107344f0, C4<1>, C4<1>;
L_00000190106370c0 .functor AND 1, L_000001901067cdf0, L_0000019010735530, C4<1>, C4<1>;
L_0000019010637130 .functor AND 1, L_00000190106370c0, L_0000019010735170, C4<1>, C4<1>;
L_0000019010636f00 .functor AND 1, L_0000019010735d50, L_00000190107367f0, C4<1>, C4<1>;
L_00000190106366b0 .functor BUFZ 32, v000001901071c4f0_0, C4<00000000000000000000000000000000>, C4<00000000000000000000000000000000>, C4<00000000000000000000000000000000>;
L_0000019010636f70 .functor AND 1, L_00000190107352b0, L_0000019010734e50, C4<1>, C4<1>;
L_0000019010636aa0 .functor OR 1, v000001901071e890_0, v000001901071e7f0_0, C4<0>, C4<0>;
L_00000190106357d0 .functor OR 1, L_0000019010636aa0, L_00000190107353f0, C4<0>, C4<0>;
L_0000019010636790 .functor OR 1, L_00000190106357d0, L_0000019010735e90, C4<0>, C4<0>;
L_0000019010635a00 .functor AND 1, L_0000019010735f30, v000001901071ba10_0, C4<1>, C4<1>;
L_000001901050c500 .functor OR 1, L_0000019010636790, L_0000019010635a00, C4<0>, C4<0>;
v000001901065bc40_0 .net "BRAMInstruction", 31 0, L_00000190107321f0;  1 drivers
v000001901065a980_0 .var "BRAM_data_in", 31 0;
v0000019010675480_0 .net "BRAM_data_out", 31 0, L_000001901067bc70;  1 drivers
v0000019010675c00_0 .var "BRAM_load_mode", 2 0;
v0000019010676920_0 .var "BRAM_read_addr", 31 0;
v0000019010675d40_0 .var "BRAM_store_mode", 2 0;
v0000019010676a60_0 .var "BRAM_write_addr", 31 0;
v000001901067ef50_0 .var "EX_csr_result", 31 0;
v000001901067d1f0_0 .var "EX_result", 31 0;
v000001901067d970_0 .net "IF_instruction", 31 0, L_000001901067b500;  1 drivers
v000001901067d150_0 .var "PC", 31 0;
v000001901067d330_0 .var "PC_decode", 31 0;
v0000019010719780_0 .var "WB_rd_addr", 4 0;
v0000019010718ba0_0 .var "WB_rd_data", 31 0;
v0000019010718380_0 .var "WB_write_enable", 0 0;
v0000019010719140_0 .net *"_ivl_100", 0 0, L_000001901067cae0;  1 drivers
v0000019010718ec0_0 .net *"_ivl_105", 0 0, L_0000019010735cb0;  1 drivers
v0000019010719960_0 .net *"_ivl_107", 0 0, L_0000019010736570;  1 drivers
v00000190107187e0_0 .net *"_ivl_108", 0 0, L_000001901067cbc0;  1 drivers
v00000190107198c0_0 .net *"_ivl_111", 0 0, L_0000019010734950;  1 drivers
v00000190107190a0_0 .net *"_ivl_112", 0 0, L_000001901067bea0;  1 drivers
v0000019010719820_0 .net *"_ivl_117", 0 0, L_00000190107350d0;  1 drivers
v0000019010718740_0 .net *"_ivl_119", 0 0, L_0000019010734770;  1 drivers
v0000019010718e20_0 .net *"_ivl_120", 0 0, L_000001901067b810;  1 drivers
v0000019010718f60_0 .net *"_ivl_123", 0 0, L_00000190107349f0;  1 drivers
v0000019010719dc0_0 .net *"_ivl_124", 0 0, L_000001901067cc30;  1 drivers
v0000019010719d20_0 .net *"_ivl_128", 0 0, L_000001901067c0d0;  1 drivers
L_0000019010738840 .functor BUFT 1, C4<11>, C4<0>, C4<0>, C4<0>;
v0000019010719a00_0 .net/2u *"_ivl_144", 1 0, L_0000019010738840;  1 drivers
v0000019010718b00_0 .net *"_ivl_146", 0 0, L_0000019010735210;  1 drivers
L_0000019010738888 .functor BUFT 1, C4<00000>, C4<0>, C4<0>, C4<0>;
v0000019010719aa0_0 .net/2u *"_ivl_148", 4 0, L_0000019010738888;  1 drivers
v0000019010719e60_0 .net *"_ivl_150", 0 0, L_0000019010736390;  1 drivers
L_00000190107388d0 .functor BUFT 1, C4<10>, C4<0>, C4<0>, C4<0>;
v0000019010719000_0 .net/2u *"_ivl_154", 1 0, L_00000190107388d0;  1 drivers
v0000019010719b40_0 .net *"_ivl_156", 0 0, L_0000019010735030;  1 drivers
v0000019010718920_0 .net *"_ivl_160", 0 0, L_0000019010735df0;  1 drivers
v0000019010718a60_0 .net *"_ivl_163", 0 0, L_000001901067ce60;  1 drivers
L_0000019010738918 .functor BUFT 1, C4<00000>, C4<0>, C4<0>, C4<0>;
v00000190107191e0_0 .net/2u *"_ivl_164", 4 0, L_0000019010738918;  1 drivers
v0000019010719500_0 .net *"_ivl_166", 0 0, L_00000190107344f0;  1 drivers
v0000019010719280_0 .net *"_ivl_169", 0 0, L_000001901067cf40;  1 drivers
v0000019010718c40_0 .net *"_ivl_172", 0 0, L_0000019010735530;  1 drivers
v0000019010719320_0 .net *"_ivl_175", 0 0, L_00000190106370c0;  1 drivers
L_0000019010738960 .functor BUFT 1, C4<00000>, C4<0>, C4<0>, C4<0>;
v0000019010719be0_0 .net/2u *"_ivl_176", 4 0, L_0000019010738960;  1 drivers
v0000019010719f00_0 .net *"_ivl_178", 0 0, L_0000019010735170;  1 drivers
v00000190107193c0_0 .net *"_ivl_181", 0 0, L_0000019010637130;  1 drivers
L_00000190107389a8 .functor BUFT 1, C4<01>, C4<0>, C4<0>, C4<0>;
v0000019010719c80_0 .net/2u *"_ivl_184", 1 0, L_00000190107389a8;  1 drivers
v0000019010718420_0 .net *"_ivl_186", 0 0, L_0000019010735d50;  1 drivers
v0000019010718ce0_0 .net *"_ivl_188", 0 0, L_00000190107367f0;  1 drivers
L_00000190107389f0 .functor BUFT 1, C4<01>, C4<0>, C4<0>, C4<0>;
v0000019010719460_0 .net/2u *"_ivl_194", 1 0, L_00000190107389f0;  1 drivers
v0000019010719fa0_0 .net *"_ivl_196", 0 0, L_00000190107352b0;  1 drivers
L_0000019010738a38 .functor BUFT 1, C4<001101000001>, C4<0>, C4<0>, C4<0>;
v000001901071a040_0 .net/2u *"_ivl_198", 11 0, L_0000019010738a38;  1 drivers
v00000190107195a0_0 .net *"_ivl_200", 0 0, L_0000019010734e50;  1 drivers
v000001901071a0e0_0 .net *"_ivl_203", 0 0, L_0000019010636f70;  1 drivers
v000001901071a180_0 .net *"_ivl_207", 0 0, L_0000019010636aa0;  1 drivers
L_0000019010738a80 .functor BUFT 1, C4<1101111>, C4<0>, C4<0>, C4<0>;
v00000190107184c0_0 .net/2u *"_ivl_208", 6 0, L_0000019010738a80;  1 drivers
v0000019010719640_0 .net *"_ivl_210", 0 0, L_00000190107353f0;  1 drivers
v0000019010718560_0 .net *"_ivl_213", 0 0, L_00000190106357d0;  1 drivers
L_0000019010738ac8 .functor BUFT 1, C4<1100111>, C4<0>, C4<0>, C4<0>;
v00000190107196e0_0 .net/2u *"_ivl_214", 6 0, L_0000019010738ac8;  1 drivers
v000001901071a220_0 .net *"_ivl_216", 0 0, L_0000019010735e90;  1 drivers
v0000019010718600_0 .net *"_ivl_219", 0 0, L_0000019010636790;  1 drivers
L_0000019010738b10 .functor BUFT 1, C4<1100011>, C4<0>, C4<0>, C4<0>;
v00000190107186a0_0 .net/2u *"_ivl_220", 6 0, L_0000019010738b10;  1 drivers
v0000019010718880_0 .net *"_ivl_222", 0 0, L_0000019010735f30;  1 drivers
v00000190107189c0_0 .net *"_ivl_225", 0 0, L_0000019010635a00;  1 drivers
v0000019010718d80_0 .net *"_ivl_23", 0 0, L_0000019010733370;  1 drivers
v000001901071acf0_0 .net *"_ivl_24", 19 0, L_0000019010732330;  1 drivers
v000001901071c0f0_0 .net *"_ivl_27", 11 0, L_0000019010733d70;  1 drivers
v000001901071a7f0_0 .net *"_ivl_31", 0 0, L_0000019010733eb0;  1 drivers
v000001901071b8d0_0 .net *"_ivl_32", 19 0, L_00000190107323d0;  1 drivers
v000001901071bd30_0 .net *"_ivl_35", 6 0, L_00000190107325b0;  1 drivers
v000001901071ab10_0 .net *"_ivl_37", 4 0, L_0000019010732bf0;  1 drivers
L_0000019010738690 .functor BUFT 1, C4<00000000000000000000000000000000>, C4<0>, C4<0>, C4<0>;
v000001901071a750_0 .net/2u *"_ivl_4", 31 0, L_0000019010738690;  1 drivers
v000001901071af70_0 .net *"_ivl_41", 0 0, L_0000019010732c90;  1 drivers
v000001901071bbf0_0 .net *"_ivl_42", 18 0, L_0000019010732dd0;  1 drivers
v000001901071c050_0 .net *"_ivl_45", 0 0, L_0000019010732d30;  1 drivers
v000001901071a390_0 .net *"_ivl_47", 0 0, L_0000019010733050;  1 drivers
v000001901071bc90_0 .net *"_ivl_49", 5 0, L_0000019010733190;  1 drivers
v000001901071bf10_0 .net *"_ivl_51", 3 0, L_0000019010733230;  1 drivers
L_00000190107386d8 .functor BUFT 1, C4<0>, C4<0>, C4<0>, C4<0>;
v000001901071c230_0 .net/2u *"_ivl_52", 0 0, L_00000190107386d8;  1 drivers
v000001901071abb0_0 .net *"_ivl_57", 19 0, L_0000019010736070;  1 drivers
L_0000019010738720 .functor BUFT 1, C4<000000000000>, C4<0>, C4<0>, C4<0>;
v000001901071bdd0_0 .net/2u *"_ivl_58", 11 0, L_0000019010738720;  1 drivers
v000001901071ac50_0 .net *"_ivl_63", 0 0, L_0000019010734590;  1 drivers
v000001901071b650_0 .net *"_ivl_64", 10 0, L_00000190107362f0;  1 drivers
v000001901071be70_0 .net *"_ivl_67", 0 0, L_0000019010735490;  1 drivers
v000001901071bfb0_0 .net *"_ivl_69", 7 0, L_0000019010734d10;  1 drivers
v000001901071b290_0 .net *"_ivl_71", 0 0, L_0000019010735710;  1 drivers
v000001901071a890_0 .net *"_ivl_73", 9 0, L_0000019010734270;  1 drivers
L_0000019010738768 .functor BUFT 1, C4<0>, C4<0>, C4<0>, C4<0>;
v000001901071b830_0 .net/2u *"_ivl_74", 0 0, L_0000019010738768;  1 drivers
L_00000190107387b0 .functor BUFT 1, C4<000000000000000000000000000>, C4<0>, C4<0>, C4<0>;
v000001901071c190_0 .net/2u *"_ivl_80", 26 0, L_00000190107387b0;  1 drivers
v000001901071bb50_0 .net *"_ivl_83", 4 0, L_0000019010736430;  1 drivers
L_00000190107387f8 .functor BUFT 1, C4<00000000000000000000000000000000>, C4<0>, C4<0>, C4<0>;
v000001901071a430_0 .net/2u *"_ivl_88", 31 0, L_00000190107387f8;  1 drivers
v000001901071a6b0_0 .net *"_ivl_93", 0 0, L_0000019010734310;  1 drivers
v000001901071a4d0_0 .net *"_ivl_95", 0 0, L_0000019010736110;  1 drivers
v000001901071a570_0 .net *"_ivl_96", 0 0, L_000001901067ca70;  1 drivers
v000001901071a9d0_0 .net *"_ivl_99", 0 0, L_0000019010734b30;  1 drivers
v000001901071b790_0 .var "alu_control", 3 0;
v000001901071ad90_0 .net "alu_result", 31 0, v00000190106aa460_0;  1 drivers
v000001901071ba10_0 .var "branch_taken", 0 0;
v000001901071a610_0 .net "clk", 0 0, v00000190107330f0_0;  alias, 1 drivers
v000001901071aed0_0 .net "csr_addr", 11 0, L_00000190107357b0;  1 drivers
v000001901071a930_0 .net "csr_forward", 0 0, L_0000019010636f00;  1 drivers
v000001901071aa70_0 .net "csr_forward_data", 31 0, L_00000190106366b0;  1 drivers
v000001901071ae30_0 .var "csr_read_value", 31 0;
v000001901071b010_0 .var "cycle", 63 0;
v000001901071b150_0 .var "ebreak_instr", 0 0;
v000001901071bab0_0 .var "ecall_instr", 0 0;
v000001901071b510_0 .net "flush", 0 0, L_000001901050c500;  1 drivers
v000001901071b0b0_0 .var "flush_d", 0 0;
v000001901071b330_0 .net "funct3", 2 0, L_0000019010732b50;  1 drivers
v000001901071b1f0_0 .net "funct7", 6 0, L_0000019010732510;  1 drivers
v000001901071b3d0_0 .var "illegal_instr", 0 0;
v000001901071b470_0 .net "imm_b", 31 0, L_0000019010736250;  1 drivers
v000001901071b5b0_0 .net "imm_i", 31 0, L_00000190107334b0;  1 drivers
v000001901071b6f0_0 .net "imm_j", 31 0, L_0000019010735670;  1 drivers
v000001901071b970_0 .net "imm_s", 31 0, L_0000019010733550;  1 drivers
v000001901071e070_0 .net "imm_u", 31 0, L_0000019010734ef0;  1 drivers
v000001901071d3f0_0 .var "instret", 63 0;
v000001901071ddf0_0 .net "irq_ext", 0 0, L_000001901067b6c0;  1 drivers
v000001901071c6d0_0 .net "irq_external", 0 0, L_000001901067b260;  alias, 1 drivers
v000001901071d030_0 .net "irq_ready", 0 0, L_000001901067ced0;  1 drivers
v000001901071dc10_0 .net "irq_soft", 0 0, L_000001901067bf10;  1 drivers
v000001901071e390_0 .net "irq_timer", 0 0, L_000001901067b8f0;  1 drivers
v000001901071e4d0_0 .var "mcause", 31 0;
v000001901071d850_0 .net "mem_data_in", 31 0, v000001901065a980_0;  alias, 1 drivers
v000001901071ce50_0 .net "mem_data_out", 31 0, L_00000190107a1c70;  alias, 1 drivers
v000001901071dfd0_0 .net "mem_fetch_addr", 15 0, L_0000019010734f90;  alias, 1 drivers
v000001901071dcb0_0 .net "mem_instruction", 31 0, v00000190106aa820_0;  alias, 1 drivers
v000001901071ca90_0 .net "mem_read_addr", 31 0, v0000019010676920_0;  alias, 1 drivers
v000001901071e430_0 .net "mem_read_mode", 2 0, v0000019010675c00_0;  alias, 1 drivers
v000001901071e250_0 .net "mem_write_addr", 31 0, v0000019010676a60_0;  alias, 1 drivers
v000001901071d0d0_0 .net "mem_write_mode", 2 0, v0000019010675d40_0;  alias, 1 drivers
v000001901071dd50_0 .var "mepc", 31 0;
v000001901071d170_0 .net "mepc_forwarded", 31 0, L_0000019010734a90;  1 drivers
v000001901071d490_0 .var "mie", 31 0;
v000001901071d990_0 .var "mip", 31 0;
L_0000019010738648 .functor BUFT 1, C4<01000000000000000000000100000000>, C4<0>, C4<0>, C4<0>;
v000001901071da30_0 .net "misa", 31 0, L_0000019010738648;  1 drivers
v000001901071d210_0 .var "mret_instr", 0 0;
v000001901071de90_0 .var "mscratch", 31 0;
v000001901071e570_0 .var "mstatus", 31 0;
v000001901071e110_0 .var "mtval", 31 0;
v000001901071df30_0 .var "mtvec", 31 0;
v000001901071cef0_0 .var "next_PC", 31 0;
v000001901071e9d0_0 .net "opcode", 6 0, L_0000019010732a10;  1 drivers
v000001901071e1b0_0 .var "operand_a", 31 0;
v000001901071c770_0 .var "operand_a_addr", 4 0;
v000001901071e610_0 .var "operand_b", 31 0;
v000001901071e2f0_0 .var "operand_b_addr", 4 0;
v000001901071cf90_0 .net "rd_addr", 4 0, L_0000019010732970;  1 drivers
v000001901071ea70_0 .net "rs1_addr", 4 0, L_0000019010732290;  1 drivers
v000001901071e6b0_0 .net "rs1_data", 31 0, v00000190106339a0_0;  1 drivers
v000001901071e750_0 .net "rs1_data_fwd", 31 0, L_0000019010734630;  1 drivers
v000001901071d7b0_0 .net "rs2_addr", 4 0, L_00000190107328d0;  1 drivers
v000001901071d5d0_0 .net "rs2_data", 31 0, v000001901065b6a0_0;  1 drivers
v000001901071d2b0_0 .net "rs2_data_fwd", 31 0, L_0000019010735c10;  1 drivers
v000001901071c3b0_0 .net "rst", 0 0, v0000019010733410_0;  alias, 1 drivers
v000001901071d350_0 .net "shamt", 4 0, L_0000019010733cd0;  1 drivers
v000001901071eb10_0 .net "soft_int", 0 0, v0000019010733b90_0;  alias, 1 drivers
v000001901071e7f0_0 .var "take_mret", 0 0;
v000001901071e890_0 .var "take_trap", 0 0;
v000001901071e930_0 .net "timer_int", 0 0, L_00000190107a2530;  alias, 1 drivers
v000001901071d8f0_0 .var "toWB_Result_Reg", 31 0;
v000001901071c450_0 .var "toWB_csr_addr_Reg", 11 0;
v000001901071c4f0_0 .var "toWB_csr_data_Reg", 31 0;
v000001901071cc70_0 .var "toWB_mode", 1 0;
v000001901071c590_0 .var "toWB_mode_Reg", 1 0;
v000001901071c630_0 .var "toWB_rd_addr_Reg", 4 0;
v000001901071c810_0 .var "trap_cause", 31 0;
v000001901071c8b0_0 .var "trap_tval", 31 0;
v000001901071d530_0 .net "uimm", 31 0, L_00000190107364d0;  1 drivers
v000001901071c950_0 .net "valid_instr", 0 0, L_00000190107348b0;  1 drivers
v000001901071c9f0_0 .net "wb_forward_data", 31 0, L_0000019010735ad0;  1 drivers
v000001901071cb30_0 .net "wb_write_gpr", 0 0, L_000001901067cdf0;  1 drivers
E_000001901069dca0 .event anyedge, v000001901071c590_0, v000001901071c630_0, v000001901071d8f0_0, v0000019010675480_0;
E_000001901069dae0/0 .event anyedge, v000001901071ea70_0, v000001901071d7b0_0, v000001901067d150_0, v000001901071e9d0_0;
E_000001901069dae0/1 .event anyedge, v000001901071e070_0, v000001901067d330_0, v000001901071b6f0_0, v000001901071e750_0;
E_000001901069dae0/2 .event anyedge, v000001901071b5b0_0, v000001901071ba10_0, v000001901071b470_0, v00000190106aa460_0;
E_000001901069dae0/3 .event anyedge, v000001901071b330_0, v000001901071b970_0, v000001901071d2b0_0, v000001901065bc40_0;
E_000001901069dae0/4 .event anyedge, v000001901071aed0_0, v000001901071a930_0, v000001901071aa70_0, v000001901071ae30_0;
E_000001901069dae0/5 .event anyedge, v000001901071d530_0, v000001901071c950_0, v000001901071d030_0, v000001901071bab0_0;
E_000001901069dae0/6 .event anyedge, v000001901071b150_0, v000001901071b3d0_0, v000001901071d210_0, v000001901071e890_0;
E_000001901069dae0/7 .event anyedge, v000001901071df30_0, v000001901071e7f0_0, v000001901071d170_0;
E_000001901069dae0 .event/or E_000001901069dae0/0, E_000001901069dae0/1, E_000001901069dae0/2, E_000001901069dae0/3, E_000001901069dae0/4, E_000001901069dae0/5, E_000001901069dae0/6, E_000001901069dae0/7;
E_000001901069df20/0 .event anyedge, v000001901071d030_0, v000001901071ddf0_0, v000001901071dc10_0, v000001901071bab0_0;
E_000001901069df20/1 .event anyedge, v000001901071b150_0, v000001901067d330_0, v000001901065bc40_0;
E_000001901069df20 .event/or E_000001901069df20/0, E_000001901069df20/1;
E_000001901069d960 .event anyedge, v000001901071b330_0, v000001901071e750_0, v000001901071d2b0_0;
L_00000190107321f0 .functor MUXZ 32, L_000001901067b500, L_0000019010738690, v000001901071b0b0_0, C4<>;
L_0000019010732a10 .part L_00000190107321f0, 0, 7;
L_0000019010732b50 .part L_00000190107321f0, 12, 3;
L_0000019010732510 .part L_00000190107321f0, 25, 7;
L_0000019010732290 .part L_00000190107321f0, 15, 5;
L_00000190107328d0 .part L_00000190107321f0, 20, 5;
L_0000019010732970 .part L_00000190107321f0, 7, 5;
L_0000019010733cd0 .part L_00000190107321f0, 20, 5;
L_0000019010733370 .part L_00000190107321f0, 31, 1;
LS_0000019010732330_0_0 .concat [ 1 1 1 1], L_0000019010733370, L_0000019010733370, L_0000019010733370, L_0000019010733370;
LS_0000019010732330_0_4 .concat [ 1 1 1 1], L_0000019010733370, L_0000019010733370, L_0000019010733370, L_0000019010733370;
LS_0000019010732330_0_8 .concat [ 1 1 1 1], L_0000019010733370, L_0000019010733370, L_0000019010733370, L_0000019010733370;
LS_0000019010732330_0_12 .concat [ 1 1 1 1], L_0000019010733370, L_0000019010733370, L_0000019010733370, L_0000019010733370;
LS_0000019010732330_0_16 .concat [ 1 1 1 1], L_0000019010733370, L_0000019010733370, L_0000019010733370, L_0000019010733370;
LS_0000019010732330_1_0 .concat [ 4 4 4 4], LS_0000019010732330_0_0, LS_0000019010732330_0_4, LS_0000019010732330_0_8, LS_0000019010732330_0_12;
LS_0000019010732330_1_4 .concat [ 4 0 0 0], LS_0000019010732330_0_16;
L_0000019010732330 .concat [ 16 4 0 0], LS_0000019010732330_1_0, LS_0000019010732330_1_4;
L_0000019010733d70 .part L_00000190107321f0, 20, 12;
L_00000190107334b0 .concat [ 12 20 0 0], L_0000019010733d70, L_0000019010732330;
L_0000019010733eb0 .part L_00000190107321f0, 31, 1;
LS_00000190107323d0_0_0 .concat [ 1 1 1 1], L_0000019010733eb0, L_0000019010733eb0, L_0000019010733eb0, L_0000019010733eb0;
LS_00000190107323d0_0_4 .concat [ 1 1 1 1], L_0000019010733eb0, L_0000019010733eb0, L_0000019010733eb0, L_0000019010733eb0;
LS_00000190107323d0_0_8 .concat [ 1 1 1 1], L_0000019010733eb0, L_0000019010733eb0, L_0000019010733eb0, L_0000019010733eb0;
LS_00000190107323d0_0_12 .concat [ 1 1 1 1], L_0000019010733eb0, L_0000019010733eb0, L_0000019010733eb0, L_0000019010733eb0;
LS_00000190107323d0_0_16 .concat [ 1 1 1 1], L_0000019010733eb0, L_0000019010733eb0, L_0000019010733eb0, L_0000019010733eb0;
LS_00000190107323d0_1_0 .concat [ 4 4 4 4], LS_00000190107323d0_0_0, LS_00000190107323d0_0_4, LS_00000190107323d0_0_8, LS_00000190107323d0_0_12;
LS_00000190107323d0_1_4 .concat [ 4 0 0 0], LS_00000190107323d0_0_16;
L_00000190107323d0 .concat [ 16 4 0 0], LS_00000190107323d0_1_0, LS_00000190107323d0_1_4;
L_00000190107325b0 .part L_00000190107321f0, 25, 7;
L_0000019010732bf0 .part L_00000190107321f0, 7, 5;
L_0000019010733550 .concat [ 5 7 20 0], L_0000019010732bf0, L_00000190107325b0, L_00000190107323d0;
L_0000019010732c90 .part L_00000190107321f0, 31, 1;
LS_0000019010732dd0_0_0 .concat [ 1 1 1 1], L_0000019010732c90, L_0000019010732c90, L_0000019010732c90, L_0000019010732c90;
LS_0000019010732dd0_0_4 .concat [ 1 1 1 1], L_0000019010732c90, L_0000019010732c90, L_0000019010732c90, L_0000019010732c90;
LS_0000019010732dd0_0_8 .concat [ 1 1 1 1], L_0000019010732c90, L_0000019010732c90, L_0000019010732c90, L_0000019010732c90;
LS_0000019010732dd0_0_12 .concat [ 1 1 1 1], L_0000019010732c90, L_0000019010732c90, L_0000019010732c90, L_0000019010732c90;
LS_0000019010732dd0_0_16 .concat [ 1 1 1 0], L_0000019010732c90, L_0000019010732c90, L_0000019010732c90;
LS_0000019010732dd0_1_0 .concat [ 4 4 4 4], LS_0000019010732dd0_0_0, LS_0000019010732dd0_0_4, LS_0000019010732dd0_0_8, LS_0000019010732dd0_0_12;
LS_0000019010732dd0_1_4 .concat [ 3 0 0 0], LS_0000019010732dd0_0_16;
L_0000019010732dd0 .concat [ 16 3 0 0], LS_0000019010732dd0_1_0, LS_0000019010732dd0_1_4;
L_0000019010732d30 .part L_00000190107321f0, 31, 1;
L_0000019010733050 .part L_00000190107321f0, 7, 1;
L_0000019010733190 .part L_00000190107321f0, 25, 6;
L_0000019010733230 .part L_00000190107321f0, 8, 4;
LS_0000019010736250_0_0 .concat [ 1 4 6 1], L_00000190107386d8, L_0000019010733230, L_0000019010733190, L_0000019010733050;
LS_0000019010736250_0_4 .concat [ 1 19 0 0], L_0000019010732d30, L_0000019010732dd0;
L_0000019010736250 .concat [ 12 20 0 0], LS_0000019010736250_0_0, LS_0000019010736250_0_4;
L_0000019010736070 .part L_00000190107321f0, 12, 20;
L_0000019010734ef0 .concat [ 12 20 0 0], L_0000019010738720, L_0000019010736070;
L_0000019010734590 .part L_00000190107321f0, 31, 1;
LS_00000190107362f0_0_0 .concat [ 1 1 1 1], L_0000019010734590, L_0000019010734590, L_0000019010734590, L_0000019010734590;
LS_00000190107362f0_0_4 .concat [ 1 1 1 1], L_0000019010734590, L_0000019010734590, L_0000019010734590, L_0000019010734590;
LS_00000190107362f0_0_8 .concat [ 1 1 1 0], L_0000019010734590, L_0000019010734590, L_0000019010734590;
L_00000190107362f0 .concat [ 4 4 3 0], LS_00000190107362f0_0_0, LS_00000190107362f0_0_4, LS_00000190107362f0_0_8;
L_0000019010735490 .part L_00000190107321f0, 31, 1;
L_0000019010734d10 .part L_00000190107321f0, 12, 8;
L_0000019010735710 .part L_00000190107321f0, 20, 1;
L_0000019010734270 .part L_00000190107321f0, 21, 10;
LS_0000019010735670_0_0 .concat [ 1 10 1 8], L_0000019010738768, L_0000019010734270, L_0000019010735710, L_0000019010734d10;
LS_0000019010735670_0_4 .concat [ 1 11 0 0], L_0000019010735490, L_00000190107362f0;
L_0000019010735670 .concat [ 20 12 0 0], LS_0000019010735670_0_0, LS_0000019010735670_0_4;
L_00000190107357b0 .part L_00000190107321f0, 20, 12;
L_0000019010736430 .part L_00000190107321f0, 15, 5;
L_00000190107364d0 .concat [ 5 27 0 0], L_0000019010736430, L_00000190107387b0;
L_00000190107348b0 .cmp/ne 32, L_00000190107321f0, L_00000190107387f8;
L_0000019010734310 .part v000001901071e570_0, 3, 1;
L_0000019010736110 .part v000001901071d490_0, 11, 1;
L_0000019010734b30 .part v000001901071d990_0, 11, 1;
L_0000019010735cb0 .part v000001901071e570_0, 3, 1;
L_0000019010736570 .part v000001901071d490_0, 3, 1;
L_0000019010734950 .part v000001901071d990_0, 3, 1;
L_00000190107350d0 .part v000001901071e570_0, 3, 1;
L_0000019010734770 .part v000001901071d490_0, 7, 1;
L_00000190107349f0 .part v000001901071d990_0, 7, 1;
L_0000019010734f90 .part v000001901067d150_0, 0, 16;
L_0000019010735210 .cmp/ne 2, v000001901071c590_0, L_0000019010738840;
L_0000019010736390 .cmp/ne 5, v000001901071c630_0, L_0000019010738888;
L_0000019010735030 .cmp/eq 2, v000001901071c590_0, L_00000190107388d0;
L_0000019010735ad0 .functor MUXZ 32, v000001901071d8f0_0, L_000001901067bc70, L_0000019010735030, C4<>;
L_0000019010735df0 .cmp/eq 5, v000001901071c630_0, L_0000019010732290;
L_00000190107344f0 .cmp/ne 5, L_0000019010732290, L_0000019010738918;
L_0000019010734630 .functor MUXZ 32, v00000190106339a0_0, L_0000019010735ad0, L_000001901067cf40, C4<>;
L_0000019010735530 .cmp/eq 5, v000001901071c630_0, L_00000190107328d0;
L_0000019010735170 .cmp/ne 5, L_00000190107328d0, L_0000019010738960;
L_0000019010735c10 .functor MUXZ 32, v000001901065b6a0_0, L_0000019010735ad0, L_0000019010637130, C4<>;
L_0000019010735d50 .cmp/eq 2, v000001901071c590_0, L_00000190107389a8;
L_00000190107367f0 .cmp/eq 12, v000001901071c450_0, L_00000190107357b0;
L_00000190107352b0 .cmp/eq 2, v000001901071c590_0, L_00000190107389f0;
L_0000019010734e50 .cmp/eq 12, v000001901071c450_0, L_0000019010738a38;
L_0000019010734a90 .functor MUXZ 32, v000001901071dd50_0, v000001901071c4f0_0, L_0000019010636f70, C4<>;
L_00000190107353f0 .cmp/eq 7, L_0000019010732a10, L_0000019010738a80;
L_0000019010735e90 .cmp/eq 7, L_0000019010732a10, L_0000019010738ac8;
L_0000019010735f30 .cmp/eq 7, L_0000019010732a10, L_0000019010738b10;
S_000001901050e010 .scope function.vec4.s32, "GetCSR" "GetCSR" 5 216, 5 216 0, S_000001901056c610;
 .timescale -9 -12;
; Variable GetCSR is vec4 return value of scope S_000001901050e010
v00000190106a9740_0 .var "addr", 11 0;
TD_Boot_tb.dut.cpu.GetCSR ;
    %load/vec4 v00000190106a9740_0;
    %dup/vec4;
    %pushi/vec4 768, 0, 12;
    %cmp/u;
    %jmp/1 T_0.0, 6;
    %dup/vec4;
    %pushi/vec4 769, 0, 12;
    %cmp/u;
    %jmp/1 T_0.1, 6;
    %dup/vec4;
    %pushi/vec4 772, 0, 12;
    %cmp/u;
    %jmp/1 T_0.2, 6;
    %dup/vec4;
    %pushi/vec4 773, 0, 12;
    %cmp/u;
    %jmp/1 T_0.3, 6;
    %dup/vec4;
    %pushi/vec4 832, 0, 12;
    %cmp/u;
    %jmp/1 T_0.4, 6;
    %dup/vec4;
    %pushi/vec4 833, 0, 12;
    %cmp/u;
    %jmp/1 T_0.5, 6;
    %dup/vec4;
    %pushi/vec4 834, 0, 12;
    %cmp/u;
    %jmp/1 T_0.6, 6;
    %dup/vec4;
    %pushi/vec4 835, 0, 12;
    %cmp/u;
    %jmp/1 T_0.7, 6;
    %dup/vec4;
    %pushi/vec4 836, 0, 12;
    %cmp/u;
    %jmp/1 T_0.8, 6;
    %dup/vec4;
    %pushi/vec4 3072, 0, 12;
    %cmp/u;
    %jmp/1 T_0.9, 6;
    %dup/vec4;
    %pushi/vec4 3074, 0, 12;
    %cmp/u;
    %jmp/1 T_0.10, 6;
    %dup/vec4;
    %pushi/vec4 3200, 0, 12;
    %cmp/u;
    %jmp/1 T_0.11, 6;
    %dup/vec4;
    %pushi/vec4 3202, 0, 12;
    %cmp/u;
    %jmp/1 T_0.12, 6;
    %pushi/vec4 0, 0, 32;
    %ret/vec4 0, 0, 32;  Assign to GetCSR (store_vec4_to_lval)
    %jmp T_0.14;
T_0.0 ;
    %load/vec4 v000001901071e570_0;
    %ret/vec4 0, 0, 32;  Assign to GetCSR (store_vec4_to_lval)
    %jmp T_0.14;
T_0.1 ;
    %load/vec4 v000001901071da30_0;
    %ret/vec4 0, 0, 32;  Assign to GetCSR (store_vec4_to_lval)
    %jmp T_0.14;
T_0.2 ;
    %load/vec4 v000001901071d490_0;
    %ret/vec4 0, 0, 32;  Assign to GetCSR (store_vec4_to_lval)
    %jmp T_0.14;
T_0.3 ;
    %load/vec4 v000001901071df30_0;
    %ret/vec4 0, 0, 32;  Assign to GetCSR (store_vec4_to_lval)
    %jmp T_0.14;
T_0.4 ;
    %load/vec4 v000001901071de90_0;
    %ret/vec4 0, 0, 32;  Assign to GetCSR (store_vec4_to_lval)
    %jmp T_0.14;
T_0.5 ;
    %load/vec4 v000001901071dd50_0;
    %ret/vec4 0, 0, 32;  Assign to GetCSR (store_vec4_to_lval)
    %jmp T_0.14;
T_0.6 ;
    %load/vec4 v000001901071e4d0_0;
    %ret/vec4 0, 0, 32;  Assign to GetCSR (store_vec4_to_lval)
    %jmp T_0.14;
T_0.7 ;
    %load/vec4 v000001901071e110_0;
    %ret/vec4 0, 0, 32;  Assign to GetCSR (store_vec4_to_lval)
    %jmp T_0.14;
T_0.8 ;
    %load/vec4 v000001901071d990_0;
    %ret/vec4 0, 0, 32;  Assign to GetCSR (store_vec4_to_lval)
    %jmp T_0.14;
T_0.9 ;
    %load/vec4 v000001901071b010_0;
    %parti/s 32, 0, 2;
    %ret/vec4 0, 0, 32;  Assign to GetCSR (store_vec4_to_lval)
    %jmp T_0.14;
T_0.10 ;
    %load/vec4 v000001901071d3f0_0;
    %parti/s 32, 0, 2;
    %ret/vec4 0, 0, 32;  Assign to GetCSR (store_vec4_to_lval)
    %jmp T_0.14;
T_0.11 ;
    %load/vec4 v000001901071b010_0;
    %parti/s 32, 32, 7;
    %ret/vec4 0, 0, 32;  Assign to GetCSR (store_vec4_to_lval)
    %jmp T_0.14;
T_0.12 ;
    %load/vec4 v000001901071d3f0_0;
    %parti/s 32, 32, 7;
    %ret/vec4 0, 0, 32;  Assign to GetCSR (store_vec4_to_lval)
    %jmp T_0.14;
T_0.14 ;
    %pop/vec4 1;
    %end;
S_000001901050e1a0 .scope task, "SetCSR" "SetCSR" 5 238, 5 238 0, S_000001901056c610;
 .timescale -9 -12;
v00000190106a9a60_0 .var "addr", 11 0;
v00000190106aa280_0 .var "value", 31 0;
TD_Boot_tb.dut.cpu.SetCSR ;
    %load/vec4 v00000190106a9a60_0;
    %dup/vec4;
    %pushi/vec4 768, 0, 12;
    %cmp/u;
    %jmp/1 T_1.15, 6;
    %dup/vec4;
    %pushi/vec4 772, 0, 12;
    %cmp/u;
    %jmp/1 T_1.16, 6;
    %dup/vec4;
    %pushi/vec4 773, 0, 12;
    %cmp/u;
    %jmp/1 T_1.17, 6;
    %dup/vec4;
    %pushi/vec4 832, 0, 12;
    %cmp/u;
    %jmp/1 T_1.18, 6;
    %dup/vec4;
    %pushi/vec4 833, 0, 12;
    %cmp/u;
    %jmp/1 T_1.19, 6;
    %dup/vec4;
    %pushi/vec4 834, 0, 12;
    %cmp/u;
    %jmp/1 T_1.20, 6;
    %dup/vec4;
    %pushi/vec4 835, 0, 12;
    %cmp/u;
    %jmp/1 T_1.21, 6;
    %dup/vec4;
    %pushi/vec4 836, 0, 12;
    %cmp/u;
    %jmp/1 T_1.22, 6;
    %jmp T_1.24;
T_1.15 ;
    %load/vec4 v00000190106aa280_0;
    %assign/vec4 v000001901071e570_0, 0;
    %jmp T_1.24;
T_1.16 ;
    %load/vec4 v00000190106aa280_0;
    %assign/vec4 v000001901071d490_0, 0;
    %jmp T_1.24;
T_1.17 ;
    %load/vec4 v00000190106aa280_0;
    %assign/vec4 v000001901071df30_0, 0;
    %jmp T_1.24;
T_1.18 ;
    %load/vec4 v00000190106aa280_0;
    %assign/vec4 v000001901071de90_0, 0;
    %jmp T_1.24;
T_1.19 ;
    %load/vec4 v00000190106aa280_0;
    %assign/vec4 v000001901071dd50_0, 0;
    %jmp T_1.24;
T_1.20 ;
    %load/vec4 v00000190106aa280_0;
    %assign/vec4 v000001901071e4d0_0, 0;
    %jmp T_1.24;
T_1.21 ;
    %load/vec4 v00000190106aa280_0;
    %assign/vec4 v000001901071e110_0, 0;
    %jmp T_1.24;
T_1.22 ;
    %load/vec4 v00000190106aa280_0;
    %assign/vec4 v000001901071d990_0, 0;
    %jmp T_1.24;
T_1.24 ;
    %pop/vec4 1;
    %end;
S_00000190105bd560 .scope module, "alu" "ALU" 5 205, 6 2 0, S_000001901056c610;
 .timescale -9 -12;
    .port_info 0 /INPUT 4 "alu_control";
    .port_info 1 /INPUT 32 "operand_a";
    .port_info 2 /INPUT 32 "operand_b";
    .port_info 3 /OUTPUT 32 "alu_result";
L_0000019010636720 .functor BUFZ 32, v000001901071e1b0_0, C4<00000000000000000000000000000000>, C4<00000000000000000000000000000000>, C4<00000000000000000000000000000000>;
L_00000190106356f0 .functor BUFZ 32, v000001901071e610_0, C4<00000000000000000000000000000000>, C4<00000000000000000000000000000000>, C4<00000000000000000000000000000000>;
v00000190106aa3c0_0 .net "alu_control", 3 0, v000001901071b790_0;  1 drivers
v00000190106aa460_0 .var "alu_result", 31 0;
v00000190106aa500_0 .net "operand_a", 31 0, v000001901071e1b0_0;  1 drivers
v00000190106aa6e0_0 .net "operand_b", 31 0, v000001901071e610_0;  1 drivers
v0000019010633360_0 .net/s "signed_a", 31 0, L_0000019010636720;  1 drivers
v0000019010633400_0 .net/s "signed_b", 31 0, L_00000190106356f0;  1 drivers
E_000001901069e060/0 .event anyedge, v00000190106aa3c0_0, v00000190106aa500_0, v00000190106aa6e0_0, v0000019010633360_0;
E_000001901069e060/1 .event anyedge, v0000019010633400_0;
E_000001901069e060 .event/or E_000001901069e060/0, E_000001901069e060/1;
S_00000190105bd6f0 .scope module, "registry" "Registry" 5 184, 7 3 0, S_000001901056c610;
 .timescale -9 -12;
    .port_info 0 /INPUT 1 "clk";
    .port_info 1 /INPUT 1 "rst";
    .port_info 2 /INPUT 5 "rs1_addr";
    .port_info 3 /INPUT 5 "rs2_addr";
    .port_info 4 /INPUT 5 "rd_addr";
    .port_info 5 /INPUT 32 "rd_data";
    .port_info 6 /INPUT 1 "reg_write_enable";
    .port_info 7 /OUTPUT 32 "rs1_data";
    .port_info 8 /OUTPUT 32 "rs2_data";
v00000190106346c0_0 .net "clk", 0 0, v00000190107330f0_0;  alias, 1 drivers
v00000190106335e0_0 .net "rd_addr", 4 0, v0000019010719780_0;  1 drivers
v0000019010633680_0 .net "rd_data", 31 0, v0000019010718ba0_0;  1 drivers
v00000190106337c0_0 .net "reg_write_enable", 0 0, v0000019010718380_0;  1 drivers
v0000019010633860 .array "registers", 0 31, 31 0;
v0000019010633900_0 .net "rs1_addr", 4 0, v000001901071c770_0;  1 drivers
v00000190106339a0_0 .var "rs1_data", 31 0;
v000001901065c780_0 .net "rs2_addr", 4 0, v000001901071e2f0_0;  1 drivers
v000001901065b6a0_0 .var "rs2_data", 31 0;
v000001901065b240_0 .net "rst", 0 0, v0000019010733410_0;  alias, 1 drivers
E_000001901069d9a0 .event posedge, v000001901065b240_0, v00000190106ab040_0;
v0000019010633860_0 .array/port v0000019010633860, 0;
v0000019010633860_1 .array/port v0000019010633860, 1;
v0000019010633860_2 .array/port v0000019010633860, 2;
E_000001901069d560/0 .event anyedge, v0000019010633900_0, v0000019010633860_0, v0000019010633860_1, v0000019010633860_2;
v0000019010633860_3 .array/port v0000019010633860, 3;
v0000019010633860_4 .array/port v0000019010633860, 4;
v0000019010633860_5 .array/port v0000019010633860, 5;
v0000019010633860_6 .array/port v0000019010633860, 6;
E_000001901069d560/1 .event anyedge, v0000019010633860_3, v0000019010633860_4, v0000019010633860_5, v0000019010633860_6;
v0000019010633860_7 .array/port v0000019010633860, 7;
v0000019010633860_8 .array/port v0000019010633860, 8;
v0000019010633860_9 .array/port v0000019010633860, 9;
v0000019010633860_10 .array/port v0000019010633860, 10;
E_000001901069d560/2 .event anyedge, v0000019010633860_7, v0000019010633860_8, v0000019010633860_9, v0000019010633860_10;
v0000019010633860_11 .array/port v0000019010633860, 11;
v0000019010633860_12 .array/port v0000019010633860, 12;
v0000019010633860_13 .array/port v0000019010633860, 13;
v0000019010633860_14 .array/port v0000019010633860, 14;
E_000001901069d560/3 .event anyedge, v0000019010633860_11, v0000019010633860_12, v0000019010633860_13, v0000019010633860_14;
v0000019010633860_15 .array/port v0000019010633860, 15;
v0000019010633860_16 .array/port v0000019010633860, 16;
v0000019010633860_17 .array/port v0000019010633860, 17;
v0000019010633860_18 .array/port v0000019010633860, 18;
E_000001901069d560/4 .event anyedge, v0000019010633860_15, v0000019010633860_16, v0000019010633860_17, v0000019010633860_18;
v0000019010633860_19 .array/port v0000019010633860, 19;
v0000019010633860_20 .array/port v0000019010633860, 20;
v0000019010633860_21 .array/port v0000019010633860, 21;
v0000019010633860_22 .array/port v0000019010633860, 22;
E_000001901069d560/5 .event anyedge, v0000019010633860_19, v0000019010633860_20, v0000019010633860_21, v0000019010633860_22;
v0000019010633860_23 .array/port v0000019010633860, 23;
v0000019010633860_24 .array/port v0000019010633860, 24;
v0000019010633860_25 .array/port v0000019010633860, 25;
v0000019010633860_26 .array/port v0000019010633860, 26;
E_000001901069d560/6 .event anyedge, v0000019010633860_23, v0000019010633860_24, v0000019010633860_25, v0000019010633860_26;
v0000019010633860_27 .array/port v0000019010633860, 27;
v0000019010633860_28 .array/port v0000019010633860, 28;
v0000019010633860_29 .array/port v0000019010633860, 29;
v0000019010633860_30 .array/port v0000019010633860, 30;
E_000001901069d560/7 .event anyedge, v0000019010633860_27, v0000019010633860_28, v0000019010633860_29, v0000019010633860_30;
v0000019010633860_31 .array/port v0000019010633860, 31;
E_000001901069d560/8 .event anyedge, v0000019010633860_31, v000001901065c780_0;
E_000001901069d560 .event/or E_000001901069d560/0, E_000001901069d560/1, E_000001901069d560/2, E_000001901069d560/3, E_000001901069d560/4, E_000001901069d560/5, E_000001901069d560/6, E_000001901069d560/7, E_000001901069d560/8;
S_0000019010562ab0 .scope begin, "rst_loop" "rst_loop" 7 24, 7 24 0, S_00000190105bd6f0;
 .timescale -9 -12;
v0000019010633540_0 .var/i "i", 31 0;
S_0000019010562c40 .scope module, "gpio_bank" "GPIO" 3 194, 8 27 0, S_0000019010581520;
 .timescale -9 -12;
    .port_info 0 /INPUT 1 "clk";
    .port_info 1 /INPUT 1 "rst";
    .port_info 2 /INPUT 32 "pin_in";
    .port_info 3 /OUTPUT 32 "pin_out";
    .port_info 4 /INPUT 4 "waddr";
    .port_info 5 /INPUT 1 "we";
    .port_info 6 /INPUT 32 "wdata";
    .port_info 7 /INPUT 4 "raddr";
    .port_info 8 /OUTPUT 32 "rdata";
    .port_info 9 /OUTPUT 1 "irq";
P_00000190105072a0 .param/l "SLOT_CLR" 1 8 50, C4<0100>;
P_00000190105072d8 .param/l "SLOT_DATA_IN" 1 8 46, C4<0000>;
P_0000019010507310 .param/l "SLOT_DATA_OUT" 1 8 47, C4<0001>;
P_0000019010507348 .param/l "SLOT_DIR" 1 8 48, C4<0010>;
P_0000019010507380 .param/l "SLOT_INT_ENABLE" 1 8 51, C4<0101>;
P_00000190105073b8 .param/l "SLOT_INT_FALL_EN" 1 8 53, C4<0111>;
P_00000190105073f0 .param/l "SLOT_INT_PENDING" 1 8 54, C4<1000>;
P_0000019010507428 .param/l "SLOT_INT_RISE_EN" 1 8 52, C4<0110>;
P_0000019010507460 .param/l "SLOT_SET" 1 8 49, C4<0011>;
P_0000019010507498 .param/l "WIDTH" 0 8 28, +C4<00000000000000000000000000100000>;
L_0000019010791370 .functor NOT 32, v000001901071ef70_0, C4<00000000000000000000000000000000>, C4<00000000000000000000000000000000>, C4<00000000000000000000000000000000>;
L_00000190107913e0 .functor AND 32, v000001901071fa10_0, L_0000019010791370, C4<11111111111111111111111111111111>, C4<11111111111111111111111111111111>;
L_0000019010791840 .functor NOT 32, v000001901071fa10_0, C4<00000000000000000000000000000000>, C4<00000000000000000000000000000000>, C4<00000000000000000000000000000000>;
L_0000019010791060 .functor AND 32, L_0000019010791840, v000001901071ef70_0, C4<11111111111111111111111111111111>, C4<11111111111111111111111111111111>;
L_00000190107918b0 .functor AND 32, v000001901071fd30_0, L_00000190107913e0, C4<11111111111111111111111111111111>, C4<11111111111111111111111111111111>;
L_0000019010791df0 .functor AND 32, v0000019010720050_0, L_0000019010791060, C4<11111111111111111111111111111111>, C4<11111111111111111111111111111111>;
L_0000019010791300 .functor OR 32, L_00000190107918b0, L_0000019010791df0, C4<00000000000000000000000000000000>, C4<00000000000000000000000000000000>;
L_0000019010792020 .functor AND 32, v000001901071ecf0_0, L_0000019010791300, C4<11111111111111111111111111111111>, C4<11111111111111111111111111111111>;
L_0000019010790e30 .functor AND 32, v000001901065a980_0, v000001901071ff10_0, C4<11111111111111111111111111111111>, C4<11111111111111111111111111111111>;
L_0000019010791e60 .functor AND 1, L_00000190107924f0, L_0000019010735a30, C4<1>, C4<1>;
L_0000019010790f80 .functor BUFZ 32, v000001901071f830_0, C4<00000000000000000000000000000000>, C4<00000000000000000000000000000000>, C4<00000000000000000000000000000000>;
v000001901071cbd0_0 .net *"_ivl_0", 31 0, L_0000019010791370;  1 drivers
v000001901071cd10_0 .net *"_ivl_10", 31 0, L_0000019010791df0;  1 drivers
v000001901071cdb0_0 .net *"_ivl_12", 31 0, L_0000019010791300;  1 drivers
L_0000019010738d08 .functor BUFT 1, C4<1000>, C4<0>, C4<0>, C4<0>;
v000001901071d670_0 .net/2u *"_ivl_18", 3 0, L_0000019010738d08;  1 drivers
v000001901071d710_0 .net *"_ivl_20", 0 0, L_0000019010735a30;  1 drivers
v000001901071dad0_0 .net *"_ivl_23", 0 0, L_0000019010791e60;  1 drivers
L_0000019010738d50 .functor BUFT 1, C4<00000000000000000000000000000000>, C4<0>, C4<0>, C4<0>;
v000001901071db70_0 .net/2u *"_ivl_24", 31 0, L_0000019010738d50;  1 drivers
v0000019010720190_0 .net *"_ivl_4", 31 0, L_0000019010791840;  1 drivers
v000001901071eed0_0 .net *"_ivl_8", 31 0, L_00000190107918b0;  1 drivers
v000001901071f290_0 .net "clk", 0 0, v00000190107330f0_0;  alias, 1 drivers
v000001901071f830_0 .var "data_out", 31 0;
v000001901071ff10_0 .var "dir", 31 0;
v0000019010720230_0 .net "edge_fire", 31 0, L_0000019010792020;  1 drivers
v000001901071f0b0_0 .net "falling_edge", 31 0, L_0000019010791060;  1 drivers
v000001901071ecf0_0 .var "int_enable", 31 0;
v0000019010720050_0 .var "int_fall_en", 31 0;
v00000190107200f0_0 .var "int_pending", 31 0;
v000001901071fd30_0 .var "int_rise_en", 31 0;
v000001901071ffb0_0 .net "irq", 0 0, L_0000019010736890;  alias, 1 drivers
v000001901071ec50_0 .net "pending_clear", 31 0, L_0000019010734bd0;  1 drivers
v000001901071f650_0 .net "pin_in", 31 0, L_000001901073a268;  alias, 1 drivers
v000001901071ebb0_0 .net "pin_out", 31 0, L_0000019010790f80;  alias, 1 drivers
v000001901071ee30_0 .net "raddr", 3 0, L_0000019010735990;  alias, 1 drivers
v000001901071f970_0 .var "rdata", 31 0;
v000001901071fdd0_0 .net "rising_edge", 31 0, L_00000190107913e0;  1 drivers
v000001901071fc90_0 .net "rst", 0 0, v0000019010733410_0;  alias, 1 drivers
v000001901071ed90_0 .var "sync0", 31 0;
v000001901071fa10_0 .var "sync1", 31 0;
v000001901071ef70_0 .var "sync1_d", 31 0;
v000001901071f010_0 .net "waddr", 3 0, L_0000019010735850;  alias, 1 drivers
v000001901071fab0_0 .net "wdata", 31 0, v000001901065a980_0;  alias, 1 drivers
v000001901071f790_0 .net "we", 0 0, L_00000190107924f0;  alias, 1 drivers
v000001901071f150_0 .net "write_mask", 31 0, L_0000019010790e30;  1 drivers
E_000001901069db20/0 .event anyedge, v000001901071ee30_0, v000001901071fa10_0, v000001901071f830_0, v000001901071ff10_0;
E_000001901069db20/1 .event anyedge, v000001901071ecf0_0, v000001901071fd30_0, v0000019010720050_0, v00000190107200f0_0;
E_000001901069db20 .event/or E_000001901069db20/0, E_000001901069db20/1;
L_0000019010735a30 .cmp/eq 4, L_0000019010735850, L_0000019010738d08;
L_0000019010734bd0 .functor MUXZ 32, L_0000019010738d50, v000001901065a980_0, L_0000019010791e60, C4<>;
L_0000019010736890 .reduce/or v00000190107200f0_0;
S_00000190104d27e0 .scope module, "uart0" "UART" 3 206, 9 22 0, S_0000019010581520;
 .timescale -9 -12;
    .port_info 0 /INPUT 1 "clk";
    .port_info 1 /INPUT 1 "rst";
    .port_info 2 /INPUT 1 "rx";
    .port_info 3 /OUTPUT 1 "tx";
    .port_info 4 /INPUT 1 "wr_en";
    .port_info 5 /INPUT 8 "wr_data";
    .port_info 6 /INPUT 1 "rd_data_en";
    .port_info 7 /INPUT 1 "ier_wr_en";
    .port_info 8 /INPUT 3 "ier_wr_data";
    .port_info 9 /INPUT 2 "reg_sel";
    .port_info 10 /OUTPUT 32 "rdata";
    .port_info 11 /OUTPUT 1 "irq";
P_00000190104d2970 .param/l "CLKS_PER_BIT" 0 9 23, +C4<00000000000000000000000000001000>;
P_00000190104d29a8 .param/l "RX_DATA" 1 9 71, C4<10>;
P_00000190104d29e0 .param/l "RX_IDLE" 1 9 71, C4<00>;
P_00000190104d2a18 .param/l "RX_START" 1 9 71, C4<01>;
P_00000190104d2a50 .param/l "RX_STOP" 1 9 71, C4<11>;
P_00000190104d2a88 .param/l "TX_DATA" 1 9 62, C4<10>;
P_00000190104d2ac0 .param/l "TX_IDLE" 1 9 62, C4<00>;
P_00000190104d2af8 .param/l "TX_START" 1 9 62, C4<01>;
P_00000190104d2b30 .param/l "TX_STOP" 1 9 62, C4<11>;
L_0000019010792410 .functor AND 1, L_0000019010737150, L_0000019010736a70, C4<1>, C4<1>;
L_0000019010791920 .functor AND 1, L_00000190107370b0, L_0000019010736bb0, C4<1>, C4<1>;
L_0000019010791ed0 .functor AND 1, L_0000019010791920, L_0000019010736c50, C4<1>, C4<1>;
L_0000019010792560 .functor BUFZ 8, L_0000019010736cf0, C4<00000000>, C4<00000000>, C4<00000000>;
L_0000019010791a00 .functor AND 1, L_0000019010734810, L_0000019010736e30, C4<1>, C4<1>;
L_0000019010791d80 .functor AND 1, L_000001901079f5b0, L_000001901079e930, C4<1>, C4<1>;
L_0000019010790ce0 .functor AND 1, L_000001901079e2f0, L_0000019010791a00, C4<1>, C4<1>;
L_00000190107915a0 .functor OR 1, L_0000019010791d80, L_0000019010790ce0, C4<0>, C4<0>;
L_00000190107923a0 .functor AND 1, L_000001901079fa10, L_0000019010734c70, C4<1>, C4<1>;
L_00000190107911b0 .functor OR 1, L_00000190107915a0, L_00000190107923a0, C4<0>, C4<0>;
L_0000019010738d98 .functor BUFT 1, C4<1000>, C4<0>, C4<0>, C4<0>;
v000001901071fb50_0 .net/2u *"_ivl_0", 3 0, L_0000019010738d98;  1 drivers
v000001901071f8d0_0 .net *"_ivl_100", 0 0, L_00000190107923a0;  1 drivers
L_0000019010738e70 .functor BUFT 1, C4<0000>, C4<0>, C4<0>, C4<0>;
v000001901071fe70_0 .net/2u *"_ivl_12", 3 0, L_0000019010738e70;  1 drivers
L_0000019010738eb8 .functor BUFT 1, C4<00>, C4<0>, C4<0>, C4<0>;
v000001901071fbf0_0 .net/2u *"_ivl_16", 1 0, L_0000019010738eb8;  1 drivers
v000001901071f1f0_0 .net *"_ivl_18", 0 0, L_0000019010737150;  1 drivers
v000001901071f6f0_0 .net *"_ivl_21", 0 0, L_0000019010736a70;  1 drivers
L_0000019010738f00 .functor BUFT 1, C4<11>, C4<0>, C4<0>, C4<0>;
v000001901071f330_0 .net/2u *"_ivl_24", 1 0, L_0000019010738f00;  1 drivers
v000001901071f3d0_0 .net *"_ivl_26", 0 0, L_00000190107370b0;  1 drivers
v000001901071f470_0 .net *"_ivl_28", 31 0, L_0000019010736b10;  1 drivers
L_0000019010738f48 .functor BUFT 1, C4<0000000000000000>, C4<0>, C4<0>, C4<0>;
v000001901071f510_0 .net *"_ivl_31", 15 0, L_0000019010738f48;  1 drivers
L_0000019010738f90 .functor BUFT 1, C4<00000000000000000000000000000111>, C4<0>, C4<0>, C4<0>;
v000001901071f5b0_0 .net/2u *"_ivl_32", 31 0, L_0000019010738f90;  1 drivers
v0000019010721d50_0 .net *"_ivl_34", 0 0, L_0000019010736bb0;  1 drivers
v0000019010722bb0_0 .net *"_ivl_37", 0 0, L_0000019010791920;  1 drivers
v0000019010722cf0_0 .net *"_ivl_39", 0 0, L_0000019010736c50;  1 drivers
L_0000019010738de0 .functor BUFT 1, C4<0000>, C4<0>, C4<0>, C4<0>;
v0000019010721850_0 .net/2u *"_ivl_4", 3 0, L_0000019010738de0;  1 drivers
v00000190107218f0_0 .net *"_ivl_44", 7 0, L_0000019010736cf0;  1 drivers
v0000019010722d90_0 .net *"_ivl_46", 4 0, L_0000019010736d90;  1 drivers
L_0000019010738fd8 .functor BUFT 1, C4<00>, C4<0>, C4<0>, C4<0>;
v00000190107224d0_0 .net *"_ivl_49", 1 0, L_0000019010738fd8;  1 drivers
L_0000019010739020 .functor BUFT 1, C4<00>, C4<0>, C4<0>, C4<0>;
v00000190107212b0_0 .net/2u *"_ivl_52", 1 0, L_0000019010739020;  1 drivers
v0000019010722c50_0 .net *"_ivl_54", 0 0, L_0000019010736e30;  1 drivers
L_0000019010739068 .functor BUFT 1, C4<0000000000000000000000000000>, C4<0>, C4<0>, C4<0>;
v0000019010722610_0 .net/2u *"_ivl_58", 27 0, L_0000019010739068;  1 drivers
v0000019010722250_0 .net *"_ivl_61", 0 0, L_0000019010736f70;  1 drivers
v0000019010721990_0 .net *"_ivl_63", 0 0, L_0000019010736ed0;  1 drivers
L_00000190107390b0 .functor BUFT 1, C4<00000000000000000000000000000>, C4<0>, C4<0>, C4<0>;
v0000019010722570_0 .net/2u *"_ivl_66", 28 0, L_00000190107390b0;  1 drivers
L_00000190107390f8 .functor BUFT 1, C4<01>, C4<0>, C4<0>, C4<0>;
v0000019010721a30_0 .net/2u *"_ivl_70", 1 0, L_00000190107390f8;  1 drivers
v0000019010721cb0_0 .net *"_ivl_72", 0 0, L_000001901079ebb0;  1 drivers
L_0000019010739140 .functor BUFT 1, C4<10>, C4<0>, C4<0>, C4<0>;
v00000190107215d0_0 .net/2u *"_ivl_74", 1 0, L_0000019010739140;  1 drivers
v0000019010722750_0 .net *"_ivl_76", 0 0, L_000001901079df30;  1 drivers
L_0000019010739188 .functor BUFT 1, C4<000000000000000000000000>, C4<0>, C4<0>, C4<0>;
v00000190107222f0_0 .net/2u *"_ivl_78", 23 0, L_0000019010739188;  1 drivers
L_0000019010738e28 .functor BUFT 1, C4<1000>, C4<0>, C4<0>, C4<0>;
v0000019010721ad0_0 .net/2u *"_ivl_8", 3 0, L_0000019010738e28;  1 drivers
v0000019010722390_0 .net *"_ivl_80", 31 0, L_000001901079e430;  1 drivers
v0000019010721df0_0 .net *"_ivl_82", 31 0, L_000001901079eb10;  1 drivers
v0000019010722b10_0 .net *"_ivl_87", 0 0, L_000001901079f5b0;  1 drivers
v0000019010720bd0_0 .net *"_ivl_89", 0 0, L_000001901079e930;  1 drivers
v0000019010721670_0 .net *"_ivl_90", 0 0, L_0000019010791d80;  1 drivers
v00000190107231f0_0 .net *"_ivl_93", 0 0, L_000001901079e2f0;  1 drivers
v00000190107226b0_0 .net *"_ivl_94", 0 0, L_0000019010790ce0;  1 drivers
v0000019010720f90_0 .net *"_ivl_96", 0 0, L_00000190107915a0;  1 drivers
v0000019010722e30_0 .net *"_ivl_99", 0 0, L_000001901079fa10;  1 drivers
v00000190107227f0_0 .net "clk", 0 0, v00000190107330f0_0;  alias, 1 drivers
v00000190107229d0_0 .var "ier", 2 0;
v0000019010721b70_0 .net "ier_word", 31 0, L_000001901079d8f0;  1 drivers
v0000019010721f30_0 .net "ier_wr_data", 2 0, L_000001901079e110;  1 drivers
v0000019010722ed0_0 .net "ier_wr_en", 0 0, L_00000190107914c0;  1 drivers
v0000019010722110_0 .net "irq", 0 0, L_00000190107911b0;  alias, 1 drivers
v0000019010721fd0_0 .net "rd_data_en", 0 0, L_00000190107910d0;  1 drivers
v00000190107221b0_0 .net "rdata", 31 0, L_000001901079dfd0;  alias, 1 drivers
v0000019010721710_0 .net "reg_sel", 1 0, L_00000190107369d0;  alias, 1 drivers
v0000019010721c10_0 .net "rst", 0 0, v0000019010733410_0;  alias, 1 drivers
v0000019010720c70_0 .net "rx", 0 0, L_000001901079ec50;  1 drivers
v00000190107217b0_0 .var "rx_baud", 15 0;
v0000019010723290_0 .var "rx_bit", 2 0;
v0000019010721210_0 .var "rx_cnt", 3 0;
v0000019010722890_0 .net "rx_empty", 0 0, L_0000019010734db0;  1 drivers
v0000019010722430_0 .net "rx_full", 0 0, L_0000019010734c70;  1 drivers
v0000019010722930_0 .net "rx_head", 7 0, L_0000019010792560;  1 drivers
v0000019010722f70_0 .net "rx_push", 0 0, L_0000019010791ed0;  1 drivers
v0000019010721030_0 .var "rx_rd", 2 0;
v0000019010721e90_0 .var "rx_s1", 0 0;
v0000019010720db0_0 .var "rx_s2", 0 0;
v0000019010722070_0 .var "rx_shift", 7 0;
v0000019010723010_0 .var "rx_state", 1 0;
v00000190107210d0_0 .var "rx_wr", 2 0;
v0000019010722a70 .array "rxbuf", 7 0, 7 0;
v00000190107230b0_0 .net "status", 31 0, L_0000019010737010;  1 drivers
v0000019010723330_0 .net "tx", 0 0, v00000190107213f0_0;  1 drivers
v0000019010723150_0 .var "tx_baud", 15 0;
v0000019010720d10_0 .var "tx_bit", 2 0;
v0000019010720e50_0 .var "tx_cnt", 3 0;
v0000019010720ef0_0 .net "tx_empty", 0 0, L_0000019010734810;  1 drivers
v0000019010721170_0 .net "tx_full", 0 0, L_00000190107343b0;  1 drivers
v0000019010721350_0 .net "tx_idle_empty", 0 0, L_0000019010791a00;  1 drivers
v00000190107213f0_0 .var "tx_line", 0 0;
v0000019010721490_0 .net "tx_pop", 0 0, L_0000019010792410;  1 drivers
v0000019010721530_0 .var "tx_rd", 2 0;
v0000019010723650_0 .var "tx_shift", 7 0;
v00000190107242d0_0 .var "tx_state", 1 0;
v00000190107247d0_0 .var "tx_wr", 2 0;
v00000190107244b0 .array "txbuf", 7 0, 7 0;
v00000190107235b0_0 .net "wr_data", 7 0, L_000001901079e9d0;  1 drivers
v0000019010723bf0_0 .net "wr_en", 0 0, L_0000019010791450;  1 drivers
L_00000190107343b0 .cmp/eq 4, v0000019010720e50_0, L_0000019010738d98;
L_0000019010734810 .cmp/eq 4, v0000019010720e50_0, L_0000019010738de0;
L_0000019010734c70 .cmp/eq 4, v0000019010721210_0, L_0000019010738e28;
L_0000019010734db0 .cmp/eq 4, v0000019010721210_0, L_0000019010738e70;
L_0000019010737150 .cmp/eq 2, v00000190107242d0_0, L_0000019010738eb8;
L_0000019010736a70 .reduce/nor L_0000019010734810;
L_00000190107370b0 .cmp/eq 2, v0000019010723010_0, L_0000019010738f00;
L_0000019010736b10 .concat [ 16 16 0 0], v00000190107217b0_0, L_0000019010738f48;
L_0000019010736bb0 .cmp/eq 32, L_0000019010736b10, L_0000019010738f90;
L_0000019010736c50 .reduce/nor L_0000019010734c70;
L_0000019010736cf0 .array/port v0000019010722a70, L_0000019010736d90;
L_0000019010736d90 .concat [ 3 2 0 0], v0000019010721030_0, L_0000019010738fd8;
L_0000019010736e30 .cmp/eq 2, v00000190107242d0_0, L_0000019010739020;
L_0000019010736f70 .reduce/nor L_0000019010734db0;
L_0000019010736ed0 .reduce/nor L_00000190107343b0;
LS_0000019010737010_0_0 .concat [ 1 1 1 1], L_0000019010736ed0, L_0000019010791a00, L_0000019010736f70, L_0000019010734c70;
LS_0000019010737010_0_4 .concat [ 28 0 0 0], L_0000019010739068;
L_0000019010737010 .concat [ 4 28 0 0], LS_0000019010737010_0_0, LS_0000019010737010_0_4;
L_000001901079d8f0 .concat [ 3 29 0 0], v00000190107229d0_0, L_00000190107390b0;
L_000001901079ebb0 .cmp/eq 2, L_00000190107369d0, L_00000190107390f8;
L_000001901079df30 .cmp/eq 2, L_00000190107369d0, L_0000019010739140;
L_000001901079e430 .concat [ 8 24 0 0], L_0000019010792560, L_0000019010739188;
L_000001901079eb10 .functor MUXZ 32, L_000001901079e430, L_000001901079d8f0, L_000001901079df30, C4<>;
L_000001901079dfd0 .functor MUXZ 32, L_000001901079eb10, L_0000019010737010, L_000001901079ebb0, C4<>;
L_000001901079f5b0 .part v00000190107229d0_0, 0, 1;
L_000001901079e930 .reduce/nor L_0000019010734db0;
L_000001901079e2f0 .part v00000190107229d0_0, 1, 1;
L_000001901079fa10 .part v00000190107229d0_0, 2, 1;
S_00000190106c2380 .scope module, "uart1" "UART" 3 213, 9 22 0, S_0000019010581520;
 .timescale -9 -12;
    .port_info 0 /INPUT 1 "clk";
    .port_info 1 /INPUT 1 "rst";
    .port_info 2 /INPUT 1 "rx";
    .port_info 3 /OUTPUT 1 "tx";
    .port_info 4 /INPUT 1 "wr_en";
    .port_info 5 /INPUT 8 "wr_data";
    .port_info 6 /INPUT 1 "rd_data_en";
    .port_info 7 /INPUT 1 "ier_wr_en";
    .port_info 8 /INPUT 3 "ier_wr_data";
    .port_info 9 /INPUT 2 "reg_sel";
    .port_info 10 /OUTPUT 32 "rdata";
    .port_info 11 /OUTPUT 1 "irq";
P_00000190106c1d60 .param/l "CLKS_PER_BIT" 0 9 23, +C4<00000000000000000000000000001000>;
P_00000190106c1d98 .param/l "RX_DATA" 1 9 71, C4<10>;
P_00000190106c1dd0 .param/l "RX_IDLE" 1 9 71, C4<00>;
P_00000190106c1e08 .param/l "RX_START" 1 9 71, C4<01>;
P_00000190106c1e40 .param/l "RX_STOP" 1 9 71, C4<11>;
P_00000190106c1e78 .param/l "TX_DATA" 1 9 62, C4<10>;
P_00000190106c1eb0 .param/l "TX_IDLE" 1 9 62, C4<00>;
P_00000190106c1ee8 .param/l "TX_START" 1 9 62, C4<01>;
P_00000190106c1f20 .param/l "TX_STOP" 1 9 62, C4<11>;
L_0000019010791680 .functor AND 1, L_000001901079ea70, L_000001901079e6b0, C4<1>, C4<1>;
L_0000019010790d50 .functor AND 1, L_000001901079e610, L_000001901079f290, C4<1>, C4<1>;
L_0000019010792790 .functor AND 1, L_0000019010790d50, L_000001901079e4d0, C4<1>, C4<1>;
L_0000019010791ae0 .functor BUFZ 8, L_000001901079ee30, C4<00000000>, C4<00000000>, C4<00000000>;
L_0000019010791fb0 .functor AND 1, L_000001901079d990, L_000001901079ffb0, C4<1>, C4<1>;
L_0000019010791990 .functor AND 1, L_000001901079e390, L_000001901079f6f0, C4<1>, C4<1>;
L_0000019010791140 .functor AND 1, L_000001901079fbf0, L_0000019010791fb0, C4<1>, C4<1>;
L_0000019010790dc0 .functor OR 1, L_0000019010791990, L_0000019010791140, C4<0>, C4<0>;
L_0000019010791a70 .functor AND 1, L_000001901079ecf0, L_000001901079fd30, C4<1>, C4<1>;
L_00000190107925d0 .functor OR 1, L_0000019010790dc0, L_0000019010791a70, C4<0>, C4<0>;
L_00000190107392a8 .functor BUFT 1, C4<1000>, C4<0>, C4<0>, C4<0>;
v0000019010723dd0_0 .net/2u *"_ivl_0", 3 0, L_00000190107392a8;  1 drivers
v00000190107233d0_0 .net *"_ivl_100", 0 0, L_0000019010791a70;  1 drivers
L_0000019010739380 .functor BUFT 1, C4<0000>, C4<0>, C4<0>, C4<0>;
v00000190107245f0_0 .net/2u *"_ivl_12", 3 0, L_0000019010739380;  1 drivers
L_00000190107393c8 .functor BUFT 1, C4<00>, C4<0>, C4<0>, C4<0>;
v00000190107238d0_0 .net/2u *"_ivl_16", 1 0, L_00000190107393c8;  1 drivers
v0000019010723e70_0 .net *"_ivl_18", 0 0, L_000001901079ea70;  1 drivers
v0000019010723c90_0 .net *"_ivl_21", 0 0, L_000001901079e6b0;  1 drivers
L_0000019010739410 .functor BUFT 1, C4<11>, C4<0>, C4<0>, C4<0>;
v0000019010723470_0 .net/2u *"_ivl_24", 1 0, L_0000019010739410;  1 drivers
v00000190107249b0_0 .net *"_ivl_26", 0 0, L_000001901079e610;  1 drivers
v0000019010723f10_0 .net *"_ivl_28", 31 0, L_000001901079e750;  1 drivers
L_0000019010739458 .functor BUFT 1, C4<0000000000000000>, C4<0>, C4<0>, C4<0>;
v0000019010723790_0 .net *"_ivl_31", 15 0, L_0000019010739458;  1 drivers
L_00000190107394a0 .functor BUFT 1, C4<00000000000000000000000000000111>, C4<0>, C4<0>, C4<0>;
v0000019010724870_0 .net/2u *"_ivl_32", 31 0, L_00000190107394a0;  1 drivers
v0000019010723510_0 .net *"_ivl_34", 0 0, L_000001901079f290;  1 drivers
v0000019010723970_0 .net *"_ivl_37", 0 0, L_0000019010790d50;  1 drivers
v00000190107236f0_0 .net *"_ivl_39", 0 0, L_000001901079e4d0;  1 drivers
L_00000190107392f0 .functor BUFT 1, C4<0000>, C4<0>, C4<0>, C4<0>;
v0000019010724410_0 .net/2u *"_ivl_4", 3 0, L_00000190107392f0;  1 drivers
v0000019010723fb0_0 .net *"_ivl_44", 7 0, L_000001901079ee30;  1 drivers
v0000019010724910_0 .net *"_ivl_46", 4 0, L_000001901079e570;  1 drivers
L_00000190107394e8 .functor BUFT 1, C4<00>, C4<0>, C4<0>, C4<0>;
v0000019010724370_0 .net *"_ivl_49", 1 0, L_00000190107394e8;  1 drivers
L_0000019010739530 .functor BUFT 1, C4<00>, C4<0>, C4<0>, C4<0>;
v0000019010724a50_0 .net/2u *"_ivl_52", 1 0, L_0000019010739530;  1 drivers
v0000019010723830_0 .net *"_ivl_54", 0 0, L_000001901079ffb0;  1 drivers
L_0000019010739578 .functor BUFT 1, C4<0000000000000000000000000000>, C4<0>, C4<0>, C4<0>;
v0000019010723a10_0 .net/2u *"_ivl_58", 27 0, L_0000019010739578;  1 drivers
v0000019010724230_0 .net *"_ivl_61", 0 0, L_000001901079f8d0;  1 drivers
v0000019010724190_0 .net *"_ivl_63", 0 0, L_000001901079e1b0;  1 drivers
L_00000190107395c0 .functor BUFT 1, C4<00000000000000000000000000000>, C4<0>, C4<0>, C4<0>;
v0000019010724050_0 .net/2u *"_ivl_66", 28 0, L_00000190107395c0;  1 drivers
L_0000019010739608 .functor BUFT 1, C4<01>, C4<0>, C4<0>, C4<0>;
v00000190107240f0_0 .net/2u *"_ivl_70", 1 0, L_0000019010739608;  1 drivers
v0000019010723ab0_0 .net *"_ivl_72", 0 0, L_000001901079f150;  1 drivers
L_0000019010739650 .functor BUFT 1, C4<10>, C4<0>, C4<0>, C4<0>;
v0000019010723b50_0 .net/2u *"_ivl_74", 1 0, L_0000019010739650;  1 drivers
v0000019010724690_0 .net *"_ivl_76", 0 0, L_000001901079f470;  1 drivers
L_0000019010739698 .functor BUFT 1, C4<000000000000000000000000>, C4<0>, C4<0>, C4<0>;
v0000019010723d30_0 .net/2u *"_ivl_78", 23 0, L_0000019010739698;  1 drivers
L_0000019010739338 .functor BUFT 1, C4<1000>, C4<0>, C4<0>, C4<0>;
v0000019010724550_0 .net/2u *"_ivl_8", 3 0, L_0000019010739338;  1 drivers
v0000019010724730_0 .net *"_ivl_80", 31 0, L_000001901079fab0;  1 drivers
v00000190107286a0_0 .net *"_ivl_82", 31 0, L_000001901079e7f0;  1 drivers
v0000019010727ca0_0 .net *"_ivl_87", 0 0, L_000001901079e390;  1 drivers
v0000019010727980_0 .net *"_ivl_89", 0 0, L_000001901079f6f0;  1 drivers
v0000019010728060_0 .net *"_ivl_90", 0 0, L_0000019010791990;  1 drivers
v0000019010727e80_0 .net *"_ivl_93", 0 0, L_000001901079fbf0;  1 drivers
v0000019010727a20_0 .net *"_ivl_94", 0 0, L_0000019010791140;  1 drivers
v0000019010727b60_0 .net *"_ivl_96", 0 0, L_0000019010790dc0;  1 drivers
v0000019010728560_0 .net *"_ivl_99", 0 0, L_000001901079ecf0;  1 drivers
v0000019010728a60_0 .net "clk", 0 0, v00000190107330f0_0;  alias, 1 drivers
v0000019010727840_0 .var "ier", 2 0;
v0000019010727d40_0 .net "ier_word", 31 0, L_000001901079fb50;  1 drivers
v0000019010727c00_0 .net "ier_wr_data", 2 0, L_000001901079eed0;  1 drivers
v0000019010728600_0 .net "ier_wr_en", 0 0, L_0000019010792800;  1 drivers
v0000019010728880_0 .net "irq", 0 0, L_00000190107925d0;  alias, 1 drivers
v0000019010727de0_0 .net "rd_data_en", 0 0, L_00000190107926b0;  1 drivers
v00000190107281a0_0 .net "rdata", 31 0, L_000001901079f650;  alias, 1 drivers
v0000019010727f20_0 .net "reg_sel", 1 0, L_00000190107369d0;  alias, 1 drivers
v0000019010727ac0_0 .net "rst", 0 0, v0000019010733410_0;  alias, 1 drivers
v00000190107273e0_0 .net "rx", 0 0, L_000001901079e890;  1 drivers
v0000019010727660_0 .var "rx_baud", 15 0;
v0000019010727fc0_0 .var "rx_bit", 2 0;
v0000019010728100_0 .var "rx_cnt", 3 0;
v0000019010728740_0 .net "rx_empty", 0 0, L_000001901079f3d0;  1 drivers
v0000019010728240_0 .net "rx_full", 0 0, L_000001901079fd30;  1 drivers
v00000190107282e0_0 .net "rx_head", 7 0, L_0000019010791ae0;  1 drivers
v00000190107278e0_0 .net "rx_push", 0 0, L_0000019010792790;  1 drivers
v0000019010728380_0 .var "rx_rd", 2 0;
v0000019010728420_0 .var "rx_s1", 0 0;
v00000190107287e0_0 .var "rx_s2", 0 0;
v00000190107284c0_0 .var "rx_shift", 7 0;
v0000019010728920_0 .var "rx_state", 1 0;
v00000190107289c0_0 .var "rx_wr", 2 0;
v0000019010727480 .array "rxbuf", 7 0, 7 0;
v0000019010727520_0 .net "status", 31 0, L_000001901079e070;  1 drivers
v00000190107275c0_0 .net "tx", 0 0, v0000019010725ea0_0;  1 drivers
v0000019010727700_0 .var "tx_baud", 15 0;
v00000190107277a0_0 .var "tx_bit", 2 0;
v0000019010725cc0_0 .var "tx_cnt", 3 0;
v0000019010725900_0 .net "tx_empty", 0 0, L_000001901079d990;  1 drivers
v0000019010726b20_0 .net "tx_full", 0 0, L_000001901079f510;  1 drivers
v0000019010726580_0 .net "tx_idle_empty", 0 0, L_0000019010791fb0;  1 drivers
v0000019010725ea0_0 .var "tx_line", 0 0;
v0000019010726080_0 .net "tx_pop", 0 0, L_0000019010791680;  1 drivers
v0000019010727200_0 .var "tx_rd", 2 0;
v0000019010726620_0 .var "tx_shift", 7 0;
v0000019010724fa0_0 .var "tx_state", 1 0;
v0000019010726c60_0 .var "tx_wr", 2 0;
v00000190107264e0 .array "txbuf", 7 0, 7 0;
v00000190107269e0_0 .net "wr_data", 7 0, L_000001901079ed90;  1 drivers
v0000019010725860_0 .net "wr_en", 0 0, L_0000019010791220;  1 drivers
L_000001901079f510 .cmp/eq 4, v0000019010725cc0_0, L_00000190107392a8;
L_000001901079d990 .cmp/eq 4, v0000019010725cc0_0, L_00000190107392f0;
L_000001901079fd30 .cmp/eq 4, v0000019010728100_0, L_0000019010739338;
L_000001901079f3d0 .cmp/eq 4, v0000019010728100_0, L_0000019010739380;
L_000001901079ea70 .cmp/eq 2, v0000019010724fa0_0, L_00000190107393c8;
L_000001901079e6b0 .reduce/nor L_000001901079d990;
L_000001901079e610 .cmp/eq 2, v0000019010728920_0, L_0000019010739410;
L_000001901079e750 .concat [ 16 16 0 0], v0000019010727660_0, L_0000019010739458;
L_000001901079f290 .cmp/eq 32, L_000001901079e750, L_00000190107394a0;
L_000001901079e4d0 .reduce/nor L_000001901079fd30;
L_000001901079ee30 .array/port v0000019010727480, L_000001901079e570;
L_000001901079e570 .concat [ 3 2 0 0], v0000019010728380_0, L_00000190107394e8;
L_000001901079ffb0 .cmp/eq 2, v0000019010724fa0_0, L_0000019010739530;
L_000001901079f8d0 .reduce/nor L_000001901079f3d0;
L_000001901079e1b0 .reduce/nor L_000001901079f510;
LS_000001901079e070_0_0 .concat [ 1 1 1 1], L_000001901079e1b0, L_0000019010791fb0, L_000001901079f8d0, L_000001901079fd30;
LS_000001901079e070_0_4 .concat [ 28 0 0 0], L_0000019010739578;
L_000001901079e070 .concat [ 4 28 0 0], LS_000001901079e070_0_0, LS_000001901079e070_0_4;
L_000001901079fb50 .concat [ 3 29 0 0], v0000019010727840_0, L_00000190107395c0;
L_000001901079f150 .cmp/eq 2, L_00000190107369d0, L_0000019010739608;
L_000001901079f470 .cmp/eq 2, L_00000190107369d0, L_0000019010739650;
L_000001901079fab0 .concat [ 8 24 0 0], L_0000019010791ae0, L_0000019010739698;
L_000001901079e7f0 .functor MUXZ 32, L_000001901079fab0, L_000001901079fb50, L_000001901079f470, C4<>;
L_000001901079f650 .functor MUXZ 32, L_000001901079e7f0, L_000001901079e070, L_000001901079f150, C4<>;
L_000001901079e390 .part v0000019010727840_0, 0, 1;
L_000001901079f6f0 .reduce/nor L_000001901079f3d0;
L_000001901079fbf0 .part v0000019010727840_0, 1, 1;
L_000001901079ecf0 .part v0000019010727840_0, 2, 1;
S_0000019010728b90 .scope module, "uart2" "UART" 3 220, 9 22 0, S_0000019010581520;
 .timescale -9 -12;
    .port_info 0 /INPUT 1 "clk";
    .port_info 1 /INPUT 1 "rst";
    .port_info 2 /INPUT 1 "rx";
    .port_info 3 /OUTPUT 1 "tx";
    .port_info 4 /INPUT 1 "wr_en";
    .port_info 5 /INPUT 8 "wr_data";
    .port_info 6 /INPUT 1 "rd_data_en";
    .port_info 7 /INPUT 1 "ier_wr_en";
    .port_info 8 /INPUT 3 "ier_wr_data";
    .port_info 9 /INPUT 2 "reg_sel";
    .port_info 10 /OUTPUT 32 "rdata";
    .port_info 11 /OUTPUT 1 "irq";
P_00000190107291b0 .param/l "CLKS_PER_BIT" 0 9 23, +C4<00000000000000000000000000001000>;
P_00000190107291e8 .param/l "RX_DATA" 1 9 71, C4<10>;
P_0000019010729220 .param/l "RX_IDLE" 1 9 71, C4<00>;
P_0000019010729258 .param/l "RX_START" 1 9 71, C4<01>;
P_0000019010729290 .param/l "RX_STOP" 1 9 71, C4<11>;
P_00000190107292c8 .param/l "TX_DATA" 1 9 62, C4<10>;
P_0000019010729300 .param/l "TX_IDLE" 1 9 62, C4<00>;
P_0000019010729338 .param/l "TX_START" 1 9 62, C4<01>;
P_0000019010729370 .param/l "TX_STOP" 1 9 62, C4<11>;
L_0000019010791610 .functor AND 1, L_000001901079f1f0, L_000001901079f970, C4<1>, C4<1>;
L_0000019010790ea0 .functor AND 1, L_000001901079fc90, L_000001901079fe70, C4<1>, C4<1>;
L_0000019010791b50 .functor AND 1, L_0000019010790ea0, L_00000190107a0050, C4<1>, C4<1>;
L_00000190107916f0 .functor BUFZ 8, L_000001901079da30, C4<00000000>, C4<00000000>, C4<00000000>;
L_0000019010791760 .functor AND 1, L_000001901079f830, L_000001901079dcb0, C4<1>, C4<1>;
L_00000190107917d0 .functor AND 1, L_00000190107a14f0, L_00000190107a1310, C4<1>, C4<1>;
L_0000019010791bc0 .functor AND 1, L_00000190107a0cd0, L_0000019010791760, C4<1>, C4<1>;
L_00000190107922c0 .functor OR 1, L_00000190107917d0, L_0000019010791bc0, C4<0>, C4<0>;
L_0000019010792640 .functor AND 1, L_00000190107a1bd0, L_000001901079f0b0, C4<1>, C4<1>;
L_0000019010792720 .functor OR 1, L_00000190107922c0, L_0000019010792640, C4<0>, C4<0>;
L_00000190107397b8 .functor BUFT 1, C4<1000>, C4<0>, C4<0>, C4<0>;
v0000019010724dc0_0 .net/2u *"_ivl_0", 3 0, L_00000190107397b8;  1 drivers
v00000190107270c0_0 .net *"_ivl_100", 0 0, L_0000019010792640;  1 drivers
L_0000019010739890 .functor BUFT 1, C4<0000>, C4<0>, C4<0>, C4<0>;
v00000190107250e0_0 .net/2u *"_ivl_12", 3 0, L_0000019010739890;  1 drivers
L_00000190107398d8 .functor BUFT 1, C4<00>, C4<0>, C4<0>, C4<0>;
v00000190107259a0_0 .net/2u *"_ivl_16", 1 0, L_00000190107398d8;  1 drivers
v0000019010724e60_0 .net *"_ivl_18", 0 0, L_000001901079f1f0;  1 drivers
v0000019010725f40_0 .net *"_ivl_21", 0 0, L_000001901079f970;  1 drivers
L_0000019010739920 .functor BUFT 1, C4<11>, C4<0>, C4<0>, C4<0>;
v0000019010726440_0 .net/2u *"_ivl_24", 1 0, L_0000019010739920;  1 drivers
v0000019010726bc0_0 .net *"_ivl_26", 0 0, L_000001901079fc90;  1 drivers
v0000019010725540_0 .net *"_ivl_28", 31 0, L_000001901079fdd0;  1 drivers
L_0000019010739968 .functor BUFT 1, C4<0000000000000000>, C4<0>, C4<0>, C4<0>;
v0000019010724be0_0 .net *"_ivl_31", 15 0, L_0000019010739968;  1 drivers
L_00000190107399b0 .functor BUFT 1, C4<00000000000000000000000000000111>, C4<0>, C4<0>, C4<0>;
v0000019010726f80_0 .net/2u *"_ivl_32", 31 0, L_00000190107399b0;  1 drivers
v0000019010727340_0 .net *"_ivl_34", 0 0, L_000001901079fe70;  1 drivers
v0000019010725fe0_0 .net *"_ivl_37", 0 0, L_0000019010790ea0;  1 drivers
v0000019010727160_0 .net *"_ivl_39", 0 0, L_00000190107a0050;  1 drivers
L_0000019010739800 .functor BUFT 1, C4<0000>, C4<0>, C4<0>, C4<0>;
v0000019010726800_0 .net/2u *"_ivl_4", 3 0, L_0000019010739800;  1 drivers
v0000019010727020_0 .net *"_ivl_44", 7 0, L_000001901079da30;  1 drivers
v0000019010725a40_0 .net *"_ivl_46", 4 0, L_000001901079db70;  1 drivers
L_00000190107399f8 .functor BUFT 1, C4<00>, C4<0>, C4<0>, C4<0>;
v0000019010724f00_0 .net *"_ivl_49", 1 0, L_00000190107399f8;  1 drivers
L_0000019010739a40 .functor BUFT 1, C4<00>, C4<0>, C4<0>, C4<0>;
v0000019010725ae0_0 .net/2u *"_ivl_52", 1 0, L_0000019010739a40;  1 drivers
v0000019010725040_0 .net *"_ivl_54", 0 0, L_000001901079dcb0;  1 drivers
L_0000019010739a88 .functor BUFT 1, C4<0000000000000000000000000000>, C4<0>, C4<0>, C4<0>;
v0000019010726a80_0 .net/2u *"_ivl_58", 27 0, L_0000019010739a88;  1 drivers
v0000019010725180_0 .net *"_ivl_61", 0 0, L_000001901079dd50;  1 drivers
v0000019010725220_0 .net *"_ivl_63", 0 0, L_000001901079ddf0;  1 drivers
L_0000019010739ad0 .functor BUFT 1, C4<00000000000000000000000000000>, C4<0>, C4<0>, C4<0>;
v0000019010726d00_0 .net/2u *"_ivl_66", 28 0, L_0000019010739ad0;  1 drivers
L_0000019010739b18 .functor BUFT 1, C4<01>, C4<0>, C4<0>, C4<0>;
v0000019010726760_0 .net/2u *"_ivl_70", 1 0, L_0000019010739b18;  1 drivers
v0000019010725680_0 .net *"_ivl_72", 0 0, L_00000190107a2030;  1 drivers
L_0000019010739b60 .functor BUFT 1, C4<10>, C4<0>, C4<0>, C4<0>;
v00000190107261c0_0 .net/2u *"_ivl_74", 1 0, L_0000019010739b60;  1 drivers
v0000019010726120_0 .net *"_ivl_76", 0 0, L_00000190107a1db0;  1 drivers
L_0000019010739ba8 .functor BUFT 1, C4<000000000000000000000000>, C4<0>, C4<0>, C4<0>;
v00000190107252c0_0 .net/2u *"_ivl_78", 23 0, L_0000019010739ba8;  1 drivers
L_0000019010739848 .functor BUFT 1, C4<1000>, C4<0>, C4<0>, C4<0>;
v0000019010724c80_0 .net/2u *"_ivl_8", 3 0, L_0000019010739848;  1 drivers
v00000190107266c0_0 .net *"_ivl_80", 31 0, L_00000190107a1590;  1 drivers
v00000190107255e0_0 .net *"_ivl_82", 31 0, L_00000190107a1810;  1 drivers
v0000019010724d20_0 .net *"_ivl_87", 0 0, L_00000190107a14f0;  1 drivers
v0000019010725360_0 .net *"_ivl_89", 0 0, L_00000190107a1310;  1 drivers
v0000019010725b80_0 .net *"_ivl_90", 0 0, L_00000190107917d0;  1 drivers
v0000019010726da0_0 .net *"_ivl_93", 0 0, L_00000190107a0cd0;  1 drivers
v0000019010725400_0 .net *"_ivl_94", 0 0, L_0000019010791bc0;  1 drivers
v00000190107263a0_0 .net *"_ivl_96", 0 0, L_00000190107922c0;  1 drivers
v0000019010725c20_0 .net *"_ivl_99", 0 0, L_00000190107a1bd0;  1 drivers
v0000019010725720_0 .net "clk", 0 0, v00000190107330f0_0;  alias, 1 drivers
v0000019010725d60_0 .var "ier", 2 0;
v00000190107254a0_0 .net "ier_word", 31 0, L_00000190107a0e10;  1 drivers
v0000019010725e00_0 .net "ier_wr_data", 2 0, L_00000190107a2170;  1 drivers
v0000019010726260_0 .net "ier_wr_en", 0 0, L_0000019010790ff0;  1 drivers
v00000190107268a0_0 .net "irq", 0 0, L_0000019010792720;  alias, 1 drivers
v0000019010726940_0 .net "rd_data_en", 0 0, L_0000019010792870;  1 drivers
v0000019010726e40_0 .net "rdata", 31 0, L_00000190107a1f90;  alias, 1 drivers
v0000019010726ee0_0 .net "reg_sel", 1 0, L_00000190107369d0;  alias, 1 drivers
v00000190107257c0_0 .net "rst", 0 0, v0000019010733410_0;  alias, 1 drivers
v00000190107272a0_0 .net "rx", 0 0, L_00000190107a0730;  1 drivers
v0000019010726300_0 .var "rx_baud", 15 0;
v0000019010729d00_0 .var "rx_bit", 2 0;
v000001901072b100_0 .var "rx_cnt", 3 0;
v000001901072a340_0 .net "rx_empty", 0 0, L_000001901079dc10;  1 drivers
v000001901072bd80_0 .net "rx_full", 0 0, L_000001901079f0b0;  1 drivers
v000001901072ae80_0 .net "rx_head", 7 0, L_00000190107916f0;  1 drivers
v000001901072b1a0_0 .net "rx_push", 0 0, L_0000019010791b50;  1 drivers
v000001901072aca0_0 .var "rx_rd", 2 0;
v000001901072a3e0_0 .var "rx_s1", 0 0;
v000001901072af20_0 .var "rx_s2", 0 0;
v000001901072a700_0 .var "rx_shift", 7 0;
v000001901072a480_0 .var "rx_state", 1 0;
v000001901072afc0_0 .var "rx_wr", 2 0;
v000001901072a8e0 .array "rxbuf", 7 0, 7 0;
v000001901072aac0_0 .net "status", 31 0, L_000001901079de90;  1 drivers
v000001901072a7a0_0 .net "tx", 0 0, v000001901072bc40_0;  1 drivers
v000001901072b060_0 .var "tx_baud", 15 0;
v00000190107299e0_0 .var "tx_bit", 2 0;
v000001901072b6a0_0 .var "tx_cnt", 3 0;
v000001901072b240_0 .net "tx_empty", 0 0, L_000001901079f830;  1 drivers
v000001901072b420_0 .net "tx_full", 0 0, L_000001901079ef70;  1 drivers
v000001901072a200_0 .net "tx_idle_empty", 0 0, L_0000019010791760;  1 drivers
v000001901072bc40_0 .var "tx_line", 0 0;
v000001901072a980_0 .net "tx_pop", 0 0, L_0000019010791610;  1 drivers
v0000019010729940_0 .var "tx_rd", 2 0;
v000001901072ab60_0 .var "tx_shift", 7 0;
v000001901072b2e0_0 .var "tx_state", 1 0;
v000001901072bce0_0 .var "tx_wr", 2 0;
v000001901072ac00 .array "txbuf", 7 0, 7 0;
v0000019010729620_0 .net "wr_data", 7 0, L_00000190107a2710;  1 drivers
v000001901072b740_0 .net "wr_en", 0 0, L_0000019010791c30;  1 drivers
L_000001901079ef70 .cmp/eq 4, v000001901072b6a0_0, L_00000190107397b8;
L_000001901079f830 .cmp/eq 4, v000001901072b6a0_0, L_0000019010739800;
L_000001901079f0b0 .cmp/eq 4, v000001901072b100_0, L_0000019010739848;
L_000001901079dc10 .cmp/eq 4, v000001901072b100_0, L_0000019010739890;
L_000001901079f1f0 .cmp/eq 2, v000001901072b2e0_0, L_00000190107398d8;
L_000001901079f970 .reduce/nor L_000001901079f830;
L_000001901079fc90 .cmp/eq 2, v000001901072a480_0, L_0000019010739920;
L_000001901079fdd0 .concat [ 16 16 0 0], v0000019010726300_0, L_0000019010739968;
L_000001901079fe70 .cmp/eq 32, L_000001901079fdd0, L_00000190107399b0;
L_00000190107a0050 .reduce/nor L_000001901079f0b0;
L_000001901079da30 .array/port v000001901072a8e0, L_000001901079db70;
L_000001901079db70 .concat [ 3 2 0 0], v000001901072aca0_0, L_00000190107399f8;
L_000001901079dcb0 .cmp/eq 2, v000001901072b2e0_0, L_0000019010739a40;
L_000001901079dd50 .reduce/nor L_000001901079dc10;
L_000001901079ddf0 .reduce/nor L_000001901079ef70;
LS_000001901079de90_0_0 .concat [ 1 1 1 1], L_000001901079ddf0, L_0000019010791760, L_000001901079dd50, L_000001901079f0b0;
LS_000001901079de90_0_4 .concat [ 28 0 0 0], L_0000019010739a88;
L_000001901079de90 .concat [ 4 28 0 0], LS_000001901079de90_0_0, LS_000001901079de90_0_4;
L_00000190107a0e10 .concat [ 3 29 0 0], v0000019010725d60_0, L_0000019010739ad0;
L_00000190107a2030 .cmp/eq 2, L_00000190107369d0, L_0000019010739b18;
L_00000190107a1db0 .cmp/eq 2, L_00000190107369d0, L_0000019010739b60;
L_00000190107a1590 .concat [ 8 24 0 0], L_00000190107916f0, L_0000019010739ba8;
L_00000190107a1810 .functor MUXZ 32, L_00000190107a1590, L_00000190107a0e10, L_00000190107a1db0, C4<>;
L_00000190107a1f90 .functor MUXZ 32, L_00000190107a1810, L_000001901079de90, L_00000190107a2030, C4<>;
L_00000190107a14f0 .part v0000019010725d60_0, 0, 1;
L_00000190107a1310 .reduce/nor L_000001901079dc10;
L_00000190107a0cd0 .part v0000019010725d60_0, 1, 1;
L_00000190107a1bd0 .part v0000019010725d60_0, 2, 1;
S_00000190107293b0 .scope module, "uart3" "UART" 3 227, 9 22 0, S_0000019010581520;
 .timescale -9 -12;
    .port_info 0 /INPUT 1 "clk";
    .port_info 1 /INPUT 1 "rst";
    .port_info 2 /INPUT 1 "rx";
    .port_info 3 /OUTPUT 1 "tx";
    .port_info 4 /INPUT 1 "wr_en";
    .port_info 5 /INPUT 8 "wr_data";
    .port_info 6 /INPUT 1 "rd_data_en";
    .port_info 7 /INPUT 1 "ier_wr_en";
    .port_info 8 /INPUT 3 "ier_wr_data";
    .port_info 9 /INPUT 2 "reg_sel";
    .port_info 10 /OUTPUT 32 "rdata";
    .port_info 11 /OUTPUT 1 "irq";
P_000001901072d9e0 .param/l "CLKS_PER_BIT" 0 9 23, +C4<00000000000000000000000000001000>;
P_000001901072da18 .param/l "RX_DATA" 1 9 71, C4<10>;
P_000001901072da50 .param/l "RX_IDLE" 1 9 71, C4<00>;
P_000001901072da88 .param/l "RX_START" 1 9 71, C4<01>;
P_000001901072dac0 .param/l "RX_STOP" 1 9 71, C4<11>;
P_000001901072daf8 .param/l "TX_DATA" 1 9 62, C4<10>;
P_000001901072db30 .param/l "TX_IDLE" 1 9 62, C4<00>;
P_000001901072db68 .param/l "TX_START" 1 9 62, C4<01>;
P_000001901072dba0 .param/l "TX_STOP" 1 9 62, C4<11>;
L_0000019010792330 .functor AND 1, L_00000190107a0870, L_00000190107a1e50, C4<1>, C4<1>;
L_0000019010791290 .functor AND 1, L_00000190107a20d0, L_00000190107a2210, C4<1>, C4<1>;
L_0000019010791ca0 .functor AND 1, L_0000019010791290, L_00000190107a0c30, C4<1>, C4<1>;
L_0000019010792100 .functor BUFZ 8, L_00000190107a07d0, C4<00000000>, C4<00000000>, C4<00000000>;
L_0000019010791f40 .functor AND 1, L_00000190107a1b30, L_00000190107a13b0, C4<1>, C4<1>;
L_0000019010792170 .functor AND 1, L_00000190107a23f0, L_00000190107a0230, C4<1>, C4<1>;
L_00000190107921e0 .functor AND 1, L_00000190107a0eb0, L_0000019010791f40, C4<1>, C4<1>;
L_0000019010792250 .functor OR 1, L_0000019010792170, L_00000190107921e0, C4<0>, C4<0>;
L_0000019010792a30 .functor AND 1, L_00000190107a02d0, L_00000190107a1270, C4<1>, C4<1>;
L_0000019010792aa0 .functor OR 1, L_0000019010792250, L_0000019010792a30, C4<0>, C4<0>;
L_0000019010739cc8 .functor BUFT 1, C4<1000>, C4<0>, C4<0>, C4<0>;
v000001901072b380_0 .net/2u *"_ivl_0", 3 0, L_0000019010739cc8;  1 drivers
v00000190107296c0_0 .net *"_ivl_100", 0 0, L_0000019010792a30;  1 drivers
L_0000019010739da0 .functor BUFT 1, C4<0000>, C4<0>, C4<0>, C4<0>;
v000001901072b9c0_0 .net/2u *"_ivl_12", 3 0, L_0000019010739da0;  1 drivers
L_0000019010739de8 .functor BUFT 1, C4<00>, C4<0>, C4<0>, C4<0>;
v000001901072b920_0 .net/2u *"_ivl_16", 1 0, L_0000019010739de8;  1 drivers
v000001901072bba0_0 .net *"_ivl_18", 0 0, L_00000190107a0870;  1 drivers
v000001901072b880_0 .net *"_ivl_21", 0 0, L_00000190107a1e50;  1 drivers
L_0000019010739e30 .functor BUFT 1, C4<11>, C4<0>, C4<0>, C4<0>;
v000001901072ba60_0 .net/2u *"_ivl_24", 1 0, L_0000019010739e30;  1 drivers
v000001901072a520_0 .net *"_ivl_26", 0 0, L_00000190107a20d0;  1 drivers
v000001901072b4c0_0 .net *"_ivl_28", 31 0, L_00000190107a0af0;  1 drivers
L_0000019010739e78 .functor BUFT 1, C4<0000000000000000>, C4<0>, C4<0>, C4<0>;
v000001901072a5c0_0 .net *"_ivl_31", 15 0, L_0000019010739e78;  1 drivers
L_0000019010739ec0 .functor BUFT 1, C4<00000000000000000000000000000111>, C4<0>, C4<0>, C4<0>;
v0000019010729a80_0 .net/2u *"_ivl_32", 31 0, L_0000019010739ec0;  1 drivers
v000001901072b560_0 .net *"_ivl_34", 0 0, L_00000190107a2210;  1 drivers
v000001901072bb00_0 .net *"_ivl_37", 0 0, L_0000019010791290;  1 drivers
v0000019010729b20_0 .net *"_ivl_39", 0 0, L_00000190107a0c30;  1 drivers
L_0000019010739d10 .functor BUFT 1, C4<0000>, C4<0>, C4<0>, C4<0>;
v000001901072a660_0 .net/2u *"_ivl_4", 3 0, L_0000019010739d10;  1 drivers
v0000019010729760_0 .net *"_ivl_44", 7 0, L_00000190107a07d0;  1 drivers
v0000019010729800_0 .net *"_ivl_46", 4 0, L_00000190107a11d0;  1 drivers
L_0000019010739f08 .functor BUFT 1, C4<00>, C4<0>, C4<0>, C4<0>;
v00000190107298a0_0 .net *"_ivl_49", 1 0, L_0000019010739f08;  1 drivers
L_0000019010739f50 .functor BUFT 1, C4<00>, C4<0>, C4<0>, C4<0>;
v0000019010729f80_0 .net/2u *"_ivl_52", 1 0, L_0000019010739f50;  1 drivers
v0000019010729bc0_0 .net *"_ivl_54", 0 0, L_00000190107a13b0;  1 drivers
L_0000019010739f98 .functor BUFT 1, C4<0000000000000000000000000000>, C4<0>, C4<0>, C4<0>;
v000001901072b600_0 .net/2u *"_ivl_58", 27 0, L_0000019010739f98;  1 drivers
v000001901072b7e0_0 .net *"_ivl_61", 0 0, L_00000190107a22b0;  1 drivers
v000001901072ad40_0 .net *"_ivl_63", 0 0, L_00000190107a1ef0;  1 drivers
L_0000019010739fe0 .functor BUFT 1, C4<00000000000000000000000000000>, C4<0>, C4<0>, C4<0>;
v000001901072a840_0 .net/2u *"_ivl_66", 28 0, L_0000019010739fe0;  1 drivers
L_000001901073a028 .functor BUFT 1, C4<01>, C4<0>, C4<0>, C4<0>;
v0000019010729c60_0 .net/2u *"_ivl_70", 1 0, L_000001901073a028;  1 drivers
v000001901072a2a0_0 .net *"_ivl_72", 0 0, L_00000190107a0410;  1 drivers
L_000001901073a070 .functor BUFT 1, C4<10>, C4<0>, C4<0>, C4<0>;
v0000019010729da0_0 .net/2u *"_ivl_74", 1 0, L_000001901073a070;  1 drivers
v0000019010729e40_0 .net *"_ivl_76", 0 0, L_00000190107a16d0;  1 drivers
L_000001901073a0b8 .functor BUFT 1, C4<000000000000000000000000>, C4<0>, C4<0>, C4<0>;
v0000019010729ee0_0 .net/2u *"_ivl_78", 23 0, L_000001901073a0b8;  1 drivers
L_0000019010739d58 .functor BUFT 1, C4<1000>, C4<0>, C4<0>, C4<0>;
v000001901072a020_0 .net/2u *"_ivl_8", 3 0, L_0000019010739d58;  1 drivers
v000001901072a0c0_0 .net *"_ivl_80", 31 0, L_00000190107a0b90;  1 drivers
v000001901072a160_0 .net *"_ivl_82", 31 0, L_00000190107a1630;  1 drivers
v000001901072aa20_0 .net *"_ivl_87", 0 0, L_00000190107a23f0;  1 drivers
v000001901072ade0_0 .net *"_ivl_89", 0 0, L_00000190107a0230;  1 drivers
v000001901072d220_0 .net *"_ivl_90", 0 0, L_0000019010792170;  1 drivers
v000001901072c1e0_0 .net *"_ivl_93", 0 0, L_00000190107a0eb0;  1 drivers
v000001901072d4a0_0 .net *"_ivl_94", 0 0, L_00000190107921e0;  1 drivers
v000001901072c3c0_0 .net *"_ivl_96", 0 0, L_0000019010792250;  1 drivers
v000001901072c640_0 .net *"_ivl_99", 0 0, L_00000190107a02d0;  1 drivers
v000001901072be20_0 .net "clk", 0 0, v00000190107330f0_0;  alias, 1 drivers
v000001901072c6e0_0 .var "ier", 2 0;
v000001901072cb40_0 .net "ier_word", 31 0, L_00000190107a2350;  1 drivers
v000001901072c8c0_0 .net "ier_wr_data", 2 0, L_00000190107a0ff0;  1 drivers
v000001901072d040_0 .net "ier_wr_en", 0 0, L_0000019010792950;  1 drivers
v000001901072cd20_0 .net "irq", 0 0, L_0000019010792aa0;  alias, 1 drivers
v000001901072c960_0 .net "rd_data_en", 0 0, L_0000019010792b10;  1 drivers
v000001901072caa0_0 .net "rdata", 31 0, L_00000190107a2850;  alias, 1 drivers
v000001901072ca00_0 .net "reg_sel", 1 0, L_00000190107369d0;  alias, 1 drivers
v000001901072cdc0_0 .net "rst", 0 0, v0000019010733410_0;  alias, 1 drivers
v000001901072d2c0_0 .net "rx", 0 0, L_00000190107a0370;  1 drivers
v000001901072c0a0_0 .var "rx_baud", 15 0;
v000001901072d180_0 .var "rx_bit", 2 0;
v000001901072ce60_0 .var "rx_cnt", 3 0;
v000001901072c500_0 .net "rx_empty", 0 0, L_00000190107a27b0;  1 drivers
v000001901072c5a0_0 .net "rx_full", 0 0, L_00000190107a1270;  1 drivers
v000001901072cfa0_0 .net "rx_head", 7 0, L_0000019010792100;  1 drivers
v000001901072c140_0 .net "rx_push", 0 0, L_0000019010791ca0;  1 drivers
v000001901072d360_0 .var "rx_rd", 2 0;
v000001901072cbe0_0 .var "rx_s1", 0 0;
v000001901072cc80_0 .var "rx_s2", 0 0;
v000001901072bec0_0 .var "rx_shift", 7 0;
v000001901072cf00_0 .var "rx_state", 1 0;
v000001901072c000_0 .var "rx_wr", 2 0;
v000001901072d0e0 .array "rxbuf", 7 0, 7 0;
v000001901072d400_0 .net "status", 31 0, L_00000190107a04b0;  1 drivers
v000001901072bf60_0 .net "tx", 0 0, v000001901072fef0_0;  1 drivers
v000001901072c280_0 .var "tx_baud", 15 0;
v000001901072c320_0 .var "tx_bit", 2 0;
v000001901072c460_0 .var "tx_cnt", 3 0;
v000001901072c780_0 .net "tx_empty", 0 0, L_00000190107a1b30;  1 drivers
v000001901072c820_0 .net "tx_full", 0 0, L_00000190107a0d70;  1 drivers
v000001901072fa90_0 .net "tx_idle_empty", 0 0, L_0000019010791f40;  1 drivers
v000001901072fef0_0 .var "tx_line", 0 0;
v000001901072f8b0_0 .net "tx_pop", 0 0, L_0000019010792330;  1 drivers
v0000019010731750_0 .var "tx_rd", 2 0;
v000001901072f310_0 .var "tx_shift", 7 0;
v000001901072ff90_0 .var "tx_state", 1 0;
v000001901072f450_0 .var "tx_wr", 2 0;
v0000019010730530 .array "txbuf", 7 0, 7 0;
v0000019010730ad0_0 .net "wr_data", 7 0, L_00000190107a1450;  1 drivers
v00000190107317f0_0 .net "wr_en", 0 0, L_0000019010792bf0;  1 drivers
L_00000190107a0d70 .cmp/eq 4, v000001901072c460_0, L_0000019010739cc8;
L_00000190107a1b30 .cmp/eq 4, v000001901072c460_0, L_0000019010739d10;
L_00000190107a1270 .cmp/eq 4, v000001901072ce60_0, L_0000019010739d58;
L_00000190107a27b0 .cmp/eq 4, v000001901072ce60_0, L_0000019010739da0;
L_00000190107a0870 .cmp/eq 2, v000001901072ff90_0, L_0000019010739de8;
L_00000190107a1e50 .reduce/nor L_00000190107a1b30;
L_00000190107a20d0 .cmp/eq 2, v000001901072cf00_0, L_0000019010739e30;
L_00000190107a0af0 .concat [ 16 16 0 0], v000001901072c0a0_0, L_0000019010739e78;
L_00000190107a2210 .cmp/eq 32, L_00000190107a0af0, L_0000019010739ec0;
L_00000190107a0c30 .reduce/nor L_00000190107a1270;
L_00000190107a07d0 .array/port v000001901072d0e0, L_00000190107a11d0;
L_00000190107a11d0 .concat [ 3 2 0 0], v000001901072d360_0, L_0000019010739f08;
L_00000190107a13b0 .cmp/eq 2, v000001901072ff90_0, L_0000019010739f50;
L_00000190107a22b0 .reduce/nor L_00000190107a27b0;
L_00000190107a1ef0 .reduce/nor L_00000190107a0d70;
LS_00000190107a04b0_0_0 .concat [ 1 1 1 1], L_00000190107a1ef0, L_0000019010791f40, L_00000190107a22b0, L_00000190107a1270;
LS_00000190107a04b0_0_4 .concat [ 28 0 0 0], L_0000019010739f98;
L_00000190107a04b0 .concat [ 4 28 0 0], LS_00000190107a04b0_0_0, LS_00000190107a04b0_0_4;
L_00000190107a2350 .concat [ 3 29 0 0], v000001901072c6e0_0, L_0000019010739fe0;
L_00000190107a0410 .cmp/eq 2, L_00000190107369d0, L_000001901073a028;
L_00000190107a16d0 .cmp/eq 2, L_00000190107369d0, L_000001901073a070;
L_00000190107a0b90 .concat [ 8 24 0 0], L_0000019010792100, L_000001901073a0b8;
L_00000190107a1630 .functor MUXZ 32, L_00000190107a0b90, L_00000190107a2350, L_00000190107a16d0, C4<>;
L_00000190107a2850 .functor MUXZ 32, L_00000190107a1630, L_00000190107a04b0, L_00000190107a0410, C4<>;
L_00000190107a23f0 .part v000001901072c6e0_0, 0, 1;
L_00000190107a0230 .reduce/nor L_00000190107a27b0;
L_00000190107a0eb0 .part v000001901072c6e0_0, 1, 1;
L_00000190107a02d0 .part v000001901072c6e0_0, 2, 1;
S_000001901072ebf0 .scope task, "send_byte" "send_byte" 2 26, 2 26 0, S_0000019010581390;
 .timescale -9 -12;
v0000019010732830_0 .var "b", 7 0;
v0000019010731e30_0 .var/i "k", 31 0;
TD_Boot_tb.send_byte ;
    %pushi/vec4 0, 0, 1;
    %store/vec4 v0000019010731cf0_0, 0, 1;
    %delay 80000, 0;
    %pushi/vec4 0, 0, 32;
    %store/vec4 v0000019010731e30_0, 0, 32;
T_2.25 ;
    %load/vec4 v0000019010731e30_0;
    %cmpi/s 8, 0, 32;
    %jmp/0xz T_2.26, 5;
    %load/vec4 v0000019010732830_0;
    %load/vec4 v0000019010731e30_0;
    %part/s 1;
    %store/vec4 v0000019010731cf0_0, 0, 1;
    %delay 80000, 0;
    %load/vec4 v0000019010731e30_0;
    %addi 1, 0, 32;
    %store/vec4 v0000019010731e30_0, 0, 32;
    %jmp T_2.25;
T_2.26 ;
    %pushi/vec4 1, 0, 1;
    %store/vec4 v0000019010731cf0_0, 0, 1;
    %delay 80000, 0;
    %end;
S_0000019010737cc0 .scope task, "send_word32" "send_word32" 2 35, 2 35 0, S_0000019010581390;
 .timescale -9 -12;
v0000019010731ed0_0 .var "w", 31 0;
TD_Boot_tb.send_word32 ;
    %load/vec4 v0000019010731ed0_0;
    %parti/s 8, 0, 2;
    %store/vec4 v0000019010732830_0, 0, 8;
    %fork TD_Boot_tb.send_byte, S_000001901072ebf0;
    %join;
    %load/vec4 v0000019010731ed0_0;
    %parti/s 8, 8, 5;
    %store/vec4 v0000019010732830_0, 0, 8;
    %fork TD_Boot_tb.send_byte, S_000001901072ebf0;
    %join;
    %load/vec4 v0000019010731ed0_0;
    %parti/s 8, 16, 6;
    %store/vec4 v0000019010732830_0, 0, 8;
    %fork TD_Boot_tb.send_byte, S_000001901072ebf0;
    %join;
    %load/vec4 v0000019010731ed0_0;
    %parti/s 8, 24, 6;
    %store/vec4 v0000019010732830_0, 0, 8;
    %fork TD_Boot_tb.send_byte, S_000001901072ebf0;
    %join;
    %end;
    .scope S_000001901059d2b0;
T_4 ;
    %pushi/vec4 0, 0, 32;
    %store/vec4 v00000190106aab40_0, 0, 32;
T_4.0 ;
    %load/vec4 v00000190106aab40_0;
    %cmpi/s 65536, 0, 32;
    %jmp/0xz T_4.1, 5;
    %pushi/vec4 0, 0, 8;
    %ix/getv/s 4, v00000190106aab40_0;
    %store/vec4a v00000190106aadc0, 4, 0;
    %load/vec4 v00000190106aab40_0;
    %addi 1, 0, 32;
    %store/vec4 v00000190106aab40_0, 0, 32;
    %jmp T_4.0;
T_4.1 ;
    %pushi/vec4 4093640851, 0, 32;
    %ix/load 4, 0, 0;
    %flag_set/imm 4, 0;
    %store/vec4a v00000190106aabe0, 4, 0;
    %pushi/vec4 275, 0, 32;
    %ix/load 4, 1, 0;
    %flag_set/imm 4, 0;
    %store/vec4a v00000190106aabe0, 4, 0;
    %pushi/vec4 531, 0, 32;
    %ix/load 4, 2, 0;
    %flag_set/imm 4, 0;
    %store/vec4a v00000190106aabe0, 4, 0;
    %pushi/vec4 4236419, 0, 32;
    %ix/load 4, 3, 0;
    %flag_set/imm 4, 0;
    %store/vec4a v00000190106aabe0, 4, 0;
    %pushi/vec4 4519059, 0, 32;
    %ix/load 4, 4, 0;
    %flag_set/imm 4, 0;
    %store/vec4a v00000190106aabe0, 4, 0;
    %pushi/vec4 4261711075, 0, 32;
    %ix/load 4, 5, 0;
    %flag_set/imm 4, 0;
    %store/vec4a v00000190106aabe0, 4, 0;
    %pushi/vec4 41731, 0, 32;
    %ix/load 4, 6, 0;
    %flag_set/imm 4, 0;
    %store/vec4a v00000190106aabe0, 4, 0;
    %pushi/vec4 3281811, 0, 32;
    %ix/load 4, 7, 0;
    %flag_set/imm 4, 0;
    %store/vec4a v00000190106aabe0, 4, 0;
    %pushi/vec4 7541811, 0, 32;
    %ix/load 4, 8, 0;
    %flag_set/imm 4, 0;
    %store/vec4a v00000190106aabe0, 4, 0;
    %pushi/vec4 8479027, 0, 32;
    %ix/load 4, 9, 0;
    %flag_set/imm 4, 0;
    %store/vec4a v00000190106aabe0, 4, 0;
    %pushi/vec4 1180179, 0, 32;
    %ix/load 4, 10, 0;
    %flag_set/imm 4, 0;
    %store/vec4a v00000190106aabe0, 4, 0;
    %pushi/vec4 4195475, 0, 32;
    %ix/load 4, 11, 0;
    %flag_set/imm 4, 0;
    %store/vec4a v00000190106aabe0, 4, 0;
    %pushi/vec4 4237434595, 0, 32;
    %ix/load 4, 12, 0;
    %flag_set/imm 4, 0;
    %store/vec4a v00000190106aabe0, 4, 0;
    %pushi/vec4 4535, 0, 32;
    %ix/load 4, 13, 0;
    %flag_set/imm 4, 0;
    %store/vec4a v00000190106aabe0, 4, 0;
    %pushi/vec4 67175011, 0, 32;
    %ix/load 4, 14, 0;
    %flag_set/imm 4, 0;
    %store/vec4a v00000190106aabe0, 4, 0;
    %pushi/vec4 659, 0, 32;
    %ix/load 4, 15, 0;
    %flag_set/imm 4, 0;
    %store/vec4a v00000190106aabe0, 4, 0;
    %pushi/vec4 531, 0, 32;
    %ix/load 4, 16, 0;
    %flag_set/imm 4, 0;
    %store/vec4a v00000190106aabe0, 4, 0;
    %pushi/vec4 4236419, 0, 32;
    %ix/load 4, 17, 0;
    %flag_set/imm 4, 0;
    %store/vec4a v00000190106aabe0, 4, 0;
    %pushi/vec4 4519059, 0, 32;
    %ix/load 4, 18, 0;
    %flag_set/imm 4, 0;
    %store/vec4a v00000190106aabe0, 4, 0;
    %pushi/vec4 4261711075, 0, 32;
    %ix/load 4, 19, 0;
    %flag_set/imm 4, 0;
    %store/vec4a v00000190106aabe0, 4, 0;
    %pushi/vec4 41731, 0, 32;
    %ix/load 4, 20, 0;
    %flag_set/imm 4, 0;
    %store/vec4a v00000190106aabe0, 4, 0;
    %pushi/vec4 3281811, 0, 32;
    %ix/load 4, 21, 0;
    %flag_set/imm 4, 0;
    %store/vec4a v00000190106aabe0, 4, 0;
    %pushi/vec4 7541811, 0, 32;
    %ix/load 4, 22, 0;
    %flag_set/imm 4, 0;
    %store/vec4a v00000190106aabe0, 4, 0;
    %pushi/vec4 8577715, 0, 32;
    %ix/load 4, 23, 0;
    %flag_set/imm 4, 0;
    %store/vec4a v00000190106aabe0, 4, 0;
    %pushi/vec4 1180179, 0, 32;
    %ix/load 4, 24, 0;
    %flag_set/imm 4, 0;
    %store/vec4a v00000190106aabe0, 4, 0;
    %pushi/vec4 4195475, 0, 32;
    %ix/load 4, 25, 0;
    %flag_set/imm 4, 0;
    %store/vec4a v00000190106aabe0, 4, 0;
    %pushi/vec4 4237434595, 0, 32;
    %ix/load 4, 26, 0;
    %flag_set/imm 4, 0;
    %store/vec4a v00000190106aabe0, 4, 0;
    %pushi/vec4 5349411, 0, 32;
    %ix/load 4, 27, 0;
    %flag_set/imm 4, 0;
    %store/vec4a v00000190106aabe0, 4, 0;
    %pushi/vec4 4293011, 0, 32;
    %ix/load 4, 28, 0;
    %flag_set/imm 4, 0;
    %store/vec4a v00000190106aabe0, 4, 0;
    %pushi/vec4 4293984531, 0, 32;
    %ix/load 4, 29, 0;
    %flag_set/imm 4, 0;
    %store/vec4a v00000190106aabe0, 4, 0;
    %pushi/vec4 4227928803, 0, 32;
    %ix/load 4, 30, 0;
    %flag_set/imm 4, 0;
    %store/vec4a v00000190106aabe0, 4, 0;
    %pushi/vec4 4535, 0, 32;
    %ix/load 4, 31, 0;
    %flag_set/imm 4, 0;
    %store/vec4a v00000190106aabe0, 4, 0;
    %pushi/vec4 98407, 0, 32;
    %ix/load 4, 32, 0;
    %flag_set/imm 4, 0;
    %store/vec4a v00000190106aabe0, 4, 0;
    %pushi/vec4 0, 0, 32;
    %store/vec4 v00000190106aab40_0, 0, 32;
T_4.2 ;
    %load/vec4 v00000190106aab40_0;
    %cmpi/s 33, 0, 32;
    %jmp/0xz T_4.3, 5;
    %ix/getv/s 4, v00000190106aab40_0;
    %load/vec4a v00000190106aabe0, 4;
    %parti/s 8, 0, 2;
    %load/vec4 v00000190106aab40_0;
    %muli 4, 0, 32;
    %addi 0, 0, 32;
    %ix/vec4/s 4;
    %store/vec4a v00000190106aadc0, 4, 0;
    %ix/getv/s 4, v00000190106aab40_0;
    %load/vec4a v00000190106aabe0, 4;
    %parti/s 8, 8, 5;
    %load/vec4 v00000190106aab40_0;
    %muli 4, 0, 32;
    %addi 1, 0, 32;
    %ix/vec4/s 4;
    %store/vec4a v00000190106aadc0, 4, 0;
    %ix/getv/s 4, v00000190106aab40_0;
    %load/vec4a v00000190106aabe0, 4;
    %parti/s 8, 16, 6;
    %load/vec4 v00000190106aab40_0;
    %muli 4, 0, 32;
    %addi 2, 0, 32;
    %ix/vec4/s 4;
    %store/vec4a v00000190106aadc0, 4, 0;
    %ix/getv/s 4, v00000190106aab40_0;
    %load/vec4a v00000190106aabe0, 4;
    %parti/s 8, 24, 6;
    %load/vec4 v00000190106aab40_0;
    %muli 4, 0, 32;
    %addi 3, 0, 32;
    %ix/vec4/s 4;
    %store/vec4a v00000190106aadc0, 4, 0;
    %load/vec4 v00000190106aab40_0;
    %addi 1, 0, 32;
    %store/vec4 v00000190106aab40_0, 0, 32;
    %jmp T_4.2;
T_4.3 ;
    %end;
    .thread T_4;
    .scope S_00000190105bd6f0;
T_5 ;
    %wait E_000001901069d560;
    %load/vec4 v0000019010633900_0;
    %pad/u 7;
    %ix/vec4 4;
    %load/vec4a v0000019010633860, 4;
    %store/vec4 v00000190106339a0_0, 0, 32;
    %load/vec4 v000001901065c780_0;
    %pad/u 7;
    %ix/vec4 4;
    %load/vec4a v0000019010633860, 4;
    %store/vec4 v000001901065b6a0_0, 0, 32;
    %jmp T_5;
    .thread T_5, $push;
    .scope S_00000190105bd6f0;
T_6 ;
    %wait E_000001901069d9a0;
    %load/vec4 v000001901065b240_0;
    %flag_set/vec4 8;
    %jmp/0xz  T_6.0, 8;
    %fork t_1, S_0000019010562ab0;
    %jmp t_0;
    .scope S_0000019010562ab0;
t_1 ;
    %pushi/vec4 0, 0, 32;
    %store/vec4 v0000019010633540_0, 0, 32;
T_6.2 ;
    %load/vec4 v0000019010633540_0;
    %cmpi/s 32, 0, 32;
    %jmp/0xz T_6.3, 5;
    %pushi/vec4 0, 0, 32;
    %ix/getv/s 3, v0000019010633540_0;
    %ix/load 4, 0, 0; Constant delay
    %assign/vec4/a/d v0000019010633860, 0, 4;
    %load/vec4 v0000019010633540_0;
    %addi 1, 0, 32;
    %store/vec4 v0000019010633540_0, 0, 32;
    %jmp T_6.2;
T_6.3 ;
    %end;
    .scope S_00000190105bd6f0;
t_0 %join;
    %jmp T_6.1;
T_6.0 ;
    %load/vec4 v00000190106337c0_0;
    %flag_set/vec4 9;
    %flag_get/vec4 9;
    %jmp/0 T_6.6, 9;
    %load/vec4 v00000190106335e0_0;
    %pushi/vec4 0, 0, 5;
    %cmp/ne;
    %flag_get/vec4 4;
    %and;
T_6.6;
    %flag_set/vec4 8;
    %jmp/0xz  T_6.4, 8;
    %load/vec4 v0000019010633680_0;
    %load/vec4 v00000190106335e0_0;
    %pad/u 7;
    %ix/vec4 3;
    %ix/load 4, 0, 0; Constant delay
    %assign/vec4/a/d v0000019010633860, 0, 4;
T_6.4 ;
T_6.1 ;
    %jmp T_6;
    .thread T_6;
    .scope S_00000190105bd560;
T_7 ;
    %wait E_000001901069e060;
    %load/vec4 v00000190106aa3c0_0;
    %dup/vec4;
    %pushi/vec4 0, 0, 4;
    %cmp/u;
    %jmp/1 T_7.0, 6;
    %dup/vec4;
    %pushi/vec4 1, 0, 4;
    %cmp/u;
    %jmp/1 T_7.1, 6;
    %dup/vec4;
    %pushi/vec4 2, 0, 4;
    %cmp/u;
    %jmp/1 T_7.2, 6;
    %dup/vec4;
    %pushi/vec4 3, 0, 4;
    %cmp/u;
    %jmp/1 T_7.3, 6;
    %dup/vec4;
    %pushi/vec4 4, 0, 4;
    %cmp/u;
    %jmp/1 T_7.4, 6;
    %dup/vec4;
    %pushi/vec4 5, 0, 4;
    %cmp/u;
    %jmp/1 T_7.5, 6;
    %dup/vec4;
    %pushi/vec4 6, 0, 4;
    %cmp/u;
    %jmp/1 T_7.6, 6;
    %dup/vec4;
    %pushi/vec4 7, 0, 4;
    %cmp/u;
    %jmp/1 T_7.7, 6;
    %dup/vec4;
    %pushi/vec4 8, 0, 4;
    %cmp/u;
    %jmp/1 T_7.8, 6;
    %dup/vec4;
    %pushi/vec4 13, 0, 4;
    %cmp/u;
    %jmp/1 T_7.9, 6;
    %pushi/vec4 0, 0, 32;
    %store/vec4 v00000190106aa460_0, 0, 32;
    %jmp T_7.11;
T_7.0 ;
    %load/vec4 v00000190106aa500_0;
    %load/vec4 v00000190106aa6e0_0;
    %add;
    %store/vec4 v00000190106aa460_0, 0, 32;
    %jmp T_7.11;
T_7.1 ;
    %load/vec4 v00000190106aa500_0;
    %load/vec4 v00000190106aa6e0_0;
    %parti/s 5, 0, 2;
    %ix/vec4 4;
    %shiftl 4;
    %store/vec4 v00000190106aa460_0, 0, 32;
    %jmp T_7.11;
T_7.2 ;
    %load/vec4 v0000019010633360_0;
    %load/vec4 v0000019010633400_0;
    %cmp/s;
    %jmp/0xz  T_7.12, 5;
    %pushi/vec4 1, 0, 32;
    %store/vec4 v00000190106aa460_0, 0, 32;
    %jmp T_7.13;
T_7.12 ;
    %pushi/vec4 0, 0, 32;
    %store/vec4 v00000190106aa460_0, 0, 32;
T_7.13 ;
    %jmp T_7.11;
T_7.3 ;
    %load/vec4 v00000190106aa500_0;
    %load/vec4 v00000190106aa6e0_0;
    %cmp/u;
    %jmp/0xz  T_7.14, 5;
    %pushi/vec4 1, 0, 32;
    %store/vec4 v00000190106aa460_0, 0, 32;
    %jmp T_7.15;
T_7.14 ;
    %pushi/vec4 0, 0, 32;
    %store/vec4 v00000190106aa460_0, 0, 32;
T_7.15 ;
    %jmp T_7.11;
T_7.4 ;
    %load/vec4 v00000190106aa500_0;
    %load/vec4 v00000190106aa6e0_0;
    %xor;
    %store/vec4 v00000190106aa460_0, 0, 32;
    %jmp T_7.11;
T_7.5 ;
    %load/vec4 v00000190106aa500_0;
    %load/vec4 v00000190106aa6e0_0;
    %parti/s 5, 0, 2;
    %ix/vec4 4;
    %shiftr 4;
    %store/vec4 v00000190106aa460_0, 0, 32;
    %jmp T_7.11;
T_7.6 ;
    %load/vec4 v00000190106aa500_0;
    %load/vec4 v00000190106aa6e0_0;
    %or;
    %store/vec4 v00000190106aa460_0, 0, 32;
    %jmp T_7.11;
T_7.7 ;
    %load/vec4 v00000190106aa500_0;
    %load/vec4 v00000190106aa6e0_0;
    %and;
    %store/vec4 v00000190106aa460_0, 0, 32;
    %jmp T_7.11;
T_7.8 ;
    %load/vec4 v00000190106aa500_0;
    %load/vec4 v00000190106aa6e0_0;
    %sub;
    %store/vec4 v00000190106aa460_0, 0, 32;
    %jmp T_7.11;
T_7.9 ;
    %load/vec4 v0000019010633360_0;
    %load/vec4 v00000190106aa6e0_0;
    %parti/s 5, 0, 2;
    %ix/vec4 4;
    %shiftr/s 4;
    %store/vec4 v00000190106aa460_0, 0, 32;
    %jmp T_7.11;
T_7.11 ;
    %pop/vec4 1;
    %jmp T_7;
    .thread T_7, $push;
    .scope S_000001901056c610;
T_8 ;
    %wait E_000001901069d960;
    %load/vec4 v000001901071b330_0;
    %dup/vec4;
    %pushi/vec4 0, 0, 3;
    %cmp/u;
    %jmp/1 T_8.0, 6;
    %dup/vec4;
    %pushi/vec4 1, 0, 3;
    %cmp/u;
    %jmp/1 T_8.1, 6;
    %dup/vec4;
    %pushi/vec4 4, 0, 3;
    %cmp/u;
    %jmp/1 T_8.2, 6;
    %dup/vec4;
    %pushi/vec4 5, 0, 3;
    %cmp/u;
    %jmp/1 T_8.3, 6;
    %dup/vec4;
    %pushi/vec4 6, 0, 3;
    %cmp/u;
    %jmp/1 T_8.4, 6;
    %dup/vec4;
    %pushi/vec4 7, 0, 3;
    %cmp/u;
    %jmp/1 T_8.5, 6;
    %pushi/vec4 0, 0, 1;
    %store/vec4 v000001901071ba10_0, 0, 1;
    %jmp T_8.7;
T_8.0 ;
    %load/vec4 v000001901071e750_0;
    %load/vec4 v000001901071d2b0_0;
    %cmp/e;
    %flag_get/vec4 4;
    %store/vec4 v000001901071ba10_0, 0, 1;
    %jmp T_8.7;
T_8.1 ;
    %load/vec4 v000001901071e750_0;
    %load/vec4 v000001901071d2b0_0;
    %cmp/ne;
    %flag_get/vec4 4;
    %store/vec4 v000001901071ba10_0, 0, 1;
    %jmp T_8.7;
T_8.2 ;
    %load/vec4 v000001901071e750_0;
    %load/vec4 v000001901071d2b0_0;
    %cmp/s;
    %flag_get/vec4 5;
    %store/vec4 v000001901071ba10_0, 0, 1;
    %jmp T_8.7;
T_8.3 ;
    %load/vec4 v000001901071d2b0_0;
    %load/vec4 v000001901071e750_0;
    %cmp/s;
    %flag_get/vec4 4;
    %flag_get/vec4 5;
    %or;
    %store/vec4 v000001901071ba10_0, 0, 1;
    %jmp T_8.7;
T_8.4 ;
    %load/vec4 v000001901071e750_0;
    %load/vec4 v000001901071d2b0_0;
    %cmp/u;
    %flag_get/vec4 5;
    %store/vec4 v000001901071ba10_0, 0, 1;
    %jmp T_8.7;
T_8.5 ;
    %load/vec4 v000001901071d2b0_0;
    %load/vec4 v000001901071e750_0;
    %cmp/u;
    %flag_get/vec4 4;
    %flag_get/vec4 5;
    %or;
    %store/vec4 v000001901071ba10_0, 0, 1;
    %jmp T_8.7;
T_8.7 ;
    %pop/vec4 1;
    %jmp T_8;
    .thread T_8, $push;
    .scope S_000001901056c610;
T_9 ;
    %wait E_000001901069df20;
    %pushi/vec4 0, 0, 32;
    %store/vec4 v000001901071c810_0, 0, 32;
    %pushi/vec4 0, 0, 32;
    %store/vec4 v000001901071c8b0_0, 0, 32;
    %load/vec4 v000001901071d030_0;
    %flag_set/vec4 8;
    %jmp/0xz  T_9.0, 8;
    %load/vec4 v000001901071ddf0_0;
    %flag_set/vec4 8;
    %jmp/0xz  T_9.2, 8;
    %pushi/vec4 2147483659, 0, 32;
    %store/vec4 v000001901071c810_0, 0, 32;
    %jmp T_9.3;
T_9.2 ;
    %load/vec4 v000001901071dc10_0;
    %flag_set/vec4 8;
    %jmp/0xz  T_9.4, 8;
    %pushi/vec4 2147483651, 0, 32;
    %store/vec4 v000001901071c810_0, 0, 32;
    %jmp T_9.5;
T_9.4 ;
    %pushi/vec4 2147483655, 0, 32;
    %store/vec4 v000001901071c810_0, 0, 32;
T_9.5 ;
T_9.3 ;
    %jmp T_9.1;
T_9.0 ;
    %load/vec4 v000001901071bab0_0;
    %flag_set/vec4 8;
    %jmp/0xz  T_9.6, 8;
    %pushi/vec4 11, 0, 32;
    %store/vec4 v000001901071c810_0, 0, 32;
    %jmp T_9.7;
T_9.6 ;
    %load/vec4 v000001901071b150_0;
    %flag_set/vec4 8;
    %jmp/0xz  T_9.8, 8;
    %pushi/vec4 3, 0, 32;
    %store/vec4 v000001901071c810_0, 0, 32;
    %load/vec4 v000001901067d330_0;
    %store/vec4 v000001901071c8b0_0, 0, 32;
    %jmp T_9.9;
T_9.8 ;
    %pushi/vec4 2, 0, 32;
    %store/vec4 v000001901071c810_0, 0, 32;
    %load/vec4 v000001901065bc40_0;
    %store/vec4 v000001901071c8b0_0, 0, 32;
T_9.9 ;
T_9.7 ;
T_9.1 ;
    %jmp T_9;
    .thread T_9, $push;
    .scope S_000001901056c610;
T_10 ;
    %wait E_000001901069dae0;
    %load/vec4 v000001901071ea70_0;
    %store/vec4 v000001901071c770_0, 0, 5;
    %load/vec4 v000001901071d7b0_0;
    %store/vec4 v000001901071e2f0_0, 0, 5;
    %pushi/vec4 0, 0, 32;
    %store/vec4 v000001901071e1b0_0, 0, 32;
    %pushi/vec4 0, 0, 32;
    %store/vec4 v000001901071e610_0, 0, 32;
    %pushi/vec4 0, 0, 4;
    %store/vec4 v000001901071b790_0, 0, 4;
    %pushi/vec4 0, 0, 32;
    %store/vec4 v000001901067d1f0_0, 0, 32;
    %pushi/vec4 0, 0, 32;
    %store/vec4 v000001901067ef50_0, 0, 32;
    %pushi/vec4 0, 0, 32;
    %store/vec4 v000001901071ae30_0, 0, 32;
    %load/vec4 v000001901067d150_0;
    %addi 4, 0, 32;
    %store/vec4 v000001901071cef0_0, 0, 32;
    %pushi/vec4 3, 0, 2;
    %store/vec4 v000001901071cc70_0, 0, 2;
    %pushi/vec4 0, 0, 32;
    %store/vec4 v0000019010676920_0, 0, 32;
    %pushi/vec4 0, 0, 32;
    %store/vec4 v0000019010676a60_0, 0, 32;
    %pushi/vec4 0, 0, 32;
    %store/vec4 v000001901065a980_0, 0, 32;
    %pushi/vec4 7, 0, 3;
    %store/vec4 v0000019010675c00_0, 0, 3;
    %pushi/vec4 7, 0, 3;
    %store/vec4 v0000019010675d40_0, 0, 3;
    %pushi/vec4 0, 0, 1;
    %store/vec4 v000001901071bab0_0, 0, 1;
    %pushi/vec4 0, 0, 1;
    %store/vec4 v000001901071b150_0, 0, 1;
    %pushi/vec4 0, 0, 1;
    %store/vec4 v000001901071b3d0_0, 0, 1;
    %pushi/vec4 0, 0, 1;
    %store/vec4 v000001901071d210_0, 0, 1;
    %pushi/vec4 0, 0, 1;
    %store/vec4 v000001901071e890_0, 0, 1;
    %pushi/vec4 0, 0, 1;
    %store/vec4 v000001901071e7f0_0, 0, 1;
    %load/vec4 v000001901071e9d0_0;
    %dup/vec4;
    %pushi/vec4 55, 0, 7;
    %cmp/u;
    %jmp/1 T_10.0, 6;
    %dup/vec4;
    %pushi/vec4 23, 0, 7;
    %cmp/u;
    %jmp/1 T_10.1, 6;
    %dup/vec4;
    %pushi/vec4 111, 0, 7;
    %cmp/u;
    %jmp/1 T_10.2, 6;
    %dup/vec4;
    %pushi/vec4 103, 0, 7;
    %cmp/u;
    %jmp/1 T_10.3, 6;
    %dup/vec4;
    %pushi/vec4 99, 0, 7;
    %cmp/u;
    %jmp/1 T_10.4, 6;
    %dup/vec4;
    %pushi/vec4 3, 0, 7;
    %cmp/u;
    %jmp/1 T_10.5, 6;
    %dup/vec4;
    %pushi/vec4 35, 0, 7;
    %cmp/u;
    %jmp/1 T_10.6, 6;
    %dup/vec4;
    %pushi/vec4 19, 0, 7;
    %cmp/u;
    %jmp/1 T_10.7, 6;
    %dup/vec4;
    %pushi/vec4 51, 0, 7;
    %cmp/u;
    %jmp/1 T_10.8, 6;
    %dup/vec4;
    %pushi/vec4 15, 0, 7;
    %cmp/u;
    %jmp/1 T_10.9, 6;
    %dup/vec4;
    %pushi/vec4 115, 0, 7;
    %cmp/u;
    %jmp/1 T_10.10, 6;
    %pushi/vec4 3, 0, 2;
    %store/vec4 v000001901071cc70_0, 0, 2;
    %pushi/vec4 1, 0, 1;
    %store/vec4 v000001901071b3d0_0, 0, 1;
    %jmp T_10.12;
T_10.0 ;
    %load/vec4 v000001901071e070_0;
    %store/vec4 v000001901067d1f0_0, 0, 32;
    %pushi/vec4 0, 0, 2;
    %store/vec4 v000001901071cc70_0, 0, 2;
    %jmp T_10.12;
T_10.1 ;
    %load/vec4 v000001901067d330_0;
    %load/vec4 v000001901071e070_0;
    %add;
    %store/vec4 v000001901067d1f0_0, 0, 32;
    %pushi/vec4 0, 0, 2;
    %store/vec4 v000001901071cc70_0, 0, 2;
    %jmp T_10.12;
T_10.2 ;
    %load/vec4 v000001901067d330_0;
    %addi 4, 0, 32;
    %store/vec4 v000001901067d1f0_0, 0, 32;
    %load/vec4 v000001901067d330_0;
    %load/vec4 v000001901071b6f0_0;
    %add;
    %store/vec4 v000001901071cef0_0, 0, 32;
    %pushi/vec4 0, 0, 2;
    %store/vec4 v000001901071cc70_0, 0, 2;
    %jmp T_10.12;
T_10.3 ;
    %load/vec4 v000001901067d330_0;
    %addi 4, 0, 32;
    %store/vec4 v000001901067d1f0_0, 0, 32;
    %load/vec4 v000001901071e750_0;
    %load/vec4 v000001901071b5b0_0;
    %add;
    %pushi/vec4 4294967294, 0, 32;
    %and;
    %store/vec4 v000001901071cef0_0, 0, 32;
    %pushi/vec4 0, 0, 2;
    %store/vec4 v000001901071cc70_0, 0, 2;
    %jmp T_10.12;
T_10.4 ;
    %load/vec4 v000001901071ba10_0;
    %flag_set/vec4 8;
    %jmp/0xz  T_10.13, 8;
    %load/vec4 v000001901067d330_0;
    %load/vec4 v000001901071b470_0;
    %add;
    %store/vec4 v000001901071cef0_0, 0, 32;
T_10.13 ;
    %pushi/vec4 3, 0, 2;
    %store/vec4 v000001901071cc70_0, 0, 2;
    %jmp T_10.12;
T_10.5 ;
    %load/vec4 v000001901071e750_0;
    %store/vec4 v000001901071e1b0_0, 0, 32;
    %load/vec4 v000001901071b5b0_0;
    %store/vec4 v000001901071e610_0, 0, 32;
    %pushi/vec4 0, 0, 4;
    %store/vec4 v000001901071b790_0, 0, 4;
    %load/vec4 v000001901071ad90_0;
    %store/vec4 v0000019010676920_0, 0, 32;
    %load/vec4 v000001901071b330_0;
    %store/vec4 v0000019010675c00_0, 0, 3;
    %pushi/vec4 2, 0, 2;
    %store/vec4 v000001901071cc70_0, 0, 2;
    %jmp T_10.12;
T_10.6 ;
    %load/vec4 v000001901071e750_0;
    %store/vec4 v000001901071e1b0_0, 0, 32;
    %load/vec4 v000001901071b970_0;
    %store/vec4 v000001901071e610_0, 0, 32;
    %pushi/vec4 0, 0, 4;
    %store/vec4 v000001901071b790_0, 0, 4;
    %load/vec4 v000001901071ad90_0;
    %store/vec4 v0000019010676a60_0, 0, 32;
    %load/vec4 v000001901071d2b0_0;
    %store/vec4 v000001901065a980_0, 0, 32;
    %load/vec4 v000001901071b330_0;
    %store/vec4 v0000019010675d40_0, 0, 3;
    %pushi/vec4 3, 0, 2;
    %store/vec4 v000001901071cc70_0, 0, 2;
    %jmp T_10.12;
T_10.7 ;
    %load/vec4 v000001901071e750_0;
    %store/vec4 v000001901071e1b0_0, 0, 32;
    %load/vec4 v000001901071b5b0_0;
    %store/vec4 v000001901071e610_0, 0, 32;
    %load/vec4 v000001901071b330_0;
    %cmpi/e 5, 0, 3;
    %jmp/0xz  T_10.15, 4;
    %load/vec4 v000001901065bc40_0;
    %parti/s 1, 30, 6;
    %load/vec4 v000001901071b330_0;
    %concat/vec4; draw_concat_vec4
    %store/vec4 v000001901071b790_0, 0, 4;
    %jmp T_10.16;
T_10.15 ;
    %pushi/vec4 0, 0, 1;
    %load/vec4 v000001901071b330_0;
    %concat/vec4; draw_concat_vec4
    %store/vec4 v000001901071b790_0, 0, 4;
T_10.16 ;
    %load/vec4 v000001901071ad90_0;
    %store/vec4 v000001901067d1f0_0, 0, 32;
    %pushi/vec4 0, 0, 2;
    %store/vec4 v000001901071cc70_0, 0, 2;
    %jmp T_10.12;
T_10.8 ;
    %load/vec4 v000001901071e750_0;
    %store/vec4 v000001901071e1b0_0, 0, 32;
    %load/vec4 v000001901071d2b0_0;
    %store/vec4 v000001901071e610_0, 0, 32;
    %load/vec4 v000001901065bc40_0;
    %parti/s 1, 30, 6;
    %load/vec4 v000001901071b330_0;
    %concat/vec4; draw_concat_vec4
    %store/vec4 v000001901071b790_0, 0, 4;
    %load/vec4 v000001901071ad90_0;
    %store/vec4 v000001901067d1f0_0, 0, 32;
    %pushi/vec4 0, 0, 2;
    %store/vec4 v000001901071cc70_0, 0, 2;
    %jmp T_10.12;
T_10.9 ;
    %pushi/vec4 3, 0, 2;
    %store/vec4 v000001901071cc70_0, 0, 2;
    %jmp T_10.12;
T_10.10 ;
    %load/vec4 v000001901071b330_0;
    %cmpi/e 0, 0, 3;
    %jmp/0xz  T_10.17, 4;
    %pushi/vec4 3, 0, 2;
    %store/vec4 v000001901071cc70_0, 0, 2;
    %load/vec4 v000001901065bc40_0;
    %parti/s 12, 20, 6;
    %cmpi/e 0, 0, 12;
    %jmp/0xz  T_10.19, 4;
    %pushi/vec4 1, 0, 1;
    %store/vec4 v000001901071bab0_0, 0, 1;
    %jmp T_10.20;
T_10.19 ;
    %load/vec4 v000001901065bc40_0;
    %parti/s 12, 20, 6;
    %cmpi/e 1, 0, 12;
    %jmp/0xz  T_10.21, 4;
    %pushi/vec4 1, 0, 1;
    %store/vec4 v000001901071b150_0, 0, 1;
    %jmp T_10.22;
T_10.21 ;
    %load/vec4 v000001901065bc40_0;
    %parti/s 12, 20, 6;
    %cmpi/e 770, 0, 12;
    %jmp/0xz  T_10.23, 4;
    %pushi/vec4 1, 0, 1;
    %store/vec4 v000001901071d210_0, 0, 1;
T_10.23 ;
T_10.22 ;
T_10.20 ;
    %jmp T_10.18;
T_10.17 ;
    %pushi/vec4 1, 0, 2;
    %store/vec4 v000001901071cc70_0, 0, 2;
    %load/vec4 v000001901071aed0_0;
    %store/vec4 v00000190106a9740_0, 0, 12;
    %callf/vec4 TD_Boot_tb.dut.cpu.GetCSR, S_000001901050e010;
    %store/vec4 v000001901071ae30_0, 0, 32;
    %load/vec4 v000001901071a930_0;
    %flag_set/vec4 8;
    %jmp/0xz  T_10.25, 8;
    %load/vec4 v000001901071aa70_0;
    %store/vec4 v000001901071ae30_0, 0, 32;
T_10.25 ;
    %load/vec4 v000001901071ae30_0;
    %store/vec4 v000001901067d1f0_0, 0, 32;
    %load/vec4 v000001901071b330_0;
    %cmpi/e 1, 0, 3;
    %jmp/0xz  T_10.27, 4;
    %load/vec4 v000001901071e750_0;
    %store/vec4 v000001901067ef50_0, 0, 32;
    %jmp T_10.28;
T_10.27 ;
    %load/vec4 v000001901071b330_0;
    %cmpi/e 2, 0, 3;
    %jmp/0xz  T_10.29, 4;
    %load/vec4 v000001901071ae30_0;
    %load/vec4 v000001901071e750_0;
    %or;
    %store/vec4 v000001901067ef50_0, 0, 32;
    %jmp T_10.30;
T_10.29 ;
    %load/vec4 v000001901071b330_0;
    %cmpi/e 3, 0, 3;
    %jmp/0xz  T_10.31, 4;
    %load/vec4 v000001901071ae30_0;
    %load/vec4 v000001901071e750_0;
    %inv;
    %and;
    %store/vec4 v000001901067ef50_0, 0, 32;
    %jmp T_10.32;
T_10.31 ;
    %load/vec4 v000001901071b330_0;
    %cmpi/e 5, 0, 3;
    %jmp/0xz  T_10.33, 4;
    %load/vec4 v000001901071d530_0;
    %store/vec4 v000001901067ef50_0, 0, 32;
    %jmp T_10.34;
T_10.33 ;
    %load/vec4 v000001901071b330_0;
    %cmpi/e 6, 0, 3;
    %jmp/0xz  T_10.35, 4;
    %load/vec4 v000001901071ae30_0;
    %load/vec4 v000001901071d530_0;
    %or;
    %store/vec4 v000001901067ef50_0, 0, 32;
    %jmp T_10.36;
T_10.35 ;
    %load/vec4 v000001901071b330_0;
    %cmpi/e 7, 0, 3;
    %jmp/0xz  T_10.37, 4;
    %load/vec4 v000001901071ae30_0;
    %load/vec4 v000001901071d530_0;
    %inv;
    %and;
    %store/vec4 v000001901067ef50_0, 0, 32;
    %jmp T_10.38;
T_10.37 ;
    %load/vec4 v000001901071ae30_0;
    %store/vec4 v000001901067ef50_0, 0, 32;
T_10.38 ;
T_10.36 ;
T_10.34 ;
T_10.32 ;
T_10.30 ;
T_10.28 ;
T_10.18 ;
    %jmp T_10.12;
T_10.12 ;
    %pop/vec4 1;
    %load/vec4 v000001901071c950_0;
    %flag_set/vec4 8;
    %flag_get/vec4 8;
    %jmp/0 T_10.39, 8;
    %load/vec4 v000001901071d030_0;
    %flag_set/vec4 8;
    %jmp/1 T_10.42, 8;
    %load/vec4 v000001901071bab0_0;
    %flag_set/vec4 9;
    %flag_or 8, 9;
T_10.42;
    %jmp/1 T_10.41, 8;
    %load/vec4 v000001901071b150_0;
    %flag_set/vec4 9;
    %flag_or 8, 9;
T_10.41;
    %flag_get/vec4 8;
    %jmp/1 T_10.40, 8;
    %load/vec4 v000001901071b3d0_0;
    %or;
T_10.40;
    %and;
T_10.39;
    %store/vec4 v000001901071e890_0, 0, 1;
    %load/vec4 v000001901071c950_0;
    %flag_set/vec4 8;
    %flag_get/vec4 8;
    %jmp/0 T_10.43, 8;
    %load/vec4 v000001901071d210_0;
    %and;
T_10.43;
    %store/vec4 v000001901071e7f0_0, 0, 1;
    %load/vec4 v000001901071e890_0;
    %flag_set/vec4 8;
    %jmp/0xz  T_10.44, 8;
    %load/vec4 v000001901071df30_0;
    %parti/s 30, 2, 3;
    %concati/vec4 0, 0, 2;
    %store/vec4 v000001901071cef0_0, 0, 32;
    %pushi/vec4 3, 0, 2;
    %store/vec4 v000001901071cc70_0, 0, 2;
    %pushi/vec4 7, 0, 3;
    %store/vec4 v0000019010675c00_0, 0, 3;
    %pushi/vec4 7, 0, 3;
    %store/vec4 v0000019010675d40_0, 0, 3;
    %jmp T_10.45;
T_10.44 ;
    %load/vec4 v000001901071e7f0_0;
    %flag_set/vec4 8;
    %jmp/0xz  T_10.46, 8;
    %load/vec4 v000001901071d170_0;
    %store/vec4 v000001901071cef0_0, 0, 32;
    %pushi/vec4 3, 0, 2;
    %store/vec4 v000001901071cc70_0, 0, 2;
T_10.46 ;
T_10.45 ;
    %jmp T_10;
    .thread T_10, $push;
    .scope S_000001901056c610;
T_11 ;
    %wait E_000001901069d9a0;
    %load/vec4 v000001901071c3b0_0;
    %flag_set/vec4 8;
    %jmp/0xz  T_11.0, 8;
    %pushi/vec4 0, 0, 32;
    %assign/vec4 v000001901067d150_0, 0;
    %pushi/vec4 0, 0, 32;
    %assign/vec4 v000001901067d330_0, 0;
    %pushi/vec4 0, 0, 1;
    %assign/vec4 v000001901071b0b0_0, 0;
    %pushi/vec4 0, 0, 64;
    %assign/vec4 v000001901071b010_0, 0;
    %pushi/vec4 0, 0, 64;
    %assign/vec4 v000001901071d3f0_0, 0;
    %pushi/vec4 0, 0, 32;
    %assign/vec4 v000001901071d8f0_0, 0;
    %pushi/vec4 0, 0, 5;
    %assign/vec4 v000001901071c630_0, 0;
    %pushi/vec4 0, 0, 12;
    %assign/vec4 v000001901071c450_0, 0;
    %pushi/vec4 0, 0, 32;
    %assign/vec4 v000001901071c4f0_0, 0;
    %pushi/vec4 3, 0, 2;
    %assign/vec4 v000001901071c590_0, 0;
    %jmp T_11.1;
T_11.0 ;
    %load/vec4 v000001901071cef0_0;
    %assign/vec4 v000001901067d150_0, 0;
    %load/vec4 v000001901067d150_0;
    %assign/vec4 v000001901067d330_0, 0;
    %load/vec4 v000001901071b510_0;
    %assign/vec4 v000001901071b0b0_0, 0;
    %load/vec4 v000001901071b010_0;
    %addi 1, 0, 64;
    %assign/vec4 v000001901071b010_0, 0;
    %load/vec4 v000001901071c950_0;
    %flag_set/vec4 9;
    %flag_get/vec4 9;
    %jmp/0 T_11.4, 9;
    %load/vec4 v000001901071e890_0;
    %nor/r;
    %and;
T_11.4;
    %flag_set/vec4 8;
    %jmp/0xz  T_11.2, 8;
    %load/vec4 v000001901071d3f0_0;
    %addi 1, 0, 64;
    %assign/vec4 v000001901071d3f0_0, 0;
T_11.2 ;
    %load/vec4 v000001901067d1f0_0;
    %assign/vec4 v000001901071d8f0_0, 0;
    %load/vec4 v000001901071cf90_0;
    %assign/vec4 v000001901071c630_0, 0;
    %load/vec4 v000001901071aed0_0;
    %assign/vec4 v000001901071c450_0, 0;
    %load/vec4 v000001901067ef50_0;
    %assign/vec4 v000001901071c4f0_0, 0;
    %load/vec4 v000001901071cc70_0;
    %assign/vec4 v000001901071c590_0, 0;
T_11.1 ;
    %jmp T_11;
    .thread T_11;
    .scope S_000001901056c610;
T_12 ;
    %wait E_000001901069dca0;
    %pushi/vec4 0, 0, 5;
    %store/vec4 v0000019010719780_0, 0, 5;
    %pushi/vec4 0, 0, 32;
    %store/vec4 v0000019010718ba0_0, 0, 32;
    %pushi/vec4 0, 0, 1;
    %store/vec4 v0000019010718380_0, 0, 1;
    %load/vec4 v000001901071c590_0;
    %cmpi/e 0, 0, 2;
    %jmp/0xz  T_12.0, 4;
    %load/vec4 v000001901071c630_0;
    %store/vec4 v0000019010719780_0, 0, 5;
    %load/vec4 v000001901071d8f0_0;
    %store/vec4 v0000019010718ba0_0, 0, 32;
    %pushi/vec4 1, 0, 1;
    %store/vec4 v0000019010718380_0, 0, 1;
    %jmp T_12.1;
T_12.0 ;
    %load/vec4 v000001901071c590_0;
    %cmpi/e 1, 0, 2;
    %jmp/0xz  T_12.2, 4;
    %load/vec4 v000001901071c630_0;
    %store/vec4 v0000019010719780_0, 0, 5;
    %load/vec4 v000001901071d8f0_0;
    %store/vec4 v0000019010718ba0_0, 0, 32;
    %pushi/vec4 1, 0, 1;
    %store/vec4 v0000019010718380_0, 0, 1;
    %jmp T_12.3;
T_12.2 ;
    %load/vec4 v000001901071c590_0;
    %cmpi/e 2, 0, 2;
    %jmp/0xz  T_12.4, 4;
    %load/vec4 v000001901071c630_0;
    %store/vec4 v0000019010719780_0, 0, 5;
    %load/vec4 v0000019010675480_0;
    %store/vec4 v0000019010718ba0_0, 0, 32;
    %pushi/vec4 1, 0, 1;
    %store/vec4 v0000019010718380_0, 0, 1;
    %jmp T_12.5;
T_12.4 ;
    %pushi/vec4 0, 0, 1;
    %store/vec4 v0000019010718380_0, 0, 1;
T_12.5 ;
T_12.3 ;
T_12.1 ;
    %jmp T_12;
    .thread T_12, $push;
    .scope S_000001901056c610;
T_13 ;
    %wait E_000001901069d9a0;
    %load/vec4 v000001901071c3b0_0;
    %flag_set/vec4 8;
    %jmp/0xz  T_13.0, 8;
    %pushi/vec4 0, 0, 32;
    %assign/vec4 v000001901071e570_0, 0;
    %pushi/vec4 0, 0, 32;
    %assign/vec4 v000001901071d490_0, 0;
    %pushi/vec4 0, 0, 32;
    %assign/vec4 v000001901071d990_0, 0;
    %pushi/vec4 0, 0, 32;
    %assign/vec4 v000001901071df30_0, 0;
    %pushi/vec4 0, 0, 32;
    %assign/vec4 v000001901071dd50_0, 0;
    %pushi/vec4 0, 0, 32;
    %assign/vec4 v000001901071e4d0_0, 0;
    %pushi/vec4 0, 0, 32;
    %assign/vec4 v000001901071e110_0, 0;
    %pushi/vec4 0, 0, 32;
    %assign/vec4 v000001901071de90_0, 0;
    %jmp T_13.1;
T_13.0 ;
    %load/vec4 v000001901071c590_0;
    %cmpi/e 1, 0, 2;
    %jmp/0xz  T_13.2, 4;
    %load/vec4 v000001901071c450_0;
    %store/vec4 v00000190106a9a60_0, 0, 12;
    %load/vec4 v000001901071c4f0_0;
    %store/vec4 v00000190106aa280_0, 0, 32;
    %fork TD_Boot_tb.dut.cpu.SetCSR, S_000001901050e1a0;
    %join;
T_13.2 ;
    %load/vec4 v000001901071e890_0;
    %flag_set/vec4 8;
    %jmp/0xz  T_13.4, 8;
    %load/vec4 v000001901067d330_0;
    %assign/vec4 v000001901071dd50_0, 0;
    %load/vec4 v000001901071c810_0;
    %assign/vec4 v000001901071e4d0_0, 0;
    %load/vec4 v000001901071c8b0_0;
    %assign/vec4 v000001901071e110_0, 0;
    %load/vec4 v000001901071e570_0;
    %parti/s 1, 3, 3;
    %ix/load 4, 7, 0;
    %ix/load 5, 0, 0;
    %flag_set/imm 4, 0;
    %assign/vec4/off/d v000001901071e570_0, 4, 5;
    %pushi/vec4 0, 0, 1;
    %ix/load 4, 3, 0;
    %ix/load 5, 0, 0;
    %flag_set/imm 4, 0;
    %assign/vec4/off/d v000001901071e570_0, 4, 5;
    %pushi/vec4 3, 0, 2;
    %ix/load 4, 11, 0;
    %ix/load 5, 0, 0;
    %flag_set/imm 4, 0;
    %assign/vec4/off/d v000001901071e570_0, 4, 5;
    %jmp T_13.5;
T_13.4 ;
    %load/vec4 v000001901071e7f0_0;
    %flag_set/vec4 8;
    %jmp/0xz  T_13.6, 8;
    %load/vec4 v000001901071e570_0;
    %parti/s 1, 7, 4;
    %ix/load 4, 3, 0;
    %ix/load 5, 0, 0;
    %flag_set/imm 4, 0;
    %assign/vec4/off/d v000001901071e570_0, 4, 5;
    %pushi/vec4 1, 0, 1;
    %ix/load 4, 7, 0;
    %ix/load 5, 0, 0;
    %flag_set/imm 4, 0;
    %assign/vec4/off/d v000001901071e570_0, 4, 5;
    %pushi/vec4 3, 0, 2;
    %ix/load 4, 11, 0;
    %ix/load 5, 0, 0;
    %flag_set/imm 4, 0;
    %assign/vec4/off/d v000001901071e570_0, 4, 5;
T_13.6 ;
T_13.5 ;
T_13.1 ;
    %jmp T_13;
    .thread T_13;
    .scope S_000001901056c480;
T_14 ;
    %wait E_000001901069de60;
    %load/vec4 v00000190106aa140_0;
    %cmpi/e 0, 0, 3;
    %jmp/0xz  T_14.0, 4;
    %load/vec4 v00000190106aa0a0_0;
    %parti/s 8, 0, 2;
    %load/vec4 v00000190106ab220_0;
    %pad/u 18;
    %ix/vec4 3;
    %ix/load 4, 0, 0; Constant delay
    %assign/vec4/a/d v00000190106aadc0, 0, 4;
    %jmp T_14.1;
T_14.0 ;
    %load/vec4 v00000190106aa140_0;
    %cmpi/e 1, 0, 3;
    %jmp/0xz  T_14.2, 4;
    %load/vec4 v00000190106aa0a0_0;
    %parti/s 8, 0, 2;
    %load/vec4 v00000190106ab220_0;
    %pad/u 18;
    %ix/vec4 3;
    %ix/load 4, 0, 0; Constant delay
    %assign/vec4/a/d v00000190106aadc0, 0, 4;
    %load/vec4 v00000190106aa0a0_0;
    %parti/s 8, 8, 5;
    %load/vec4 v00000190106ab220_0;
    %pad/u 32;
    %addi 1, 0, 32;
    %ix/vec4 3;
    %ix/load 4, 0, 0; Constant delay
    %assign/vec4/a/d v00000190106aadc0, 0, 4;
    %jmp T_14.3;
T_14.2 ;
    %load/vec4 v00000190106aa140_0;
    %cmpi/e 2, 0, 3;
    %jmp/0xz  T_14.4, 4;
    %load/vec4 v00000190106aa0a0_0;
    %parti/s 8, 0, 2;
    %load/vec4 v00000190106ab220_0;
    %pad/u 18;
    %ix/vec4 3;
    %ix/load 4, 0, 0; Constant delay
    %assign/vec4/a/d v00000190106aadc0, 0, 4;
    %load/vec4 v00000190106aa0a0_0;
    %parti/s 8, 8, 5;
    %load/vec4 v00000190106ab220_0;
    %pad/u 32;
    %addi 1, 0, 32;
    %ix/vec4 3;
    %ix/load 4, 0, 0; Constant delay
    %assign/vec4/a/d v00000190106aadc0, 0, 4;
    %load/vec4 v00000190106aa0a0_0;
    %parti/s 8, 16, 6;
    %load/vec4 v00000190106ab220_0;
    %pad/u 32;
    %addi 2, 0, 32;
    %ix/vec4 3;
    %ix/load 4, 0, 0; Constant delay
    %assign/vec4/a/d v00000190106aadc0, 0, 4;
    %load/vec4 v00000190106aa0a0_0;
    %parti/s 8, 24, 6;
    %load/vec4 v00000190106ab220_0;
    %pad/u 32;
    %addi 3, 0, 32;
    %ix/vec4 3;
    %ix/load 4, 0, 0; Constant delay
    %assign/vec4/a/d v00000190106aadc0, 0, 4;
T_14.4 ;
T_14.3 ;
T_14.1 ;
    %jmp T_14;
    .thread T_14;
    .scope S_000001901056c480;
T_15 ;
    %wait E_000001901069de60;
    %load/vec4 v00000190106aa1e0_0;
    %cmpi/e 0, 0, 3;
    %jmp/0xz  T_15.0, 4;
    %load/vec4 v00000190106aaf00_0;
    %pad/u 18;
    %ix/vec4 4;
    %load/vec4a v00000190106aadc0, 4;
    %parti/s 1, 7, 4;
    %replicate 24;
    %load/vec4 v00000190106aaf00_0;
    %pad/u 18;
    %ix/vec4 4;
    %load/vec4a v00000190106aadc0, 4;
    %concat/vec4; draw_concat_vec4
    %assign/vec4 v00000190106a9b00_0, 0;
    %jmp T_15.1;
T_15.0 ;
    %load/vec4 v00000190106aa1e0_0;
    %cmpi/e 1, 0, 3;
    %jmp/0xz  T_15.2, 4;
    %load/vec4 v00000190106aaf00_0;
    %pad/u 32;
    %addi 1, 0, 32;
    %ix/vec4 4;
    %load/vec4a v00000190106aadc0, 4;
    %parti/s 1, 7, 4;
    %replicate 16;
    %load/vec4 v00000190106aaf00_0;
    %pad/u 32;
    %addi 1, 0, 32;
    %ix/vec4 4;
    %load/vec4a v00000190106aadc0, 4;
    %concat/vec4; draw_concat_vec4
    %load/vec4 v00000190106aaf00_0;
    %pad/u 18;
    %ix/vec4 4;
    %load/vec4a v00000190106aadc0, 4;
    %concat/vec4; draw_concat_vec4
    %assign/vec4 v00000190106a9b00_0, 0;
    %jmp T_15.3;
T_15.2 ;
    %load/vec4 v00000190106aa1e0_0;
    %cmpi/e 2, 0, 3;
    %jmp/0xz  T_15.4, 4;
    %load/vec4 v00000190106aaf00_0;
    %pad/u 32;
    %addi 3, 0, 32;
    %ix/vec4 4;
    %load/vec4a v00000190106aadc0, 4;
    %load/vec4 v00000190106aaf00_0;
    %pad/u 32;
    %addi 2, 0, 32;
    %ix/vec4 4;
    %load/vec4a v00000190106aadc0, 4;
    %concat/vec4; draw_concat_vec4
    %load/vec4 v00000190106aaf00_0;
    %pad/u 32;
    %addi 1, 0, 32;
    %ix/vec4 4;
    %load/vec4a v00000190106aadc0, 4;
    %concat/vec4; draw_concat_vec4
    %load/vec4 v00000190106aaf00_0;
    %pad/u 18;
    %ix/vec4 4;
    %load/vec4a v00000190106aadc0, 4;
    %concat/vec4; draw_concat_vec4
    %assign/vec4 v00000190106a9b00_0, 0;
    %jmp T_15.5;
T_15.4 ;
    %load/vec4 v00000190106aa1e0_0;
    %cmpi/e 4, 0, 3;
    %jmp/0xz  T_15.6, 4;
    %pushi/vec4 0, 0, 24;
    %load/vec4 v00000190106aaf00_0;
    %pad/u 18;
    %ix/vec4 4;
    %load/vec4a v00000190106aadc0, 4;
    %concat/vec4; draw_concat_vec4
    %assign/vec4 v00000190106a9b00_0, 0;
    %jmp T_15.7;
T_15.6 ;
    %load/vec4 v00000190106aa1e0_0;
    %cmpi/e 5, 0, 3;
    %jmp/0xz  T_15.8, 4;
    %pushi/vec4 0, 0, 16;
    %load/vec4 v00000190106aaf00_0;
    %pad/u 32;
    %addi 1, 0, 32;
    %ix/vec4 4;
    %load/vec4a v00000190106aadc0, 4;
    %concat/vec4; draw_concat_vec4
    %load/vec4 v00000190106aaf00_0;
    %pad/u 18;
    %ix/vec4 4;
    %load/vec4a v00000190106aadc0, 4;
    %concat/vec4; draw_concat_vec4
    %assign/vec4 v00000190106a9b00_0, 0;
    %jmp T_15.9;
T_15.8 ;
    %pushi/vec4 0, 0, 32;
    %assign/vec4 v00000190106a9b00_0, 0;
T_15.9 ;
T_15.7 ;
T_15.5 ;
T_15.3 ;
T_15.1 ;
    %load/vec4 v00000190106a9600_0;
    %pad/u 32;
    %addi 3, 0, 32;
    %ix/vec4 4;
    %load/vec4a v00000190106aadc0, 4;
    %load/vec4 v00000190106a9600_0;
    %pad/u 32;
    %addi 2, 0, 32;
    %ix/vec4 4;
    %load/vec4a v00000190106aadc0, 4;
    %concat/vec4; draw_concat_vec4
    %load/vec4 v00000190106a9600_0;
    %pad/u 32;
    %addi 1, 0, 32;
    %ix/vec4 4;
    %load/vec4a v00000190106aadc0, 4;
    %concat/vec4; draw_concat_vec4
    %load/vec4 v00000190106a9600_0;
    %pad/u 18;
    %ix/vec4 4;
    %load/vec4a v00000190106aadc0, 4;
    %concat/vec4; draw_concat_vec4
    %assign/vec4 v00000190106aa820_0, 0;
    %jmp T_15;
    .thread T_15;
    .scope S_0000019010562c40;
T_16 ;
    %wait E_000001901069d9a0;
    %load/vec4 v000001901071fc90_0;
    %flag_set/vec4 8;
    %jmp/0xz  T_16.0, 8;
    %pushi/vec4 0, 0, 32;
    %assign/vec4 v000001901071ed90_0, 0;
    %pushi/vec4 0, 0, 32;
    %assign/vec4 v000001901071fa10_0, 0;
    %pushi/vec4 0, 0, 32;
    %assign/vec4 v000001901071ef70_0, 0;
    %jmp T_16.1;
T_16.0 ;
    %load/vec4 v000001901071f650_0;
    %assign/vec4 v000001901071ed90_0, 0;
    %load/vec4 v000001901071ed90_0;
    %assign/vec4 v000001901071fa10_0, 0;
    %load/vec4 v000001901071fa10_0;
    %assign/vec4 v000001901071ef70_0, 0;
T_16.1 ;
    %jmp T_16;
    .thread T_16;
    .scope S_0000019010562c40;
T_17 ;
    %wait E_000001901069d9a0;
    %load/vec4 v000001901071fc90_0;
    %flag_set/vec4 8;
    %jmp/0xz  T_17.0, 8;
    %pushi/vec4 0, 0, 32;
    %assign/vec4 v000001901071f830_0, 0;
    %pushi/vec4 0, 0, 32;
    %assign/vec4 v000001901071ff10_0, 0;
    %pushi/vec4 0, 0, 32;
    %assign/vec4 v000001901071ecf0_0, 0;
    %pushi/vec4 0, 0, 32;
    %assign/vec4 v000001901071fd30_0, 0;
    %pushi/vec4 0, 0, 32;
    %assign/vec4 v0000019010720050_0, 0;
    %jmp T_17.1;
T_17.0 ;
    %load/vec4 v000001901071f790_0;
    %flag_set/vec4 8;
    %jmp/0xz  T_17.2, 8;
    %load/vec4 v000001901071f010_0;
    %dup/vec4;
    %pushi/vec4 1, 0, 4;
    %cmp/u;
    %jmp/1 T_17.4, 6;
    %dup/vec4;
    %pushi/vec4 2, 0, 4;
    %cmp/u;
    %jmp/1 T_17.5, 6;
    %dup/vec4;
    %pushi/vec4 3, 0, 4;
    %cmp/u;
    %jmp/1 T_17.6, 6;
    %dup/vec4;
    %pushi/vec4 4, 0, 4;
    %cmp/u;
    %jmp/1 T_17.7, 6;
    %dup/vec4;
    %pushi/vec4 5, 0, 4;
    %cmp/u;
    %jmp/1 T_17.8, 6;
    %dup/vec4;
    %pushi/vec4 6, 0, 4;
    %cmp/u;
    %jmp/1 T_17.9, 6;
    %dup/vec4;
    %pushi/vec4 7, 0, 4;
    %cmp/u;
    %jmp/1 T_17.10, 6;
    %jmp T_17.12;
T_17.4 ;
    %load/vec4 v000001901071f830_0;
    %load/vec4 v000001901071ff10_0;
    %inv;
    %and;
    %load/vec4 v000001901071f150_0;
    %or;
    %assign/vec4 v000001901071f830_0, 0;
    %jmp T_17.12;
T_17.5 ;
    %load/vec4 v000001901071fab0_0;
    %assign/vec4 v000001901071ff10_0, 0;
    %jmp T_17.12;
T_17.6 ;
    %load/vec4 v000001901071f830_0;
    %load/vec4 v000001901071f150_0;
    %or;
    %assign/vec4 v000001901071f830_0, 0;
    %jmp T_17.12;
T_17.7 ;
    %load/vec4 v000001901071f830_0;
    %load/vec4 v000001901071f150_0;
    %inv;
    %and;
    %assign/vec4 v000001901071f830_0, 0;
    %jmp T_17.12;
T_17.8 ;
    %load/vec4 v000001901071fab0_0;
    %assign/vec4 v000001901071ecf0_0, 0;
    %jmp T_17.12;
T_17.9 ;
    %load/vec4 v000001901071fab0_0;
    %assign/vec4 v000001901071fd30_0, 0;
    %jmp T_17.12;
T_17.10 ;
    %load/vec4 v000001901071fab0_0;
    %assign/vec4 v0000019010720050_0, 0;
    %jmp T_17.12;
T_17.12 ;
    %pop/vec4 1;
T_17.2 ;
T_17.1 ;
    %jmp T_17;
    .thread T_17;
    .scope S_0000019010562c40;
T_18 ;
    %wait E_000001901069d9a0;
    %load/vec4 v000001901071fc90_0;
    %flag_set/vec4 8;
    %jmp/0xz  T_18.0, 8;
    %pushi/vec4 0, 0, 32;
    %assign/vec4 v00000190107200f0_0, 0;
    %jmp T_18.1;
T_18.0 ;
    %load/vec4 v00000190107200f0_0;
    %load/vec4 v000001901071ec50_0;
    %inv;
    %and;
    %load/vec4 v0000019010720230_0;
    %or;
    %assign/vec4 v00000190107200f0_0, 0;
T_18.1 ;
    %jmp T_18;
    .thread T_18;
    .scope S_0000019010562c40;
T_19 ;
    %wait E_000001901069db20;
    %load/vec4 v000001901071ee30_0;
    %dup/vec4;
    %pushi/vec4 0, 0, 4;
    %cmp/u;
    %jmp/1 T_19.0, 6;
    %dup/vec4;
    %pushi/vec4 1, 0, 4;
    %cmp/u;
    %jmp/1 T_19.1, 6;
    %dup/vec4;
    %pushi/vec4 2, 0, 4;
    %cmp/u;
    %jmp/1 T_19.2, 6;
    %dup/vec4;
    %pushi/vec4 5, 0, 4;
    %cmp/u;
    %jmp/1 T_19.3, 6;
    %dup/vec4;
    %pushi/vec4 6, 0, 4;
    %cmp/u;
    %jmp/1 T_19.4, 6;
    %dup/vec4;
    %pushi/vec4 7, 0, 4;
    %cmp/u;
    %jmp/1 T_19.5, 6;
    %dup/vec4;
    %pushi/vec4 8, 0, 4;
    %cmp/u;
    %jmp/1 T_19.6, 6;
    %pushi/vec4 0, 0, 32;
    %store/vec4 v000001901071f970_0, 0, 32;
    %jmp T_19.8;
T_19.0 ;
    %load/vec4 v000001901071fa10_0;
    %store/vec4 v000001901071f970_0, 0, 32;
    %jmp T_19.8;
T_19.1 ;
    %load/vec4 v000001901071f830_0;
    %store/vec4 v000001901071f970_0, 0, 32;
    %jmp T_19.8;
T_19.2 ;
    %load/vec4 v000001901071ff10_0;
    %store/vec4 v000001901071f970_0, 0, 32;
    %jmp T_19.8;
T_19.3 ;
    %load/vec4 v000001901071ecf0_0;
    %store/vec4 v000001901071f970_0, 0, 32;
    %jmp T_19.8;
T_19.4 ;
    %load/vec4 v000001901071fd30_0;
    %store/vec4 v000001901071f970_0, 0, 32;
    %jmp T_19.8;
T_19.5 ;
    %load/vec4 v0000019010720050_0;
    %store/vec4 v000001901071f970_0, 0, 32;
    %jmp T_19.8;
T_19.6 ;
    %load/vec4 v00000190107200f0_0;
    %store/vec4 v000001901071f970_0, 0, 32;
    %jmp T_19.8;
T_19.8 ;
    %pop/vec4 1;
    %jmp T_19;
    .thread T_19, $push;
    .scope S_00000190104d27e0;
T_20 ;
    %wait E_000001901069d9a0;
    %load/vec4 v0000019010721c10_0;
    %flag_set/vec4 8;
    %jmp/0xz  T_20.0, 8;
    %pushi/vec4 0, 0, 3;
    %assign/vec4 v00000190107229d0_0, 0;
    %jmp T_20.1;
T_20.0 ;
    %load/vec4 v0000019010722ed0_0;
    %flag_set/vec4 8;
    %jmp/0xz  T_20.2, 8;
    %load/vec4 v0000019010721f30_0;
    %assign/vec4 v00000190107229d0_0, 0;
T_20.2 ;
T_20.1 ;
    %jmp T_20;
    .thread T_20;
    .scope S_00000190104d27e0;
T_21 ;
    %wait E_000001901069d9a0;
    %load/vec4 v0000019010721c10_0;
    %flag_set/vec4 8;
    %jmp/0xz  T_21.0, 8;
    %pushi/vec4 0, 0, 3;
    %assign/vec4 v00000190107247d0_0, 0;
    %pushi/vec4 0, 0, 3;
    %assign/vec4 v0000019010721530_0, 0;
    %pushi/vec4 0, 0, 4;
    %assign/vec4 v0000019010720e50_0, 0;
    %pushi/vec4 0, 0, 3;
    %assign/vec4 v00000190107210d0_0, 0;
    %pushi/vec4 0, 0, 3;
    %assign/vec4 v0000019010721030_0, 0;
    %pushi/vec4 0, 0, 4;
    %assign/vec4 v0000019010721210_0, 0;
    %pushi/vec4 0, 0, 2;
    %assign/vec4 v00000190107242d0_0, 0;
    %pushi/vec4 0, 0, 16;
    %assign/vec4 v0000019010723150_0, 0;
    %pushi/vec4 0, 0, 3;
    %assign/vec4 v0000019010720d10_0, 0;
    %pushi/vec4 0, 0, 8;
    %assign/vec4 v0000019010723650_0, 0;
    %pushi/vec4 1, 0, 1;
    %assign/vec4 v00000190107213f0_0, 0;
    %pushi/vec4 0, 0, 2;
    %assign/vec4 v0000019010723010_0, 0;
    %pushi/vec4 0, 0, 16;
    %assign/vec4 v00000190107217b0_0, 0;
    %pushi/vec4 0, 0, 3;
    %assign/vec4 v0000019010723290_0, 0;
    %pushi/vec4 0, 0, 8;
    %assign/vec4 v0000019010722070_0, 0;
    %pushi/vec4 1, 0, 1;
    %assign/vec4 v0000019010721e90_0, 0;
    %pushi/vec4 1, 0, 1;
    %assign/vec4 v0000019010720db0_0, 0;
    %jmp T_21.1;
T_21.0 ;
    %load/vec4 v0000019010720c70_0;
    %assign/vec4 v0000019010721e90_0, 0;
    %load/vec4 v0000019010721e90_0;
    %assign/vec4 v0000019010720db0_0, 0;
    %load/vec4 v0000019010723bf0_0;
    %flag_set/vec4 9;
    %flag_get/vec4 9;
    %jmp/0 T_21.4, 9;
    %load/vec4 v0000019010721170_0;
    %nor/r;
    %and;
T_21.4;
    %flag_set/vec4 8;
    %jmp/0xz  T_21.2, 8;
    %load/vec4 v00000190107235b0_0;
    %load/vec4 v00000190107247d0_0;
    %pad/u 5;
    %ix/vec4 3;
    %ix/load 4, 0, 0; Constant delay
    %assign/vec4/a/d v00000190107244b0, 0, 4;
    %load/vec4 v00000190107247d0_0;
    %addi 1, 0, 3;
    %assign/vec4 v00000190107247d0_0, 0;
T_21.2 ;
    %load/vec4 v0000019010723bf0_0;
    %flag_set/vec4 10;
    %flag_get/vec4 10;
    %jmp/0 T_21.8, 10;
    %load/vec4 v0000019010721170_0;
    %nor/r;
    %and;
T_21.8;
    %flag_set/vec4 9;
    %flag_get/vec4 9;
    %jmp/0 T_21.7, 9;
    %load/vec4 v0000019010721490_0;
    %nor/r;
    %and;
T_21.7;
    %flag_set/vec4 8;
    %jmp/0xz  T_21.5, 8;
    %load/vec4 v0000019010720e50_0;
    %addi 1, 0, 4;
    %assign/vec4 v0000019010720e50_0, 0;
    %jmp T_21.6;
T_21.5 ;
    %load/vec4 v0000019010723bf0_0;
    %flag_set/vec4 10;
    %flag_get/vec4 10;
    %jmp/0 T_21.12, 10;
    %load/vec4 v0000019010721170_0;
    %nor/r;
    %and;
T_21.12;
    %nor/r;
    %flag_set/vec4 9;
    %flag_get/vec4 9;
    %jmp/0 T_21.11, 9;
    %load/vec4 v0000019010721490_0;
    %and;
T_21.11;
    %flag_set/vec4 8;
    %jmp/0xz  T_21.9, 8;
    %load/vec4 v0000019010720e50_0;
    %subi 1, 0, 4;
    %assign/vec4 v0000019010720e50_0, 0;
T_21.9 ;
T_21.6 ;
    %load/vec4 v00000190107242d0_0;
    %dup/vec4;
    %pushi/vec4 0, 0, 2;
    %cmp/u;
    %jmp/1 T_21.13, 6;
    %dup/vec4;
    %pushi/vec4 1, 0, 2;
    %cmp/u;
    %jmp/1 T_21.14, 6;
    %dup/vec4;
    %pushi/vec4 2, 0, 2;
    %cmp/u;
    %jmp/1 T_21.15, 6;
    %dup/vec4;
    %pushi/vec4 3, 0, 2;
    %cmp/u;
    %jmp/1 T_21.16, 6;
    %jmp T_21.17;
T_21.13 ;
    %pushi/vec4 1, 0, 1;
    %assign/vec4 v00000190107213f0_0, 0;
    %pushi/vec4 0, 0, 16;
    %assign/vec4 v0000019010723150_0, 0;
    %pushi/vec4 0, 0, 3;
    %assign/vec4 v0000019010720d10_0, 0;
    %load/vec4 v0000019010720ef0_0;
    %nor/r;
    %flag_set/vec4 8;
    %jmp/0xz  T_21.18, 8;
    %load/vec4 v0000019010721530_0;
    %pad/u 5;
    %ix/vec4 4;
    %load/vec4a v00000190107244b0, 4;
    %assign/vec4 v0000019010723650_0, 0;
    %load/vec4 v0000019010721530_0;
    %addi 1, 0, 3;
    %assign/vec4 v0000019010721530_0, 0;
    %pushi/vec4 1, 0, 2;
    %assign/vec4 v00000190107242d0_0, 0;
T_21.18 ;
    %jmp T_21.17;
T_21.14 ;
    %pushi/vec4 0, 0, 1;
    %assign/vec4 v00000190107213f0_0, 0;
    %load/vec4 v0000019010723150_0;
    %pad/u 32;
    %cmpi/e 7, 0, 32;
    %jmp/0xz  T_21.20, 4;
    %pushi/vec4 0, 0, 16;
    %assign/vec4 v0000019010723150_0, 0;
    %pushi/vec4 2, 0, 2;
    %assign/vec4 v00000190107242d0_0, 0;
    %jmp T_21.21;
T_21.20 ;
    %load/vec4 v0000019010723150_0;
    %addi 1, 0, 16;
    %assign/vec4 v0000019010723150_0, 0;
T_21.21 ;
    %jmp T_21.17;
T_21.15 ;
    %load/vec4 v0000019010723650_0;
    %load/vec4 v0000019010720d10_0;
    %part/u 1;
    %assign/vec4 v00000190107213f0_0, 0;
    %load/vec4 v0000019010723150_0;
    %pad/u 32;
    %cmpi/e 7, 0, 32;
    %jmp/0xz  T_21.22, 4;
    %pushi/vec4 0, 0, 16;
    %assign/vec4 v0000019010723150_0, 0;
    %load/vec4 v0000019010720d10_0;
    %cmpi/e 7, 0, 3;
    %jmp/0xz  T_21.24, 4;
    %pushi/vec4 3, 0, 2;
    %assign/vec4 v00000190107242d0_0, 0;
    %jmp T_21.25;
T_21.24 ;
    %load/vec4 v0000019010720d10_0;
    %addi 1, 0, 3;
    %assign/vec4 v0000019010720d10_0, 0;
T_21.25 ;
    %jmp T_21.23;
T_21.22 ;
    %load/vec4 v0000019010723150_0;
    %addi 1, 0, 16;
    %assign/vec4 v0000019010723150_0, 0;
T_21.23 ;
    %jmp T_21.17;
T_21.16 ;
    %pushi/vec4 1, 0, 1;
    %assign/vec4 v00000190107213f0_0, 0;
    %load/vec4 v0000019010723150_0;
    %pad/u 32;
    %cmpi/e 7, 0, 32;
    %jmp/0xz  T_21.26, 4;
    %pushi/vec4 0, 0, 16;
    %assign/vec4 v0000019010723150_0, 0;
    %pushi/vec4 0, 0, 2;
    %assign/vec4 v00000190107242d0_0, 0;
    %jmp T_21.27;
T_21.26 ;
    %load/vec4 v0000019010723150_0;
    %addi 1, 0, 16;
    %assign/vec4 v0000019010723150_0, 0;
T_21.27 ;
    %jmp T_21.17;
T_21.17 ;
    %pop/vec4 1;
    %load/vec4 v0000019010723010_0;
    %dup/vec4;
    %pushi/vec4 0, 0, 2;
    %cmp/u;
    %jmp/1 T_21.28, 6;
    %dup/vec4;
    %pushi/vec4 1, 0, 2;
    %cmp/u;
    %jmp/1 T_21.29, 6;
    %dup/vec4;
    %pushi/vec4 2, 0, 2;
    %cmp/u;
    %jmp/1 T_21.30, 6;
    %dup/vec4;
    %pushi/vec4 3, 0, 2;
    %cmp/u;
    %jmp/1 T_21.31, 6;
    %jmp T_21.32;
T_21.28 ;
    %pushi/vec4 0, 0, 16;
    %assign/vec4 v00000190107217b0_0, 0;
    %pushi/vec4 0, 0, 3;
    %assign/vec4 v0000019010723290_0, 0;
    %load/vec4 v0000019010720db0_0;
    %cmpi/e 0, 0, 1;
    %jmp/0xz  T_21.33, 4;
    %pushi/vec4 1, 0, 2;
    %assign/vec4 v0000019010723010_0, 0;
T_21.33 ;
    %jmp T_21.32;
T_21.29 ;
    %load/vec4 v00000190107217b0_0;
    %pad/u 32;
    %cmpi/e 3, 0, 32;
    %jmp/0xz  T_21.35, 4;
    %pushi/vec4 0, 0, 16;
    %assign/vec4 v00000190107217b0_0, 0;
    %load/vec4 v0000019010720db0_0;
    %cmpi/e 0, 0, 1;
    %jmp/0xz  T_21.37, 4;
    %pushi/vec4 2, 0, 2;
    %assign/vec4 v0000019010723010_0, 0;
    %jmp T_21.38;
T_21.37 ;
    %pushi/vec4 0, 0, 2;
    %assign/vec4 v0000019010723010_0, 0;
T_21.38 ;
    %jmp T_21.36;
T_21.35 ;
    %load/vec4 v00000190107217b0_0;
    %addi 1, 0, 16;
    %assign/vec4 v00000190107217b0_0, 0;
T_21.36 ;
    %jmp T_21.32;
T_21.30 ;
    %load/vec4 v00000190107217b0_0;
    %pad/u 32;
    %cmpi/e 7, 0, 32;
    %jmp/0xz  T_21.39, 4;
    %pushi/vec4 0, 0, 16;
    %assign/vec4 v00000190107217b0_0, 0;
    %load/vec4 v0000019010720db0_0;
    %ix/load 5, 0, 0;
    %ix/getv 4, v0000019010723290_0;
    %assign/vec4/off/d v0000019010722070_0, 4, 5;
    %load/vec4 v0000019010723290_0;
    %cmpi/e 7, 0, 3;
    %jmp/0xz  T_21.41, 4;
    %pushi/vec4 3, 0, 2;
    %assign/vec4 v0000019010723010_0, 0;
    %jmp T_21.42;
T_21.41 ;
    %load/vec4 v0000019010723290_0;
    %addi 1, 0, 3;
    %assign/vec4 v0000019010723290_0, 0;
T_21.42 ;
    %jmp T_21.40;
T_21.39 ;
    %load/vec4 v00000190107217b0_0;
    %addi 1, 0, 16;
    %assign/vec4 v00000190107217b0_0, 0;
T_21.40 ;
    %jmp T_21.32;
T_21.31 ;
    %load/vec4 v00000190107217b0_0;
    %pad/u 32;
    %cmpi/e 7, 0, 32;
    %jmp/0xz  T_21.43, 4;
    %pushi/vec4 0, 0, 16;
    %assign/vec4 v00000190107217b0_0, 0;
    %pushi/vec4 0, 0, 2;
    %assign/vec4 v0000019010723010_0, 0;
    %jmp T_21.44;
T_21.43 ;
    %load/vec4 v00000190107217b0_0;
    %addi 1, 0, 16;
    %assign/vec4 v00000190107217b0_0, 0;
T_21.44 ;
    %jmp T_21.32;
T_21.32 ;
    %pop/vec4 1;
    %load/vec4 v0000019010722f70_0;
    %flag_set/vec4 8;
    %jmp/0xz  T_21.45, 8;
    %load/vec4 v0000019010722070_0;
    %load/vec4 v00000190107210d0_0;
    %pad/u 5;
    %ix/vec4 3;
    %ix/load 4, 0, 0; Constant delay
    %assign/vec4/a/d v0000019010722a70, 0, 4;
    %load/vec4 v00000190107210d0_0;
    %addi 1, 0, 3;
    %assign/vec4 v00000190107210d0_0, 0;
T_21.45 ;
    %load/vec4 v0000019010722f70_0;
    %flag_set/vec4 9;
    %flag_get/vec4 9;
    %jmp/0 T_21.49, 9;
    %load/vec4 v0000019010721fd0_0;
    %flag_set/vec4 9;
    %flag_get/vec4 9;
    %jmp/0 T_21.50, 9;
    %load/vec4 v0000019010722890_0;
    %nor/r;
    %and;
T_21.50;
    %nor/r;
    %and;
T_21.49;
    %flag_set/vec4 8;
    %jmp/0xz  T_21.47, 8;
    %load/vec4 v0000019010721210_0;
    %addi 1, 0, 4;
    %assign/vec4 v0000019010721210_0, 0;
    %jmp T_21.48;
T_21.47 ;
    %load/vec4 v0000019010722f70_0;
    %nor/r;
    %flag_set/vec4 9;
    %flag_get/vec4 9;
    %jmp/0 T_21.53, 9;
    %load/vec4 v0000019010721fd0_0;
    %flag_set/vec4 9;
    %flag_get/vec4 9;
    %jmp/0 T_21.54, 9;
    %load/vec4 v0000019010722890_0;
    %nor/r;
    %and;
T_21.54;
    %and;
T_21.53;
    %flag_set/vec4 8;
    %jmp/0xz  T_21.51, 8;
    %load/vec4 v0000019010721210_0;
    %subi 1, 0, 4;
    %assign/vec4 v0000019010721210_0, 0;
T_21.51 ;
T_21.48 ;
    %load/vec4 v0000019010721fd0_0;
    %flag_set/vec4 9;
    %flag_get/vec4 9;
    %jmp/0 T_21.57, 9;
    %load/vec4 v0000019010722890_0;
    %nor/r;
    %and;
T_21.57;
    %flag_set/vec4 8;
    %jmp/0xz  T_21.55, 8;
    %load/vec4 v0000019010721030_0;
    %addi 1, 0, 3;
    %assign/vec4 v0000019010721030_0, 0;
T_21.55 ;
T_21.1 ;
    %jmp T_21;
    .thread T_21;
    .scope S_00000190106c2380;
T_22 ;
    %wait E_000001901069d9a0;
    %load/vec4 v0000019010727ac0_0;
    %flag_set/vec4 8;
    %jmp/0xz  T_22.0, 8;
    %pushi/vec4 0, 0, 3;
    %assign/vec4 v0000019010727840_0, 0;
    %jmp T_22.1;
T_22.0 ;
    %load/vec4 v0000019010728600_0;
    %flag_set/vec4 8;
    %jmp/0xz  T_22.2, 8;
    %load/vec4 v0000019010727c00_0;
    %assign/vec4 v0000019010727840_0, 0;
T_22.2 ;
T_22.1 ;
    %jmp T_22;
    .thread T_22;
    .scope S_00000190106c2380;
T_23 ;
    %wait E_000001901069d9a0;
    %load/vec4 v0000019010727ac0_0;
    %flag_set/vec4 8;
    %jmp/0xz  T_23.0, 8;
    %pushi/vec4 0, 0, 3;
    %assign/vec4 v0000019010726c60_0, 0;
    %pushi/vec4 0, 0, 3;
    %assign/vec4 v0000019010727200_0, 0;
    %pushi/vec4 0, 0, 4;
    %assign/vec4 v0000019010725cc0_0, 0;
    %pushi/vec4 0, 0, 3;
    %assign/vec4 v00000190107289c0_0, 0;
    %pushi/vec4 0, 0, 3;
    %assign/vec4 v0000019010728380_0, 0;
    %pushi/vec4 0, 0, 4;
    %assign/vec4 v0000019010728100_0, 0;
    %pushi/vec4 0, 0, 2;
    %assign/vec4 v0000019010724fa0_0, 0;
    %pushi/vec4 0, 0, 16;
    %assign/vec4 v0000019010727700_0, 0;
    %pushi/vec4 0, 0, 3;
    %assign/vec4 v00000190107277a0_0, 0;
    %pushi/vec4 0, 0, 8;
    %assign/vec4 v0000019010726620_0, 0;
    %pushi/vec4 1, 0, 1;
    %assign/vec4 v0000019010725ea0_0, 0;
    %pushi/vec4 0, 0, 2;
    %assign/vec4 v0000019010728920_0, 0;
    %pushi/vec4 0, 0, 16;
    %assign/vec4 v0000019010727660_0, 0;
    %pushi/vec4 0, 0, 3;
    %assign/vec4 v0000019010727fc0_0, 0;
    %pushi/vec4 0, 0, 8;
    %assign/vec4 v00000190107284c0_0, 0;
    %pushi/vec4 1, 0, 1;
    %assign/vec4 v0000019010728420_0, 0;
    %pushi/vec4 1, 0, 1;
    %assign/vec4 v00000190107287e0_0, 0;
    %jmp T_23.1;
T_23.0 ;
    %load/vec4 v00000190107273e0_0;
    %assign/vec4 v0000019010728420_0, 0;
    %load/vec4 v0000019010728420_0;
    %assign/vec4 v00000190107287e0_0, 0;
    %load/vec4 v0000019010725860_0;
    %flag_set/vec4 9;
    %flag_get/vec4 9;
    %jmp/0 T_23.4, 9;
    %load/vec4 v0000019010726b20_0;
    %nor/r;
    %and;
T_23.4;
    %flag_set/vec4 8;
    %jmp/0xz  T_23.2, 8;
    %load/vec4 v00000190107269e0_0;
    %load/vec4 v0000019010726c60_0;
    %pad/u 5;
    %ix/vec4 3;
    %ix/load 4, 0, 0; Constant delay
    %assign/vec4/a/d v00000190107264e0, 0, 4;
    %load/vec4 v0000019010726c60_0;
    %addi 1, 0, 3;
    %assign/vec4 v0000019010726c60_0, 0;
T_23.2 ;
    %load/vec4 v0000019010725860_0;
    %flag_set/vec4 10;
    %flag_get/vec4 10;
    %jmp/0 T_23.8, 10;
    %load/vec4 v0000019010726b20_0;
    %nor/r;
    %and;
T_23.8;
    %flag_set/vec4 9;
    %flag_get/vec4 9;
    %jmp/0 T_23.7, 9;
    %load/vec4 v0000019010726080_0;
    %nor/r;
    %and;
T_23.7;
    %flag_set/vec4 8;
    %jmp/0xz  T_23.5, 8;
    %load/vec4 v0000019010725cc0_0;
    %addi 1, 0, 4;
    %assign/vec4 v0000019010725cc0_0, 0;
    %jmp T_23.6;
T_23.5 ;
    %load/vec4 v0000019010725860_0;
    %flag_set/vec4 10;
    %flag_get/vec4 10;
    %jmp/0 T_23.12, 10;
    %load/vec4 v0000019010726b20_0;
    %nor/r;
    %and;
T_23.12;
    %nor/r;
    %flag_set/vec4 9;
    %flag_get/vec4 9;
    %jmp/0 T_23.11, 9;
    %load/vec4 v0000019010726080_0;
    %and;
T_23.11;
    %flag_set/vec4 8;
    %jmp/0xz  T_23.9, 8;
    %load/vec4 v0000019010725cc0_0;
    %subi 1, 0, 4;
    %assign/vec4 v0000019010725cc0_0, 0;
T_23.9 ;
T_23.6 ;
    %load/vec4 v0000019010724fa0_0;
    %dup/vec4;
    %pushi/vec4 0, 0, 2;
    %cmp/u;
    %jmp/1 T_23.13, 6;
    %dup/vec4;
    %pushi/vec4 1, 0, 2;
    %cmp/u;
    %jmp/1 T_23.14, 6;
    %dup/vec4;
    %pushi/vec4 2, 0, 2;
    %cmp/u;
    %jmp/1 T_23.15, 6;
    %dup/vec4;
    %pushi/vec4 3, 0, 2;
    %cmp/u;
    %jmp/1 T_23.16, 6;
    %jmp T_23.17;
T_23.13 ;
    %pushi/vec4 1, 0, 1;
    %assign/vec4 v0000019010725ea0_0, 0;
    %pushi/vec4 0, 0, 16;
    %assign/vec4 v0000019010727700_0, 0;
    %pushi/vec4 0, 0, 3;
    %assign/vec4 v00000190107277a0_0, 0;
    %load/vec4 v0000019010725900_0;
    %nor/r;
    %flag_set/vec4 8;
    %jmp/0xz  T_23.18, 8;
    %load/vec4 v0000019010727200_0;
    %pad/u 5;
    %ix/vec4 4;
    %load/vec4a v00000190107264e0, 4;
    %assign/vec4 v0000019010726620_0, 0;
    %load/vec4 v0000019010727200_0;
    %addi 1, 0, 3;
    %assign/vec4 v0000019010727200_0, 0;
    %pushi/vec4 1, 0, 2;
    %assign/vec4 v0000019010724fa0_0, 0;
T_23.18 ;
    %jmp T_23.17;
T_23.14 ;
    %pushi/vec4 0, 0, 1;
    %assign/vec4 v0000019010725ea0_0, 0;
    %load/vec4 v0000019010727700_0;
    %pad/u 32;
    %cmpi/e 7, 0, 32;
    %jmp/0xz  T_23.20, 4;
    %pushi/vec4 0, 0, 16;
    %assign/vec4 v0000019010727700_0, 0;
    %pushi/vec4 2, 0, 2;
    %assign/vec4 v0000019010724fa0_0, 0;
    %jmp T_23.21;
T_23.20 ;
    %load/vec4 v0000019010727700_0;
    %addi 1, 0, 16;
    %assign/vec4 v0000019010727700_0, 0;
T_23.21 ;
    %jmp T_23.17;
T_23.15 ;
    %load/vec4 v0000019010726620_0;
    %load/vec4 v00000190107277a0_0;
    %part/u 1;
    %assign/vec4 v0000019010725ea0_0, 0;
    %load/vec4 v0000019010727700_0;
    %pad/u 32;
    %cmpi/e 7, 0, 32;
    %jmp/0xz  T_23.22, 4;
    %pushi/vec4 0, 0, 16;
    %assign/vec4 v0000019010727700_0, 0;
    %load/vec4 v00000190107277a0_0;
    %cmpi/e 7, 0, 3;
    %jmp/0xz  T_23.24, 4;
    %pushi/vec4 3, 0, 2;
    %assign/vec4 v0000019010724fa0_0, 0;
    %jmp T_23.25;
T_23.24 ;
    %load/vec4 v00000190107277a0_0;
    %addi 1, 0, 3;
    %assign/vec4 v00000190107277a0_0, 0;
T_23.25 ;
    %jmp T_23.23;
T_23.22 ;
    %load/vec4 v0000019010727700_0;
    %addi 1, 0, 16;
    %assign/vec4 v0000019010727700_0, 0;
T_23.23 ;
    %jmp T_23.17;
T_23.16 ;
    %pushi/vec4 1, 0, 1;
    %assign/vec4 v0000019010725ea0_0, 0;
    %load/vec4 v0000019010727700_0;
    %pad/u 32;
    %cmpi/e 7, 0, 32;
    %jmp/0xz  T_23.26, 4;
    %pushi/vec4 0, 0, 16;
    %assign/vec4 v0000019010727700_0, 0;
    %pushi/vec4 0, 0, 2;
    %assign/vec4 v0000019010724fa0_0, 0;
    %jmp T_23.27;
T_23.26 ;
    %load/vec4 v0000019010727700_0;
    %addi 1, 0, 16;
    %assign/vec4 v0000019010727700_0, 0;
T_23.27 ;
    %jmp T_23.17;
T_23.17 ;
    %pop/vec4 1;
    %load/vec4 v0000019010728920_0;
    %dup/vec4;
    %pushi/vec4 0, 0, 2;
    %cmp/u;
    %jmp/1 T_23.28, 6;
    %dup/vec4;
    %pushi/vec4 1, 0, 2;
    %cmp/u;
    %jmp/1 T_23.29, 6;
    %dup/vec4;
    %pushi/vec4 2, 0, 2;
    %cmp/u;
    %jmp/1 T_23.30, 6;
    %dup/vec4;
    %pushi/vec4 3, 0, 2;
    %cmp/u;
    %jmp/1 T_23.31, 6;
    %jmp T_23.32;
T_23.28 ;
    %pushi/vec4 0, 0, 16;
    %assign/vec4 v0000019010727660_0, 0;
    %pushi/vec4 0, 0, 3;
    %assign/vec4 v0000019010727fc0_0, 0;
    %load/vec4 v00000190107287e0_0;
    %cmpi/e 0, 0, 1;
    %jmp/0xz  T_23.33, 4;
    %pushi/vec4 1, 0, 2;
    %assign/vec4 v0000019010728920_0, 0;
T_23.33 ;
    %jmp T_23.32;
T_23.29 ;
    %load/vec4 v0000019010727660_0;
    %pad/u 32;
    %cmpi/e 3, 0, 32;
    %jmp/0xz  T_23.35, 4;
    %pushi/vec4 0, 0, 16;
    %assign/vec4 v0000019010727660_0, 0;
    %load/vec4 v00000190107287e0_0;
    %cmpi/e 0, 0, 1;
    %jmp/0xz  T_23.37, 4;
    %pushi/vec4 2, 0, 2;
    %assign/vec4 v0000019010728920_0, 0;
    %jmp T_23.38;
T_23.37 ;
    %pushi/vec4 0, 0, 2;
    %assign/vec4 v0000019010728920_0, 0;
T_23.38 ;
    %jmp T_23.36;
T_23.35 ;
    %load/vec4 v0000019010727660_0;
    %addi 1, 0, 16;
    %assign/vec4 v0000019010727660_0, 0;
T_23.36 ;
    %jmp T_23.32;
T_23.30 ;
    %load/vec4 v0000019010727660_0;
    %pad/u 32;
    %cmpi/e 7, 0, 32;
    %jmp/0xz  T_23.39, 4;
    %pushi/vec4 0, 0, 16;
    %assign/vec4 v0000019010727660_0, 0;
    %load/vec4 v00000190107287e0_0;
    %ix/load 5, 0, 0;
    %ix/getv 4, v0000019010727fc0_0;
    %assign/vec4/off/d v00000190107284c0_0, 4, 5;
    %load/vec4 v0000019010727fc0_0;
    %cmpi/e 7, 0, 3;
    %jmp/0xz  T_23.41, 4;
    %pushi/vec4 3, 0, 2;
    %assign/vec4 v0000019010728920_0, 0;
    %jmp T_23.42;
T_23.41 ;
    %load/vec4 v0000019010727fc0_0;
    %addi 1, 0, 3;
    %assign/vec4 v0000019010727fc0_0, 0;
T_23.42 ;
    %jmp T_23.40;
T_23.39 ;
    %load/vec4 v0000019010727660_0;
    %addi 1, 0, 16;
    %assign/vec4 v0000019010727660_0, 0;
T_23.40 ;
    %jmp T_23.32;
T_23.31 ;
    %load/vec4 v0000019010727660_0;
    %pad/u 32;
    %cmpi/e 7, 0, 32;
    %jmp/0xz  T_23.43, 4;
    %pushi/vec4 0, 0, 16;
    %assign/vec4 v0000019010727660_0, 0;
    %pushi/vec4 0, 0, 2;
    %assign/vec4 v0000019010728920_0, 0;
    %jmp T_23.44;
T_23.43 ;
    %load/vec4 v0000019010727660_0;
    %addi 1, 0, 16;
    %assign/vec4 v0000019010727660_0, 0;
T_23.44 ;
    %jmp T_23.32;
T_23.32 ;
    %pop/vec4 1;
    %load/vec4 v00000190107278e0_0;
    %flag_set/vec4 8;
    %jmp/0xz  T_23.45, 8;
    %load/vec4 v00000190107284c0_0;
    %load/vec4 v00000190107289c0_0;
    %pad/u 5;
    %ix/vec4 3;
    %ix/load 4, 0, 0; Constant delay
    %assign/vec4/a/d v0000019010727480, 0, 4;
    %load/vec4 v00000190107289c0_0;
    %addi 1, 0, 3;
    %assign/vec4 v00000190107289c0_0, 0;
T_23.45 ;
    %load/vec4 v00000190107278e0_0;
    %flag_set/vec4 9;
    %flag_get/vec4 9;
    %jmp/0 T_23.49, 9;
    %load/vec4 v0000019010727de0_0;
    %flag_set/vec4 9;
    %flag_get/vec4 9;
    %jmp/0 T_23.50, 9;
    %load/vec4 v0000019010728740_0;
    %nor/r;
    %and;
T_23.50;
    %nor/r;
    %and;
T_23.49;
    %flag_set/vec4 8;
    %jmp/0xz  T_23.47, 8;
    %load/vec4 v0000019010728100_0;
    %addi 1, 0, 4;
    %assign/vec4 v0000019010728100_0, 0;
    %jmp T_23.48;
T_23.47 ;
    %load/vec4 v00000190107278e0_0;
    %nor/r;
    %flag_set/vec4 9;
    %flag_get/vec4 9;
    %jmp/0 T_23.53, 9;
    %load/vec4 v0000019010727de0_0;
    %flag_set/vec4 9;
    %flag_get/vec4 9;
    %jmp/0 T_23.54, 9;
    %load/vec4 v0000019010728740_0;
    %nor/r;
    %and;
T_23.54;
    %and;
T_23.53;
    %flag_set/vec4 8;
    %jmp/0xz  T_23.51, 8;
    %load/vec4 v0000019010728100_0;
    %subi 1, 0, 4;
    %assign/vec4 v0000019010728100_0, 0;
T_23.51 ;
T_23.48 ;
    %load/vec4 v0000019010727de0_0;
    %flag_set/vec4 9;
    %flag_get/vec4 9;
    %jmp/0 T_23.57, 9;
    %load/vec4 v0000019010728740_0;
    %nor/r;
    %and;
T_23.57;
    %flag_set/vec4 8;
    %jmp/0xz  T_23.55, 8;
    %load/vec4 v0000019010728380_0;
    %addi 1, 0, 3;
    %assign/vec4 v0000019010728380_0, 0;
T_23.55 ;
T_23.1 ;
    %jmp T_23;
    .thread T_23;
    .scope S_0000019010728b90;
T_24 ;
    %wait E_000001901069d9a0;
    %load/vec4 v00000190107257c0_0;
    %flag_set/vec4 8;
    %jmp/0xz  T_24.0, 8;
    %pushi/vec4 0, 0, 3;
    %assign/vec4 v0000019010725d60_0, 0;
    %jmp T_24.1;
T_24.0 ;
    %load/vec4 v0000019010726260_0;
    %flag_set/vec4 8;
    %jmp/0xz  T_24.2, 8;
    %load/vec4 v0000019010725e00_0;
    %assign/vec4 v0000019010725d60_0, 0;
T_24.2 ;
T_24.1 ;
    %jmp T_24;
    .thread T_24;
    .scope S_0000019010728b90;
T_25 ;
    %wait E_000001901069d9a0;
    %load/vec4 v00000190107257c0_0;
    %flag_set/vec4 8;
    %jmp/0xz  T_25.0, 8;
    %pushi/vec4 0, 0, 3;
    %assign/vec4 v000001901072bce0_0, 0;
    %pushi/vec4 0, 0, 3;
    %assign/vec4 v0000019010729940_0, 0;
    %pushi/vec4 0, 0, 4;
    %assign/vec4 v000001901072b6a0_0, 0;
    %pushi/vec4 0, 0, 3;
    %assign/vec4 v000001901072afc0_0, 0;
    %pushi/vec4 0, 0, 3;
    %assign/vec4 v000001901072aca0_0, 0;
    %pushi/vec4 0, 0, 4;
    %assign/vec4 v000001901072b100_0, 0;
    %pushi/vec4 0, 0, 2;
    %assign/vec4 v000001901072b2e0_0, 0;
    %pushi/vec4 0, 0, 16;
    %assign/vec4 v000001901072b060_0, 0;
    %pushi/vec4 0, 0, 3;
    %assign/vec4 v00000190107299e0_0, 0;
    %pushi/vec4 0, 0, 8;
    %assign/vec4 v000001901072ab60_0, 0;
    %pushi/vec4 1, 0, 1;
    %assign/vec4 v000001901072bc40_0, 0;
    %pushi/vec4 0, 0, 2;
    %assign/vec4 v000001901072a480_0, 0;
    %pushi/vec4 0, 0, 16;
    %assign/vec4 v0000019010726300_0, 0;
    %pushi/vec4 0, 0, 3;
    %assign/vec4 v0000019010729d00_0, 0;
    %pushi/vec4 0, 0, 8;
    %assign/vec4 v000001901072a700_0, 0;
    %pushi/vec4 1, 0, 1;
    %assign/vec4 v000001901072a3e0_0, 0;
    %pushi/vec4 1, 0, 1;
    %assign/vec4 v000001901072af20_0, 0;
    %jmp T_25.1;
T_25.0 ;
    %load/vec4 v00000190107272a0_0;
    %assign/vec4 v000001901072a3e0_0, 0;
    %load/vec4 v000001901072a3e0_0;
    %assign/vec4 v000001901072af20_0, 0;
    %load/vec4 v000001901072b740_0;
    %flag_set/vec4 9;
    %flag_get/vec4 9;
    %jmp/0 T_25.4, 9;
    %load/vec4 v000001901072b420_0;
    %nor/r;
    %and;
T_25.4;
    %flag_set/vec4 8;
    %jmp/0xz  T_25.2, 8;
    %load/vec4 v0000019010729620_0;
    %load/vec4 v000001901072bce0_0;
    %pad/u 5;
    %ix/vec4 3;
    %ix/load 4, 0, 0; Constant delay
    %assign/vec4/a/d v000001901072ac00, 0, 4;
    %load/vec4 v000001901072bce0_0;
    %addi 1, 0, 3;
    %assign/vec4 v000001901072bce0_0, 0;
T_25.2 ;
    %load/vec4 v000001901072b740_0;
    %flag_set/vec4 10;
    %flag_get/vec4 10;
    %jmp/0 T_25.8, 10;
    %load/vec4 v000001901072b420_0;
    %nor/r;
    %and;
T_25.8;
    %flag_set/vec4 9;
    %flag_get/vec4 9;
    %jmp/0 T_25.7, 9;
    %load/vec4 v000001901072a980_0;
    %nor/r;
    %and;
T_25.7;
    %flag_set/vec4 8;
    %jmp/0xz  T_25.5, 8;
    %load/vec4 v000001901072b6a0_0;
    %addi 1, 0, 4;
    %assign/vec4 v000001901072b6a0_0, 0;
    %jmp T_25.6;
T_25.5 ;
    %load/vec4 v000001901072b740_0;
    %flag_set/vec4 10;
    %flag_get/vec4 10;
    %jmp/0 T_25.12, 10;
    %load/vec4 v000001901072b420_0;
    %nor/r;
    %and;
T_25.12;
    %nor/r;
    %flag_set/vec4 9;
    %flag_get/vec4 9;
    %jmp/0 T_25.11, 9;
    %load/vec4 v000001901072a980_0;
    %and;
T_25.11;
    %flag_set/vec4 8;
    %jmp/0xz  T_25.9, 8;
    %load/vec4 v000001901072b6a0_0;
    %subi 1, 0, 4;
    %assign/vec4 v000001901072b6a0_0, 0;
T_25.9 ;
T_25.6 ;
    %load/vec4 v000001901072b2e0_0;
    %dup/vec4;
    %pushi/vec4 0, 0, 2;
    %cmp/u;
    %jmp/1 T_25.13, 6;
    %dup/vec4;
    %pushi/vec4 1, 0, 2;
    %cmp/u;
    %jmp/1 T_25.14, 6;
    %dup/vec4;
    %pushi/vec4 2, 0, 2;
    %cmp/u;
    %jmp/1 T_25.15, 6;
    %dup/vec4;
    %pushi/vec4 3, 0, 2;
    %cmp/u;
    %jmp/1 T_25.16, 6;
    %jmp T_25.17;
T_25.13 ;
    %pushi/vec4 1, 0, 1;
    %assign/vec4 v000001901072bc40_0, 0;
    %pushi/vec4 0, 0, 16;
    %assign/vec4 v000001901072b060_0, 0;
    %pushi/vec4 0, 0, 3;
    %assign/vec4 v00000190107299e0_0, 0;
    %load/vec4 v000001901072b240_0;
    %nor/r;
    %flag_set/vec4 8;
    %jmp/0xz  T_25.18, 8;
    %load/vec4 v0000019010729940_0;
    %pad/u 5;
    %ix/vec4 4;
    %load/vec4a v000001901072ac00, 4;
    %assign/vec4 v000001901072ab60_0, 0;
    %load/vec4 v0000019010729940_0;
    %addi 1, 0, 3;
    %assign/vec4 v0000019010729940_0, 0;
    %pushi/vec4 1, 0, 2;
    %assign/vec4 v000001901072b2e0_0, 0;
T_25.18 ;
    %jmp T_25.17;
T_25.14 ;
    %pushi/vec4 0, 0, 1;
    %assign/vec4 v000001901072bc40_0, 0;
    %load/vec4 v000001901072b060_0;
    %pad/u 32;
    %cmpi/e 7, 0, 32;
    %jmp/0xz  T_25.20, 4;
    %pushi/vec4 0, 0, 16;
    %assign/vec4 v000001901072b060_0, 0;
    %pushi/vec4 2, 0, 2;
    %assign/vec4 v000001901072b2e0_0, 0;
    %jmp T_25.21;
T_25.20 ;
    %load/vec4 v000001901072b060_0;
    %addi 1, 0, 16;
    %assign/vec4 v000001901072b060_0, 0;
T_25.21 ;
    %jmp T_25.17;
T_25.15 ;
    %load/vec4 v000001901072ab60_0;
    %load/vec4 v00000190107299e0_0;
    %part/u 1;
    %assign/vec4 v000001901072bc40_0, 0;
    %load/vec4 v000001901072b060_0;
    %pad/u 32;
    %cmpi/e 7, 0, 32;
    %jmp/0xz  T_25.22, 4;
    %pushi/vec4 0, 0, 16;
    %assign/vec4 v000001901072b060_0, 0;
    %load/vec4 v00000190107299e0_0;
    %cmpi/e 7, 0, 3;
    %jmp/0xz  T_25.24, 4;
    %pushi/vec4 3, 0, 2;
    %assign/vec4 v000001901072b2e0_0, 0;
    %jmp T_25.25;
T_25.24 ;
    %load/vec4 v00000190107299e0_0;
    %addi 1, 0, 3;
    %assign/vec4 v00000190107299e0_0, 0;
T_25.25 ;
    %jmp T_25.23;
T_25.22 ;
    %load/vec4 v000001901072b060_0;
    %addi 1, 0, 16;
    %assign/vec4 v000001901072b060_0, 0;
T_25.23 ;
    %jmp T_25.17;
T_25.16 ;
    %pushi/vec4 1, 0, 1;
    %assign/vec4 v000001901072bc40_0, 0;
    %load/vec4 v000001901072b060_0;
    %pad/u 32;
    %cmpi/e 7, 0, 32;
    %jmp/0xz  T_25.26, 4;
    %pushi/vec4 0, 0, 16;
    %assign/vec4 v000001901072b060_0, 0;
    %pushi/vec4 0, 0, 2;
    %assign/vec4 v000001901072b2e0_0, 0;
    %jmp T_25.27;
T_25.26 ;
    %load/vec4 v000001901072b060_0;
    %addi 1, 0, 16;
    %assign/vec4 v000001901072b060_0, 0;
T_25.27 ;
    %jmp T_25.17;
T_25.17 ;
    %pop/vec4 1;
    %load/vec4 v000001901072a480_0;
    %dup/vec4;
    %pushi/vec4 0, 0, 2;
    %cmp/u;
    %jmp/1 T_25.28, 6;
    %dup/vec4;
    %pushi/vec4 1, 0, 2;
    %cmp/u;
    %jmp/1 T_25.29, 6;
    %dup/vec4;
    %pushi/vec4 2, 0, 2;
    %cmp/u;
    %jmp/1 T_25.30, 6;
    %dup/vec4;
    %pushi/vec4 3, 0, 2;
    %cmp/u;
    %jmp/1 T_25.31, 6;
    %jmp T_25.32;
T_25.28 ;
    %pushi/vec4 0, 0, 16;
    %assign/vec4 v0000019010726300_0, 0;
    %pushi/vec4 0, 0, 3;
    %assign/vec4 v0000019010729d00_0, 0;
    %load/vec4 v000001901072af20_0;
    %cmpi/e 0, 0, 1;
    %jmp/0xz  T_25.33, 4;
    %pushi/vec4 1, 0, 2;
    %assign/vec4 v000001901072a480_0, 0;
T_25.33 ;
    %jmp T_25.32;
T_25.29 ;
    %load/vec4 v0000019010726300_0;
    %pad/u 32;
    %cmpi/e 3, 0, 32;
    %jmp/0xz  T_25.35, 4;
    %pushi/vec4 0, 0, 16;
    %assign/vec4 v0000019010726300_0, 0;
    %load/vec4 v000001901072af20_0;
    %cmpi/e 0, 0, 1;
    %jmp/0xz  T_25.37, 4;
    %pushi/vec4 2, 0, 2;
    %assign/vec4 v000001901072a480_0, 0;
    %jmp T_25.38;
T_25.37 ;
    %pushi/vec4 0, 0, 2;
    %assign/vec4 v000001901072a480_0, 0;
T_25.38 ;
    %jmp T_25.36;
T_25.35 ;
    %load/vec4 v0000019010726300_0;
    %addi 1, 0, 16;
    %assign/vec4 v0000019010726300_0, 0;
T_25.36 ;
    %jmp T_25.32;
T_25.30 ;
    %load/vec4 v0000019010726300_0;
    %pad/u 32;
    %cmpi/e 7, 0, 32;
    %jmp/0xz  T_25.39, 4;
    %pushi/vec4 0, 0, 16;
    %assign/vec4 v0000019010726300_0, 0;
    %load/vec4 v000001901072af20_0;
    %ix/load 5, 0, 0;
    %ix/getv 4, v0000019010729d00_0;
    %assign/vec4/off/d v000001901072a700_0, 4, 5;
    %load/vec4 v0000019010729d00_0;
    %cmpi/e 7, 0, 3;
    %jmp/0xz  T_25.41, 4;
    %pushi/vec4 3, 0, 2;
    %assign/vec4 v000001901072a480_0, 0;
    %jmp T_25.42;
T_25.41 ;
    %load/vec4 v0000019010729d00_0;
    %addi 1, 0, 3;
    %assign/vec4 v0000019010729d00_0, 0;
T_25.42 ;
    %jmp T_25.40;
T_25.39 ;
    %load/vec4 v0000019010726300_0;
    %addi 1, 0, 16;
    %assign/vec4 v0000019010726300_0, 0;
T_25.40 ;
    %jmp T_25.32;
T_25.31 ;
    %load/vec4 v0000019010726300_0;
    %pad/u 32;
    %cmpi/e 7, 0, 32;
    %jmp/0xz  T_25.43, 4;
    %pushi/vec4 0, 0, 16;
    %assign/vec4 v0000019010726300_0, 0;
    %pushi/vec4 0, 0, 2;
    %assign/vec4 v000001901072a480_0, 0;
    %jmp T_25.44;
T_25.43 ;
    %load/vec4 v0000019010726300_0;
    %addi 1, 0, 16;
    %assign/vec4 v0000019010726300_0, 0;
T_25.44 ;
    %jmp T_25.32;
T_25.32 ;
    %pop/vec4 1;
    %load/vec4 v000001901072b1a0_0;
    %flag_set/vec4 8;
    %jmp/0xz  T_25.45, 8;
    %load/vec4 v000001901072a700_0;
    %load/vec4 v000001901072afc0_0;
    %pad/u 5;
    %ix/vec4 3;
    %ix/load 4, 0, 0; Constant delay
    %assign/vec4/a/d v000001901072a8e0, 0, 4;
    %load/vec4 v000001901072afc0_0;
    %addi 1, 0, 3;
    %assign/vec4 v000001901072afc0_0, 0;
T_25.45 ;
    %load/vec4 v000001901072b1a0_0;
    %flag_set/vec4 9;
    %flag_get/vec4 9;
    %jmp/0 T_25.49, 9;
    %load/vec4 v0000019010726940_0;
    %flag_set/vec4 9;
    %flag_get/vec4 9;
    %jmp/0 T_25.50, 9;
    %load/vec4 v000001901072a340_0;
    %nor/r;
    %and;
T_25.50;
    %nor/r;
    %and;
T_25.49;
    %flag_set/vec4 8;
    %jmp/0xz  T_25.47, 8;
    %load/vec4 v000001901072b100_0;
    %addi 1, 0, 4;
    %assign/vec4 v000001901072b100_0, 0;
    %jmp T_25.48;
T_25.47 ;
    %load/vec4 v000001901072b1a0_0;
    %nor/r;
    %flag_set/vec4 9;
    %flag_get/vec4 9;
    %jmp/0 T_25.53, 9;
    %load/vec4 v0000019010726940_0;
    %flag_set/vec4 9;
    %flag_get/vec4 9;
    %jmp/0 T_25.54, 9;
    %load/vec4 v000001901072a340_0;
    %nor/r;
    %and;
T_25.54;
    %and;
T_25.53;
    %flag_set/vec4 8;
    %jmp/0xz  T_25.51, 8;
    %load/vec4 v000001901072b100_0;
    %subi 1, 0, 4;
    %assign/vec4 v000001901072b100_0, 0;
T_25.51 ;
T_25.48 ;
    %load/vec4 v0000019010726940_0;
    %flag_set/vec4 9;
    %flag_get/vec4 9;
    %jmp/0 T_25.57, 9;
    %load/vec4 v000001901072a340_0;
    %nor/r;
    %and;
T_25.57;
    %flag_set/vec4 8;
    %jmp/0xz  T_25.55, 8;
    %load/vec4 v000001901072aca0_0;
    %addi 1, 0, 3;
    %assign/vec4 v000001901072aca0_0, 0;
T_25.55 ;
T_25.1 ;
    %jmp T_25;
    .thread T_25;
    .scope S_00000190107293b0;
T_26 ;
    %wait E_000001901069d9a0;
    %load/vec4 v000001901072cdc0_0;
    %flag_set/vec4 8;
    %jmp/0xz  T_26.0, 8;
    %pushi/vec4 0, 0, 3;
    %assign/vec4 v000001901072c6e0_0, 0;
    %jmp T_26.1;
T_26.0 ;
    %load/vec4 v000001901072d040_0;
    %flag_set/vec4 8;
    %jmp/0xz  T_26.2, 8;
    %load/vec4 v000001901072c8c0_0;
    %assign/vec4 v000001901072c6e0_0, 0;
T_26.2 ;
T_26.1 ;
    %jmp T_26;
    .thread T_26;
    .scope S_00000190107293b0;
T_27 ;
    %wait E_000001901069d9a0;
    %load/vec4 v000001901072cdc0_0;
    %flag_set/vec4 8;
    %jmp/0xz  T_27.0, 8;
    %pushi/vec4 0, 0, 3;
    %assign/vec4 v000001901072f450_0, 0;
    %pushi/vec4 0, 0, 3;
    %assign/vec4 v0000019010731750_0, 0;
    %pushi/vec4 0, 0, 4;
    %assign/vec4 v000001901072c460_0, 0;
    %pushi/vec4 0, 0, 3;
    %assign/vec4 v000001901072c000_0, 0;
    %pushi/vec4 0, 0, 3;
    %assign/vec4 v000001901072d360_0, 0;
    %pushi/vec4 0, 0, 4;
    %assign/vec4 v000001901072ce60_0, 0;
    %pushi/vec4 0, 0, 2;
    %assign/vec4 v000001901072ff90_0, 0;
    %pushi/vec4 0, 0, 16;
    %assign/vec4 v000001901072c280_0, 0;
    %pushi/vec4 0, 0, 3;
    %assign/vec4 v000001901072c320_0, 0;
    %pushi/vec4 0, 0, 8;
    %assign/vec4 v000001901072f310_0, 0;
    %pushi/vec4 1, 0, 1;
    %assign/vec4 v000001901072fef0_0, 0;
    %pushi/vec4 0, 0, 2;
    %assign/vec4 v000001901072cf00_0, 0;
    %pushi/vec4 0, 0, 16;
    %assign/vec4 v000001901072c0a0_0, 0;
    %pushi/vec4 0, 0, 3;
    %assign/vec4 v000001901072d180_0, 0;
    %pushi/vec4 0, 0, 8;
    %assign/vec4 v000001901072bec0_0, 0;
    %pushi/vec4 1, 0, 1;
    %assign/vec4 v000001901072cbe0_0, 0;
    %pushi/vec4 1, 0, 1;
    %assign/vec4 v000001901072cc80_0, 0;
    %jmp T_27.1;
T_27.0 ;
    %load/vec4 v000001901072d2c0_0;
    %assign/vec4 v000001901072cbe0_0, 0;
    %load/vec4 v000001901072cbe0_0;
    %assign/vec4 v000001901072cc80_0, 0;
    %load/vec4 v00000190107317f0_0;
    %flag_set/vec4 9;
    %flag_get/vec4 9;
    %jmp/0 T_27.4, 9;
    %load/vec4 v000001901072c820_0;
    %nor/r;
    %and;
T_27.4;
    %flag_set/vec4 8;
    %jmp/0xz  T_27.2, 8;
    %load/vec4 v0000019010730ad0_0;
    %load/vec4 v000001901072f450_0;
    %pad/u 5;
    %ix/vec4 3;
    %ix/load 4, 0, 0; Constant delay
    %assign/vec4/a/d v0000019010730530, 0, 4;
    %load/vec4 v000001901072f450_0;
    %addi 1, 0, 3;
    %assign/vec4 v000001901072f450_0, 0;
T_27.2 ;
    %load/vec4 v00000190107317f0_0;
    %flag_set/vec4 10;
    %flag_get/vec4 10;
    %jmp/0 T_27.8, 10;
    %load/vec4 v000001901072c820_0;
    %nor/r;
    %and;
T_27.8;
    %flag_set/vec4 9;
    %flag_get/vec4 9;
    %jmp/0 T_27.7, 9;
    %load/vec4 v000001901072f8b0_0;
    %nor/r;
    %and;
T_27.7;
    %flag_set/vec4 8;
    %jmp/0xz  T_27.5, 8;
    %load/vec4 v000001901072c460_0;
    %addi 1, 0, 4;
    %assign/vec4 v000001901072c460_0, 0;
    %jmp T_27.6;
T_27.5 ;
    %load/vec4 v00000190107317f0_0;
    %flag_set/vec4 10;
    %flag_get/vec4 10;
    %jmp/0 T_27.12, 10;
    %load/vec4 v000001901072c820_0;
    %nor/r;
    %and;
T_27.12;
    %nor/r;
    %flag_set/vec4 9;
    %flag_get/vec4 9;
    %jmp/0 T_27.11, 9;
    %load/vec4 v000001901072f8b0_0;
    %and;
T_27.11;
    %flag_set/vec4 8;
    %jmp/0xz  T_27.9, 8;
    %load/vec4 v000001901072c460_0;
    %subi 1, 0, 4;
    %assign/vec4 v000001901072c460_0, 0;
T_27.9 ;
T_27.6 ;
    %load/vec4 v000001901072ff90_0;
    %dup/vec4;
    %pushi/vec4 0, 0, 2;
    %cmp/u;
    %jmp/1 T_27.13, 6;
    %dup/vec4;
    %pushi/vec4 1, 0, 2;
    %cmp/u;
    %jmp/1 T_27.14, 6;
    %dup/vec4;
    %pushi/vec4 2, 0, 2;
    %cmp/u;
    %jmp/1 T_27.15, 6;
    %dup/vec4;
    %pushi/vec4 3, 0, 2;
    %cmp/u;
    %jmp/1 T_27.16, 6;
    %jmp T_27.17;
T_27.13 ;
    %pushi/vec4 1, 0, 1;
    %assign/vec4 v000001901072fef0_0, 0;
    %pushi/vec4 0, 0, 16;
    %assign/vec4 v000001901072c280_0, 0;
    %pushi/vec4 0, 0, 3;
    %assign/vec4 v000001901072c320_0, 0;
    %load/vec4 v000001901072c780_0;
    %nor/r;
    %flag_set/vec4 8;
    %jmp/0xz  T_27.18, 8;
    %load/vec4 v0000019010731750_0;
    %pad/u 5;
    %ix/vec4 4;
    %load/vec4a v0000019010730530, 4;
    %assign/vec4 v000001901072f310_0, 0;
    %load/vec4 v0000019010731750_0;
    %addi 1, 0, 3;
    %assign/vec4 v0000019010731750_0, 0;
    %pushi/vec4 1, 0, 2;
    %assign/vec4 v000001901072ff90_0, 0;
T_27.18 ;
    %jmp T_27.17;
T_27.14 ;
    %pushi/vec4 0, 0, 1;
    %assign/vec4 v000001901072fef0_0, 0;
    %load/vec4 v000001901072c280_0;
    %pad/u 32;
    %cmpi/e 7, 0, 32;
    %jmp/0xz  T_27.20, 4;
    %pushi/vec4 0, 0, 16;
    %assign/vec4 v000001901072c280_0, 0;
    %pushi/vec4 2, 0, 2;
    %assign/vec4 v000001901072ff90_0, 0;
    %jmp T_27.21;
T_27.20 ;
    %load/vec4 v000001901072c280_0;
    %addi 1, 0, 16;
    %assign/vec4 v000001901072c280_0, 0;
T_27.21 ;
    %jmp T_27.17;
T_27.15 ;
    %load/vec4 v000001901072f310_0;
    %load/vec4 v000001901072c320_0;
    %part/u 1;
    %assign/vec4 v000001901072fef0_0, 0;
    %load/vec4 v000001901072c280_0;
    %pad/u 32;
    %cmpi/e 7, 0, 32;
    %jmp/0xz  T_27.22, 4;
    %pushi/vec4 0, 0, 16;
    %assign/vec4 v000001901072c280_0, 0;
    %load/vec4 v000001901072c320_0;
    %cmpi/e 7, 0, 3;
    %jmp/0xz  T_27.24, 4;
    %pushi/vec4 3, 0, 2;
    %assign/vec4 v000001901072ff90_0, 0;
    %jmp T_27.25;
T_27.24 ;
    %load/vec4 v000001901072c320_0;
    %addi 1, 0, 3;
    %assign/vec4 v000001901072c320_0, 0;
T_27.25 ;
    %jmp T_27.23;
T_27.22 ;
    %load/vec4 v000001901072c280_0;
    %addi 1, 0, 16;
    %assign/vec4 v000001901072c280_0, 0;
T_27.23 ;
    %jmp T_27.17;
T_27.16 ;
    %pushi/vec4 1, 0, 1;
    %assign/vec4 v000001901072fef0_0, 0;
    %load/vec4 v000001901072c280_0;
    %pad/u 32;
    %cmpi/e 7, 0, 32;
    %jmp/0xz  T_27.26, 4;
    %pushi/vec4 0, 0, 16;
    %assign/vec4 v000001901072c280_0, 0;
    %pushi/vec4 0, 0, 2;
    %assign/vec4 v000001901072ff90_0, 0;
    %jmp T_27.27;
T_27.26 ;
    %load/vec4 v000001901072c280_0;
    %addi 1, 0, 16;
    %assign/vec4 v000001901072c280_0, 0;
T_27.27 ;
    %jmp T_27.17;
T_27.17 ;
    %pop/vec4 1;
    %load/vec4 v000001901072cf00_0;
    %dup/vec4;
    %pushi/vec4 0, 0, 2;
    %cmp/u;
    %jmp/1 T_27.28, 6;
    %dup/vec4;
    %pushi/vec4 1, 0, 2;
    %cmp/u;
    %jmp/1 T_27.29, 6;
    %dup/vec4;
    %pushi/vec4 2, 0, 2;
    %cmp/u;
    %jmp/1 T_27.30, 6;
    %dup/vec4;
    %pushi/vec4 3, 0, 2;
    %cmp/u;
    %jmp/1 T_27.31, 6;
    %jmp T_27.32;
T_27.28 ;
    %pushi/vec4 0, 0, 16;
    %assign/vec4 v000001901072c0a0_0, 0;
    %pushi/vec4 0, 0, 3;
    %assign/vec4 v000001901072d180_0, 0;
    %load/vec4 v000001901072cc80_0;
    %cmpi/e 0, 0, 1;
    %jmp/0xz  T_27.33, 4;
    %pushi/vec4 1, 0, 2;
    %assign/vec4 v000001901072cf00_0, 0;
T_27.33 ;
    %jmp T_27.32;
T_27.29 ;
    %load/vec4 v000001901072c0a0_0;
    %pad/u 32;
    %cmpi/e 3, 0, 32;
    %jmp/0xz  T_27.35, 4;
    %pushi/vec4 0, 0, 16;
    %assign/vec4 v000001901072c0a0_0, 0;
    %load/vec4 v000001901072cc80_0;
    %cmpi/e 0, 0, 1;
    %jmp/0xz  T_27.37, 4;
    %pushi/vec4 2, 0, 2;
    %assign/vec4 v000001901072cf00_0, 0;
    %jmp T_27.38;
T_27.37 ;
    %pushi/vec4 0, 0, 2;
    %assign/vec4 v000001901072cf00_0, 0;
T_27.38 ;
    %jmp T_27.36;
T_27.35 ;
    %load/vec4 v000001901072c0a0_0;
    %addi 1, 0, 16;
    %assign/vec4 v000001901072c0a0_0, 0;
T_27.36 ;
    %jmp T_27.32;
T_27.30 ;
    %load/vec4 v000001901072c0a0_0;
    %pad/u 32;
    %cmpi/e 7, 0, 32;
    %jmp/0xz  T_27.39, 4;
    %pushi/vec4 0, 0, 16;
    %assign/vec4 v000001901072c0a0_0, 0;
    %load/vec4 v000001901072cc80_0;
    %ix/load 5, 0, 0;
    %ix/getv 4, v000001901072d180_0;
    %assign/vec4/off/d v000001901072bec0_0, 4, 5;
    %load/vec4 v000001901072d180_0;
    %cmpi/e 7, 0, 3;
    %jmp/0xz  T_27.41, 4;
    %pushi/vec4 3, 0, 2;
    %assign/vec4 v000001901072cf00_0, 0;
    %jmp T_27.42;
T_27.41 ;
    %load/vec4 v000001901072d180_0;
    %addi 1, 0, 3;
    %assign/vec4 v000001901072d180_0, 0;
T_27.42 ;
    %jmp T_27.40;
T_27.39 ;
    %load/vec4 v000001901072c0a0_0;
    %addi 1, 0, 16;
    %assign/vec4 v000001901072c0a0_0, 0;
T_27.40 ;
    %jmp T_27.32;
T_27.31 ;
    %load/vec4 v000001901072c0a0_0;
    %pad/u 32;
    %cmpi/e 7, 0, 32;
    %jmp/0xz  T_27.43, 4;
    %pushi/vec4 0, 0, 16;
    %assign/vec4 v000001901072c0a0_0, 0;
    %pushi/vec4 0, 0, 2;
    %assign/vec4 v000001901072cf00_0, 0;
    %jmp T_27.44;
T_27.43 ;
    %load/vec4 v000001901072c0a0_0;
    %addi 1, 0, 16;
    %assign/vec4 v000001901072c0a0_0, 0;
T_27.44 ;
    %jmp T_27.32;
T_27.32 ;
    %pop/vec4 1;
    %load/vec4 v000001901072c140_0;
    %flag_set/vec4 8;
    %jmp/0xz  T_27.45, 8;
    %load/vec4 v000001901072bec0_0;
    %load/vec4 v000001901072c000_0;
    %pad/u 5;
    %ix/vec4 3;
    %ix/load 4, 0, 0; Constant delay
    %assign/vec4/a/d v000001901072d0e0, 0, 4;
    %load/vec4 v000001901072c000_0;
    %addi 1, 0, 3;
    %assign/vec4 v000001901072c000_0, 0;
T_27.45 ;
    %load/vec4 v000001901072c140_0;
    %flag_set/vec4 9;
    %flag_get/vec4 9;
    %jmp/0 T_27.49, 9;
    %load/vec4 v000001901072c960_0;
    %flag_set/vec4 9;
    %flag_get/vec4 9;
    %jmp/0 T_27.50, 9;
    %load/vec4 v000001901072c500_0;
    %nor/r;
    %and;
T_27.50;
    %nor/r;
    %and;
T_27.49;
    %flag_set/vec4 8;
    %jmp/0xz  T_27.47, 8;
    %load/vec4 v000001901072ce60_0;
    %addi 1, 0, 4;
    %assign/vec4 v000001901072ce60_0, 0;
    %jmp T_27.48;
T_27.47 ;
    %load/vec4 v000001901072c140_0;
    %nor/r;
    %flag_set/vec4 9;
    %flag_get/vec4 9;
    %jmp/0 T_27.53, 9;
    %load/vec4 v000001901072c960_0;
    %flag_set/vec4 9;
    %flag_get/vec4 9;
    %jmp/0 T_27.54, 9;
    %load/vec4 v000001901072c500_0;
    %nor/r;
    %and;
T_27.54;
    %and;
T_27.53;
    %flag_set/vec4 8;
    %jmp/0xz  T_27.51, 8;
    %load/vec4 v000001901072ce60_0;
    %subi 1, 0, 4;
    %assign/vec4 v000001901072ce60_0, 0;
T_27.51 ;
T_27.48 ;
    %load/vec4 v000001901072c960_0;
    %flag_set/vec4 9;
    %flag_get/vec4 9;
    %jmp/0 T_27.57, 9;
    %load/vec4 v000001901072c500_0;
    %nor/r;
    %and;
T_27.57;
    %flag_set/vec4 8;
    %jmp/0xz  T_27.55, 8;
    %load/vec4 v000001901072d360_0;
    %addi 1, 0, 3;
    %assign/vec4 v000001901072d360_0, 0;
T_27.55 ;
T_27.1 ;
    %jmp T_27;
    .thread T_27;
    .scope S_0000019010581520;
T_28 ;
    %wait E_000001901069d9a0;
    %load/vec4 v0000019010733a50_0;
    %flag_set/vec4 8;
    %jmp/0xz  T_28.0, 8;
    %pushi/vec4 0, 0, 64;
    %assign/vec4 v0000019010733c30_0, 0;
    %pushi/vec4 4294967295, 0, 32;
    %concati/vec4 4294967295, 0, 32;
    %assign/vec4 v00000190107341d0_0, 0;
    %pushi/vec4 0, 0, 1;
    %assign/vec4 v0000019010733b90_0, 0;
    %jmp T_28.1;
T_28.0 ;
    %load/vec4 v0000019010733c30_0;
    %addi 1, 0, 64;
    %assign/vec4 v0000019010733c30_0, 0;
    %load/vec4 v00000190107339b0_0;
    %flag_set/vec4 8;
    %jmp/0xz  T_28.2, 8;
    %load/vec4 v00000190107335f0_0;
    %dup/vec4;
    %pushi/vec4 49, 0, 6;
    %cmp/u;
    %jmp/1 T_28.4, 6;
    %dup/vec4;
    %pushi/vec4 50, 0, 6;
    %cmp/u;
    %jmp/1 T_28.5, 6;
    %dup/vec4;
    %pushi/vec4 51, 0, 6;
    %cmp/u;
    %jmp/1 T_28.6, 6;
    %dup/vec4;
    %pushi/vec4 52, 0, 6;
    %cmp/u;
    %jmp/1 T_28.7, 6;
    %dup/vec4;
    %pushi/vec4 48, 0, 6;
    %cmp/u;
    %jmp/1 T_28.8, 6;
    %jmp T_28.10;
T_28.4 ;
    %load/vec4 v0000019010731430_0;
    %ix/load 4, 0, 0;
    %ix/load 5, 0, 0;
    %flag_set/imm 4, 0;
    %assign/vec4/off/d v00000190107341d0_0, 4, 5;
    %jmp T_28.10;
T_28.5 ;
    %load/vec4 v0000019010731430_0;
    %ix/load 4, 32, 0;
    %ix/load 5, 0, 0;
    %flag_set/imm 4, 0;
    %assign/vec4/off/d v00000190107341d0_0, 4, 5;
    %jmp T_28.10;
T_28.6 ;
    %load/vec4 v0000019010731430_0;
    %ix/load 4, 0, 0;
    %ix/load 5, 0, 0;
    %flag_set/imm 4, 0;
    %assign/vec4/off/d v0000019010733c30_0, 4, 5;
    %jmp T_28.10;
T_28.7 ;
    %load/vec4 v0000019010731430_0;
    %ix/load 4, 32, 0;
    %ix/load 5, 0, 0;
    %flag_set/imm 4, 0;
    %assign/vec4/off/d v0000019010733c30_0, 4, 5;
    %jmp T_28.10;
T_28.8 ;
    %load/vec4 v0000019010731430_0;
    %parti/s 1, 0, 2;
    %assign/vec4 v0000019010733b90_0, 0;
    %jmp T_28.10;
T_28.10 ;
    %pop/vec4 1;
T_28.2 ;
T_28.1 ;
    %jmp T_28;
    .thread T_28;
    .scope S_0000019010581520;
T_29 ;
    %wait E_000001901069dc60;
    %load/vec4 v0000019010733730_0;
    %cmpi/u 8, 0, 6;
    %flag_or 5, 4;
    %jmp/0xz  T_29.0, 5;
    %load/vec4 v0000019010730710_0;
    %store/vec4 v0000019010732f10_0, 0, 32;
    %jmp T_29.1;
T_29.0 ;
    %load/vec4 v0000019010733730_0;
    %cmpi/u 16, 0, 6;
    %flag_inv 5; GE is !LT
    %flag_get/vec4 5;
    %jmp/0 T_29.4, 5;
    %load/vec4 v0000019010733730_0;
    %cmpi/u 31, 0, 6;
    %flag_get/vec4 4;
    %flag_get/vec4 5;
    %or;
    %and;
T_29.4;
    %flag_set/vec4 8;
    %jmp/0xz  T_29.2, 8;
    %load/vec4 v0000019010733730_0;
    %parti/s 4, 2, 3;
    %dup/vec4;
    %pushi/vec4 4, 0, 4;
    %cmp/u;
    %jmp/1 T_29.5, 6;
    %dup/vec4;
    %pushi/vec4 5, 0, 4;
    %cmp/u;
    %jmp/1 T_29.6, 6;
    %dup/vec4;
    %pushi/vec4 6, 0, 4;
    %cmp/u;
    %jmp/1 T_29.7, 6;
    %dup/vec4;
    %pushi/vec4 7, 0, 4;
    %cmp/u;
    %jmp/1 T_29.8, 6;
    %pushi/vec4 0, 0, 32;
    %store/vec4 v0000019010732f10_0, 0, 32;
    %jmp T_29.10;
T_29.5 ;
    %load/vec4 v0000019010732ab0_0;
    %store/vec4 v0000019010732f10_0, 0, 32;
    %jmp T_29.10;
T_29.6 ;
    %load/vec4 v0000019010732010_0;
    %store/vec4 v0000019010732f10_0, 0, 32;
    %jmp T_29.10;
T_29.7 ;
    %load/vec4 v00000190107332d0_0;
    %store/vec4 v0000019010732f10_0, 0, 32;
    %jmp T_29.10;
T_29.8 ;
    %load/vec4 v0000019010731a70_0;
    %store/vec4 v0000019010732f10_0, 0, 32;
    %jmp T_29.10;
T_29.10 ;
    %pop/vec4 1;
    %jmp T_29.3;
T_29.2 ;
    %load/vec4 v0000019010733730_0;
    %cmpi/e 40, 0, 6;
    %jmp/0xz  T_29.11, 4;
    %load/vec4 v0000019010731390_0;
    %store/vec4 v0000019010732f10_0, 0, 32;
    %jmp T_29.12;
T_29.11 ;
    %load/vec4 v0000019010733730_0;
    %dup/vec4;
    %pushi/vec4 48, 0, 6;
    %cmp/u;
    %jmp/1 T_29.13, 6;
    %dup/vec4;
    %pushi/vec4 49, 0, 6;
    %cmp/u;
    %jmp/1 T_29.14, 6;
    %dup/vec4;
    %pushi/vec4 50, 0, 6;
    %cmp/u;
    %jmp/1 T_29.15, 6;
    %dup/vec4;
    %pushi/vec4 51, 0, 6;
    %cmp/u;
    %jmp/1 T_29.16, 6;
    %dup/vec4;
    %pushi/vec4 52, 0, 6;
    %cmp/u;
    %jmp/1 T_29.17, 6;
    %pushi/vec4 0, 0, 32;
    %store/vec4 v0000019010732f10_0, 0, 32;
    %jmp T_29.19;
T_29.13 ;
    %pushi/vec4 0, 0, 31;
    %load/vec4 v0000019010733b90_0;
    %concat/vec4; draw_concat_vec4
    %store/vec4 v0000019010732f10_0, 0, 32;
    %jmp T_29.19;
T_29.14 ;
    %load/vec4 v00000190107341d0_0;
    %parti/s 32, 0, 2;
    %store/vec4 v0000019010732f10_0, 0, 32;
    %jmp T_29.19;
T_29.15 ;
    %load/vec4 v00000190107341d0_0;
    %parti/s 32, 32, 7;
    %store/vec4 v0000019010732f10_0, 0, 32;
    %jmp T_29.19;
T_29.16 ;
    %load/vec4 v0000019010733c30_0;
    %parti/s 32, 0, 2;
    %store/vec4 v0000019010732f10_0, 0, 32;
    %jmp T_29.19;
T_29.17 ;
    %load/vec4 v0000019010733c30_0;
    %parti/s 32, 32, 7;
    %store/vec4 v0000019010732f10_0, 0, 32;
    %jmp T_29.19;
T_29.19 ;
    %pop/vec4 1;
T_29.12 ;
T_29.3 ;
T_29.1 ;
    %jmp T_29;
    .thread T_29, $push;
    .scope S_0000019010581520;
T_30 ;
    %wait E_000001901069de60;
    %load/vec4 v0000019010732470_0;
    %assign/vec4 v0000019010733f50_0, 0;
    %load/vec4 v0000019010732f10_0;
    %assign/vec4 v0000019010731b10_0, 0;
    %jmp T_30;
    .thread T_30;
    .scope S_0000019010581390;
T_31 ;
    %pushi/vec4 0, 0, 1;
    %store/vec4 v00000190107330f0_0, 0, 1;
    %pushi/vec4 1, 0, 1;
    %store/vec4 v0000019010733410_0, 0, 1;
    %pushi/vec4 1, 0, 1;
    %store/vec4 v0000019010731cf0_0, 0, 1;
    %pushi/vec4 0, 0, 32;
    %store/vec4 v0000019010733af0_0, 0, 32;
    %end;
    .thread T_31;
    .scope S_0000019010581390;
T_32 ;
    %delay 5000, 0;
    %load/vec4 v00000190107330f0_0;
    %inv;
    %store/vec4 v00000190107330f0_0, 0, 1;
    %jmp T_32;
    .thread T_32;
    .scope S_0000019010581390;
T_33 ;
    %delay 12000, 0;
    %pushi/vec4 0, 0, 1;
    %store/vec4 v0000019010733410_0, 0, 1;
    %delay 300000, 0;
    %pushi/vec4 2, 0, 32;
    %store/vec4 v0000019010731ed0_0, 0, 32;
    %fork TD_Boot_tb.send_word32, S_0000019010737cc0;
    %join;
    %pushi/vec4 89129107, 0, 32;
    %store/vec4 v0000019010731ed0_0, 0, 32;
    %fork TD_Boot_tb.send_word32, S_0000019010737cc0;
    %join;
    %pushi/vec4 111, 0, 32;
    %store/vec4 v0000019010731ed0_0, 0, 32;
    %fork TD_Boot_tb.send_word32, S_0000019010737cc0;
    %join;
    %delay 2000000, 0;
    %vpi_call 2 53 "$display", "PC=%08h", v000001901067d150_0 {0 0 0};
    %vpi_call 2 54 "$display", "x1=%08h", &A<v0000019010633860, 1> {0 0 0};
    %ix/load 4, 1, 0;
    %flag_set/imm 4, 0;
    %load/vec4a v0000019010633860, 4;
    %cmpi/ne 85, 0, 32;
    %jmp/0xz  T_33.0, 6;
    %load/vec4 v0000019010733af0_0;
    %addi 1, 0, 32;
    %store/vec4 v0000019010733af0_0, 0, 32;
    %vpi_call 2 57 "$display", "FAIL: x1 = %08h expected 00000055 (loaded program did not run)", &A<v0000019010633860, 1> {0 0 0};
    %jmp T_33.1;
T_33.0 ;
    %vpi_call 2 58 "$display", "ok: x1 = 55 -- loaded program executed" {0 0 0};
T_33.1 ;
    %load/vec4 v000001901067d150_0;
    %cmpi/u 4096, 0, 32;
    %jmp/1 T_33.4, 5;
    %flag_mov 8, 5;
    %load/vec4 v000001901067d150_0;
    %cmpi/u 4112, 0, 32;
    %flag_or 5, 4; GT is !LE
    %flag_inv 5;
    %flag_or 5, 8;
T_33.4;
    %jmp/0xz  T_33.2, 5;
    %load/vec4 v0000019010733af0_0;
    %addi 1, 0, 32;
    %store/vec4 v0000019010733af0_0, 0, 32;
    %vpi_call 2 62 "$display", "FAIL: PC = %08h expected to be spinning near 0x1000", v000001901067d150_0 {0 0 0};
    %jmp T_33.3;
T_33.2 ;
    %vpi_call 2 63 "$display", "ok: PC spinning at %08h (inside loaded program)", v000001901067d150_0 {0 0 0};
T_33.3 ;
    %load/vec4 v0000019010733af0_0;
    %cmpi/e 0, 0, 32;
    %jmp/0xz  T_33.5, 4;
    %vpi_call 2 65 "$display", "BOOTLOADER TEST PASSED" {0 0 0};
    %jmp T_33.6;
T_33.5 ;
    %vpi_call 2 66 "$display", "BOOTLOADER TEST FAILED: %0d error(s)", v0000019010733af0_0 {0 0 0};
T_33.6 ;
    %vpi_call 2 67 "$finish" {0 0 0};
    %end;
    .thread T_33;
# The file index is used to find the file name in the following table.
:file_names 10;
    "N/A";
    "<interactive>";
    "Boottb.v";
    "./TopLayer.v";
    "./BRAM.v";
    "./CPU.v";
    "./ALU.v";
    "./Registry.v";
    "./GPIO.v";
    "./UART.v";
