#! /c/Source/iverilog-install/bin/vvp
:ivl_version "12.0 (devel)" "(s20150603-1539-g2693dd32b)";
:ivl_delay_selection "TYPICAL";
:vpi_time_precision - 12;
:vpi_module "C:\iverilog\lib\ivl\system.vpi";
:vpi_module "C:\iverilog\lib\ivl\vhdl_sys.vpi";
:vpi_module "C:\iverilog\lib\ivl\vhdl_textio.vpi";
:vpi_module "C:\iverilog\lib\ivl\v2005_math.vpi";
:vpi_module "C:\iverilog\lib\ivl\va_math.vpi";
S_000001ef489ad190 .scope module, "CPU_tb" "CPU_tb" 2 20;
 .timescale -9 -12;
P_000001ef48988310 .param/l "NWORDS" 1 2 34, +C4<00000000000000000000000100011110>;
v000001ef48a32340_0 .var "clk", 0 0;
v000001ef48a327a0_0 .var/i "errors", 31 0;
v000001ef48a311c0_0 .var "gpio_in_r", 31 0;
v000001ef48a32200_0 .net "gpio_out_w", 31 0, L_000001ef48a9ba60;  1 drivers
v000001ef48a32840_0 .var/i "i", 31 0;
v000001ef48a31a80_0 .var "irq_external", 0 0;
v000001ef48a31da0 .array "prog", 285 0, 31 0;
v000001ef48a31e40_0 .var "rst", 0 0;
S_000001ef489a6da0 .scope task, "ckfw" "ckfw" 2 62, 2 62 0, S_000001ef489ad190;
 .timescale -9 -12;
v000001ef4894fca0_0 .var "adr", 15 0;
v000001ef4894ff20_0 .var "exp", 31 0;
v000001ef4894fac0_0 .var "nm", 255 0;
TD_CPU_tb.ckfw ;
    %load/vec4 v000001ef4894fca0_0;
    %store/vec4 v000001ef48a314e0_0, 0, 16;
    %callf/vec4 TD_CPU_tb.rdw, S_000001ef48a26c10;
    %load/vec4 v000001ef4894ff20_0;
    %cmp/ne;
    %jmp/0xz  T_0.0, 6;
    %load/vec4 v000001ef48a327a0_0;
    %addi 1, 0, 32;
    %store/vec4 v000001ef48a327a0_0, 0, 32;
    %load/vec4 v000001ef4894fca0_0;
    %store/vec4 v000001ef48a314e0_0, 0, 16;
    %callf/vec4 TD_CPU_tb.rdw, S_000001ef48a26c10;
    %vpi_call 2 65 "$display", "  FAIL %0s = %08h  expected %08h", v000001ef4894fac0_0, S<0,vec4,u32>, v000001ef4894ff20_0 {1 0 0};
    %jmp T_0.1;
T_0.0 ;
    %vpi_call 2 66 "$display", "  ok   %0s = %08h", v000001ef4894fac0_0, v000001ef4894ff20_0 {0 0 0};
T_0.1 ;
    %end;
S_000001ef489ae390 .scope task, "cklog" "cklog" 2 69, 2 69 0, S_000001ef489ad190;
 .timescale -9 -12;
v000001ef4894fde0_0 .var "adr", 15 0;
v000001ef4894fd40_0 .var "exp", 31 0;
v000001ef489511e0_0 .var "nm", 255 0;
TD_CPU_tb.cklog ;
    %load/vec4 v000001ef4894fde0_0;
    %store/vec4 v000001ef48a314e0_0, 0, 16;
    %callf/vec4 TD_CPU_tb.rdw, S_000001ef48a26c10;
    %load/vec4 v000001ef4894fd40_0;
    %cmp/ne;
    %jmp/0xz  T_1.2, 6;
    %load/vec4 v000001ef48a327a0_0;
    %addi 1, 0, 32;
    %store/vec4 v000001ef48a327a0_0, 0, 32;
    %load/vec4 v000001ef4894fde0_0;
    %store/vec4 v000001ef48a314e0_0, 0, 16;
    %callf/vec4 TD_CPU_tb.rdw, S_000001ef48a26c10;
    %vpi_call 2 72 "$display", "  FAIL %0s = %08h  expected %08h", v000001ef489511e0_0, S<0,vec4,u32>, v000001ef4894fd40_0 {1 0 0};
    %jmp T_1.3;
T_1.2 ;
    %vpi_call 2 73 "$display", "  ok   %0s = %08h", v000001ef489511e0_0, v000001ef4894fd40_0 {0 0 0};
T_1.3 ;
    %end;
S_000001ef4885daf0 .scope task, "ckmem" "ckmem" 2 51, 2 51 0, S_000001ef489ad190;
 .timescale -9 -12;
v000001ef4894fe80_0 .var "adr", 15 0;
v000001ef4894f020_0 .var "exp", 7 0;
TD_CPU_tb.ckmem ;
    %load/vec4 v000001ef4894fe80_0;
    %pad/u 18;
    %ix/vec4 4;
    %load/vec4a v000001ef4894f980, 4;
    %load/vec4 v000001ef4894f020_0;
    %cmp/ne;
    %jmp/0xz  T_2.4, 6;
    %load/vec4 v000001ef48a327a0_0;
    %addi 1, 0, 32;
    %store/vec4 v000001ef48a327a0_0, 0, 32;
    %load/vec4 v000001ef4894fe80_0;
    %pad/u 18;
    %ix/vec4 4;
    %load/vec4a v000001ef4894f980, 4;
    %vpi_call 2 54 "$display", "  FAIL mem[%04h] = %02h  expected %02h", v000001ef4894fe80_0, S<0,vec4,u8>, v000001ef4894f020_0 {1 0 0};
T_2.4 ;
    %end;
S_000001ef489a3e30 .scope task, "ckreg" "ckreg" 2 44, 2 44 0, S_000001ef489ad190;
 .timescale -9 -12;
v000001ef4894f340_0 .var "exp", 31 0;
v000001ef48950920_0 .var "r", 4 0;
TD_CPU_tb.ckreg ;
    %load/vec4 v000001ef48950920_0;
    %pad/u 7;
    %ix/vec4 4;
    %load/vec4a v000001ef48950d80, 4;
    %load/vec4 v000001ef4894f340_0;
    %cmp/ne;
    %jmp/0xz  T_3.6, 6;
    %load/vec4 v000001ef48a327a0_0;
    %addi 1, 0, 32;
    %store/vec4 v000001ef48a327a0_0, 0, 32;
    %load/vec4 v000001ef48950920_0;
    %pad/u 7;
    %ix/vec4 4;
    %load/vec4a v000001ef48950d80, 4;
    %vpi_call 2 47 "$display", "  FAIL x%0d = %08h  expected %08h", v000001ef48950920_0, S<0,vec4,u32>, v000001ef4894f340_0 {1 0 0};
    %jmp T_3.7;
T_3.6 ;
    %vpi_call 2 48 "$display", "  ok   x%0d = %08h", v000001ef48950920_0, v000001ef4894f340_0 {0 0 0};
T_3.7 ;
    %end;
S_000001ef48992f20 .scope module, "dut" "TopLayer" 2 29, 3 20 0, S_000001ef489ad190;
 .timescale -9 -12;
    .port_info 0 /INPUT 1 "clk";
    .port_info 1 /INPUT 1 "rst";
    .port_info 2 /INPUT 1 "irq_external";
    .port_info 3 /INPUT 32 "gpio_in";
    .port_info 4 /OUTPUT 32 "gpio_out";
    .port_info 5 /INPUT 4 "uart_rx";
    .port_info 6 /OUTPUT 4 "uart_tx";
P_000001ef489930b0 .param/l "CLINT_MSIP" 1 3 32, C4<110000>;
P_000001ef489930e8 .param/l "CLINT_MTIMECMPH" 1 3 34, C4<110010>;
P_000001ef48993120 .param/l "CLINT_MTIMECMPL" 1 3 33, C4<110001>;
P_000001ef48993158 .param/l "CLINT_MTIMEH" 1 3 36, C4<110100>;
P_000001ef48993190 .param/l "CLINT_MTIMEL" 1 3 35, C4<110011>;
P_000001ef489931c8 .param/l "CLKS_PER_BIT" 0 3 21, +C4<00000000000000000000000000010000>;
L_000001ef48a9b980 .functor AND 1, L_000001ef48a88470, L_000001ef48a89230, C4<1>, C4<1>;
L_000001ef48a9b670 .functor AND 1, L_000001ef48a888d0, L_000001ef48a8a630, C4<1>, C4<1>;
L_000001ef48a9ba60 .functor BUFZ 32, L_000001ef48a86e90, C4<00000000000000000000000000000000>, C4<00000000000000000000000000000000>, C4<00000000000000000000000000000000>;
L_000001ef48a9c940 .functor AND 1, L_000001ef48a9b980, L_000001ef48a89910, C4<1>, C4<1>;
L_000001ef48a9b440 .functor AND 1, L_000001ef48a9b670, L_000001ef48a8a310, C4<1>, C4<1>;
L_000001ef48a9c550 .functor AND 1, L_000001ef48a9b980, L_000001ef48a8aa90, C4<1>, C4<1>;
L_000001ef48a9c780 .functor AND 1, L_000001ef48a9b670, L_000001ef48a8aef0, C4<1>, C4<1>;
L_000001ef48a9bc20 .functor AND 1, L_000001ef48a9b980, L_000001ef48a85630, C4<1>, C4<1>;
L_000001ef48a9b9f0 .functor AND 1, L_000001ef48a9b670, L_000001ef48a833d0, C4<1>, C4<1>;
L_000001ef48a9c8d0 .functor AND 1, L_000001ef48a9b980, L_000001ef48a845f0, C4<1>, C4<1>;
L_000001ef48a9b600 .functor AND 1, L_000001ef48a9b670, L_000001ef48a84b90, C4<1>, C4<1>;
v000001ef48a36800_0 .net *"_ivl_195", 23 0, L_000001ef48a89730;  1 drivers
L_000001ef48a3a888 .functor BUFT 1, C4<111111111111111111111111>, C4<0>, C4<0>, C4<0>;
v000001ef48a370c0_0 .net/2u *"_ivl_196", 23 0, L_000001ef48a3a888;  1 drivers
v000001ef48a368a0_0 .net *"_ivl_201", 23 0, L_000001ef48a881f0;  1 drivers
L_000001ef48a3a8d0 .functor BUFT 1, C4<111111111111111111111111>, C4<0>, C4<0>, C4<0>;
v000001ef48a37020_0 .net/2u *"_ivl_202", 23 0, L_000001ef48a3a8d0;  1 drivers
L_000001ef48a3a918 .functor BUFT 1, C4<111>, C4<0>, C4<0>, C4<0>;
v000001ef48a38420_0 .net/2u *"_ivl_210", 2 0, L_000001ef48a3a918;  1 drivers
v000001ef48a369e0_0 .net *"_ivl_212", 0 0, L_000001ef48a89230;  1 drivers
L_000001ef48a3a960 .functor BUFT 1, C4<111>, C4<0>, C4<0>, C4<0>;
v000001ef48a37c00_0 .net/2u *"_ivl_216", 2 0, L_000001ef48a3a960;  1 drivers
v000001ef48a37340_0 .net *"_ivl_218", 0 0, L_000001ef48a8a630;  1 drivers
L_000001ef48a3a9a8 .functor BUFT 1, C4<111>, C4<0>, C4<0>, C4<0>;
v000001ef48a372a0_0 .net/2u *"_ivl_222", 2 0, L_000001ef48a3a9a8;  1 drivers
L_000001ef48a3ad50 .functor BUFT 1, C4<100000>, C4<0>, C4<0>, C4<0>;
v000001ef48a373e0_0 .net/2u *"_ivl_236", 5 0, L_000001ef48a3ad50;  1 drivers
v000001ef48a377a0_0 .net *"_ivl_238", 0 0, L_000001ef48a89910;  1 drivers
L_000001ef48a3ad98 .functor BUFT 1, C4<100000>, C4<0>, C4<0>, C4<0>;
v000001ef48a36da0_0 .net/2u *"_ivl_244", 5 0, L_000001ef48a3ad98;  1 drivers
v000001ef48a38880_0 .net *"_ivl_246", 0 0, L_000001ef48a8a310;  1 drivers
L_000001ef48a3ade0 .functor BUFT 1, C4<100001>, C4<0>, C4<0>, C4<0>;
v000001ef48a36ee0_0 .net/2u *"_ivl_250", 5 0, L_000001ef48a3ade0;  1 drivers
L_000001ef48a3b188 .functor BUFT 1, C4<100010>, C4<0>, C4<0>, C4<0>;
v000001ef48a37fc0_0 .net/2u *"_ivl_258", 5 0, L_000001ef48a3b188;  1 drivers
v000001ef48a37f20_0 .net *"_ivl_260", 0 0, L_000001ef48a8aa90;  1 drivers
L_000001ef48a3b1d0 .functor BUFT 1, C4<100010>, C4<0>, C4<0>, C4<0>;
v000001ef48a36260_0 .net/2u *"_ivl_266", 5 0, L_000001ef48a3b1d0;  1 drivers
v000001ef48a378e0_0 .net *"_ivl_268", 0 0, L_000001ef48a8aef0;  1 drivers
L_000001ef48a3b218 .functor BUFT 1, C4<100011>, C4<0>, C4<0>, C4<0>;
v000001ef48a37d40_0 .net/2u *"_ivl_272", 5 0, L_000001ef48a3b218;  1 drivers
L_000001ef48a3b5c0 .functor BUFT 1, C4<100100>, C4<0>, C4<0>, C4<0>;
v000001ef48a36f80_0 .net/2u *"_ivl_280", 5 0, L_000001ef48a3b5c0;  1 drivers
v000001ef48a37de0_0 .net *"_ivl_282", 0 0, L_000001ef48a85630;  1 drivers
L_000001ef48a3b608 .functor BUFT 1, C4<100100>, C4<0>, C4<0>, C4<0>;
v000001ef48a37160_0 .net/2u *"_ivl_288", 5 0, L_000001ef48a3b608;  1 drivers
v000001ef48a38600_0 .net *"_ivl_290", 0 0, L_000001ef48a833d0;  1 drivers
L_000001ef48a3b650 .functor BUFT 1, C4<100101>, C4<0>, C4<0>, C4<0>;
v000001ef48a38060_0 .net/2u *"_ivl_294", 5 0, L_000001ef48a3b650;  1 drivers
L_000001ef48a3b9f8 .functor BUFT 1, C4<100110>, C4<0>, C4<0>, C4<0>;
v000001ef48a37480_0 .net/2u *"_ivl_303", 5 0, L_000001ef48a3b9f8;  1 drivers
v000001ef48a38100_0 .net *"_ivl_305", 0 0, L_000001ef48a845f0;  1 drivers
L_000001ef48a3ba40 .functor BUFT 1, C4<100110>, C4<0>, C4<0>, C4<0>;
v000001ef48a363a0_0 .net/2u *"_ivl_311", 5 0, L_000001ef48a3ba40;  1 drivers
v000001ef48a381a0_0 .net *"_ivl_313", 0 0, L_000001ef48a84b90;  1 drivers
L_000001ef48a3ba88 .functor BUFT 1, C4<100111>, C4<0>, C4<0>, C4<0>;
v000001ef48a37520_0 .net/2u *"_ivl_317", 5 0, L_000001ef48a3ba88;  1 drivers
v000001ef48a364e0_0 .net "bram_data_out", 31 0, v000001ef48951280_0;  1 drivers
v000001ef48a36c60_0 .net "bram_write_mode", 2 0, L_000001ef48a883d0;  1 drivers
v000001ef48a36580_0 .net "clk", 0 0, v000001ef48a32340_0;  1 drivers
v000001ef48a36620_0 .net "gpio_in", 31 0, v000001ef48a311c0_0;  1 drivers
v000001ef48a38240_0 .net "gpio_out", 31 0, L_000001ef48a9ba60;  alias, 1 drivers
v000001ef48a366c0_0 .net "gpio_out_bits", 31 0, L_000001ef48a86e90;  1 drivers
v000001ef48a37200_0 .net "gpio_read_bits", 31 0, L_000001ef48a87750;  1 drivers
v000001ef48a375c0_0 .net "irq_external", 0 0, v000001ef48a31a80_0;  1 drivers
v000001ef48a382e0_0 .net "mem_data_in", 31 0, v000001ef4894ef80_0;  1 drivers
v000001ef48a38380_0 .net "mem_data_out", 31 0, L_000001ef48a85590;  1 drivers
v000001ef48a386a0_0 .net "mem_fetch_addr", 15 0, L_000001ef48a85a90;  1 drivers
v000001ef48a37700_0 .net "mem_instruction", 31 0, v000001ef4894ffc0_0;  1 drivers
v000001ef48a37980_0 .net "mem_read_addr", 31 0, v000001ef48951e60_0;  1 drivers
v000001ef48a384c0_0 .net "mem_read_mode", 2 0, v000001ef489515a0_0;  1 drivers
v000001ef48a37a20_0 .net "mem_write_addr", 31 0, v000001ef48951640_0;  1 drivers
v000001ef48a38560_0 .net "mem_write_mode", 2 0, v000001ef48951500_0;  1 drivers
v000001ef48a38920_0 .var "mmio_read_data", 31 0;
v000001ef48a37ac0_0 .var "mmio_read_data_q", 31 0;
v000001ef48a36760_0 .net "mmio_read_en", 0 0, L_000001ef48a9b670;  1 drivers
v000001ef48a36b20_0 .net "mmio_read_slot", 5 0, L_000001ef48a8a450;  1 drivers
v000001ef48a36d00_0 .net "mmio_write_en", 0 0, L_000001ef48a9b980;  1 drivers
v000001ef48a36bc0_0 .net "mmio_write_slot", 5 0, L_000001ef48a89b90;  1 drivers
v000001ef48a38a60_0 .var "msip", 0 0;
v000001ef48a39000_0 .var "mtime", 63 0;
v000001ef48a38ba0_0 .var "mtimecmp", 63 0;
v000001ef48a38e20_0 .net "read_is_mmio", 0 0, L_000001ef48a888d0;  1 drivers
v000001ef48a38c40_0 .var "read_was_mmio", 0 0;
v000001ef48a38b00_0 .net "rst", 0 0, v000001ef48a31e40_0;  1 drivers
v000001ef48a38ce0_0 .net "soft_int", 0 0, v000001ef48a38a60_0;  1 drivers
v000001ef48a38ec0_0 .net "timer_int", 0 0, L_000001ef48a83d30;  1 drivers
v000001ef48a390a0_0 .net "uart_rdata0", 31 0, L_000001ef48a89a50;  1 drivers
v000001ef48a38d80_0 .net "uart_rdata1", 31 0, L_000001ef48a8ad10;  1 drivers
v000001ef48a38f60_0 .net "uart_rdata2", 31 0, L_000001ef48a84550;  1 drivers
v000001ef48a389c0_0 .net "uart_rdata3", 31 0, L_000001ef48a84910;  1 drivers
L_000001ef48a3bad0 .functor BUFT 1, C4<1111>, C4<0>, C4<0>, C4<0>;
v000001ef48a32c00_0 .net "uart_rx", 3 0, L_000001ef48a3bad0;  1 drivers
v000001ef48a33380_0 .net "uart_tx", 3 0, L_000001ef48a85810;  1 drivers
v000001ef48a32700_0 .net "write_is_mmio", 0 0, L_000001ef48a88470;  1 drivers
E_000001ef48988e90/0 .event anyedge, v000001ef48a36b20_0, v000001ef48a37200_0, v000001ef48a24fc0_0, v000001ef48a2bff0_0;
E_000001ef48988e90/1 .event anyedge, v000001ef48a30870_0, v000001ef48a2add0_0, v000001ef48a38a60_0, v000001ef48a38ba0_0;
E_000001ef48988e90/2 .event anyedge, v000001ef48a39000_0;
E_000001ef48988e90 .event/or E_000001ef48988e90/0, E_000001ef48988e90/1, E_000001ef48988e90/2;
L_000001ef48a32d40 .part v000001ef48a311c0_0, 0, 1;
L_000001ef48a33060 .part v000001ef4894ef80_0, 0, 1;
L_000001ef48a323e0 .part v000001ef48a311c0_0, 1, 1;
L_000001ef48a31b20 .part v000001ef4894ef80_0, 0, 1;
L_000001ef48a322a0 .part v000001ef48a311c0_0, 2, 1;
L_000001ef48a334c0 .part v000001ef4894ef80_0, 0, 1;
L_000001ef48a32ca0 .part v000001ef48a311c0_0, 3, 1;
L_000001ef48a32e80 .part v000001ef4894ef80_0, 0, 1;
L_000001ef48a31260 .part v000001ef48a311c0_0, 4, 1;
L_000001ef48a32980 .part v000001ef4894ef80_0, 0, 1;
L_000001ef48a33240 .part v000001ef48a311c0_0, 5, 1;
L_000001ef48a33560 .part v000001ef4894ef80_0, 0, 1;
L_000001ef48a33600 .part v000001ef48a311c0_0, 6, 1;
L_000001ef48a31f80 .part v000001ef4894ef80_0, 0, 1;
L_000001ef48a328e0 .part v000001ef48a311c0_0, 7, 1;
L_000001ef48a316c0 .part v000001ef4894ef80_0, 0, 1;
L_000001ef48a31760 .part v000001ef48a311c0_0, 8, 1;
L_000001ef48a337e0 .part v000001ef4894ef80_0, 0, 1;
L_000001ef48a33920 .part v000001ef48a311c0_0, 9, 1;
L_000001ef48a31940 .part v000001ef4894ef80_0, 0, 1;
L_000001ef48a32480 .part v000001ef48a311c0_0, 10, 1;
L_000001ef48a31c60 .part v000001ef4894ef80_0, 0, 1;
L_000001ef48a320c0 .part v000001ef48a311c0_0, 11, 1;
L_000001ef48a32ac0 .part v000001ef4894ef80_0, 0, 1;
L_000001ef48a325c0 .part v000001ef48a311c0_0, 12, 1;
L_000001ef48a35900 .part v000001ef4894ef80_0, 0, 1;
L_000001ef48a33e20 .part v000001ef48a311c0_0, 13, 1;
L_000001ef48a34460 .part v000001ef4894ef80_0, 0, 1;
L_000001ef48a35180 .part v000001ef48a311c0_0, 14, 1;
L_000001ef48a33d80 .part v000001ef4894ef80_0, 0, 1;
L_000001ef48a35860 .part v000001ef48a311c0_0, 15, 1;
L_000001ef48a340a0 .part v000001ef4894ef80_0, 0, 1;
L_000001ef48a34280 .part v000001ef48a311c0_0, 16, 1;
L_000001ef48a354a0 .part v000001ef4894ef80_0, 0, 1;
L_000001ef48a34500 .part v000001ef48a311c0_0, 17, 1;
L_000001ef48a34d20 .part v000001ef4894ef80_0, 0, 1;
L_000001ef48a33b00 .part v000001ef48a311c0_0, 18, 1;
L_000001ef48a352c0 .part v000001ef4894ef80_0, 0, 1;
L_000001ef48a345a0 .part v000001ef48a311c0_0, 19, 1;
L_000001ef48a36120 .part v000001ef4894ef80_0, 0, 1;
L_000001ef48a34640 .part v000001ef48a311c0_0, 20, 1;
L_000001ef48a35d60 .part v000001ef4894ef80_0, 0, 1;
L_000001ef48a35fe0 .part v000001ef48a311c0_0, 21, 1;
L_000001ef48a343c0 .part v000001ef4894ef80_0, 0, 1;
L_000001ef48a36080 .part v000001ef48a311c0_0, 22, 1;
L_000001ef48a34f00 .part v000001ef4894ef80_0, 0, 1;
L_000001ef48a35a40 .part v000001ef48a311c0_0, 23, 1;
L_000001ef48a348c0 .part v000001ef4894ef80_0, 0, 1;
L_000001ef48a35e00 .part v000001ef48a311c0_0, 24, 1;
L_000001ef48a34dc0 .part v000001ef4894ef80_0, 0, 1;
L_000001ef48a35b80 .part v000001ef48a311c0_0, 25, 1;
L_000001ef48a34960 .part v000001ef4894ef80_0, 0, 1;
L_000001ef48a33a60 .part v000001ef48a311c0_0, 26, 1;
L_000001ef48a34e60 .part v000001ef4894ef80_0, 0, 1;
L_000001ef48a34fa0 .part v000001ef48a311c0_0, 27, 1;
L_000001ef48a355e0 .part v000001ef4894ef80_0, 0, 1;
L_000001ef48a35680 .part v000001ef48a311c0_0, 28, 1;
L_000001ef48a85f90 .part v000001ef4894ef80_0, 0, 1;
L_000001ef48a86c10 .part v000001ef48a311c0_0, 29, 1;
L_000001ef48a86350 .part v000001ef4894ef80_0, 0, 1;
L_000001ef48a876b0 .part v000001ef48a311c0_0, 30, 1;
L_000001ef48a859f0 .part v000001ef4894ef80_0, 0, 1;
L_000001ef48a85c70 .part v000001ef48a311c0_0, 31, 1;
LS_000001ef48a86e90_0_0 .concat8 [ 1 1 1 1], v000001ef48a0a740_0, v000001ef48a0b500_0, v000001ef48a0bb40_0, v000001ef48a0bf00_0;
LS_000001ef48a86e90_0_4 .concat8 [ 1 1 1 1], v000001ef489baac0_0, v000001ef489bb420_0, v000001ef489bb100_0, v000001ef489bb380_0;
LS_000001ef48a86e90_0_8 .concat8 [ 1 1 1 1], v000001ef489bb6a0_0, v000001ef489bd2c0_0, v000001ef489bd4a0_0, v000001ef489bd0e0_0;
LS_000001ef48a86e90_0_12 .concat8 [ 1 1 1 1], v000001ef48a18880_0, v000001ef48a18a60_0, v000001ef48a191e0_0, v000001ef48a18740_0;
LS_000001ef48a86e90_0_16 .concat8 [ 1 1 1 1], v000001ef48a1ad60_0, v000001ef48a1aae0_0, v000001ef48a19e60_0, v000001ef48a1e080_0;
LS_000001ef48a86e90_0_20 .concat8 [ 1 1 1 1], v000001ef48a1d360_0, v000001ef48a1e300_0, v000001ef48a1e620_0, v000001ef48a1df40_0;
LS_000001ef48a86e90_0_24 .concat8 [ 1 1 1 1], v000001ef48a20240_0, v000001ef48a20380_0, v000001ef48a21be0_0, v000001ef48a1fd40_0;
LS_000001ef48a86e90_0_28 .concat8 [ 1 1 1 1], v000001ef48a1ff20_0, v000001ef48a236c0_0, v000001ef48a24480_0, v000001ef48a23d00_0;
LS_000001ef48a86e90_1_0 .concat8 [ 4 4 4 4], LS_000001ef48a86e90_0_0, LS_000001ef48a86e90_0_4, LS_000001ef48a86e90_0_8, LS_000001ef48a86e90_0_12;
LS_000001ef48a86e90_1_4 .concat8 [ 4 4 4 4], LS_000001ef48a86e90_0_16, LS_000001ef48a86e90_0_20, LS_000001ef48a86e90_0_24, LS_000001ef48a86e90_0_28;
L_000001ef48a86e90 .concat8 [ 16 16 0 0], LS_000001ef48a86e90_1_0, LS_000001ef48a86e90_1_4;
L_000001ef48a87250 .part v000001ef4894ef80_0, 0, 1;
LS_000001ef48a87750_0_0 .concat8 [ 1 1 1 1], v000001ef48a09700_0, v000001ef48a0b5a0_0, v000001ef48a0b8c0_0, v000001ef48a0be60_0;
LS_000001ef48a87750_0_4 .concat8 [ 1 1 1 1], v000001ef489bba60_0, v000001ef489ba700_0, v000001ef489bc280_0, v000001ef489bc000_0;
LS_000001ef48a87750_0_8 .concat8 [ 1 1 1 1], v000001ef489bc5a0_0, v000001ef489bd720_0, v000001ef489bda40_0, v000001ef489bcfa0_0;
LS_000001ef48a87750_0_12 .concat8 [ 1 1 1 1], v000001ef48a17ac0_0, v000001ef48a17520_0, v000001ef48a17de0_0, v000001ef48a182e0_0;
LS_000001ef48a87750_0_16 .concat8 [ 1 1 1 1], v000001ef48a18600_0, v000001ef48a19aa0_0, v000001ef48a19960_0, v000001ef48a1dfe0_0;
LS_000001ef48a87750_0_20 .concat8 [ 1 1 1 1], v000001ef48a1e1c0_0, v000001ef48a1eee0_0, v000001ef48a1e800_0, v000001ef48a1ea80_0;
LS_000001ef48a87750_0_24 .concat8 [ 1 1 1 1], v000001ef48a21fa0_0, v000001ef48a216e0_0, v000001ef48a21a00_0, v000001ef48a20a60_0;
LS_000001ef48a87750_0_28 .concat8 [ 1 1 1 1], v000001ef48a21460_0, v000001ef48a231c0_0, v000001ef48a239e0_0, v000001ef48a23bc0_0;
LS_000001ef48a87750_1_0 .concat8 [ 4 4 4 4], LS_000001ef48a87750_0_0, LS_000001ef48a87750_0_4, LS_000001ef48a87750_0_8, LS_000001ef48a87750_0_12;
LS_000001ef48a87750_1_4 .concat8 [ 4 4 4 4], LS_000001ef48a87750_0_16, LS_000001ef48a87750_0_20, LS_000001ef48a87750_0_24, LS_000001ef48a87750_0_28;
L_000001ef48a87750 .concat8 [ 16 16 0 0], LS_000001ef48a87750_1_0, LS_000001ef48a87750_1_4;
L_000001ef48a89730 .part v000001ef48951e60_0, 8, 24;
L_000001ef48a888d0 .cmp/eq 24, L_000001ef48a89730, L_000001ef48a3a888;
L_000001ef48a881f0 .part v000001ef48951640_0, 8, 24;
L_000001ef48a88470 .cmp/eq 24, L_000001ef48a881f0, L_000001ef48a3a8d0;
L_000001ef48a8a450 .part v000001ef48951e60_0, 2, 6;
L_000001ef48a89b90 .part v000001ef48951640_0, 2, 6;
L_000001ef48a89230 .cmp/ne 3, v000001ef48951500_0, L_000001ef48a3a918;
L_000001ef48a8a630 .cmp/ne 3, v000001ef489515a0_0, L_000001ef48a3a960;
L_000001ef48a883d0 .functor MUXZ 3, v000001ef48951500_0, L_000001ef48a3a9a8, L_000001ef48a88470, C4<>;
L_000001ef48a89050 .part v000001ef48951640_0, 0, 16;
L_000001ef48a8a590 .part v000001ef48951e60_0, 0, 16;
L_000001ef48a8a270 .part L_000001ef48a3bad0, 0, 1;
L_000001ef48a89910 .cmp/eq 6, L_000001ef48a89b90, L_000001ef48a3ad50;
L_000001ef48a88650 .part v000001ef4894ef80_0, 0, 8;
L_000001ef48a8a310 .cmp/eq 6, L_000001ef48a8a450, L_000001ef48a3ad98;
L_000001ef48a886f0 .cmp/eq 6, L_000001ef48a8a450, L_000001ef48a3ade0;
L_000001ef48a8b030 .part L_000001ef48a3bad0, 1, 1;
L_000001ef48a8aa90 .cmp/eq 6, L_000001ef48a89b90, L_000001ef48a3b188;
L_000001ef48a8adb0 .part v000001ef4894ef80_0, 0, 8;
L_000001ef48a8aef0 .cmp/eq 6, L_000001ef48a8a450, L_000001ef48a3b1d0;
L_000001ef48a83dd0 .cmp/eq 6, L_000001ef48a8a450, L_000001ef48a3b218;
L_000001ef48a85090 .part L_000001ef48a3bad0, 2, 1;
L_000001ef48a85630 .cmp/eq 6, L_000001ef48a89b90, L_000001ef48a3b5c0;
L_000001ef48a840f0 .part v000001ef4894ef80_0, 0, 8;
L_000001ef48a833d0 .cmp/eq 6, L_000001ef48a8a450, L_000001ef48a3b608;
L_000001ef48a83ab0 .cmp/eq 6, L_000001ef48a8a450, L_000001ef48a3b650;
L_000001ef48a85450 .part L_000001ef48a3bad0, 3, 1;
L_000001ef48a85810 .concat8 [ 1 1 1 1], v000001ef48a2c950_0, v000001ef48a2fbf0_0, v000001ef48a2af10_0, v000001ef48a36a80_0;
L_000001ef48a845f0 .cmp/eq 6, L_000001ef48a89b90, L_000001ef48a3b9f8;
L_000001ef48a84870 .part v000001ef4894ef80_0, 0, 8;
L_000001ef48a84b90 .cmp/eq 6, L_000001ef48a8a450, L_000001ef48a3ba40;
L_000001ef48a84c30 .cmp/eq 6, L_000001ef48a8a450, L_000001ef48a3ba88;
L_000001ef48a83d30 .cmp/ge 64, v000001ef48a39000_0, v000001ef48a38ba0_0;
L_000001ef48a85590 .functor MUXZ 32, v000001ef48951280_0, v000001ef48a37ac0_0, v000001ef48a38c40_0, C4<>;
S_000001ef48731920 .scope module, "bram" "BRAM" 3 76, 4 1 0, S_000001ef48992f20;
 .timescale -9 -12;
    .port_info 0 /INPUT 1 "clk";
    .port_info 1 /INPUT 16 "write_addr";
    .port_info 2 /INPUT 16 "read_addr";
    .port_info 3 /INPUT 16 "fetch_addr";
    .port_info 4 /INPUT 32 "data_in";
    .port_info 5 /INPUT 3 "write_mode";
    .port_info 6 /INPUT 3 "read_mode";
    .port_info 7 /OUTPUT 32 "data_out";
    .port_info 8 /OUTPUT 32 "instruction_out";
v000001ef4894f980 .array "DataMem", 0 65535, 7 0;
v000001ef48950ec0 .array "InstructionMem", 0 65535, 7 0;
v000001ef4894f700_0 .net "clk", 0 0, v000001ef48a32340_0;  alias, 1 drivers
v000001ef48950560_0 .net "data_in", 31 0, v000001ef4894ef80_0;  alias, 1 drivers
v000001ef48951280_0 .var "data_out", 31 0;
v000001ef48950a60_0 .net "fetch_addr", 15 0, L_000001ef48a85a90;  alias, 1 drivers
v000001ef4894ffc0_0 .var "instruction_out", 31 0;
v000001ef4894f520_0 .net "read_addr", 15 0, L_000001ef48a8a590;  1 drivers
v000001ef48950380_0 .net "read_mode", 2 0, v000001ef489515a0_0;  alias, 1 drivers
v000001ef48950060_0 .net "write_addr", 15 0, L_000001ef48a89050;  1 drivers
v000001ef4894fa20_0 .net "write_mode", 2 0, L_000001ef48a883d0;  alias, 1 drivers
E_000001ef48988810 .event posedge, v000001ef4894f700_0;
S_000001ef48731ab0 .scope module, "cpu" "CPU" 3 50, 5 10 0, S_000001ef48992f20;
 .timescale -9 -12;
    .port_info 0 /INPUT 1 "clk";
    .port_info 1 /INPUT 1 "rst";
    .port_info 2 /INPUT 1 "irq_external";
    .port_info 3 /INPUT 1 "timer_int";
    .port_info 4 /INPUT 1 "soft_int";
    .port_info 5 /OUTPUT 16 "mem_fetch_addr";
    .port_info 6 /OUTPUT 32 "mem_read_addr";
    .port_info 7 /OUTPUT 32 "mem_write_addr";
    .port_info 8 /OUTPUT 32 "mem_data_in";
    .port_info 9 /OUTPUT 3 "mem_read_mode";
    .port_info 10 /OUTPUT 3 "mem_write_mode";
    .port_info 11 /INPUT 32 "mem_data_out";
    .port_info 12 /INPUT 32 "mem_instruction";
L_000001ef48a81240 .functor BUFZ 32, v000001ef4894ffc0_0, C4<00000000000000000000000000000000>, C4<00000000000000000000000000000000>, C4<00000000000000000000000000000000>;
L_000001ef48a81cc0 .functor BUFZ 32, L_000001ef48a85590, C4<00000000000000000000000000000000>, C4<00000000000000000000000000000000>, C4<00000000000000000000000000000000>;
L_000001ef48a81390 .functor AND 1, L_000001ef48a88150, L_000001ef48a863f0, C4<1>, C4<1>;
L_000001ef48a81860 .functor OR 1, L_000001ef48a86f30, v000001ef48a31a80_0, C4<0>, C4<0>;
L_000001ef48a81b70 .functor AND 1, L_000001ef48a81390, L_000001ef48a81860, C4<1>, C4<1>;
L_000001ef48a81e10 .functor AND 1, L_000001ef48a87070, L_000001ef48a87bb0, C4<1>, C4<1>;
L_000001ef48a82890 .functor OR 1, L_000001ef48a87ed0, v000001ef48a38a60_0, C4<0>, C4<0>;
L_000001ef48a81f60 .functor AND 1, L_000001ef48a81e10, L_000001ef48a82890, C4<1>, C4<1>;
L_000001ef48a82740 .functor AND 1, L_000001ef48a87110, L_000001ef48a87f70, C4<1>, C4<1>;
L_000001ef48a81400 .functor OR 1, L_000001ef48a871b0, L_000001ef48a83d30, C4<0>, C4<0>;
L_000001ef48a82120 .functor AND 1, L_000001ef48a82740, L_000001ef48a81400, C4<1>, C4<1>;
L_000001ef48a82190 .functor OR 1, L_000001ef48a81b70, L_000001ef48a81f60, C4<0>, C4<0>;
L_000001ef48a827b0 .functor OR 1, L_000001ef48a82190, L_000001ef48a82120, C4<0>, C4<0>;
L_000001ef48a9bfa0 .functor AND 1, L_000001ef48a89c30, L_000001ef48a894b0, C4<1>, C4<1>;
L_000001ef48a9b360 .functor AND 1, L_000001ef48a9bfa0, L_000001ef48a8a8b0, C4<1>, C4<1>;
L_000001ef48a9b7c0 .functor AND 1, L_000001ef48a9b360, L_000001ef48a8a3b0, C4<1>, C4<1>;
L_000001ef48a9c160 .functor AND 1, L_000001ef48a9bfa0, L_000001ef48a89370, C4<1>, C4<1>;
L_000001ef48a9bc90 .functor AND 1, L_000001ef48a9c160, L_000001ef48a8a950, C4<1>, C4<1>;
L_000001ef48a9bad0 .functor AND 1, L_000001ef48a897d0, L_000001ef48a89cd0, C4<1>, C4<1>;
L_000001ef48a9b830 .functor BUFZ 32, v000001ef48a09340_0, C4<00000000000000000000000000000000>, C4<00000000000000000000000000000000>, C4<00000000000000000000000000000000>;
L_000001ef48a9c710 .functor AND 1, L_000001ef48a8a6d0, L_000001ef48a88fb0, C4<1>, C4<1>;
L_000001ef48a9bb40 .functor OR 1, v000001ef48a09d40_0, v000001ef48a09fc0_0, C4<0>, C4<0>;
L_000001ef48a9b8a0 .functor OR 1, L_000001ef48a9bb40, L_000001ef48a89ff0, C4<0>, C4<0>;
L_000001ef48a9cd30 .functor OR 1, L_000001ef48a9b8a0, L_000001ef48a895f0, C4<0>, C4<0>;
L_000001ef48a9c240 .functor AND 1, L_000001ef48a885b0, v000001ef488ae2c0_0, C4<1>, C4<1>;
L_000001ef48a9c2b0 .functor OR 1, L_000001ef48a9cd30, L_000001ef48a9c240, C4<0>, C4<0>;
v000001ef4894eee0_0 .net "BRAMInstruction", 31 0, L_000001ef48a86210;  1 drivers
v000001ef4894ef80_0 .var "BRAM_data_in", 31 0;
v000001ef48952220_0 .net "BRAM_data_out", 31 0, L_000001ef48a81cc0;  1 drivers
v000001ef489515a0_0 .var "BRAM_load_mode", 2 0;
v000001ef48951e60_0 .var "BRAM_read_addr", 31 0;
v000001ef48951500_0 .var "BRAM_store_mode", 2 0;
v000001ef48951640_0 .var "BRAM_write_addr", 31 0;
v000001ef489516e0_0 .var "EX_csr_result", 31 0;
v000001ef489518c0_0 .var "EX_result", 31 0;
v000001ef48951780_0 .net "IF_instruction", 31 0, L_000001ef48a81240;  1 drivers
v000001ef48952040_0 .var "PC", 31 0;
v000001ef48951a00_0 .var "PC_decode", 31 0;
v000001ef48951dc0_0 .var "WB_rd_addr", 4 0;
v000001ef489529a0_0 .var "WB_rd_data", 31 0;
v000001ef48951820_0 .var "WB_write_enable", 0 0;
v000001ef489520e0_0 .net *"_ivl_100", 0 0, L_000001ef48a81860;  1 drivers
v000001ef48951fa0_0 .net *"_ivl_105", 0 0, L_000001ef48a87070;  1 drivers
v000001ef48951aa0_0 .net *"_ivl_107", 0 0, L_000001ef48a87bb0;  1 drivers
v000001ef48951d20_0 .net *"_ivl_108", 0 0, L_000001ef48a81e10;  1 drivers
v000001ef489527c0_0 .net *"_ivl_111", 0 0, L_000001ef48a87ed0;  1 drivers
v000001ef48952720_0 .net *"_ivl_112", 0 0, L_000001ef48a82890;  1 drivers
v000001ef48952860_0 .net *"_ivl_117", 0 0, L_000001ef48a87110;  1 drivers
v000001ef48951b40_0 .net *"_ivl_119", 0 0, L_000001ef48a87f70;  1 drivers
v000001ef48951960_0 .net *"_ivl_120", 0 0, L_000001ef48a82740;  1 drivers
v000001ef48952540_0 .net *"_ivl_123", 0 0, L_000001ef48a871b0;  1 drivers
v000001ef489522c0_0 .net *"_ivl_124", 0 0, L_000001ef48a81400;  1 drivers
v000001ef48952680_0 .net *"_ivl_128", 0 0, L_000001ef48a82190;  1 drivers
L_000001ef48a3a570 .functor BUFT 1, C4<11>, C4<0>, C4<0>, C4<0>;
v000001ef48952360_0 .net/2u *"_ivl_144", 1 0, L_000001ef48a3a570;  1 drivers
v000001ef48951be0_0 .net *"_ivl_146", 0 0, L_000001ef48a89c30;  1 drivers
L_000001ef48a3a5b8 .functor BUFT 1, C4<00000>, C4<0>, C4<0>, C4<0>;
v000001ef48952400_0 .net/2u *"_ivl_148", 4 0, L_000001ef48a3a5b8;  1 drivers
v000001ef48951c80_0 .net *"_ivl_150", 0 0, L_000001ef48a894b0;  1 drivers
L_000001ef48a3a600 .functor BUFT 1, C4<10>, C4<0>, C4<0>, C4<0>;
v000001ef48952180_0 .net/2u *"_ivl_154", 1 0, L_000001ef48a3a600;  1 drivers
v000001ef48951f00_0 .net *"_ivl_156", 0 0, L_000001ef48a8a090;  1 drivers
v000001ef489524a0_0 .net *"_ivl_160", 0 0, L_000001ef48a8a8b0;  1 drivers
v000001ef489525e0_0 .net *"_ivl_163", 0 0, L_000001ef48a9b360;  1 drivers
L_000001ef48a3a648 .functor BUFT 1, C4<00000>, C4<0>, C4<0>, C4<0>;
v000001ef48952900_0 .net/2u *"_ivl_164", 4 0, L_000001ef48a3a648;  1 drivers
v000001ef48952a40_0 .net *"_ivl_166", 0 0, L_000001ef48a8a3b0;  1 drivers
v000001ef48952ae0_0 .net *"_ivl_169", 0 0, L_000001ef48a9b7c0;  1 drivers
v000001ef48952b80_0 .net *"_ivl_172", 0 0, L_000001ef48a89370;  1 drivers
v000001ef488693e0_0 .net *"_ivl_175", 0 0, L_000001ef48a9c160;  1 drivers
L_000001ef48a3a690 .functor BUFT 1, C4<00000>, C4<0>, C4<0>, C4<0>;
v000001ef48868800_0 .net/2u *"_ivl_176", 4 0, L_000001ef48a3a690;  1 drivers
v000001ef48869520_0 .net *"_ivl_178", 0 0, L_000001ef48a8a950;  1 drivers
v000001ef48869d40_0 .net *"_ivl_181", 0 0, L_000001ef48a9bc90;  1 drivers
L_000001ef48a3a6d8 .functor BUFT 1, C4<01>, C4<0>, C4<0>, C4<0>;
v000001ef4886a1a0_0 .net/2u *"_ivl_184", 1 0, L_000001ef48a3a6d8;  1 drivers
v000001ef48868f80_0 .net *"_ivl_186", 0 0, L_000001ef48a897d0;  1 drivers
v000001ef4886a240_0 .net *"_ivl_188", 0 0, L_000001ef48a89cd0;  1 drivers
L_000001ef48a3a720 .functor BUFT 1, C4<01>, C4<0>, C4<0>, C4<0>;
v000001ef488689e0_0 .net/2u *"_ivl_194", 1 0, L_000001ef48a3a720;  1 drivers
v000001ef48869020_0 .net *"_ivl_196", 0 0, L_000001ef48a8a6d0;  1 drivers
L_000001ef48a3a768 .functor BUFT 1, C4<001101000001>, C4<0>, C4<0>, C4<0>;
v000001ef488695c0_0 .net/2u *"_ivl_198", 11 0, L_000001ef48a3a768;  1 drivers
v000001ef48869700_0 .net *"_ivl_200", 0 0, L_000001ef48a88fb0;  1 drivers
v000001ef488697a0_0 .net *"_ivl_203", 0 0, L_000001ef48a9c710;  1 drivers
v000001ef4889ff70_0 .net *"_ivl_207", 0 0, L_000001ef48a9bb40;  1 drivers
L_000001ef48a3a7b0 .functor BUFT 1, C4<1101111>, C4<0>, C4<0>, C4<0>;
v000001ef488a15f0_0 .net/2u *"_ivl_208", 6 0, L_000001ef48a3a7b0;  1 drivers
v000001ef488a0510_0 .net *"_ivl_210", 0 0, L_000001ef48a89ff0;  1 drivers
v000001ef488a0790_0 .net *"_ivl_213", 0 0, L_000001ef48a9b8a0;  1 drivers
L_000001ef48a3a7f8 .functor BUFT 1, C4<1100111>, C4<0>, C4<0>, C4<0>;
v000001ef488a1730_0 .net/2u *"_ivl_214", 6 0, L_000001ef48a3a7f8;  1 drivers
v000001ef488a0b50_0 .net *"_ivl_216", 0 0, L_000001ef48a895f0;  1 drivers
v000001ef488a17d0_0 .net *"_ivl_219", 0 0, L_000001ef48a9cd30;  1 drivers
L_000001ef48a3a840 .functor BUFT 1, C4<1100011>, C4<0>, C4<0>, C4<0>;
v000001ef488a00b0_0 .net/2u *"_ivl_220", 6 0, L_000001ef48a3a840;  1 drivers
v000001ef488a0c90_0 .net *"_ivl_222", 0 0, L_000001ef48a885b0;  1 drivers
v000001ef488a0dd0_0 .net *"_ivl_225", 0 0, L_000001ef48a9c240;  1 drivers
v000001ef488a1050_0 .net *"_ivl_23", 0 0, L_000001ef48a862b0;  1 drivers
v000001ef488a14b0_0 .net *"_ivl_24", 19 0, L_000001ef48a87c50;  1 drivers
v000001ef48885c20_0 .net *"_ivl_27", 11 0, L_000001ef48a872f0;  1 drivers
v000001ef48885900_0 .net *"_ivl_31", 0 0, L_000001ef48a865d0;  1 drivers
v000001ef48885e00_0 .net *"_ivl_32", 19 0, L_000001ef48a86cb0;  1 drivers
v000001ef48885ea0_0 .net *"_ivl_35", 6 0, L_000001ef48a87d90;  1 drivers
v000001ef48886300_0 .net *"_ivl_37", 4 0, L_000001ef48a877f0;  1 drivers
L_000001ef48a3a3c0 .functor BUFT 1, C4<00000000000000000000000000000000>, C4<0>, C4<0>, C4<0>;
v000001ef48886580_0 .net/2u *"_ivl_4", 31 0, L_000001ef48a3a3c0;  1 drivers
v000001ef48886bc0_0 .net *"_ivl_41", 0 0, L_000001ef48a86fd0;  1 drivers
v000001ef488866c0_0 .net *"_ivl_42", 18 0, L_000001ef48a874d0;  1 drivers
v000001ef488868a0_0 .net *"_ivl_45", 0 0, L_000001ef48a868f0;  1 drivers
v000001ef48886940_0 .net *"_ivl_47", 0 0, L_000001ef48a87e30;  1 drivers
v000001ef48886a80_0 .net *"_ivl_49", 5 0, L_000001ef48a867b0;  1 drivers
v000001ef48895200_0 .net *"_ivl_51", 3 0, L_000001ef48a86df0;  1 drivers
L_000001ef48a3a408 .functor BUFT 1, C4<0>, C4<0>, C4<0>, C4<0>;
v000001ef48894800_0 .net/2u *"_ivl_52", 0 0, L_000001ef48a3a408;  1 drivers
v000001ef488949e0_0 .net *"_ivl_57", 19 0, L_000001ef48a86850;  1 drivers
L_000001ef48a3a450 .functor BUFT 1, C4<000000000000>, C4<0>, C4<0>, C4<0>;
v000001ef488953e0_0 .net/2u *"_ivl_58", 11 0, L_000001ef48a3a450;  1 drivers
v000001ef488941c0_0 .net *"_ivl_63", 0 0, L_000001ef48a85b30;  1 drivers
v000001ef48895700_0 .net *"_ivl_64", 10 0, L_000001ef48a87610;  1 drivers
v000001ef488958e0_0 .net *"_ivl_67", 0 0, L_000001ef48a85e50;  1 drivers
v000001ef48894b20_0 .net *"_ivl_69", 7 0, L_000001ef48a87930;  1 drivers
v000001ef48894da0_0 .net *"_ivl_71", 0 0, L_000001ef48a86ad0;  1 drivers
v000001ef48895980_0 .net *"_ivl_73", 9 0, L_000001ef48a879d0;  1 drivers
L_000001ef48a3a498 .functor BUFT 1, C4<0>, C4<0>, C4<0>, C4<0>;
v000001ef48894260_0 .net/2u *"_ivl_74", 0 0, L_000001ef48a3a498;  1 drivers
L_000001ef48a3a4e0 .functor BUFT 1, C4<000000000000000000000000000>, C4<0>, C4<0>, C4<0>;
v000001ef488aeb80_0 .net/2u *"_ivl_80", 26 0, L_000001ef48a3a4e0;  1 drivers
v000001ef488af620_0 .net *"_ivl_83", 4 0, L_000001ef48a87b10;  1 drivers
L_000001ef48a3a528 .functor BUFT 1, C4<00000000000000000000000000000000>, C4<0>, C4<0>, C4<0>;
v000001ef488aeea0_0 .net/2u *"_ivl_88", 31 0, L_000001ef48a3a528;  1 drivers
v000001ef488ade60_0 .net *"_ivl_93", 0 0, L_000001ef48a88150;  1 drivers
v000001ef488af080_0 .net *"_ivl_95", 0 0, L_000001ef48a863f0;  1 drivers
v000001ef488af120_0 .net *"_ivl_96", 0 0, L_000001ef48a81390;  1 drivers
v000001ef488af440_0 .net *"_ivl_99", 0 0, L_000001ef48a86f30;  1 drivers
v000001ef488adfa0_0 .var "alu_control", 3 0;
v000001ef488ae180_0 .net "alu_result", 31 0, v000001ef48950240_0;  1 drivers
v000001ef488ae2c0_0 .var "branch_taken", 0 0;
v000001ef4892d680_0 .net "clk", 0 0, v000001ef48a32340_0;  alias, 1 drivers
v000001ef4892cc80_0 .net "csr_addr", 11 0, L_000001ef48a86b70;  1 drivers
v000001ef4892d220_0 .net "csr_forward", 0 0, L_000001ef48a9bad0;  1 drivers
v000001ef4892e6c0_0 .net "csr_forward_data", 31 0, L_000001ef48a9b830;  1 drivers
v000001ef4892d180_0 .var "csr_read_value", 31 0;
v000001ef488d84f0_0 .var "cycle", 63 0;
v000001ef488d9710_0 .var "ebreak_instr", 0 0;
v000001ef488d86d0_0 .var "ecall_instr", 0 0;
v000001ef488d81d0_0 .net "flush", 0 0, L_000001ef48a9c2b0;  1 drivers
v000001ef488d9210_0 .var "flush_d", 0 0;
v000001ef48911640_0 .net "funct3", 2 0, L_000001ef48a86490;  1 drivers
v000001ef48910ec0_0 .net "funct7", 6 0, L_000001ef48a87890;  1 drivers
v000001ef48911500_0 .var "illegal_instr", 0 0;
v000001ef48911820_0 .net "imm_b", 31 0, L_000001ef48a87430;  1 drivers
v000001ef48866280_0 .net "imm_i", 31 0, L_000001ef48a87cf0;  1 drivers
v000001ef48865ec0_0 .net "imm_j", 31 0, L_000001ef48a87a70;  1 drivers
v000001ef488666e0_0 .net "imm_s", 31 0, L_000001ef48a86710;  1 drivers
v000001ef48865f60_0 .net "imm_u", 31 0, L_000001ef48a86a30;  1 drivers
v000001ef48a08a80_0 .var "instret", 63 0;
v000001ef48a098e0_0 .net "irq_ext", 0 0, L_000001ef48a81b70;  1 drivers
v000001ef48a086c0_0 .net "irq_external", 0 0, v000001ef48a31a80_0;  alias, 1 drivers
v000001ef48a08260_0 .net "irq_ready", 0 0, L_000001ef48a827b0;  1 drivers
v000001ef48a0a880_0 .net "irq_soft", 0 0, L_000001ef48a81f60;  1 drivers
v000001ef48a08620_0 .net "irq_timer", 0 0, L_000001ef48a82120;  1 drivers
v000001ef48a0a240_0 .var "mcause", 31 0;
v000001ef48a08b20_0 .net "mem_data_in", 31 0, v000001ef4894ef80_0;  alias, 1 drivers
v000001ef48a09980_0 .net "mem_data_out", 31 0, L_000001ef48a85590;  alias, 1 drivers
v000001ef48a0a4c0_0 .net "mem_fetch_addr", 15 0, L_000001ef48a85a90;  alias, 1 drivers
v000001ef48a0a100_0 .net "mem_instruction", 31 0, v000001ef4894ffc0_0;  alias, 1 drivers
v000001ef48a0a6a0_0 .net "mem_read_addr", 31 0, v000001ef48951e60_0;  alias, 1 drivers
v000001ef48a09020_0 .net "mem_read_mode", 2 0, v000001ef489515a0_0;  alias, 1 drivers
v000001ef48a08c60_0 .net "mem_write_addr", 31 0, v000001ef48951640_0;  alias, 1 drivers
v000001ef48a09520_0 .net "mem_write_mode", 2 0, v000001ef48951500_0;  alias, 1 drivers
v000001ef48a09b60_0 .var "mepc", 31 0;
v000001ef48a0a2e0_0 .net "mepc_forwarded", 31 0, L_000001ef48a88510;  1 drivers
v000001ef48a090c0_0 .var "mie", 31 0;
v000001ef48a0a560_0 .var "mip", 31 0;
L_000001ef48a3a378 .functor BUFT 1, C4<01000000000000000000000100000000>, C4<0>, C4<0>, C4<0>;
v000001ef48a08300_0 .net "misa", 31 0, L_000001ef48a3a378;  1 drivers
v000001ef48a08bc0_0 .var "mret_instr", 0 0;
v000001ef48a09a20_0 .var "mscratch", 31 0;
v000001ef48a08d00_0 .var "mstatus", 31 0;
v000001ef48a0a380_0 .var "mtval", 31 0;
v000001ef48a08ee0_0 .var "mtvec", 31 0;
v000001ef48a083a0_0 .var "next_PC", 31 0;
v000001ef48a08f80_0 .net "opcode", 6 0, L_000001ef48a87570;  1 drivers
v000001ef48a09160_0 .var "operand_a", 31 0;
v000001ef48a09ac0_0 .var "operand_a_addr", 4 0;
v000001ef48a08440_0 .var "operand_b", 31 0;
v000001ef48a081c0_0 .var "operand_b_addr", 4 0;
v000001ef48a09200_0 .net "rd_addr", 4 0, L_000001ef48a880b0;  1 drivers
v000001ef48a09660_0 .net "rs1_addr", 4 0, L_000001ef48a86d50;  1 drivers
v000001ef48a08800_0 .net "rs1_data", 31 0, v000001ef48951320_0;  1 drivers
v000001ef48a09ca0_0 .net "rs1_data_fwd", 31 0, L_000001ef48a8a4f0;  1 drivers
v000001ef48a09c00_0 .net "rs2_addr", 4 0, L_000001ef48a86030;  1 drivers
v000001ef48a08940_0 .net "rs2_data", 31 0, v000001ef4894eda0_0;  1 drivers
v000001ef48a08580_0 .net "rs2_data_fwd", 31 0, L_000001ef48a89f50;  1 drivers
v000001ef48a0a420_0 .net "rst", 0 0, v000001ef48a31e40_0;  alias, 1 drivers
v000001ef48a084e0_0 .net "shamt", 4 0, L_000001ef48a86530;  1 drivers
v000001ef48a08da0_0 .net "soft_int", 0 0, v000001ef48a38a60_0;  alias, 1 drivers
v000001ef48a09fc0_0 .var "take_mret", 0 0;
v000001ef48a09d40_0 .var "take_trap", 0 0;
v000001ef48a0a600_0 .net "timer_int", 0 0, L_000001ef48a83d30;  alias, 1 drivers
v000001ef48a08e40_0 .var "toWB_Result_Reg", 31 0;
v000001ef48a092a0_0 .var "toWB_csr_addr_Reg", 11 0;
v000001ef48a09340_0 .var "toWB_csr_data_Reg", 31 0;
v000001ef48a08760_0 .var "toWB_mode", 1 0;
v000001ef48a089e0_0 .var "toWB_mode_Reg", 1 0;
v000001ef48a093e0_0 .var "toWB_rd_addr_Reg", 4 0;
v000001ef48a09de0_0 .var "trap_cause", 31 0;
v000001ef48a09e80_0 .var "trap_tval", 31 0;
v000001ef48a09f20_0 .net "uimm", 31 0, L_000001ef48a85ef0;  1 drivers
v000001ef48a09480_0 .net "valid_instr", 0 0, L_000001ef48a860d0;  1 drivers
v000001ef48a09840_0 .net "wb_forward_data", 31 0, L_000001ef48a89550;  1 drivers
v000001ef48a095c0_0 .net "wb_write_gpr", 0 0, L_000001ef48a9bfa0;  1 drivers
E_000001ef48988b90 .event anyedge, v000001ef48a089e0_0, v000001ef48a093e0_0, v000001ef48a08e40_0, v000001ef48952220_0;
E_000001ef48988350/0 .event anyedge, v000001ef48a09660_0, v000001ef48a09c00_0, v000001ef48952040_0, v000001ef48a08f80_0;
E_000001ef48988350/1 .event anyedge, v000001ef48865f60_0, v000001ef48951a00_0, v000001ef48865ec0_0, v000001ef48a09ca0_0;
E_000001ef48988350/2 .event anyedge, v000001ef48866280_0, v000001ef488ae2c0_0, v000001ef48911820_0, v000001ef48950240_0;
E_000001ef48988350/3 .event anyedge, v000001ef48911640_0, v000001ef488666e0_0, v000001ef48a08580_0, v000001ef4894eee0_0;
E_000001ef48988350/4 .event anyedge, v000001ef4892cc80_0, v000001ef4892d220_0, v000001ef4892e6c0_0, v000001ef4892d180_0;
E_000001ef48988350/5 .event anyedge, v000001ef48a09f20_0, v000001ef48a09480_0, v000001ef48a08260_0, v000001ef488d86d0_0;
E_000001ef48988350/6 .event anyedge, v000001ef488d9710_0, v000001ef48911500_0, v000001ef48a08bc0_0, v000001ef48a09d40_0;
E_000001ef48988350/7 .event anyedge, v000001ef48a08ee0_0, v000001ef48a09fc0_0, v000001ef48a0a2e0_0;
E_000001ef48988350 .event/or E_000001ef48988350/0, E_000001ef48988350/1, E_000001ef48988350/2, E_000001ef48988350/3, E_000001ef48988350/4, E_000001ef48988350/5, E_000001ef48988350/6, E_000001ef48988350/7;
E_000001ef48988e10/0 .event anyedge, v000001ef48a08260_0, v000001ef48a098e0_0, v000001ef48a0a880_0, v000001ef488d86d0_0;
E_000001ef48988e10/1 .event anyedge, v000001ef488d9710_0, v000001ef48951a00_0, v000001ef4894eee0_0;
E_000001ef48988e10 .event/or E_000001ef48988e10/0, E_000001ef48988e10/1;
E_000001ef48988ed0 .event anyedge, v000001ef48911640_0, v000001ef48a09ca0_0, v000001ef48a08580_0;
L_000001ef48a86210 .functor MUXZ 32, L_000001ef48a81240, L_000001ef48a3a3c0, v000001ef488d9210_0, C4<>;
L_000001ef48a87570 .part L_000001ef48a86210, 0, 7;
L_000001ef48a86490 .part L_000001ef48a86210, 12, 3;
L_000001ef48a87890 .part L_000001ef48a86210, 25, 7;
L_000001ef48a86d50 .part L_000001ef48a86210, 15, 5;
L_000001ef48a86030 .part L_000001ef48a86210, 20, 5;
L_000001ef48a880b0 .part L_000001ef48a86210, 7, 5;
L_000001ef48a86530 .part L_000001ef48a86210, 20, 5;
L_000001ef48a862b0 .part L_000001ef48a86210, 31, 1;
LS_000001ef48a87c50_0_0 .concat [ 1 1 1 1], L_000001ef48a862b0, L_000001ef48a862b0, L_000001ef48a862b0, L_000001ef48a862b0;
LS_000001ef48a87c50_0_4 .concat [ 1 1 1 1], L_000001ef48a862b0, L_000001ef48a862b0, L_000001ef48a862b0, L_000001ef48a862b0;
LS_000001ef48a87c50_0_8 .concat [ 1 1 1 1], L_000001ef48a862b0, L_000001ef48a862b0, L_000001ef48a862b0, L_000001ef48a862b0;
LS_000001ef48a87c50_0_12 .concat [ 1 1 1 1], L_000001ef48a862b0, L_000001ef48a862b0, L_000001ef48a862b0, L_000001ef48a862b0;
LS_000001ef48a87c50_0_16 .concat [ 1 1 1 1], L_000001ef48a862b0, L_000001ef48a862b0, L_000001ef48a862b0, L_000001ef48a862b0;
LS_000001ef48a87c50_1_0 .concat [ 4 4 4 4], LS_000001ef48a87c50_0_0, LS_000001ef48a87c50_0_4, LS_000001ef48a87c50_0_8, LS_000001ef48a87c50_0_12;
LS_000001ef48a87c50_1_4 .concat [ 4 0 0 0], LS_000001ef48a87c50_0_16;
L_000001ef48a87c50 .concat [ 16 4 0 0], LS_000001ef48a87c50_1_0, LS_000001ef48a87c50_1_4;
L_000001ef48a872f0 .part L_000001ef48a86210, 20, 12;
L_000001ef48a87cf0 .concat [ 12 20 0 0], L_000001ef48a872f0, L_000001ef48a87c50;
L_000001ef48a865d0 .part L_000001ef48a86210, 31, 1;
LS_000001ef48a86cb0_0_0 .concat [ 1 1 1 1], L_000001ef48a865d0, L_000001ef48a865d0, L_000001ef48a865d0, L_000001ef48a865d0;
LS_000001ef48a86cb0_0_4 .concat [ 1 1 1 1], L_000001ef48a865d0, L_000001ef48a865d0, L_000001ef48a865d0, L_000001ef48a865d0;
LS_000001ef48a86cb0_0_8 .concat [ 1 1 1 1], L_000001ef48a865d0, L_000001ef48a865d0, L_000001ef48a865d0, L_000001ef48a865d0;
LS_000001ef48a86cb0_0_12 .concat [ 1 1 1 1], L_000001ef48a865d0, L_000001ef48a865d0, L_000001ef48a865d0, L_000001ef48a865d0;
LS_000001ef48a86cb0_0_16 .concat [ 1 1 1 1], L_000001ef48a865d0, L_000001ef48a865d0, L_000001ef48a865d0, L_000001ef48a865d0;
LS_000001ef48a86cb0_1_0 .concat [ 4 4 4 4], LS_000001ef48a86cb0_0_0, LS_000001ef48a86cb0_0_4, LS_000001ef48a86cb0_0_8, LS_000001ef48a86cb0_0_12;
LS_000001ef48a86cb0_1_4 .concat [ 4 0 0 0], LS_000001ef48a86cb0_0_16;
L_000001ef48a86cb0 .concat [ 16 4 0 0], LS_000001ef48a86cb0_1_0, LS_000001ef48a86cb0_1_4;
L_000001ef48a87d90 .part L_000001ef48a86210, 25, 7;
L_000001ef48a877f0 .part L_000001ef48a86210, 7, 5;
L_000001ef48a86710 .concat [ 5 7 20 0], L_000001ef48a877f0, L_000001ef48a87d90, L_000001ef48a86cb0;
L_000001ef48a86fd0 .part L_000001ef48a86210, 31, 1;
LS_000001ef48a874d0_0_0 .concat [ 1 1 1 1], L_000001ef48a86fd0, L_000001ef48a86fd0, L_000001ef48a86fd0, L_000001ef48a86fd0;
LS_000001ef48a874d0_0_4 .concat [ 1 1 1 1], L_000001ef48a86fd0, L_000001ef48a86fd0, L_000001ef48a86fd0, L_000001ef48a86fd0;
LS_000001ef48a874d0_0_8 .concat [ 1 1 1 1], L_000001ef48a86fd0, L_000001ef48a86fd0, L_000001ef48a86fd0, L_000001ef48a86fd0;
LS_000001ef48a874d0_0_12 .concat [ 1 1 1 1], L_000001ef48a86fd0, L_000001ef48a86fd0, L_000001ef48a86fd0, L_000001ef48a86fd0;
LS_000001ef48a874d0_0_16 .concat [ 1 1 1 0], L_000001ef48a86fd0, L_000001ef48a86fd0, L_000001ef48a86fd0;
LS_000001ef48a874d0_1_0 .concat [ 4 4 4 4], LS_000001ef48a874d0_0_0, LS_000001ef48a874d0_0_4, LS_000001ef48a874d0_0_8, LS_000001ef48a874d0_0_12;
LS_000001ef48a874d0_1_4 .concat [ 3 0 0 0], LS_000001ef48a874d0_0_16;
L_000001ef48a874d0 .concat [ 16 3 0 0], LS_000001ef48a874d0_1_0, LS_000001ef48a874d0_1_4;
L_000001ef48a868f0 .part L_000001ef48a86210, 31, 1;
L_000001ef48a87e30 .part L_000001ef48a86210, 7, 1;
L_000001ef48a867b0 .part L_000001ef48a86210, 25, 6;
L_000001ef48a86df0 .part L_000001ef48a86210, 8, 4;
LS_000001ef48a87430_0_0 .concat [ 1 4 6 1], L_000001ef48a3a408, L_000001ef48a86df0, L_000001ef48a867b0, L_000001ef48a87e30;
LS_000001ef48a87430_0_4 .concat [ 1 19 0 0], L_000001ef48a868f0, L_000001ef48a874d0;
L_000001ef48a87430 .concat [ 12 20 0 0], LS_000001ef48a87430_0_0, LS_000001ef48a87430_0_4;
L_000001ef48a86850 .part L_000001ef48a86210, 12, 20;
L_000001ef48a86a30 .concat [ 12 20 0 0], L_000001ef48a3a450, L_000001ef48a86850;
L_000001ef48a85b30 .part L_000001ef48a86210, 31, 1;
LS_000001ef48a87610_0_0 .concat [ 1 1 1 1], L_000001ef48a85b30, L_000001ef48a85b30, L_000001ef48a85b30, L_000001ef48a85b30;
LS_000001ef48a87610_0_4 .concat [ 1 1 1 1], L_000001ef48a85b30, L_000001ef48a85b30, L_000001ef48a85b30, L_000001ef48a85b30;
LS_000001ef48a87610_0_8 .concat [ 1 1 1 0], L_000001ef48a85b30, L_000001ef48a85b30, L_000001ef48a85b30;
L_000001ef48a87610 .concat [ 4 4 3 0], LS_000001ef48a87610_0_0, LS_000001ef48a87610_0_4, LS_000001ef48a87610_0_8;
L_000001ef48a85e50 .part L_000001ef48a86210, 31, 1;
L_000001ef48a87930 .part L_000001ef48a86210, 12, 8;
L_000001ef48a86ad0 .part L_000001ef48a86210, 20, 1;
L_000001ef48a879d0 .part L_000001ef48a86210, 21, 10;
LS_000001ef48a87a70_0_0 .concat [ 1 10 1 8], L_000001ef48a3a498, L_000001ef48a879d0, L_000001ef48a86ad0, L_000001ef48a87930;
LS_000001ef48a87a70_0_4 .concat [ 1 11 0 0], L_000001ef48a85e50, L_000001ef48a87610;
L_000001ef48a87a70 .concat [ 20 12 0 0], LS_000001ef48a87a70_0_0, LS_000001ef48a87a70_0_4;
L_000001ef48a86b70 .part L_000001ef48a86210, 20, 12;
L_000001ef48a87b10 .part L_000001ef48a86210, 15, 5;
L_000001ef48a85ef0 .concat [ 5 27 0 0], L_000001ef48a87b10, L_000001ef48a3a4e0;
L_000001ef48a860d0 .cmp/ne 32, L_000001ef48a86210, L_000001ef48a3a528;
L_000001ef48a88150 .part v000001ef48a08d00_0, 3, 1;
L_000001ef48a863f0 .part v000001ef48a090c0_0, 11, 1;
L_000001ef48a86f30 .part v000001ef48a0a560_0, 11, 1;
L_000001ef48a87070 .part v000001ef48a08d00_0, 3, 1;
L_000001ef48a87bb0 .part v000001ef48a090c0_0, 3, 1;
L_000001ef48a87ed0 .part v000001ef48a0a560_0, 3, 1;
L_000001ef48a87110 .part v000001ef48a08d00_0, 3, 1;
L_000001ef48a87f70 .part v000001ef48a090c0_0, 7, 1;
L_000001ef48a871b0 .part v000001ef48a0a560_0, 7, 1;
L_000001ef48a85a90 .part v000001ef48952040_0, 0, 16;
L_000001ef48a89c30 .cmp/ne 2, v000001ef48a089e0_0, L_000001ef48a3a570;
L_000001ef48a894b0 .cmp/ne 5, v000001ef48a093e0_0, L_000001ef48a3a5b8;
L_000001ef48a8a090 .cmp/eq 2, v000001ef48a089e0_0, L_000001ef48a3a600;
L_000001ef48a89550 .functor MUXZ 32, v000001ef48a08e40_0, L_000001ef48a81cc0, L_000001ef48a8a090, C4<>;
L_000001ef48a8a8b0 .cmp/eq 5, v000001ef48a093e0_0, L_000001ef48a86d50;
L_000001ef48a8a3b0 .cmp/ne 5, L_000001ef48a86d50, L_000001ef48a3a648;
L_000001ef48a8a4f0 .functor MUXZ 32, v000001ef48951320_0, L_000001ef48a89550, L_000001ef48a9b7c0, C4<>;
L_000001ef48a89370 .cmp/eq 5, v000001ef48a093e0_0, L_000001ef48a86030;
L_000001ef48a8a950 .cmp/ne 5, L_000001ef48a86030, L_000001ef48a3a690;
L_000001ef48a89f50 .functor MUXZ 32, v000001ef4894eda0_0, L_000001ef48a89550, L_000001ef48a9bc90, C4<>;
L_000001ef48a897d0 .cmp/eq 2, v000001ef48a089e0_0, L_000001ef48a3a6d8;
L_000001ef48a89cd0 .cmp/eq 12, v000001ef48a092a0_0, L_000001ef48a86b70;
L_000001ef48a8a6d0 .cmp/eq 2, v000001ef48a089e0_0, L_000001ef48a3a720;
L_000001ef48a88fb0 .cmp/eq 12, v000001ef48a092a0_0, L_000001ef48a3a768;
L_000001ef48a88510 .functor MUXZ 32, v000001ef48a09b60_0, v000001ef48a09340_0, L_000001ef48a9c710, C4<>;
L_000001ef48a89ff0 .cmp/eq 7, L_000001ef48a87570, L_000001ef48a3a7b0;
L_000001ef48a895f0 .cmp/eq 7, L_000001ef48a87570, L_000001ef48a3a7f8;
L_000001ef48a885b0 .cmp/eq 7, L_000001ef48a87570, L_000001ef48a3a840;
S_000001ef48747740 .scope function.vec4.s32, "GetCSR" "GetCSR" 5 216, 5 216 0, S_000001ef48731ab0;
 .timescale -9 -12;
; Variable GetCSR is vec4 return value of scope S_000001ef48747740
v000001ef4894f2a0_0 .var "addr", 11 0;
TD_CPU_tb.dut.cpu.GetCSR ;
    %load/vec4 v000001ef4894f2a0_0;
    %dup/vec4;
    %pushi/vec4 768, 0, 12;
    %cmp/u;
    %jmp/1 T_4.8, 6;
    %dup/vec4;
    %pushi/vec4 769, 0, 12;
    %cmp/u;
    %jmp/1 T_4.9, 6;
    %dup/vec4;
    %pushi/vec4 772, 0, 12;
    %cmp/u;
    %jmp/1 T_4.10, 6;
    %dup/vec4;
    %pushi/vec4 773, 0, 12;
    %cmp/u;
    %jmp/1 T_4.11, 6;
    %dup/vec4;
    %pushi/vec4 832, 0, 12;
    %cmp/u;
    %jmp/1 T_4.12, 6;
    %dup/vec4;
    %pushi/vec4 833, 0, 12;
    %cmp/u;
    %jmp/1 T_4.13, 6;
    %dup/vec4;
    %pushi/vec4 834, 0, 12;
    %cmp/u;
    %jmp/1 T_4.14, 6;
    %dup/vec4;
    %pushi/vec4 835, 0, 12;
    %cmp/u;
    %jmp/1 T_4.15, 6;
    %dup/vec4;
    %pushi/vec4 836, 0, 12;
    %cmp/u;
    %jmp/1 T_4.16, 6;
    %dup/vec4;
    %pushi/vec4 3072, 0, 12;
    %cmp/u;
    %jmp/1 T_4.17, 6;
    %dup/vec4;
    %pushi/vec4 3074, 0, 12;
    %cmp/u;
    %jmp/1 T_4.18, 6;
    %dup/vec4;
    %pushi/vec4 3200, 0, 12;
    %cmp/u;
    %jmp/1 T_4.19, 6;
    %dup/vec4;
    %pushi/vec4 3202, 0, 12;
    %cmp/u;
    %jmp/1 T_4.20, 6;
    %pushi/vec4 0, 0, 32;
    %ret/vec4 0, 0, 32;  Assign to GetCSR (store_vec4_to_lval)
    %jmp T_4.22;
T_4.8 ;
    %load/vec4 v000001ef48a08d00_0;
    %ret/vec4 0, 0, 32;  Assign to GetCSR (store_vec4_to_lval)
    %jmp T_4.22;
T_4.9 ;
    %load/vec4 v000001ef48a08300_0;
    %ret/vec4 0, 0, 32;  Assign to GetCSR (store_vec4_to_lval)
    %jmp T_4.22;
T_4.10 ;
    %load/vec4 v000001ef48a090c0_0;
    %ret/vec4 0, 0, 32;  Assign to GetCSR (store_vec4_to_lval)
    %jmp T_4.22;
T_4.11 ;
    %load/vec4 v000001ef48a08ee0_0;
    %ret/vec4 0, 0, 32;  Assign to GetCSR (store_vec4_to_lval)
    %jmp T_4.22;
T_4.12 ;
    %load/vec4 v000001ef48a09a20_0;
    %ret/vec4 0, 0, 32;  Assign to GetCSR (store_vec4_to_lval)
    %jmp T_4.22;
T_4.13 ;
    %load/vec4 v000001ef48a09b60_0;
    %ret/vec4 0, 0, 32;  Assign to GetCSR (store_vec4_to_lval)
    %jmp T_4.22;
T_4.14 ;
    %load/vec4 v000001ef48a0a240_0;
    %ret/vec4 0, 0, 32;  Assign to GetCSR (store_vec4_to_lval)
    %jmp T_4.22;
T_4.15 ;
    %load/vec4 v000001ef48a0a380_0;
    %ret/vec4 0, 0, 32;  Assign to GetCSR (store_vec4_to_lval)
    %jmp T_4.22;
T_4.16 ;
    %load/vec4 v000001ef48a0a560_0;
    %ret/vec4 0, 0, 32;  Assign to GetCSR (store_vec4_to_lval)
    %jmp T_4.22;
T_4.17 ;
    %load/vec4 v000001ef488d84f0_0;
    %parti/s 32, 0, 2;
    %ret/vec4 0, 0, 32;  Assign to GetCSR (store_vec4_to_lval)
    %jmp T_4.22;
T_4.18 ;
    %load/vec4 v000001ef48a08a80_0;
    %parti/s 32, 0, 2;
    %ret/vec4 0, 0, 32;  Assign to GetCSR (store_vec4_to_lval)
    %jmp T_4.22;
T_4.19 ;
    %load/vec4 v000001ef488d84f0_0;
    %parti/s 32, 32, 7;
    %ret/vec4 0, 0, 32;  Assign to GetCSR (store_vec4_to_lval)
    %jmp T_4.22;
T_4.20 ;
    %load/vec4 v000001ef48a08a80_0;
    %parti/s 32, 32, 7;
    %ret/vec4 0, 0, 32;  Assign to GetCSR (store_vec4_to_lval)
    %jmp T_4.22;
T_4.22 ;
    %pop/vec4 1;
    %end;
S_000001ef487478d0 .scope task, "SetCSR" "SetCSR" 5 238, 5 238 0, S_000001ef48731ab0;
 .timescale -9 -12;
v000001ef4894f5c0_0 .var "addr", 11 0;
v000001ef4894f660_0 .var "value", 31 0;
TD_CPU_tb.dut.cpu.SetCSR ;
    %load/vec4 v000001ef4894f5c0_0;
    %dup/vec4;
    %pushi/vec4 768, 0, 12;
    %cmp/u;
    %jmp/1 T_5.23, 6;
    %dup/vec4;
    %pushi/vec4 772, 0, 12;
    %cmp/u;
    %jmp/1 T_5.24, 6;
    %dup/vec4;
    %pushi/vec4 773, 0, 12;
    %cmp/u;
    %jmp/1 T_5.25, 6;
    %dup/vec4;
    %pushi/vec4 832, 0, 12;
    %cmp/u;
    %jmp/1 T_5.26, 6;
    %dup/vec4;
    %pushi/vec4 833, 0, 12;
    %cmp/u;
    %jmp/1 T_5.27, 6;
    %dup/vec4;
    %pushi/vec4 834, 0, 12;
    %cmp/u;
    %jmp/1 T_5.28, 6;
    %dup/vec4;
    %pushi/vec4 835, 0, 12;
    %cmp/u;
    %jmp/1 T_5.29, 6;
    %dup/vec4;
    %pushi/vec4 836, 0, 12;
    %cmp/u;
    %jmp/1 T_5.30, 6;
    %jmp T_5.32;
T_5.23 ;
    %load/vec4 v000001ef4894f660_0;
    %assign/vec4 v000001ef48a08d00_0, 0;
    %jmp T_5.32;
T_5.24 ;
    %load/vec4 v000001ef4894f660_0;
    %assign/vec4 v000001ef48a090c0_0, 0;
    %jmp T_5.32;
T_5.25 ;
    %load/vec4 v000001ef4894f660_0;
    %assign/vec4 v000001ef48a08ee0_0, 0;
    %jmp T_5.32;
T_5.26 ;
    %load/vec4 v000001ef4894f660_0;
    %assign/vec4 v000001ef48a09a20_0, 0;
    %jmp T_5.32;
T_5.27 ;
    %load/vec4 v000001ef4894f660_0;
    %assign/vec4 v000001ef48a09b60_0, 0;
    %jmp T_5.32;
T_5.28 ;
    %load/vec4 v000001ef4894f660_0;
    %assign/vec4 v000001ef48a0a240_0, 0;
    %jmp T_5.32;
T_5.29 ;
    %load/vec4 v000001ef4894f660_0;
    %assign/vec4 v000001ef48a0a380_0, 0;
    %jmp T_5.32;
T_5.30 ;
    %load/vec4 v000001ef4894f660_0;
    %assign/vec4 v000001ef48a0a560_0, 0;
    %jmp T_5.32;
T_5.32 ;
    %pop/vec4 1;
    %end;
S_000001ef4872d410 .scope module, "alu" "ALU" 5 205, 6 2 0, S_000001ef48731ab0;
 .timescale -9 -12;
    .port_info 0 /INPUT 4 "alu_control";
    .port_info 1 /INPUT 32 "operand_a";
    .port_info 2 /INPUT 32 "operand_b";
    .port_info 3 /OUTPUT 32 "alu_result";
L_000001ef48a9b4b0 .functor BUFZ 32, v000001ef48a09160_0, C4<00000000000000000000000000000000>, C4<00000000000000000000000000000000>, C4<00000000000000000000000000000000>;
L_000001ef48a9bd70 .functor BUFZ 32, v000001ef48a08440_0, C4<00000000000000000000000000000000>, C4<00000000000000000000000000000000>, C4<00000000000000000000000000000000>;
v000001ef4894ed00_0 .net "alu_control", 3 0, v000001ef488adfa0_0;  1 drivers
v000001ef48950240_0 .var "alu_result", 31 0;
v000001ef48950600_0 .net "operand_a", 31 0, v000001ef48a09160_0;  1 drivers
v000001ef489506a0_0 .net "operand_b", 31 0, v000001ef48a08440_0;  1 drivers
v000001ef48950740_0 .net/s "signed_a", 31 0, L_000001ef48a9b4b0;  1 drivers
v000001ef48950ba0_0 .net/s "signed_b", 31 0, L_000001ef48a9bd70;  1 drivers
E_000001ef48988f10/0 .event anyedge, v000001ef4894ed00_0, v000001ef48950600_0, v000001ef489506a0_0, v000001ef48950740_0;
E_000001ef48988f10/1 .event anyedge, v000001ef48950ba0_0;
E_000001ef48988f10 .event/or E_000001ef48988f10/0, E_000001ef48988f10/1;
S_000001ef4872d5a0 .scope module, "registry" "Registry" 5 184, 7 3 0, S_000001ef48731ab0;
 .timescale -9 -12;
    .port_info 0 /INPUT 1 "clk";
    .port_info 1 /INPUT 1 "rst";
    .port_info 2 /INPUT 5 "rs1_addr";
    .port_info 3 /INPUT 5 "rs2_addr";
    .port_info 4 /INPUT 5 "rd_addr";
    .port_info 5 /INPUT 32 "rd_data";
    .port_info 6 /INPUT 1 "reg_write_enable";
    .port_info 7 /OUTPUT 32 "rs1_data";
    .port_info 8 /OUTPUT 32 "rs2_data";
v000001ef489509c0_0 .net "clk", 0 0, v000001ef48a32340_0;  alias, 1 drivers
v000001ef48950b00_0 .net "rd_addr", 4 0, v000001ef48951dc0_0;  1 drivers
v000001ef48951000_0 .net "rd_data", 31 0, v000001ef489529a0_0;  1 drivers
v000001ef48950c40_0 .net "reg_write_enable", 0 0, v000001ef48951820_0;  1 drivers
v000001ef48950d80 .array "registers", 0 31, 31 0;
v000001ef48950f60_0 .net "rs1_addr", 4 0, v000001ef48a09ac0_0;  1 drivers
v000001ef48951320_0 .var "rs1_data", 31 0;
v000001ef48951460_0 .net "rs2_addr", 4 0, v000001ef48a081c0_0;  1 drivers
v000001ef4894eda0_0 .var "rs2_data", 31 0;
v000001ef4894ee40_0 .net "rst", 0 0, v000001ef48a31e40_0;  alias, 1 drivers
E_000001ef48988650 .event posedge, v000001ef4894ee40_0, v000001ef4894f700_0;
v000001ef48950d80_0 .array/port v000001ef48950d80, 0;
v000001ef48950d80_1 .array/port v000001ef48950d80, 1;
v000001ef48950d80_2 .array/port v000001ef48950d80, 2;
E_000001ef48988090/0 .event anyedge, v000001ef48950f60_0, v000001ef48950d80_0, v000001ef48950d80_1, v000001ef48950d80_2;
v000001ef48950d80_3 .array/port v000001ef48950d80, 3;
v000001ef48950d80_4 .array/port v000001ef48950d80, 4;
v000001ef48950d80_5 .array/port v000001ef48950d80, 5;
v000001ef48950d80_6 .array/port v000001ef48950d80, 6;
E_000001ef48988090/1 .event anyedge, v000001ef48950d80_3, v000001ef48950d80_4, v000001ef48950d80_5, v000001ef48950d80_6;
v000001ef48950d80_7 .array/port v000001ef48950d80, 7;
v000001ef48950d80_8 .array/port v000001ef48950d80, 8;
v000001ef48950d80_9 .array/port v000001ef48950d80, 9;
v000001ef48950d80_10 .array/port v000001ef48950d80, 10;
E_000001ef48988090/2 .event anyedge, v000001ef48950d80_7, v000001ef48950d80_8, v000001ef48950d80_9, v000001ef48950d80_10;
v000001ef48950d80_11 .array/port v000001ef48950d80, 11;
v000001ef48950d80_12 .array/port v000001ef48950d80, 12;
v000001ef48950d80_13 .array/port v000001ef48950d80, 13;
v000001ef48950d80_14 .array/port v000001ef48950d80, 14;
E_000001ef48988090/3 .event anyedge, v000001ef48950d80_11, v000001ef48950d80_12, v000001ef48950d80_13, v000001ef48950d80_14;
v000001ef48950d80_15 .array/port v000001ef48950d80, 15;
v000001ef48950d80_16 .array/port v000001ef48950d80, 16;
v000001ef48950d80_17 .array/port v000001ef48950d80, 17;
v000001ef48950d80_18 .array/port v000001ef48950d80, 18;
E_000001ef48988090/4 .event anyedge, v000001ef48950d80_15, v000001ef48950d80_16, v000001ef48950d80_17, v000001ef48950d80_18;
v000001ef48950d80_19 .array/port v000001ef48950d80, 19;
v000001ef48950d80_20 .array/port v000001ef48950d80, 20;
v000001ef48950d80_21 .array/port v000001ef48950d80, 21;
v000001ef48950d80_22 .array/port v000001ef48950d80, 22;
E_000001ef48988090/5 .event anyedge, v000001ef48950d80_19, v000001ef48950d80_20, v000001ef48950d80_21, v000001ef48950d80_22;
v000001ef48950d80_23 .array/port v000001ef48950d80, 23;
v000001ef48950d80_24 .array/port v000001ef48950d80, 24;
v000001ef48950d80_25 .array/port v000001ef48950d80, 25;
v000001ef48950d80_26 .array/port v000001ef48950d80, 26;
E_000001ef48988090/6 .event anyedge, v000001ef48950d80_23, v000001ef48950d80_24, v000001ef48950d80_25, v000001ef48950d80_26;
v000001ef48950d80_27 .array/port v000001ef48950d80, 27;
v000001ef48950d80_28 .array/port v000001ef48950d80, 28;
v000001ef48950d80_29 .array/port v000001ef48950d80, 29;
v000001ef48950d80_30 .array/port v000001ef48950d80, 30;
E_000001ef48988090/7 .event anyedge, v000001ef48950d80_27, v000001ef48950d80_28, v000001ef48950d80_29, v000001ef48950d80_30;
v000001ef48950d80_31 .array/port v000001ef48950d80, 31;
E_000001ef48988090/8 .event anyedge, v000001ef48950d80_31, v000001ef48951460_0;
E_000001ef48988090 .event/or E_000001ef48988090/0, E_000001ef48988090/1, E_000001ef48988090/2, E_000001ef48988090/3, E_000001ef48988090/4, E_000001ef48988090/5, E_000001ef48988090/6, E_000001ef48988090/7, E_000001ef48988090/8;
S_000001ef48761a30 .scope begin, "rst_loop" "rst_loop" 7 24, 7 24 0, S_000001ef4872d5a0;
 .timescale -9 -12;
v000001ef48950880_0 .var/i "i", 31 0;
S_000001ef48761bc0 .scope generate, "gpio_bank[0]" "gpio_bank[0]" 3 93, 3 93 0, S_000001ef48992f20;
 .timescale -9 -12;
P_000001ef48988f50 .param/l "gi" 0 3 93, +C4<00>;
L_000001ef488ec700 .functor AND 1, L_000001ef48a9b980, L_000001ef48a32de0, C4<1>, C4<1>;
v000001ef48a0b640_0 .net *"_ivl_1", 6 0, L_000001ef48a31580;  1 drivers
L_000001ef48a39178 .functor BUFT 1, C4<0>, C4<0>, C4<0>, C4<0>;
v000001ef48a0bdc0_0 .net *"_ivl_4", 0 0, L_000001ef48a39178;  1 drivers
L_000001ef48a391c0 .functor BUFT 1, C4<0000000>, C4<0>, C4<0>, C4<0>;
v000001ef48a0ba00_0 .net/2u *"_ivl_5", 6 0, L_000001ef48a391c0;  1 drivers
v000001ef48a0b6e0_0 .net *"_ivl_7", 0 0, L_000001ef48a32de0;  1 drivers
L_000001ef48a31580 .concat [ 6 1 0 0], L_000001ef48a89b90, L_000001ef48a39178;
L_000001ef48a32de0 .cmp/eq 7, L_000001ef48a31580, L_000001ef48a391c0;
S_000001ef486cdf90 .scope module, "gpio_pin" "GPIO" 3 94, 8 9 0, S_000001ef48761bc0;
 .timescale -9 -12;
    .port_info 0 /INPUT 1 "clk";
    .port_info 1 /INPUT 1 "rst";
    .port_info 2 /INPUT 1 "pin_in";
    .port_info 3 /OUTPUT 1 "pin_out";
    .port_info 4 /INPUT 1 "write_en";
    .port_info 5 /INPUT 1 "write_bit";
    .port_info 6 /OUTPUT 1 "read_bit";
v000001ef48a088a0_0 .net "clk", 0 0, v000001ef48a32340_0;  alias, 1 drivers
v000001ef48a09700_0 .var "in_latch", 0 0;
v000001ef48a0a740_0 .var "out_latch", 0 0;
v000001ef48a097a0_0 .net "pin_in", 0 0, L_000001ef48a32d40;  1 drivers
v000001ef48a0a7e0_0 .net "pin_out", 0 0, v000001ef48a0a740_0;  1 drivers
v000001ef48a0a060_0 .net "read_bit", 0 0, v000001ef48a09700_0;  1 drivers
v000001ef48a0a1a0_0 .net "rst", 0 0, v000001ef48a31e40_0;  alias, 1 drivers
v000001ef48a08120_0 .net "write_bit", 0 0, L_000001ef48a33060;  1 drivers
v000001ef48a0ae20_0 .net "write_en", 0 0, L_000001ef488ec700;  1 drivers
S_000001ef486ce120 .scope generate, "gpio_bank[1]" "gpio_bank[1]" 3 93, 3 93 0, S_000001ef48992f20;
 .timescale -9 -12;
P_000001ef489884d0 .param/l "gi" 0 3 93, +C4<01>;
L_000001ef488ec230 .functor AND 1, L_000001ef48a9b980, L_000001ef48a31800, C4<1>, C4<1>;
v000001ef48a0baa0_0 .net *"_ivl_1", 6 0, L_000001ef48a31620;  1 drivers
L_000001ef48a39208 .functor BUFT 1, C4<0>, C4<0>, C4<0>, C4<0>;
v000001ef48a0b780_0 .net *"_ivl_4", 0 0, L_000001ef48a39208;  1 drivers
L_000001ef48a39250 .functor BUFT 1, C4<0000001>, C4<0>, C4<0>, C4<0>;
v000001ef48a0aba0_0 .net/2u *"_ivl_5", 6 0, L_000001ef48a39250;  1 drivers
v000001ef48a0ace0_0 .net *"_ivl_7", 0 0, L_000001ef48a31800;  1 drivers
L_000001ef48a31620 .concat [ 6 1 0 0], L_000001ef48a89b90, L_000001ef48a39208;
L_000001ef48a31800 .cmp/eq 7, L_000001ef48a31620, L_000001ef48a39250;
S_000001ef48a14c20 .scope module, "gpio_pin" "GPIO" 3 94, 8 9 0, S_000001ef486ce120;
 .timescale -9 -12;
    .port_info 0 /INPUT 1 "clk";
    .port_info 1 /INPUT 1 "rst";
    .port_info 2 /INPUT 1 "pin_in";
    .port_info 3 /OUTPUT 1 "pin_out";
    .port_info 4 /INPUT 1 "write_en";
    .port_info 5 /INPUT 1 "write_bit";
    .port_info 6 /OUTPUT 1 "read_bit";
v000001ef48a0b0a0_0 .net "clk", 0 0, v000001ef48a32340_0;  alias, 1 drivers
v000001ef48a0b5a0_0 .var "in_latch", 0 0;
v000001ef48a0b500_0 .var "out_latch", 0 0;
v000001ef48a0b1e0_0 .net "pin_in", 0 0, L_000001ef48a323e0;  1 drivers
v000001ef48a0aec0_0 .net "pin_out", 0 0, v000001ef48a0b500_0;  1 drivers
v000001ef48a0b820_0 .net "read_bit", 0 0, v000001ef48a0b5a0_0;  1 drivers
v000001ef48a0af60_0 .net "rst", 0 0, v000001ef48a31e40_0;  alias, 1 drivers
v000001ef48a0ab00_0 .net "write_bit", 0 0, L_000001ef48a31b20;  1 drivers
v000001ef48a0bbe0_0 .net "write_en", 0 0, L_000001ef488ec230;  1 drivers
S_000001ef48a14130 .scope generate, "gpio_bank[2]" "gpio_bank[2]" 3 93, 3 93 0, S_000001ef48992f20;
 .timescale -9 -12;
P_000001ef48988850 .param/l "gi" 0 3 93, +C4<010>;
L_000001ef488ed9d0 .functor AND 1, L_000001ef48a9b980, L_000001ef48a33420, C4<1>, C4<1>;
v000001ef48a0b140_0 .net *"_ivl_1", 6 0, L_000001ef48a331a0;  1 drivers
L_000001ef48a39298 .functor BUFT 1, C4<0>, C4<0>, C4<0>, C4<0>;
v000001ef48a0b320_0 .net *"_ivl_4", 0 0, L_000001ef48a39298;  1 drivers
L_000001ef48a392e0 .functor BUFT 1, C4<0000010>, C4<0>, C4<0>, C4<0>;
v000001ef48a0b960_0 .net/2u *"_ivl_5", 6 0, L_000001ef48a392e0;  1 drivers
v000001ef48a0ac40_0 .net *"_ivl_7", 0 0, L_000001ef48a33420;  1 drivers
L_000001ef48a331a0 .concat [ 6 1 0 0], L_000001ef48a89b90, L_000001ef48a39298;
L_000001ef48a33420 .cmp/eq 7, L_000001ef48a331a0, L_000001ef48a392e0;
S_000001ef48a14db0 .scope module, "gpio_pin" "GPIO" 3 94, 8 9 0, S_000001ef48a14130;
 .timescale -9 -12;
    .port_info 0 /INPUT 1 "clk";
    .port_info 1 /INPUT 1 "rst";
    .port_info 2 /INPUT 1 "pin_in";
    .port_info 3 /OUTPUT 1 "pin_out";
    .port_info 4 /INPUT 1 "write_en";
    .port_info 5 /INPUT 1 "write_bit";
    .port_info 6 /OUTPUT 1 "read_bit";
v000001ef48a0ad80_0 .net "clk", 0 0, v000001ef48a32340_0;  alias, 1 drivers
v000001ef48a0b8c0_0 .var "in_latch", 0 0;
v000001ef48a0bb40_0 .var "out_latch", 0 0;
v000001ef48a0b280_0 .net "pin_in", 0 0, L_000001ef48a322a0;  1 drivers
v000001ef48a0aa60_0 .net "pin_out", 0 0, v000001ef48a0bb40_0;  1 drivers
v000001ef48a0b000_0 .net "read_bit", 0 0, v000001ef48a0b8c0_0;  1 drivers
v000001ef48a0bc80_0 .net "rst", 0 0, v000001ef48a31e40_0;  alias, 1 drivers
v000001ef48a0bd20_0 .net "write_bit", 0 0, L_000001ef48a334c0;  1 drivers
v000001ef48a0b460_0 .net "write_en", 0 0, L_000001ef488ed9d0;  1 drivers
S_000001ef48a14f40 .scope generate, "gpio_bank[3]" "gpio_bank[3]" 3 93, 3 93 0, S_000001ef48992f20;
 .timescale -9 -12;
P_000001ef48988790 .param/l "gi" 0 3 93, +C4<011>;
L_000001ef48775bf0 .functor AND 1, L_000001ef48a9b980, L_000001ef48a33100, C4<1>, C4<1>;
v000001ef489ba840_0 .net *"_ivl_1", 6 0, L_000001ef48a32fc0;  1 drivers
L_000001ef48a39328 .functor BUFT 1, C4<0>, C4<0>, C4<0>, C4<0>;
v000001ef489bab60_0 .net *"_ivl_4", 0 0, L_000001ef48a39328;  1 drivers
L_000001ef48a39370 .functor BUFT 1, C4<0000011>, C4<0>, C4<0>, C4<0>;
v000001ef489bbba0_0 .net/2u *"_ivl_5", 6 0, L_000001ef48a39370;  1 drivers
v000001ef489bb9c0_0 .net *"_ivl_7", 0 0, L_000001ef48a33100;  1 drivers
L_000001ef48a32fc0 .concat [ 6 1 0 0], L_000001ef48a89b90, L_000001ef48a39328;
L_000001ef48a33100 .cmp/eq 7, L_000001ef48a32fc0, L_000001ef48a39370;
S_000001ef48a145e0 .scope module, "gpio_pin" "GPIO" 3 94, 8 9 0, S_000001ef48a14f40;
 .timescale -9 -12;
    .port_info 0 /INPUT 1 "clk";
    .port_info 1 /INPUT 1 "rst";
    .port_info 2 /INPUT 1 "pin_in";
    .port_info 3 /OUTPUT 1 "pin_out";
    .port_info 4 /INPUT 1 "write_en";
    .port_info 5 /INPUT 1 "write_bit";
    .port_info 6 /OUTPUT 1 "read_bit";
v000001ef48a0a9c0_0 .net "clk", 0 0, v000001ef48a32340_0;  alias, 1 drivers
v000001ef48a0be60_0 .var "in_latch", 0 0;
v000001ef48a0bf00_0 .var "out_latch", 0 0;
v000001ef48a0bfa0_0 .net "pin_in", 0 0, L_000001ef48a32ca0;  1 drivers
v000001ef48a0a920_0 .net "pin_out", 0 0, v000001ef48a0bf00_0;  1 drivers
v000001ef48a0b3c0_0 .net "read_bit", 0 0, v000001ef48a0be60_0;  1 drivers
v000001ef489ba200_0 .net "rst", 0 0, v000001ef48a31e40_0;  alias, 1 drivers
v000001ef489baca0_0 .net "write_bit", 0 0, L_000001ef48a32e80;  1 drivers
v000001ef489bac00_0 .net "write_en", 0 0, L_000001ef48775bf0;  1 drivers
S_000001ef48a142c0 .scope generate, "gpio_bank[4]" "gpio_bank[4]" 3 93, 3 93 0, S_000001ef48992f20;
 .timescale -9 -12;
P_000001ef48988d10 .param/l "gi" 0 3 93, +C4<0100>;
L_000001ef48774760 .functor AND 1, L_000001ef48a9b980, L_000001ef48a319e0, C4<1>, C4<1>;
v000001ef489bad40_0 .net *"_ivl_1", 6 0, L_000001ef48a33740;  1 drivers
L_000001ef48a393b8 .functor BUFT 1, C4<0>, C4<0>, C4<0>, C4<0>;
v000001ef489bc320_0 .net *"_ivl_4", 0 0, L_000001ef48a393b8;  1 drivers
L_000001ef48a39400 .functor BUFT 1, C4<0000100>, C4<0>, C4<0>, C4<0>;
v000001ef489bc6e0_0 .net/2u *"_ivl_5", 6 0, L_000001ef48a39400;  1 drivers
v000001ef489bade0_0 .net *"_ivl_7", 0 0, L_000001ef48a319e0;  1 drivers
L_000001ef48a33740 .concat [ 6 1 0 0], L_000001ef48a89b90, L_000001ef48a393b8;
L_000001ef48a319e0 .cmp/eq 7, L_000001ef48a33740, L_000001ef48a39400;
S_000001ef48a14900 .scope module, "gpio_pin" "GPIO" 3 94, 8 9 0, S_000001ef48a142c0;
 .timescale -9 -12;
    .port_info 0 /INPUT 1 "clk";
    .port_info 1 /INPUT 1 "rst";
    .port_info 2 /INPUT 1 "pin_in";
    .port_info 3 /OUTPUT 1 "pin_out";
    .port_info 4 /INPUT 1 "write_en";
    .port_info 5 /INPUT 1 "write_bit";
    .port_info 6 /OUTPUT 1 "read_bit";
v000001ef489ba0c0_0 .net "clk", 0 0, v000001ef48a32340_0;  alias, 1 drivers
v000001ef489bba60_0 .var "in_latch", 0 0;
v000001ef489baac0_0 .var "out_latch", 0 0;
v000001ef489ba2a0_0 .net "pin_in", 0 0, L_000001ef48a31260;  1 drivers
v000001ef489bbc40_0 .net "pin_out", 0 0, v000001ef489baac0_0;  1 drivers
v000001ef489ba5c0_0 .net "read_bit", 0 0, v000001ef489bba60_0;  1 drivers
v000001ef489bbce0_0 .net "rst", 0 0, v000001ef48a31e40_0;  alias, 1 drivers
v000001ef489bb060_0 .net "write_bit", 0 0, L_000001ef48a32980;  1 drivers
v000001ef489bbec0_0 .net "write_en", 0 0, L_000001ef48774760;  1 drivers
S_000001ef48a14450 .scope generate, "gpio_bank[5]" "gpio_bank[5]" 3 93, 3 93 0, S_000001ef48992f20;
 .timescale -9 -12;
P_000001ef48988750 .param/l "gi" 0 3 93, +C4<0101>;
L_000001ef48774840 .functor AND 1, L_000001ef48a9b980, L_000001ef48a32020, C4<1>, C4<1>;
v000001ef489bbe20_0 .net *"_ivl_1", 6 0, L_000001ef48a31440;  1 drivers
L_000001ef48a39448 .functor BUFT 1, C4<0>, C4<0>, C4<0>, C4<0>;
v000001ef489bb2e0_0 .net *"_ivl_4", 0 0, L_000001ef48a39448;  1 drivers
L_000001ef48a39490 .functor BUFT 1, C4<0000101>, C4<0>, C4<0>, C4<0>;
v000001ef489bae80_0 .net/2u *"_ivl_5", 6 0, L_000001ef48a39490;  1 drivers
v000001ef489ba520_0 .net *"_ivl_7", 0 0, L_000001ef48a32020;  1 drivers
L_000001ef48a31440 .concat [ 6 1 0 0], L_000001ef48a89b90, L_000001ef48a39448;
L_000001ef48a32020 .cmp/eq 7, L_000001ef48a31440, L_000001ef48a39490;
S_000001ef48a14770 .scope module, "gpio_pin" "GPIO" 3 94, 8 9 0, S_000001ef48a14450;
 .timescale -9 -12;
    .port_info 0 /INPUT 1 "clk";
    .port_info 1 /INPUT 1 "rst";
    .port_info 2 /INPUT 1 "pin_in";
    .port_info 3 /OUTPUT 1 "pin_out";
    .port_info 4 /INPUT 1 "write_en";
    .port_info 5 /INPUT 1 "write_bit";
    .port_info 6 /OUTPUT 1 "read_bit";
v000001ef489ba660_0 .net "clk", 0 0, v000001ef48a32340_0;  alias, 1 drivers
v000001ef489ba700_0 .var "in_latch", 0 0;
v000001ef489bb420_0 .var "out_latch", 0 0;
v000001ef489ba480_0 .net "pin_in", 0 0, L_000001ef48a33240;  1 drivers
v000001ef489b9f80_0 .net "pin_out", 0 0, v000001ef489bb420_0;  1 drivers
v000001ef489ba340_0 .net "read_bit", 0 0, v000001ef489ba700_0;  1 drivers
v000001ef489ba7a0_0 .net "rst", 0 0, v000001ef48a31e40_0;  alias, 1 drivers
v000001ef489bbb00_0 .net "write_bit", 0 0, L_000001ef48a33560;  1 drivers
v000001ef489ba3e0_0 .net "write_en", 0 0, L_000001ef48774840;  1 drivers
S_000001ef48a14a90 .scope generate, "gpio_bank[6]" "gpio_bank[6]" 3 93, 3 93 0, S_000001ef48992f20;
 .timescale -9 -12;
P_000001ef48988a10 .param/l "gi" 0 3 93, +C4<0110>;
L_000001ef48775020 .functor AND 1, L_000001ef48a9b980, L_000001ef48a31bc0, C4<1>, C4<1>;
v000001ef489bb1a0_0 .net *"_ivl_1", 6 0, L_000001ef48a31ee0;  1 drivers
L_000001ef48a394d8 .functor BUFT 1, C4<0>, C4<0>, C4<0>, C4<0>;
v000001ef489bc140_0 .net *"_ivl_4", 0 0, L_000001ef48a394d8;  1 drivers
L_000001ef48a39520 .functor BUFT 1, C4<0000110>, C4<0>, C4<0>, C4<0>;
v000001ef489bbf60_0 .net/2u *"_ivl_5", 6 0, L_000001ef48a39520;  1 drivers
v000001ef489bb240_0 .net *"_ivl_7", 0 0, L_000001ef48a31bc0;  1 drivers
L_000001ef48a31ee0 .concat [ 6 1 0 0], L_000001ef48a89b90, L_000001ef48a394d8;
L_000001ef48a31bc0 .cmp/eq 7, L_000001ef48a31ee0, L_000001ef48a39520;
S_000001ef48a16a40 .scope module, "gpio_pin" "GPIO" 3 94, 8 9 0, S_000001ef48a14a90;
 .timescale -9 -12;
    .port_info 0 /INPUT 1 "clk";
    .port_info 1 /INPUT 1 "rst";
    .port_info 2 /INPUT 1 "pin_in";
    .port_info 3 /OUTPUT 1 "pin_out";
    .port_info 4 /INPUT 1 "write_en";
    .port_info 5 /INPUT 1 "write_bit";
    .port_info 6 /OUTPUT 1 "read_bit";
v000001ef489bb920_0 .net "clk", 0 0, v000001ef48a32340_0;  alias, 1 drivers
v000001ef489bc280_0 .var "in_latch", 0 0;
v000001ef489bb100_0 .var "out_latch", 0 0;
v000001ef489baf20_0 .net "pin_in", 0 0, L_000001ef48a33600;  1 drivers
v000001ef489ba8e0_0 .net "pin_out", 0 0, v000001ef489bb100_0;  1 drivers
v000001ef489ba160_0 .net "read_bit", 0 0, v000001ef489bc280_0;  1 drivers
v000001ef489bbd80_0 .net "rst", 0 0, v000001ef48a31e40_0;  alias, 1 drivers
v000001ef489bc640_0 .net "write_bit", 0 0, L_000001ef48a31f80;  1 drivers
v000001ef489bafc0_0 .net "write_en", 0 0, L_000001ef48775020;  1 drivers
S_000001ef48a16d60 .scope generate, "gpio_bank[7]" "gpio_bank[7]" 3 93, 3 93 0, S_000001ef48992f20;
 .timescale -9 -12;
P_000001ef489887d0 .param/l "gi" 0 3 93, +C4<0111>;
L_000001ef487758e0 .functor AND 1, L_000001ef48a9b980, L_000001ef48a336a0, C4<1>, C4<1>;
v000001ef489bb600_0 .net *"_ivl_1", 6 0, L_000001ef48a32660;  1 drivers
L_000001ef48a39568 .functor BUFT 1, C4<0>, C4<0>, C4<0>, C4<0>;
v000001ef489bc3c0_0 .net *"_ivl_4", 0 0, L_000001ef48a39568;  1 drivers
L_000001ef48a395b0 .functor BUFT 1, C4<0000111>, C4<0>, C4<0>, C4<0>;
v000001ef489baa20_0 .net/2u *"_ivl_5", 6 0, L_000001ef48a395b0;  1 drivers
v000001ef489bc460_0 .net *"_ivl_7", 0 0, L_000001ef48a336a0;  1 drivers
L_000001ef48a32660 .concat [ 6 1 0 0], L_000001ef48a89b90, L_000001ef48a39568;
L_000001ef48a336a0 .cmp/eq 7, L_000001ef48a32660, L_000001ef48a395b0;
S_000001ef48a16720 .scope module, "gpio_pin" "GPIO" 3 94, 8 9 0, S_000001ef48a16d60;
 .timescale -9 -12;
    .port_info 0 /INPUT 1 "clk";
    .port_info 1 /INPUT 1 "rst";
    .port_info 2 /INPUT 1 "pin_in";
    .port_info 3 /OUTPUT 1 "pin_out";
    .port_info 4 /INPUT 1 "write_en";
    .port_info 5 /INPUT 1 "write_bit";
    .port_info 6 /OUTPUT 1 "read_bit";
v000001ef489bb740_0 .net "clk", 0 0, v000001ef48a32340_0;  alias, 1 drivers
v000001ef489bc000_0 .var "in_latch", 0 0;
v000001ef489bb380_0 .var "out_latch", 0 0;
v000001ef489bb4c0_0 .net "pin_in", 0 0, L_000001ef48a328e0;  1 drivers
v000001ef489ba020_0 .net "pin_out", 0 0, v000001ef489bb380_0;  1 drivers
v000001ef489ba980_0 .net "read_bit", 0 0, v000001ef489bc000_0;  1 drivers
v000001ef489bc0a0_0 .net "rst", 0 0, v000001ef48a31e40_0;  alias, 1 drivers
v000001ef489bc1e0_0 .net "write_bit", 0 0, L_000001ef48a316c0;  1 drivers
v000001ef489bb560_0 .net "write_en", 0 0, L_000001ef487758e0;  1 drivers
S_000001ef48a15460 .scope generate, "gpio_bank[8]" "gpio_bank[8]" 3 93, 3 93 0, S_000001ef48992f20;
 .timescale -9 -12;
P_000001ef48988f90 .param/l "gi" 0 3 93, +C4<01000>;
L_000001ef48773ff0 .functor AND 1, L_000001ef48a9b980, L_000001ef48a318a0, C4<1>, C4<1>;
v000001ef489bde00_0 .net *"_ivl_1", 6 0, L_000001ef48a32a20;  1 drivers
L_000001ef48a395f8 .functor BUFT 1, C4<0>, C4<0>, C4<0>, C4<0>;
v000001ef489bce60_0 .net *"_ivl_4", 0 0, L_000001ef48a395f8;  1 drivers
L_000001ef48a39640 .functor BUFT 1, C4<0001000>, C4<0>, C4<0>, C4<0>;
v000001ef489bd180_0 .net/2u *"_ivl_5", 6 0, L_000001ef48a39640;  1 drivers
v000001ef489bd680_0 .net *"_ivl_7", 0 0, L_000001ef48a318a0;  1 drivers
L_000001ef48a32a20 .concat [ 6 1 0 0], L_000001ef48a89b90, L_000001ef48a395f8;
L_000001ef48a318a0 .cmp/eq 7, L_000001ef48a32a20, L_000001ef48a39640;
S_000001ef48a16ef0 .scope module, "gpio_pin" "GPIO" 3 94, 8 9 0, S_000001ef48a15460;
 .timescale -9 -12;
    .port_info 0 /INPUT 1 "clk";
    .port_info 1 /INPUT 1 "rst";
    .port_info 2 /INPUT 1 "pin_in";
    .port_info 3 /OUTPUT 1 "pin_out";
    .port_info 4 /INPUT 1 "write_en";
    .port_info 5 /INPUT 1 "write_bit";
    .port_info 6 /OUTPUT 1 "read_bit";
v000001ef489bc500_0 .net "clk", 0 0, v000001ef48a32340_0;  alias, 1 drivers
v000001ef489bc5a0_0 .var "in_latch", 0 0;
v000001ef489bb6a0_0 .var "out_latch", 0 0;
v000001ef489bb7e0_0 .net "pin_in", 0 0, L_000001ef48a31760;  1 drivers
v000001ef489bb880_0 .net "pin_out", 0 0, v000001ef489bb6a0_0;  1 drivers
v000001ef489bdd60_0 .net "read_bit", 0 0, v000001ef489bc5a0_0;  1 drivers
v000001ef489bdcc0_0 .net "rst", 0 0, v000001ef48a31e40_0;  alias, 1 drivers
v000001ef489bcd20_0 .net "write_bit", 0 0, L_000001ef48a337e0;  1 drivers
v000001ef489bdc20_0 .net "write_en", 0 0, L_000001ef48773ff0;  1 drivers
S_000001ef48a15910 .scope generate, "gpio_bank[9]" "gpio_bank[9]" 3 93, 3 93 0, S_000001ef48992f20;
 .timescale -9 -12;
P_000001ef48988150 .param/l "gi" 0 3 93, +C4<01001>;
L_000001ef48896210 .functor AND 1, L_000001ef48a9b980, L_000001ef48a313a0, C4<1>, C4<1>;
v000001ef489bd7c0_0 .net *"_ivl_1", 6 0, L_000001ef48a33880;  1 drivers
L_000001ef48a39688 .functor BUFT 1, C4<0>, C4<0>, C4<0>, C4<0>;
v000001ef489bd360_0 .net *"_ivl_4", 0 0, L_000001ef48a39688;  1 drivers
L_000001ef48a396d0 .functor BUFT 1, C4<0001001>, C4<0>, C4<0>, C4<0>;
v000001ef489bcdc0_0 .net/2u *"_ivl_5", 6 0, L_000001ef48a396d0;  1 drivers
v000001ef489bd400_0 .net *"_ivl_7", 0 0, L_000001ef48a313a0;  1 drivers
L_000001ef48a33880 .concat [ 6 1 0 0], L_000001ef48a89b90, L_000001ef48a39688;
L_000001ef48a313a0 .cmp/eq 7, L_000001ef48a33880, L_000001ef48a396d0;
S_000001ef48a15140 .scope module, "gpio_pin" "GPIO" 3 94, 8 9 0, S_000001ef48a15910;
 .timescale -9 -12;
    .port_info 0 /INPUT 1 "clk";
    .port_info 1 /INPUT 1 "rst";
    .port_info 2 /INPUT 1 "pin_in";
    .port_info 3 /OUTPUT 1 "pin_out";
    .port_info 4 /INPUT 1 "write_en";
    .port_info 5 /INPUT 1 "write_bit";
    .port_info 6 /OUTPUT 1 "read_bit";
v000001ef489bd900_0 .net "clk", 0 0, v000001ef48a32340_0;  alias, 1 drivers
v000001ef489bd720_0 .var "in_latch", 0 0;
v000001ef489bd2c0_0 .var "out_latch", 0 0;
v000001ef489bcaa0_0 .net "pin_in", 0 0, L_000001ef48a33920;  1 drivers
v000001ef489bd9a0_0 .net "pin_out", 0 0, v000001ef489bd2c0_0;  1 drivers
v000001ef489bc8c0_0 .net "read_bit", 0 0, v000001ef489bd720_0;  1 drivers
v000001ef489bc820_0 .net "rst", 0 0, v000001ef48a31e40_0;  alias, 1 drivers
v000001ef489bcb40_0 .net "write_bit", 0 0, L_000001ef48a31940;  1 drivers
v000001ef489bcbe0_0 .net "write_en", 0 0, L_000001ef48896210;  1 drivers
S_000001ef48a15c30 .scope generate, "gpio_bank[10]" "gpio_bank[10]" 3 93, 3 93 0, S_000001ef48992f20;
 .timescale -9 -12;
P_000001ef48988010 .param/l "gi" 0 3 93, +C4<01010>;
L_000001ef48896a60 .functor AND 1, L_000001ef48a9b980, L_000001ef48a31300, C4<1>, C4<1>;
v000001ef489bdb80_0 .net *"_ivl_1", 6 0, L_000001ef48a31d00;  1 drivers
L_000001ef48a39718 .functor BUFT 1, C4<0>, C4<0>, C4<0>, C4<0>;
v000001ef489bd540_0 .net *"_ivl_4", 0 0, L_000001ef48a39718;  1 drivers
L_000001ef48a39760 .functor BUFT 1, C4<0001010>, C4<0>, C4<0>, C4<0>;
v000001ef489bd5e0_0 .net/2u *"_ivl_5", 6 0, L_000001ef48a39760;  1 drivers
v000001ef489bca00_0 .net *"_ivl_7", 0 0, L_000001ef48a31300;  1 drivers
L_000001ef48a31d00 .concat [ 6 1 0 0], L_000001ef48a89b90, L_000001ef48a39718;
L_000001ef48a31300 .cmp/eq 7, L_000001ef48a31d00, L_000001ef48a39760;
S_000001ef48a168b0 .scope module, "gpio_pin" "GPIO" 3 94, 8 9 0, S_000001ef48a15c30;
 .timescale -9 -12;
    .port_info 0 /INPUT 1 "clk";
    .port_info 1 /INPUT 1 "rst";
    .port_info 2 /INPUT 1 "pin_in";
    .port_info 3 /OUTPUT 1 "pin_out";
    .port_info 4 /INPUT 1 "write_en";
    .port_info 5 /INPUT 1 "write_bit";
    .port_info 6 /OUTPUT 1 "read_bit";
v000001ef489bcc80_0 .net "clk", 0 0, v000001ef48a32340_0;  alias, 1 drivers
v000001ef489bda40_0 .var "in_latch", 0 0;
v000001ef489bd4a0_0 .var "out_latch", 0 0;
v000001ef489bdae0_0 .net "pin_in", 0 0, L_000001ef48a32480;  1 drivers
v000001ef489bc780_0 .net "pin_out", 0 0, v000001ef489bd4a0_0;  1 drivers
v000001ef489bd860_0 .net "read_bit", 0 0, v000001ef489bda40_0;  1 drivers
v000001ef489bd220_0 .net "rst", 0 0, v000001ef48a31e40_0;  alias, 1 drivers
v000001ef489bd040_0 .net "write_bit", 0 0, L_000001ef48a31c60;  1 drivers
v000001ef489bc960_0 .net "write_en", 0 0, L_000001ef48896a60;  1 drivers
S_000001ef48a152d0 .scope generate, "gpio_bank[11]" "gpio_bank[11]" 3 93, 3 93 0, S_000001ef48992f20;
 .timescale -9 -12;
P_000001ef48988ad0 .param/l "gi" 0 3 93, +C4<01011>;
L_000001ef48897390 .functor AND 1, L_000001ef48a9b980, L_000001ef48a32520, C4<1>, C4<1>;
v000001ef48a195a0_0 .net *"_ivl_1", 6 0, L_000001ef48a32160;  1 drivers
L_000001ef48a397a8 .functor BUFT 1, C4<0>, C4<0>, C4<0>, C4<0>;
v000001ef48a187e0_0 .net *"_ivl_4", 0 0, L_000001ef48a397a8;  1 drivers
L_000001ef48a397f0 .functor BUFT 1, C4<0001011>, C4<0>, C4<0>, C4<0>;
v000001ef48a17a20_0 .net/2u *"_ivl_5", 6 0, L_000001ef48a397f0;  1 drivers
v000001ef48a17660_0 .net *"_ivl_7", 0 0, L_000001ef48a32520;  1 drivers
L_000001ef48a32160 .concat [ 6 1 0 0], L_000001ef48a89b90, L_000001ef48a397a8;
L_000001ef48a32520 .cmp/eq 7, L_000001ef48a32160, L_000001ef48a397f0;
S_000001ef48a16bd0 .scope module, "gpio_pin" "GPIO" 3 94, 8 9 0, S_000001ef48a152d0;
 .timescale -9 -12;
    .port_info 0 /INPUT 1 "clk";
    .port_info 1 /INPUT 1 "rst";
    .port_info 2 /INPUT 1 "pin_in";
    .port_info 3 /OUTPUT 1 "pin_out";
    .port_info 4 /INPUT 1 "write_en";
    .port_info 5 /INPUT 1 "write_bit";
    .port_info 6 /OUTPUT 1 "read_bit";
v000001ef489bcf00_0 .net "clk", 0 0, v000001ef48a32340_0;  alias, 1 drivers
v000001ef489bcfa0_0 .var "in_latch", 0 0;
v000001ef489bd0e0_0 .var "out_latch", 0 0;
v000001ef48a189c0_0 .net "pin_in", 0 0, L_000001ef48a320c0;  1 drivers
v000001ef48a181a0_0 .net "pin_out", 0 0, v000001ef489bd0e0_0;  1 drivers
v000001ef48a18240_0 .net "read_bit", 0 0, v000001ef489bcfa0_0;  1 drivers
v000001ef48a19460_0 .net "rst", 0 0, v000001ef48a31e40_0;  alias, 1 drivers
v000001ef48a18b00_0 .net "write_bit", 0 0, L_000001ef48a32ac0;  1 drivers
v000001ef48a175c0_0 .net "write_en", 0 0, L_000001ef48897390;  1 drivers
S_000001ef48a155f0 .scope generate, "gpio_bank[12]" "gpio_bank[12]" 3 93, 3 93 0, S_000001ef48992f20;
 .timescale -9 -12;
P_000001ef489883d0 .param/l "gi" 0 3 93, +C4<01100>;
L_000001ef48896c90 .functor AND 1, L_000001ef48a9b980, L_000001ef48a33ce0, C4<1>, C4<1>;
v000001ef48a19640_0 .net *"_ivl_1", 6 0, L_000001ef48a35ae0;  1 drivers
L_000001ef48a39838 .functor BUFT 1, C4<0>, C4<0>, C4<0>, C4<0>;
v000001ef48a18c40_0 .net *"_ivl_4", 0 0, L_000001ef48a39838;  1 drivers
L_000001ef48a39880 .functor BUFT 1, C4<0001100>, C4<0>, C4<0>, C4<0>;
v000001ef48a17b60_0 .net/2u *"_ivl_5", 6 0, L_000001ef48a39880;  1 drivers
v000001ef48a17f20_0 .net *"_ivl_7", 0 0, L_000001ef48a33ce0;  1 drivers
L_000001ef48a35ae0 .concat [ 6 1 0 0], L_000001ef48a89b90, L_000001ef48a39838;
L_000001ef48a33ce0 .cmp/eq 7, L_000001ef48a35ae0, L_000001ef48a39880;
S_000001ef48a15dc0 .scope module, "gpio_pin" "GPIO" 3 94, 8 9 0, S_000001ef48a155f0;
 .timescale -9 -12;
    .port_info 0 /INPUT 1 "clk";
    .port_info 1 /INPUT 1 "rst";
    .port_info 2 /INPUT 1 "pin_in";
    .port_info 3 /OUTPUT 1 "pin_out";
    .port_info 4 /INPUT 1 "write_en";
    .port_info 5 /INPUT 1 "write_bit";
    .port_info 6 /OUTPUT 1 "read_bit";
v000001ef48a19140_0 .net "clk", 0 0, v000001ef48a32340_0;  alias, 1 drivers
v000001ef48a17ac0_0 .var "in_latch", 0 0;
v000001ef48a18880_0 .var "out_latch", 0 0;
v000001ef48a19280_0 .net "pin_in", 0 0, L_000001ef48a325c0;  1 drivers
v000001ef48a19000_0 .net "pin_out", 0 0, v000001ef48a18880_0;  1 drivers
v000001ef48a17480_0 .net "read_bit", 0 0, v000001ef48a17ac0_0;  1 drivers
v000001ef48a18ba0_0 .net "rst", 0 0, v000001ef48a31e40_0;  alias, 1 drivers
v000001ef48a190a0_0 .net "write_bit", 0 0, L_000001ef48a35900;  1 drivers
v000001ef48a19320_0 .net "write_en", 0 0, L_000001ef48896c90;  1 drivers
S_000001ef48a15780 .scope generate, "gpio_bank[13]" "gpio_bank[13]" 3 93, 3 93 0, S_000001ef48992f20;
 .timescale -9 -12;
P_000001ef48988c50 .param/l "gi" 0 3 93, +C4<01101>;
L_000001ef48895f70 .functor AND 1, L_000001ef48a9b980, L_000001ef48a34000, C4<1>, C4<1>;
v000001ef48a18060_0 .net *"_ivl_1", 6 0, L_000001ef48a34c80;  1 drivers
L_000001ef48a398c8 .functor BUFT 1, C4<0>, C4<0>, C4<0>, C4<0>;
v000001ef48a17ca0_0 .net *"_ivl_4", 0 0, L_000001ef48a398c8;  1 drivers
L_000001ef48a39910 .functor BUFT 1, C4<0001101>, C4<0>, C4<0>, C4<0>;
v000001ef48a177a0_0 .net/2u *"_ivl_5", 6 0, L_000001ef48a39910;  1 drivers
v000001ef48a17d40_0 .net *"_ivl_7", 0 0, L_000001ef48a34000;  1 drivers
L_000001ef48a34c80 .concat [ 6 1 0 0], L_000001ef48a89b90, L_000001ef48a398c8;
L_000001ef48a34000 .cmp/eq 7, L_000001ef48a34c80, L_000001ef48a39910;
S_000001ef48a16590 .scope module, "gpio_pin" "GPIO" 3 94, 8 9 0, S_000001ef48a15780;
 .timescale -9 -12;
    .port_info 0 /INPUT 1 "clk";
    .port_info 1 /INPUT 1 "rst";
    .port_info 2 /INPUT 1 "pin_in";
    .port_info 3 /OUTPUT 1 "pin_out";
    .port_info 4 /INPUT 1 "write_en";
    .port_info 5 /INPUT 1 "write_bit";
    .port_info 6 /OUTPUT 1 "read_bit";
v000001ef48a18920_0 .net "clk", 0 0, v000001ef48a32340_0;  alias, 1 drivers
v000001ef48a17520_0 .var "in_latch", 0 0;
v000001ef48a18a60_0 .var "out_latch", 0 0;
v000001ef48a17160_0 .net "pin_in", 0 0, L_000001ef48a33e20;  1 drivers
v000001ef48a186a0_0 .net "pin_out", 0 0, v000001ef48a18a60_0;  1 drivers
v000001ef48a17840_0 .net "read_bit", 0 0, v000001ef48a17520_0;  1 drivers
v000001ef48a17700_0 .net "rst", 0 0, v000001ef48a31e40_0;  alias, 1 drivers
v000001ef48a18ce0_0 .net "write_bit", 0 0, L_000001ef48a34460;  1 drivers
v000001ef48a17c00_0 .net "write_en", 0 0, L_000001ef48895f70;  1 drivers
S_000001ef48a15aa0 .scope generate, "gpio_bank[14]" "gpio_bank[14]" 3 93, 3 93 0, S_000001ef48992f20;
 .timescale -9 -12;
P_000001ef48988a90 .param/l "gi" 0 3 93, +C4<01110>;
L_000001ef48a83070 .functor AND 1, L_000001ef48a9b980, L_000001ef48a35f40, C4<1>, C4<1>;
v000001ef48a18ec0_0 .net *"_ivl_1", 6 0, L_000001ef48a34a00;  1 drivers
L_000001ef48a39958 .functor BUFT 1, C4<0>, C4<0>, C4<0>, C4<0>;
v000001ef48a19500_0 .net *"_ivl_4", 0 0, L_000001ef48a39958;  1 drivers
L_000001ef48a399a0 .functor BUFT 1, C4<0001110>, C4<0>, C4<0>, C4<0>;
v000001ef48a196e0_0 .net/2u *"_ivl_5", 6 0, L_000001ef48a399a0;  1 drivers
v000001ef48a19820_0 .net *"_ivl_7", 0 0, L_000001ef48a35f40;  1 drivers
L_000001ef48a34a00 .concat [ 6 1 0 0], L_000001ef48a89b90, L_000001ef48a39958;
L_000001ef48a35f40 .cmp/eq 7, L_000001ef48a34a00, L_000001ef48a399a0;
S_000001ef48a15f50 .scope module, "gpio_pin" "GPIO" 3 94, 8 9 0, S_000001ef48a15aa0;
 .timescale -9 -12;
    .port_info 0 /INPUT 1 "clk";
    .port_info 1 /INPUT 1 "rst";
    .port_info 2 /INPUT 1 "pin_in";
    .port_info 3 /OUTPUT 1 "pin_out";
    .port_info 4 /INPUT 1 "write_en";
    .port_info 5 /INPUT 1 "write_bit";
    .port_info 6 /OUTPUT 1 "read_bit";
v000001ef48a18d80_0 .net "clk", 0 0, v000001ef48a32340_0;  alias, 1 drivers
v000001ef48a17de0_0 .var "in_latch", 0 0;
v000001ef48a191e0_0 .var "out_latch", 0 0;
v000001ef48a178e0_0 .net "pin_in", 0 0, L_000001ef48a35180;  1 drivers
v000001ef48a18e20_0 .net "pin_out", 0 0, v000001ef48a191e0_0;  1 drivers
v000001ef48a193c0_0 .net "read_bit", 0 0, v000001ef48a17de0_0;  1 drivers
v000001ef48a17340_0 .net "rst", 0 0, v000001ef48a31e40_0;  alias, 1 drivers
v000001ef48a18100_0 .net "write_bit", 0 0, L_000001ef48a33d80;  1 drivers
v000001ef48a19780_0 .net "write_en", 0 0, L_000001ef48a83070;  1 drivers
S_000001ef48a160e0 .scope generate, "gpio_bank[15]" "gpio_bank[15]" 3 93, 3 93 0, S_000001ef48992f20;
 .timescale -9 -12;
P_000001ef489881d0 .param/l "gi" 0 3 93, +C4<01111>;
L_000001ef48a82dd0 .functor AND 1, L_000001ef48a9b980, L_000001ef48a33f60, C4<1>, C4<1>;
v000001ef48a18420_0 .net *"_ivl_1", 6 0, L_000001ef48a33ec0;  1 drivers
L_000001ef48a399e8 .functor BUFT 1, C4<0>, C4<0>, C4<0>, C4<0>;
v000001ef48a17200_0 .net *"_ivl_4", 0 0, L_000001ef48a399e8;  1 drivers
L_000001ef48a39a30 .functor BUFT 1, C4<0001111>, C4<0>, C4<0>, C4<0>;
v000001ef48a184c0_0 .net/2u *"_ivl_5", 6 0, L_000001ef48a39a30;  1 drivers
v000001ef48a172a0_0 .net *"_ivl_7", 0 0, L_000001ef48a33f60;  1 drivers
L_000001ef48a33ec0 .concat [ 6 1 0 0], L_000001ef48a89b90, L_000001ef48a399e8;
L_000001ef48a33f60 .cmp/eq 7, L_000001ef48a33ec0, L_000001ef48a39a30;
S_000001ef48a16270 .scope module, "gpio_pin" "GPIO" 3 94, 8 9 0, S_000001ef48a160e0;
 .timescale -9 -12;
    .port_info 0 /INPUT 1 "clk";
    .port_info 1 /INPUT 1 "rst";
    .port_info 2 /INPUT 1 "pin_in";
    .port_info 3 /OUTPUT 1 "pin_out";
    .port_info 4 /INPUT 1 "write_en";
    .port_info 5 /INPUT 1 "write_bit";
    .port_info 6 /OUTPUT 1 "read_bit";
v000001ef48a18f60_0 .net "clk", 0 0, v000001ef48a32340_0;  alias, 1 drivers
v000001ef48a182e0_0 .var "in_latch", 0 0;
v000001ef48a18740_0 .var "out_latch", 0 0;
v000001ef48a17980_0 .net "pin_in", 0 0, L_000001ef48a35860;  1 drivers
v000001ef48a17e80_0 .net "pin_out", 0 0, v000001ef48a18740_0;  1 drivers
v000001ef48a17fc0_0 .net "read_bit", 0 0, v000001ef48a182e0_0;  1 drivers
v000001ef48a173e0_0 .net "rst", 0 0, v000001ef48a31e40_0;  alias, 1 drivers
v000001ef48a18380_0 .net "write_bit", 0 0, L_000001ef48a340a0;  1 drivers
v000001ef48a198c0_0 .net "write_en", 0 0, L_000001ef48a82dd0;  1 drivers
S_000001ef48a16400 .scope generate, "gpio_bank[16]" "gpio_bank[16]" 3 93, 3 93 0, S_000001ef48992f20;
 .timescale -9 -12;
P_000001ef48988410 .param/l "gi" 0 3 93, +C4<010000>;
L_000001ef48a83000 .functor AND 1, L_000001ef48a9b980, L_000001ef48a341e0, C4<1>, C4<1>;
v000001ef48a19dc0_0 .net *"_ivl_1", 6 0, L_000001ef48a33c40;  1 drivers
L_000001ef48a39a78 .functor BUFT 1, C4<0>, C4<0>, C4<0>, C4<0>;
v000001ef48a1a0e0_0 .net *"_ivl_4", 0 0, L_000001ef48a39a78;  1 drivers
L_000001ef48a39ac0 .functor BUFT 1, C4<0010000>, C4<0>, C4<0>, C4<0>;
v000001ef48a1ae00_0 .net/2u *"_ivl_5", 6 0, L_000001ef48a39ac0;  1 drivers
v000001ef48a1aa40_0 .net *"_ivl_7", 0 0, L_000001ef48a341e0;  1 drivers
L_000001ef48a33c40 .concat [ 6 1 0 0], L_000001ef48a89b90, L_000001ef48a39a78;
L_000001ef48a341e0 .cmp/eq 7, L_000001ef48a33c40, L_000001ef48a39ac0;
S_000001ef48a1bac0 .scope module, "gpio_pin" "GPIO" 3 94, 8 9 0, S_000001ef48a16400;
 .timescale -9 -12;
    .port_info 0 /INPUT 1 "clk";
    .port_info 1 /INPUT 1 "rst";
    .port_info 2 /INPUT 1 "pin_in";
    .port_info 3 /OUTPUT 1 "pin_out";
    .port_info 4 /INPUT 1 "write_en";
    .port_info 5 /INPUT 1 "write_bit";
    .port_info 6 /OUTPUT 1 "read_bit";
v000001ef48a18560_0 .net "clk", 0 0, v000001ef48a32340_0;  alias, 1 drivers
v000001ef48a18600_0 .var "in_latch", 0 0;
v000001ef48a1ad60_0 .var "out_latch", 0 0;
v000001ef48a1a2c0_0 .net "pin_in", 0 0, L_000001ef48a34280;  1 drivers
v000001ef48a1acc0_0 .net "pin_out", 0 0, v000001ef48a1ad60_0;  1 drivers
v000001ef48a19b40_0 .net "read_bit", 0 0, v000001ef48a18600_0;  1 drivers
v000001ef48a1a5e0_0 .net "rst", 0 0, v000001ef48a31e40_0;  alias, 1 drivers
v000001ef48a19a00_0 .net "write_bit", 0 0, L_000001ef48a354a0;  1 drivers
v000001ef48a1a7c0_0 .net "write_en", 0 0, L_000001ef48a83000;  1 drivers
S_000001ef48a1bde0 .scope generate, "gpio_bank[17]" "gpio_bank[17]" 3 93, 3 93 0, S_000001ef48992f20;
 .timescale -9 -12;
P_000001ef48988b10 .param/l "gi" 0 3 93, +C4<010001>;
L_000001ef48a822e0 .functor AND 1, L_000001ef48a9b980, L_000001ef48a35c20, C4<1>, C4<1>;
v000001ef48a1a220_0 .net *"_ivl_1", 6 0, L_000001ef48a34140;  1 drivers
L_000001ef48a39b08 .functor BUFT 1, C4<0>, C4<0>, C4<0>, C4<0>;
v000001ef48a1a360_0 .net *"_ivl_4", 0 0, L_000001ef48a39b08;  1 drivers
L_000001ef48a39b50 .functor BUFT 1, C4<0010001>, C4<0>, C4<0>, C4<0>;
v000001ef48a1afe0_0 .net/2u *"_ivl_5", 6 0, L_000001ef48a39b50;  1 drivers
v000001ef48a1a680_0 .net *"_ivl_7", 0 0, L_000001ef48a35c20;  1 drivers
L_000001ef48a34140 .concat [ 6 1 0 0], L_000001ef48a89b90, L_000001ef48a39b08;
L_000001ef48a35c20 .cmp/eq 7, L_000001ef48a34140, L_000001ef48a39b50;
S_000001ef48a1bc50 .scope module, "gpio_pin" "GPIO" 3 94, 8 9 0, S_000001ef48a1bde0;
 .timescale -9 -12;
    .port_info 0 /INPUT 1 "clk";
    .port_info 1 /INPUT 1 "rst";
    .port_info 2 /INPUT 1 "pin_in";
    .port_info 3 /OUTPUT 1 "pin_out";
    .port_info 4 /INPUT 1 "write_en";
    .port_info 5 /INPUT 1 "write_bit";
    .port_info 6 /OUTPUT 1 "read_bit";
v000001ef48a1a860_0 .net "clk", 0 0, v000001ef48a32340_0;  alias, 1 drivers
v000001ef48a19aa0_0 .var "in_latch", 0 0;
v000001ef48a1aae0_0 .var "out_latch", 0 0;
v000001ef48a1aea0_0 .net "pin_in", 0 0, L_000001ef48a34500;  1 drivers
v000001ef48a19be0_0 .net "pin_out", 0 0, v000001ef48a1aae0_0;  1 drivers
v000001ef48a19f00_0 .net "read_bit", 0 0, v000001ef48a19aa0_0;  1 drivers
v000001ef48a1af40_0 .net "rst", 0 0, v000001ef48a31e40_0;  alias, 1 drivers
v000001ef48a19c80_0 .net "write_bit", 0 0, L_000001ef48a34d20;  1 drivers
v000001ef48a1ac20_0 .net "write_en", 0 0, L_000001ef48a822e0;  1 drivers
S_000001ef48a1bf70 .scope generate, "gpio_bank[18]" "gpio_bank[18]" 3 93, 3 93 0, S_000001ef48992f20;
 .timescale -9 -12;
P_000001ef48988b50 .param/l "gi" 0 3 93, +C4<010010>;
L_000001ef48a81b00 .functor AND 1, L_000001ef48a9b980, L_000001ef48a35720, C4<1>, C4<1>;
v000001ef48a19d20_0 .net *"_ivl_1", 6 0, L_000001ef48a35cc0;  1 drivers
L_000001ef48a39b98 .functor BUFT 1, C4<0>, C4<0>, C4<0>, C4<0>;
v000001ef48a19fa0_0 .net *"_ivl_4", 0 0, L_000001ef48a39b98;  1 drivers
L_000001ef48a39be0 .functor BUFT 1, C4<0010010>, C4<0>, C4<0>, C4<0>;
v000001ef48a1a900_0 .net/2u *"_ivl_5", 6 0, L_000001ef48a39be0;  1 drivers
v000001ef48a1a180_0 .net *"_ivl_7", 0 0, L_000001ef48a35720;  1 drivers
L_000001ef48a35cc0 .concat [ 6 1 0 0], L_000001ef48a89b90, L_000001ef48a39b98;
L_000001ef48a35720 .cmp/eq 7, L_000001ef48a35cc0, L_000001ef48a39be0;
S_000001ef48a1cd80 .scope module, "gpio_pin" "GPIO" 3 94, 8 9 0, S_000001ef48a1bf70;
 .timescale -9 -12;
    .port_info 0 /INPUT 1 "clk";
    .port_info 1 /INPUT 1 "rst";
    .port_info 2 /INPUT 1 "pin_in";
    .port_info 3 /OUTPUT 1 "pin_out";
    .port_info 4 /INPUT 1 "write_en";
    .port_info 5 /INPUT 1 "write_bit";
    .port_info 6 /OUTPUT 1 "read_bit";
v000001ef48a1a4a0_0 .net "clk", 0 0, v000001ef48a32340_0;  alias, 1 drivers
v000001ef48a19960_0 .var "in_latch", 0 0;
v000001ef48a19e60_0 .var "out_latch", 0 0;
v000001ef48a1a9a0_0 .net "pin_in", 0 0, L_000001ef48a33b00;  1 drivers
v000001ef48a1a040_0 .net "pin_out", 0 0, v000001ef48a19e60_0;  1 drivers
v000001ef48a1a400_0 .net "read_bit", 0 0, v000001ef48a19960_0;  1 drivers
v000001ef48a1a720_0 .net "rst", 0 0, v000001ef48a31e40_0;  alias, 1 drivers
v000001ef48a1ab80_0 .net "write_bit", 0 0, L_000001ef48a352c0;  1 drivers
v000001ef48a1a540_0 .net "write_en", 0 0, L_000001ef48a81b00;  1 drivers
S_000001ef48a1c420 .scope generate, "gpio_bank[19]" "gpio_bank[19]" 3 93, 3 93 0, S_000001ef48992f20;
 .timescale -9 -12;
P_000001ef48989450 .param/l "gi" 0 3 93, +C4<010011>;
L_000001ef48a81be0 .functor AND 1, L_000001ef48a9b980, L_000001ef48a35220, C4<1>, C4<1>;
v000001ef48a1ebc0_0 .net *"_ivl_1", 6 0, L_000001ef48a34be0;  1 drivers
L_000001ef48a39c28 .functor BUFT 1, C4<0>, C4<0>, C4<0>, C4<0>;
v000001ef48a1ec60_0 .net *"_ivl_4", 0 0, L_000001ef48a39c28;  1 drivers
L_000001ef48a39c70 .functor BUFT 1, C4<0010011>, C4<0>, C4<0>, C4<0>;
v000001ef48a1e120_0 .net/2u *"_ivl_5", 6 0, L_000001ef48a39c70;  1 drivers
v000001ef48a1d400_0 .net *"_ivl_7", 0 0, L_000001ef48a35220;  1 drivers
L_000001ef48a34be0 .concat [ 6 1 0 0], L_000001ef48a89b90, L_000001ef48a39c28;
L_000001ef48a35220 .cmp/eq 7, L_000001ef48a34be0, L_000001ef48a39c70;
S_000001ef48a1cbf0 .scope module, "gpio_pin" "GPIO" 3 94, 8 9 0, S_000001ef48a1c420;
 .timescale -9 -12;
    .port_info 0 /INPUT 1 "clk";
    .port_info 1 /INPUT 1 "rst";
    .port_info 2 /INPUT 1 "pin_in";
    .port_info 3 /OUTPUT 1 "pin_out";
    .port_info 4 /INPUT 1 "write_en";
    .port_info 5 /INPUT 1 "write_bit";
    .port_info 6 /OUTPUT 1 "read_bit";
v000001ef48a1f840_0 .net "clk", 0 0, v000001ef48a32340_0;  alias, 1 drivers
v000001ef48a1dfe0_0 .var "in_latch", 0 0;
v000001ef48a1e080_0 .var "out_latch", 0 0;
v000001ef48a1eb20_0 .net "pin_in", 0 0, L_000001ef48a345a0;  1 drivers
v000001ef48a1e8a0_0 .net "pin_out", 0 0, v000001ef48a1e080_0;  1 drivers
v000001ef48a1d180_0 .net "read_bit", 0 0, v000001ef48a1dfe0_0;  1 drivers
v000001ef48a1e940_0 .net "rst", 0 0, v000001ef48a31e40_0;  alias, 1 drivers
v000001ef48a1d860_0 .net "write_bit", 0 0, L_000001ef48a36120;  1 drivers
v000001ef48a1d220_0 .net "write_en", 0 0, L_000001ef48a81be0;  1 drivers
S_000001ef48a1b930 .scope generate, "gpio_bank[20]" "gpio_bank[20]" 3 93, 3 93 0, S_000001ef48992f20;
 .timescale -9 -12;
P_000001ef48989c50 .param/l "gi" 0 3 93, +C4<010100>;
L_000001ef48a81da0 .functor AND 1, L_000001ef48a9b980, L_000001ef48a359a0, C4<1>, C4<1>;
v000001ef48a1d4a0_0 .net *"_ivl_1", 6 0, L_000001ef48a35360;  1 drivers
L_000001ef48a39cb8 .functor BUFT 1, C4<0>, C4<0>, C4<0>, C4<0>;
v000001ef48a1dd60_0 .net *"_ivl_4", 0 0, L_000001ef48a39cb8;  1 drivers
L_000001ef48a39d00 .functor BUFT 1, C4<0010100>, C4<0>, C4<0>, C4<0>;
v000001ef48a1f480_0 .net/2u *"_ivl_5", 6 0, L_000001ef48a39d00;  1 drivers
v000001ef48a1ef80_0 .net *"_ivl_7", 0 0, L_000001ef48a359a0;  1 drivers
L_000001ef48a35360 .concat [ 6 1 0 0], L_000001ef48a89b90, L_000001ef48a39cb8;
L_000001ef48a359a0 .cmp/eq 7, L_000001ef48a35360, L_000001ef48a39d00;
S_000001ef48a1c100 .scope module, "gpio_pin" "GPIO" 3 94, 8 9 0, S_000001ef48a1b930;
 .timescale -9 -12;
    .port_info 0 /INPUT 1 "clk";
    .port_info 1 /INPUT 1 "rst";
    .port_info 2 /INPUT 1 "pin_in";
    .port_info 3 /OUTPUT 1 "pin_out";
    .port_info 4 /INPUT 1 "write_en";
    .port_info 5 /INPUT 1 "write_bit";
    .port_info 6 /OUTPUT 1 "read_bit";
v000001ef48a1f0c0_0 .net "clk", 0 0, v000001ef48a32340_0;  alias, 1 drivers
v000001ef48a1e1c0_0 .var "in_latch", 0 0;
v000001ef48a1d360_0 .var "out_latch", 0 0;
v000001ef48a1d9a0_0 .net "pin_in", 0 0, L_000001ef48a34640;  1 drivers
v000001ef48a1e260_0 .net "pin_out", 0 0, v000001ef48a1d360_0;  1 drivers
v000001ef48a1ed00_0 .net "read_bit", 0 0, v000001ef48a1e1c0_0;  1 drivers
v000001ef48a1e4e0_0 .net "rst", 0 0, v000001ef48a31e40_0;  alias, 1 drivers
v000001ef48a1f160_0 .net "write_bit", 0 0, L_000001ef48a35d60;  1 drivers
v000001ef48a1eda0_0 .net "write_en", 0 0, L_000001ef48a81da0;  1 drivers
S_000001ef48a1c290 .scope generate, "gpio_bank[21]" "gpio_bank[21]" 3 93, 3 93 0, S_000001ef48992f20;
 .timescale -9 -12;
P_000001ef48989010 .param/l "gi" 0 3 93, +C4<010101>;
L_000001ef48a82970 .functor AND 1, L_000001ef48a9b980, L_000001ef48a346e0, C4<1>, C4<1>;
v000001ef48a1dc20_0 .net *"_ivl_1", 6 0, L_000001ef48a34320;  1 drivers
L_000001ef48a39d48 .functor BUFT 1, C4<0>, C4<0>, C4<0>, C4<0>;
v000001ef48a1d540_0 .net *"_ivl_4", 0 0, L_000001ef48a39d48;  1 drivers
L_000001ef48a39d90 .functor BUFT 1, C4<0010101>, C4<0>, C4<0>, C4<0>;
v000001ef48a1e440_0 .net/2u *"_ivl_5", 6 0, L_000001ef48a39d90;  1 drivers
v000001ef48a1d5e0_0 .net *"_ivl_7", 0 0, L_000001ef48a346e0;  1 drivers
L_000001ef48a34320 .concat [ 6 1 0 0], L_000001ef48a89b90, L_000001ef48a39d48;
L_000001ef48a346e0 .cmp/eq 7, L_000001ef48a34320, L_000001ef48a39d90;
S_000001ef48a1c5b0 .scope module, "gpio_pin" "GPIO" 3 94, 8 9 0, S_000001ef48a1c290;
 .timescale -9 -12;
    .port_info 0 /INPUT 1 "clk";
    .port_info 1 /INPUT 1 "rst";
    .port_info 2 /INPUT 1 "pin_in";
    .port_info 3 /OUTPUT 1 "pin_out";
    .port_info 4 /INPUT 1 "write_en";
    .port_info 5 /INPUT 1 "write_bit";
    .port_info 6 /OUTPUT 1 "read_bit";
v000001ef48a1f8e0_0 .net "clk", 0 0, v000001ef48a32340_0;  alias, 1 drivers
v000001ef48a1eee0_0 .var "in_latch", 0 0;
v000001ef48a1e300_0 .var "out_latch", 0 0;
v000001ef48a1f5c0_0 .net "pin_in", 0 0, L_000001ef48a35fe0;  1 drivers
v000001ef48a1ee40_0 .net "pin_out", 0 0, v000001ef48a1e300_0;  1 drivers
v000001ef48a1e3a0_0 .net "read_bit", 0 0, v000001ef48a1eee0_0;  1 drivers
v000001ef48a1f020_0 .net "rst", 0 0, v000001ef48a31e40_0;  alias, 1 drivers
v000001ef48a1f200_0 .net "write_bit", 0 0, L_000001ef48a343c0;  1 drivers
v000001ef48a1d2c0_0 .net "write_en", 0 0, L_000001ef48a82970;  1 drivers
S_000001ef48a1c740 .scope generate, "gpio_bank[22]" "gpio_bank[22]" 3 93, 3 93 0, S_000001ef48992f20;
 .timescale -9 -12;
P_000001ef48989250 .param/l "gi" 0 3 93, +C4<010110>;
L_000001ef48a81940 .functor AND 1, L_000001ef48a9b980, L_000001ef48a34aa0, C4<1>, C4<1>;
v000001ef48a1dea0_0 .net *"_ivl_1", 6 0, L_000001ef48a35040;  1 drivers
L_000001ef48a39dd8 .functor BUFT 1, C4<0>, C4<0>, C4<0>, C4<0>;
v000001ef48a1d7c0_0 .net *"_ivl_4", 0 0, L_000001ef48a39dd8;  1 drivers
L_000001ef48a39e20 .functor BUFT 1, C4<0010110>, C4<0>, C4<0>, C4<0>;
v000001ef48a1db80_0 .net/2u *"_ivl_5", 6 0, L_000001ef48a39e20;  1 drivers
v000001ef48a1d900_0 .net *"_ivl_7", 0 0, L_000001ef48a34aa0;  1 drivers
L_000001ef48a35040 .concat [ 6 1 0 0], L_000001ef48a89b90, L_000001ef48a39dd8;
L_000001ef48a34aa0 .cmp/eq 7, L_000001ef48a35040, L_000001ef48a39e20;
S_000001ef48a1c8d0 .scope module, "gpio_pin" "GPIO" 3 94, 8 9 0, S_000001ef48a1c740;
 .timescale -9 -12;
    .port_info 0 /INPUT 1 "clk";
    .port_info 1 /INPUT 1 "rst";
    .port_info 2 /INPUT 1 "pin_in";
    .port_info 3 /OUTPUT 1 "pin_out";
    .port_info 4 /INPUT 1 "write_en";
    .port_info 5 /INPUT 1 "write_bit";
    .port_info 6 /OUTPUT 1 "read_bit";
v000001ef48a1e580_0 .net "clk", 0 0, v000001ef48a32340_0;  alias, 1 drivers
v000001ef48a1e800_0 .var "in_latch", 0 0;
v000001ef48a1e620_0 .var "out_latch", 0 0;
v000001ef48a1d680_0 .net "pin_in", 0 0, L_000001ef48a36080;  1 drivers
v000001ef48a1e6c0_0 .net "pin_out", 0 0, v000001ef48a1e620_0;  1 drivers
v000001ef48a1f3e0_0 .net "read_bit", 0 0, v000001ef48a1e800_0;  1 drivers
v000001ef48a1f7a0_0 .net "rst", 0 0, v000001ef48a31e40_0;  alias, 1 drivers
v000001ef48a1e760_0 .net "write_bit", 0 0, L_000001ef48a34f00;  1 drivers
v000001ef48a1d720_0 .net "write_en", 0 0, L_000001ef48a81940;  1 drivers
S_000001ef48a1cf10 .scope generate, "gpio_bank[23]" "gpio_bank[23]" 3 93, 3 93 0, S_000001ef48992f20;
 .timescale -9 -12;
P_000001ef48989290 .param/l "gi" 0 3 93, +C4<010111>;
L_000001ef48a82c80 .functor AND 1, L_000001ef48a9b980, L_000001ef48a34820, C4<1>, C4<1>;
v000001ef48a1f340_0 .net *"_ivl_1", 6 0, L_000001ef48a34780;  1 drivers
L_000001ef48a39e68 .functor BUFT 1, C4<0>, C4<0>, C4<0>, C4<0>;
v000001ef48a1f520_0 .net *"_ivl_4", 0 0, L_000001ef48a39e68;  1 drivers
L_000001ef48a39eb0 .functor BUFT 1, C4<0010111>, C4<0>, C4<0>, C4<0>;
v000001ef48a1f700_0 .net/2u *"_ivl_5", 6 0, L_000001ef48a39eb0;  1 drivers
v000001ef48a1fde0_0 .net *"_ivl_7", 0 0, L_000001ef48a34820;  1 drivers
L_000001ef48a34780 .concat [ 6 1 0 0], L_000001ef48a89b90, L_000001ef48a39e68;
L_000001ef48a34820 .cmp/eq 7, L_000001ef48a34780, L_000001ef48a39eb0;
S_000001ef48a1b160 .scope module, "gpio_pin" "GPIO" 3 94, 8 9 0, S_000001ef48a1cf10;
 .timescale -9 -12;
    .port_info 0 /INPUT 1 "clk";
    .port_info 1 /INPUT 1 "rst";
    .port_info 2 /INPUT 1 "pin_in";
    .port_info 3 /OUTPUT 1 "pin_out";
    .port_info 4 /INPUT 1 "write_en";
    .port_info 5 /INPUT 1 "write_bit";
    .port_info 6 /OUTPUT 1 "read_bit";
v000001ef48a1e9e0_0 .net "clk", 0 0, v000001ef48a32340_0;  alias, 1 drivers
v000001ef48a1ea80_0 .var "in_latch", 0 0;
v000001ef48a1df40_0 .var "out_latch", 0 0;
v000001ef48a1f660_0 .net "pin_in", 0 0, L_000001ef48a35a40;  1 drivers
v000001ef48a1da40_0 .net "pin_out", 0 0, v000001ef48a1df40_0;  1 drivers
v000001ef48a1f2a0_0 .net "read_bit", 0 0, v000001ef48a1ea80_0;  1 drivers
v000001ef48a1dcc0_0 .net "rst", 0 0, v000001ef48a31e40_0;  alias, 1 drivers
v000001ef48a1dae0_0 .net "write_bit", 0 0, L_000001ef48a348c0;  1 drivers
v000001ef48a1de00_0 .net "write_en", 0 0, L_000001ef48a82c80;  1 drivers
S_000001ef48a1b2f0 .scope generate, "gpio_bank[24]" "gpio_bank[24]" 3 93, 3 93 0, S_000001ef48992f20;
 .timescale -9 -12;
P_000001ef48989690 .param/l "gi" 0 3 93, +C4<011000>;
L_000001ef48a82350 .functor AND 1, L_000001ef48a9b980, L_000001ef48a35400, C4<1>, C4<1>;
v000001ef48a20880_0 .net *"_ivl_1", 6 0, L_000001ef48a35ea0;  1 drivers
L_000001ef48a39ef8 .functor BUFT 1, C4<0>, C4<0>, C4<0>, C4<0>;
v000001ef48a21820_0 .net *"_ivl_4", 0 0, L_000001ef48a39ef8;  1 drivers
L_000001ef48a39f40 .functor BUFT 1, C4<0011000>, C4<0>, C4<0>, C4<0>;
v000001ef48a218c0_0 .net/2u *"_ivl_5", 6 0, L_000001ef48a39f40;  1 drivers
v000001ef48a21b40_0 .net *"_ivl_7", 0 0, L_000001ef48a35400;  1 drivers
L_000001ef48a35ea0 .concat [ 6 1 0 0], L_000001ef48a89b90, L_000001ef48a39ef8;
L_000001ef48a35400 .cmp/eq 7, L_000001ef48a35ea0, L_000001ef48a39f40;
S_000001ef48a1b480 .scope module, "gpio_pin" "GPIO" 3 94, 8 9 0, S_000001ef48a1b2f0;
 .timescale -9 -12;
    .port_info 0 /INPUT 1 "clk";
    .port_info 1 /INPUT 1 "rst";
    .port_info 2 /INPUT 1 "pin_in";
    .port_info 3 /OUTPUT 1 "pin_out";
    .port_info 4 /INPUT 1 "write_en";
    .port_info 5 /INPUT 1 "write_bit";
    .port_info 6 /OUTPUT 1 "read_bit";
v000001ef48a20920_0 .net "clk", 0 0, v000001ef48a32340_0;  alias, 1 drivers
v000001ef48a21fa0_0 .var "in_latch", 0 0;
v000001ef48a20240_0 .var "out_latch", 0 0;
v000001ef48a204c0_0 .net "pin_in", 0 0, L_000001ef48a35e00;  1 drivers
v000001ef48a22040_0 .net "pin_out", 0 0, v000001ef48a20240_0;  1 drivers
v000001ef48a202e0_0 .net "read_bit", 0 0, v000001ef48a21fa0_0;  1 drivers
v000001ef48a21d20_0 .net "rst", 0 0, v000001ef48a31e40_0;  alias, 1 drivers
v000001ef48a210a0_0 .net "write_bit", 0 0, L_000001ef48a34dc0;  1 drivers
v000001ef48a1ffc0_0 .net "write_en", 0 0, L_000001ef48a82350;  1 drivers
S_000001ef48a1b7a0 .scope generate, "gpio_bank[25]" "gpio_bank[25]" 3 93, 3 93 0, S_000001ef48992f20;
 .timescale -9 -12;
P_000001ef48989f10 .param/l "gi" 0 3 93, +C4<011001>;
L_000001ef48a81a90 .functor AND 1, L_000001ef48a9b980, L_000001ef48a339c0, C4<1>, C4<1>;
v000001ef48a20060_0 .net *"_ivl_1", 6 0, L_000001ef48a357c0;  1 drivers
L_000001ef48a39f88 .functor BUFT 1, C4<0>, C4<0>, C4<0>, C4<0>;
v000001ef48a20ec0_0 .net *"_ivl_4", 0 0, L_000001ef48a39f88;  1 drivers
L_000001ef48a39fd0 .functor BUFT 1, C4<0011001>, C4<0>, C4<0>, C4<0>;
v000001ef48a21f00_0 .net/2u *"_ivl_5", 6 0, L_000001ef48a39fd0;  1 drivers
v000001ef48a20420_0 .net *"_ivl_7", 0 0, L_000001ef48a339c0;  1 drivers
L_000001ef48a357c0 .concat [ 6 1 0 0], L_000001ef48a89b90, L_000001ef48a39f88;
L_000001ef48a339c0 .cmp/eq 7, L_000001ef48a357c0, L_000001ef48a39fd0;
S_000001ef48a1ca60 .scope module, "gpio_pin" "GPIO" 3 94, 8 9 0, S_000001ef48a1b7a0;
 .timescale -9 -12;
    .port_info 0 /INPUT 1 "clk";
    .port_info 1 /INPUT 1 "rst";
    .port_info 2 /INPUT 1 "pin_in";
    .port_info 3 /OUTPUT 1 "pin_out";
    .port_info 4 /INPUT 1 "write_en";
    .port_info 5 /INPUT 1 "write_bit";
    .port_info 6 /OUTPUT 1 "read_bit";
v000001ef48a211e0_0 .net "clk", 0 0, v000001ef48a32340_0;  alias, 1 drivers
v000001ef48a216e0_0 .var "in_latch", 0 0;
v000001ef48a20380_0 .var "out_latch", 0 0;
v000001ef48a1fac0_0 .net "pin_in", 0 0, L_000001ef48a35b80;  1 drivers
v000001ef48a21960_0 .net "pin_out", 0 0, v000001ef48a20380_0;  1 drivers
v000001ef48a220e0_0 .net "read_bit", 0 0, v000001ef48a216e0_0;  1 drivers
v000001ef48a207e0_0 .net "rst", 0 0, v000001ef48a31e40_0;  alias, 1 drivers
v000001ef48a21320_0 .net "write_bit", 0 0, L_000001ef48a34960;  1 drivers
v000001ef48a209c0_0 .net "write_en", 0 0, L_000001ef48a81a90;  1 drivers
S_000001ef48a1b610 .scope generate, "gpio_bank[26]" "gpio_bank[26]" 3 93, 3 93 0, S_000001ef48992f20;
 .timescale -9 -12;
P_000001ef48989a90 .param/l "gi" 0 3 93, +C4<011010>;
L_000001ef48a81550 .functor AND 1, L_000001ef48a9b980, L_000001ef48a34b40, C4<1>, C4<1>;
v000001ef48a20f60_0 .net *"_ivl_1", 6 0, L_000001ef48a35540;  1 drivers
L_000001ef48a3a018 .functor BUFT 1, C4<0>, C4<0>, C4<0>, C4<0>;
v000001ef48a21c80_0 .net *"_ivl_4", 0 0, L_000001ef48a3a018;  1 drivers
L_000001ef48a3a060 .functor BUFT 1, C4<0011010>, C4<0>, C4<0>, C4<0>;
v000001ef48a21140_0 .net/2u *"_ivl_5", 6 0, L_000001ef48a3a060;  1 drivers
v000001ef48a1fca0_0 .net *"_ivl_7", 0 0, L_000001ef48a34b40;  1 drivers
L_000001ef48a35540 .concat [ 6 1 0 0], L_000001ef48a89b90, L_000001ef48a3a018;
L_000001ef48a34b40 .cmp/eq 7, L_000001ef48a35540, L_000001ef48a3a060;
S_000001ef48a25630 .scope module, "gpio_pin" "GPIO" 3 94, 8 9 0, S_000001ef48a1b610;
 .timescale -9 -12;
    .port_info 0 /INPUT 1 "clk";
    .port_info 1 /INPUT 1 "rst";
    .port_info 2 /INPUT 1 "pin_in";
    .port_info 3 /OUTPUT 1 "pin_out";
    .port_info 4 /INPUT 1 "write_en";
    .port_info 5 /INPUT 1 "write_bit";
    .port_info 6 /OUTPUT 1 "read_bit";
v000001ef48a20560_0 .net "clk", 0 0, v000001ef48a32340_0;  alias, 1 drivers
v000001ef48a21a00_0 .var "in_latch", 0 0;
v000001ef48a21be0_0 .var "out_latch", 0 0;
v000001ef48a20600_0 .net "pin_in", 0 0, L_000001ef48a33a60;  1 drivers
v000001ef48a20100_0 .net "pin_out", 0 0, v000001ef48a21be0_0;  1 drivers
v000001ef48a1f980_0 .net "read_bit", 0 0, v000001ef48a21a00_0;  1 drivers
v000001ef48a1fc00_0 .net "rst", 0 0, v000001ef48a31e40_0;  alias, 1 drivers
v000001ef48a206a0_0 .net "write_bit", 0 0, L_000001ef48a34e60;  1 drivers
v000001ef48a201a0_0 .net "write_en", 0 0, L_000001ef48a81550;  1 drivers
S_000001ef48a262b0 .scope generate, "gpio_bank[27]" "gpio_bank[27]" 3 93, 3 93 0, S_000001ef48992f20;
 .timescale -9 -12;
P_000001ef48989ad0 .param/l "gi" 0 3 93, +C4<011011>;
L_000001ef48a815c0 .functor AND 1, L_000001ef48a9b980, L_000001ef48a350e0, C4<1>, C4<1>;
v000001ef48a21000_0 .net *"_ivl_1", 6 0, L_000001ef48a33ba0;  1 drivers
L_000001ef48a3a0a8 .functor BUFT 1, C4<0>, C4<0>, C4<0>, C4<0>;
v000001ef48a20d80_0 .net *"_ivl_4", 0 0, L_000001ef48a3a0a8;  1 drivers
L_000001ef48a3a0f0 .functor BUFT 1, C4<0011011>, C4<0>, C4<0>, C4<0>;
v000001ef48a1fe80_0 .net/2u *"_ivl_5", 6 0, L_000001ef48a3a0f0;  1 drivers
v000001ef48a20e20_0 .net *"_ivl_7", 0 0, L_000001ef48a350e0;  1 drivers
L_000001ef48a33ba0 .concat [ 6 1 0 0], L_000001ef48a89b90, L_000001ef48a3a0a8;
L_000001ef48a350e0 .cmp/eq 7, L_000001ef48a33ba0, L_000001ef48a3a0f0;
S_000001ef48a25ae0 .scope module, "gpio_pin" "GPIO" 3 94, 8 9 0, S_000001ef48a262b0;
 .timescale -9 -12;
    .port_info 0 /INPUT 1 "clk";
    .port_info 1 /INPUT 1 "rst";
    .port_info 2 /INPUT 1 "pin_in";
    .port_info 3 /OUTPUT 1 "pin_out";
    .port_info 4 /INPUT 1 "write_en";
    .port_info 5 /INPUT 1 "write_bit";
    .port_info 6 /OUTPUT 1 "read_bit";
v000001ef48a20740_0 .net "clk", 0 0, v000001ef48a32340_0;  alias, 1 drivers
v000001ef48a20a60_0 .var "in_latch", 0 0;
v000001ef48a1fd40_0 .var "out_latch", 0 0;
v000001ef48a20b00_0 .net "pin_in", 0 0, L_000001ef48a34fa0;  1 drivers
v000001ef48a21dc0_0 .net "pin_out", 0 0, v000001ef48a1fd40_0;  1 drivers
v000001ef48a20ba0_0 .net "read_bit", 0 0, v000001ef48a20a60_0;  1 drivers
v000001ef48a213c0_0 .net "rst", 0 0, v000001ef48a31e40_0;  alias, 1 drivers
v000001ef48a20c40_0 .net "write_bit", 0 0, L_000001ef48a355e0;  1 drivers
v000001ef48a20ce0_0 .net "write_en", 0 0, L_000001ef48a815c0;  1 drivers
S_000001ef48a26da0 .scope generate, "gpio_bank[28]" "gpio_bank[28]" 3 93, 3 93 0, S_000001ef48992f20;
 .timescale -9 -12;
P_000001ef48989310 .param/l "gi" 0 3 93, +C4<011100>;
L_000001ef48a82430 .functor AND 1, L_000001ef48a9b980, L_000001ef48a86170, C4<1>, C4<1>;
v000001ef48a21e60_0 .net *"_ivl_1", 6 0, L_000001ef48a86670;  1 drivers
L_000001ef48a3a138 .functor BUFT 1, C4<0>, C4<0>, C4<0>, C4<0>;
v000001ef48a1fa20_0 .net *"_ivl_4", 0 0, L_000001ef48a3a138;  1 drivers
L_000001ef48a3a180 .functor BUFT 1, C4<0011100>, C4<0>, C4<0>, C4<0>;
v000001ef48a22fe0_0 .net/2u *"_ivl_5", 6 0, L_000001ef48a3a180;  1 drivers
v000001ef48a24840_0 .net *"_ivl_7", 0 0, L_000001ef48a86170;  1 drivers
L_000001ef48a86670 .concat [ 6 1 0 0], L_000001ef48a89b90, L_000001ef48a3a138;
L_000001ef48a86170 .cmp/eq 7, L_000001ef48a86670, L_000001ef48a3a180;
S_000001ef48a257c0 .scope module, "gpio_pin" "GPIO" 3 94, 8 9 0, S_000001ef48a26da0;
 .timescale -9 -12;
    .port_info 0 /INPUT 1 "clk";
    .port_info 1 /INPUT 1 "rst";
    .port_info 2 /INPUT 1 "pin_in";
    .port_info 3 /OUTPUT 1 "pin_out";
    .port_info 4 /INPUT 1 "write_en";
    .port_info 5 /INPUT 1 "write_bit";
    .port_info 6 /OUTPUT 1 "read_bit";
v000001ef48a21280_0 .net "clk", 0 0, v000001ef48a32340_0;  alias, 1 drivers
v000001ef48a21460_0 .var "in_latch", 0 0;
v000001ef48a1ff20_0 .var "out_latch", 0 0;
v000001ef48a21500_0 .net "pin_in", 0 0, L_000001ef48a35680;  1 drivers
v000001ef48a21aa0_0 .net "pin_out", 0 0, v000001ef48a1ff20_0;  1 drivers
v000001ef48a215a0_0 .net "read_bit", 0 0, v000001ef48a21460_0;  1 drivers
v000001ef48a21640_0 .net "rst", 0 0, v000001ef48a31e40_0;  alias, 1 drivers
v000001ef48a1fb60_0 .net "write_bit", 0 0, L_000001ef48a85f90;  1 drivers
v000001ef48a21780_0 .net "write_en", 0 0, L_000001ef48a82430;  1 drivers
S_000001ef48a25c70 .scope generate, "gpio_bank[29]" "gpio_bank[29]" 3 93, 3 93 0, S_000001ef48992f20;
 .timescale -9 -12;
P_000001ef489895d0 .param/l "gi" 0 3 93, +C4<011101>;
L_000001ef48a82040 .functor AND 1, L_000001ef48a9b980, L_000001ef48a85bd0, C4<1>, C4<1>;
v000001ef48a22b80_0 .net *"_ivl_1", 6 0, L_000001ef48a85d10;  1 drivers
L_000001ef48a3a1c8 .functor BUFT 1, C4<0>, C4<0>, C4<0>, C4<0>;
v000001ef48a243e0_0 .net *"_ivl_4", 0 0, L_000001ef48a3a1c8;  1 drivers
L_000001ef48a3a210 .functor BUFT 1, C4<0011101>, C4<0>, C4<0>, C4<0>;
v000001ef48a23080_0 .net/2u *"_ivl_5", 6 0, L_000001ef48a3a210;  1 drivers
v000001ef48a248e0_0 .net *"_ivl_7", 0 0, L_000001ef48a85bd0;  1 drivers
L_000001ef48a85d10 .concat [ 6 1 0 0], L_000001ef48a89b90, L_000001ef48a3a1c8;
L_000001ef48a85bd0 .cmp/eq 7, L_000001ef48a85d10, L_000001ef48a3a210;
S_000001ef48a26120 .scope module, "gpio_pin" "GPIO" 3 94, 8 9 0, S_000001ef48a25c70;
 .timescale -9 -12;
    .port_info 0 /INPUT 1 "clk";
    .port_info 1 /INPUT 1 "rst";
    .port_info 2 /INPUT 1 "pin_in";
    .port_info 3 /OUTPUT 1 "pin_out";
    .port_info 4 /INPUT 1 "write_en";
    .port_info 5 /INPUT 1 "write_bit";
    .port_info 6 /OUTPUT 1 "read_bit";
v000001ef48a22220_0 .net "clk", 0 0, v000001ef48a32340_0;  alias, 1 drivers
v000001ef48a231c0_0 .var "in_latch", 0 0;
v000001ef48a236c0_0 .var "out_latch", 0 0;
v000001ef48a22860_0 .net "pin_in", 0 0, L_000001ef48a86c10;  1 drivers
v000001ef48a22680_0 .net "pin_out", 0 0, v000001ef48a236c0_0;  1 drivers
v000001ef48a22a40_0 .net "read_bit", 0 0, v000001ef48a231c0_0;  1 drivers
v000001ef48a22400_0 .net "rst", 0 0, v000001ef48a31e40_0;  alias, 1 drivers
v000001ef48a22900_0 .net "write_bit", 0 0, L_000001ef48a86350;  1 drivers
v000001ef48a23c60_0 .net "write_en", 0 0, L_000001ef48a82040;  1 drivers
S_000001ef48a25310 .scope generate, "gpio_bank[30]" "gpio_bank[30]" 3 93, 3 93 0, S_000001ef48992f20;
 .timescale -9 -12;
P_000001ef48989350 .param/l "gi" 0 3 93, +C4<011110>;
L_000001ef48a811d0 .functor AND 1, L_000001ef48a9b980, L_000001ef48a87390, C4<1>, C4<1>;
v000001ef48a22360_0 .net *"_ivl_1", 6 0, L_000001ef48a88010;  1 drivers
L_000001ef48a3a258 .functor BUFT 1, C4<0>, C4<0>, C4<0>, C4<0>;
v000001ef48a23800_0 .net *"_ivl_4", 0 0, L_000001ef48a3a258;  1 drivers
L_000001ef48a3a2a0 .functor BUFT 1, C4<0011110>, C4<0>, C4<0>, C4<0>;
v000001ef48a22ae0_0 .net/2u *"_ivl_5", 6 0, L_000001ef48a3a2a0;  1 drivers
v000001ef48a23b20_0 .net *"_ivl_7", 0 0, L_000001ef48a87390;  1 drivers
L_000001ef48a88010 .concat [ 6 1 0 0], L_000001ef48a89b90, L_000001ef48a3a258;
L_000001ef48a87390 .cmp/eq 7, L_000001ef48a88010, L_000001ef48a3a2a0;
S_000001ef48a25e00 .scope module, "gpio_pin" "GPIO" 3 94, 8 9 0, S_000001ef48a25310;
 .timescale -9 -12;
    .port_info 0 /INPUT 1 "clk";
    .port_info 1 /INPUT 1 "rst";
    .port_info 2 /INPUT 1 "pin_in";
    .port_info 3 /OUTPUT 1 "pin_out";
    .port_info 4 /INPUT 1 "write_en";
    .port_info 5 /INPUT 1 "write_bit";
    .port_info 6 /OUTPUT 1 "read_bit";
v000001ef48a22c20_0 .net "clk", 0 0, v000001ef48a32340_0;  alias, 1 drivers
v000001ef48a239e0_0 .var "in_latch", 0 0;
v000001ef48a24480_0 .var "out_latch", 0 0;
v000001ef48a23260_0 .net "pin_in", 0 0, L_000001ef48a876b0;  1 drivers
v000001ef48a24520_0 .net "pin_out", 0 0, v000001ef48a24480_0;  1 drivers
v000001ef48a224a0_0 .net "read_bit", 0 0, v000001ef48a239e0_0;  1 drivers
v000001ef48a23760_0 .net "rst", 0 0, v000001ef48a31e40_0;  alias, 1 drivers
v000001ef48a22d60_0 .net "write_bit", 0 0, L_000001ef48a859f0;  1 drivers
v000001ef48a222c0_0 .net "write_en", 0 0, L_000001ef48a811d0;  1 drivers
S_000001ef48a25f90 .scope generate, "gpio_bank[31]" "gpio_bank[31]" 3 93, 3 93 0, S_000001ef48992f20;
 .timescale -9 -12;
P_000001ef48989e50 .param/l "gi" 0 3 93, +C4<011111>;
L_000001ef48a817f0 .functor AND 1, L_000001ef48a9b980, L_000001ef48a86990, C4<1>, C4<1>;
v000001ef48a227c0_0 .net *"_ivl_1", 6 0, L_000001ef48a85db0;  1 drivers
L_000001ef48a3a2e8 .functor BUFT 1, C4<0>, C4<0>, C4<0>, C4<0>;
v000001ef48a23e40_0 .net *"_ivl_4", 0 0, L_000001ef48a3a2e8;  1 drivers
L_000001ef48a3a330 .functor BUFT 1, C4<0011111>, C4<0>, C4<0>, C4<0>;
v000001ef48a23a80_0 .net/2u *"_ivl_5", 6 0, L_000001ef48a3a330;  1 drivers
v000001ef48a23580_0 .net *"_ivl_7", 0 0, L_000001ef48a86990;  1 drivers
L_000001ef48a85db0 .concat [ 6 1 0 0], L_000001ef48a89b90, L_000001ef48a3a2e8;
L_000001ef48a86990 .cmp/eq 7, L_000001ef48a85db0, L_000001ef48a3a330;
S_000001ef48a26f30 .scope module, "gpio_pin" "GPIO" 3 94, 8 9 0, S_000001ef48a25f90;
 .timescale -9 -12;
    .port_info 0 /INPUT 1 "clk";
    .port_info 1 /INPUT 1 "rst";
    .port_info 2 /INPUT 1 "pin_in";
    .port_info 3 /OUTPUT 1 "pin_out";
    .port_info 4 /INPUT 1 "write_en";
    .port_info 5 /INPUT 1 "write_bit";
    .port_info 6 /OUTPUT 1 "read_bit";
v000001ef48a22f40_0 .net "clk", 0 0, v000001ef48a32340_0;  alias, 1 drivers
v000001ef48a23bc0_0 .var "in_latch", 0 0;
v000001ef48a23d00_0 .var "out_latch", 0 0;
v000001ef48a23120_0 .net "pin_in", 0 0, L_000001ef48a85c70;  1 drivers
v000001ef48a23300_0 .net "pin_out", 0 0, v000001ef48a23d00_0;  1 drivers
v000001ef48a22180_0 .net "read_bit", 0 0, v000001ef48a23bc0_0;  1 drivers
v000001ef48a22540_0 .net "rst", 0 0, v000001ef48a31e40_0;  alias, 1 drivers
v000001ef48a225e0_0 .net "write_bit", 0 0, L_000001ef48a87250;  1 drivers
v000001ef48a23da0_0 .net "write_en", 0 0, L_000001ef48a817f0;  1 drivers
S_000001ef48a26440 .scope module, "uart0" "UART" 3 109, 9 13 0, S_000001ef48992f20;
 .timescale -9 -12;
    .port_info 0 /INPUT 1 "clk";
    .port_info 1 /INPUT 1 "rst";
    .port_info 2 /INPUT 1 "rx";
    .port_info 3 /OUTPUT 1 "tx";
    .port_info 4 /INPUT 1 "wr_en";
    .port_info 5 /INPUT 8 "wr_data";
    .port_info 6 /INPUT 1 "rd_data_en";
    .port_info 7 /INPUT 1 "rd_sel";
    .port_info 8 /OUTPUT 32 "rdata";
P_000001ef48722c40 .param/l "CLKS_PER_BIT" 0 9 14, +C4<00000000000000000000000000010000>;
P_000001ef48722c78 .param/l "RX_DATA" 1 9 53, C4<10>;
P_000001ef48722cb0 .param/l "RX_IDLE" 1 9 53, C4<00>;
P_000001ef48722ce8 .param/l "RX_START" 1 9 53, C4<01>;
P_000001ef48722d20 .param/l "RX_STOP" 1 9 53, C4<11>;
P_000001ef48722d58 .param/l "TX_DATA" 1 9 44, C4<10>;
P_000001ef48722d90 .param/l "TX_IDLE" 1 9 44, C4<00>;
P_000001ef48722dc8 .param/l "TX_START" 1 9 44, C4<01>;
P_000001ef48722e00 .param/l "TX_STOP" 1 9 44, C4<11>;
L_000001ef48a9c4e0 .functor AND 1, L_000001ef48a8a130, L_000001ef48a89190, C4<1>, C4<1>;
L_000001ef48a9bde0 .functor AND 1, L_000001ef48a89410, L_000001ef48a88290, C4<1>, C4<1>;
L_000001ef48a9b2f0 .functor AND 1, L_000001ef48a9bde0, L_000001ef48a88c90, C4<1>, C4<1>;
L_000001ef48a9bf30 .functor BUFZ 8, L_000001ef48a899b0, C4<00000000>, C4<00000000>, C4<00000000>;
L_000001ef48a9cc50 .functor AND 1, L_000001ef48a892d0, L_000001ef48a8a810, C4<1>, C4<1>;
L_000001ef48a3a9f0 .functor BUFT 1, C4<1000>, C4<0>, C4<0>, C4<0>;
v000001ef48a238a0_0 .net/2u *"_ivl_0", 3 0, L_000001ef48a3a9f0;  1 drivers
L_000001ef48a3aac8 .functor BUFT 1, C4<0000>, C4<0>, C4<0>, C4<0>;
v000001ef48a229a0_0 .net/2u *"_ivl_12", 3 0, L_000001ef48a3aac8;  1 drivers
L_000001ef48a3ab10 .functor BUFT 1, C4<00>, C4<0>, C4<0>, C4<0>;
v000001ef48a22cc0_0 .net/2u *"_ivl_16", 1 0, L_000001ef48a3ab10;  1 drivers
v000001ef48a22e00_0 .net *"_ivl_18", 0 0, L_000001ef48a8a130;  1 drivers
v000001ef48a23ee0_0 .net *"_ivl_21", 0 0, L_000001ef48a89190;  1 drivers
L_000001ef48a3ab58 .functor BUFT 1, C4<11>, C4<0>, C4<0>, C4<0>;
v000001ef48a22ea0_0 .net/2u *"_ivl_24", 1 0, L_000001ef48a3ab58;  1 drivers
v000001ef48a240c0_0 .net *"_ivl_26", 0 0, L_000001ef48a89410;  1 drivers
v000001ef48a233a0_0 .net *"_ivl_28", 31 0, L_000001ef48a89e10;  1 drivers
L_000001ef48a3aba0 .functor BUFT 1, C4<0000000000000000>, C4<0>, C4<0>, C4<0>;
v000001ef48a245c0_0 .net *"_ivl_31", 15 0, L_000001ef48a3aba0;  1 drivers
L_000001ef48a3abe8 .functor BUFT 1, C4<00000000000000000000000000001111>, C4<0>, C4<0>, C4<0>;
v000001ef48a23440_0 .net/2u *"_ivl_32", 31 0, L_000001ef48a3abe8;  1 drivers
v000001ef48a23f80_0 .net *"_ivl_34", 0 0, L_000001ef48a88290;  1 drivers
v000001ef48a24660_0 .net *"_ivl_37", 0 0, L_000001ef48a9bde0;  1 drivers
v000001ef48a234e0_0 .net *"_ivl_39", 0 0, L_000001ef48a88c90;  1 drivers
L_000001ef48a3aa38 .functor BUFT 1, C4<0000>, C4<0>, C4<0>, C4<0>;
v000001ef48a23620_0 .net/2u *"_ivl_4", 3 0, L_000001ef48a3aa38;  1 drivers
v000001ef48a23940_0 .net *"_ivl_44", 7 0, L_000001ef48a899b0;  1 drivers
v000001ef48a24020_0 .net *"_ivl_46", 4 0, L_000001ef48a8a1d0;  1 drivers
L_000001ef48a3ac30 .functor BUFT 1, C4<00>, C4<0>, C4<0>, C4<0>;
v000001ef48a24160_0 .net *"_ivl_49", 1 0, L_000001ef48a3ac30;  1 drivers
L_000001ef48a3ac78 .functor BUFT 1, C4<0000000000000000000000000000>, C4<0>, C4<0>, C4<0>;
v000001ef48a24700_0 .net/2u *"_ivl_52", 27 0, L_000001ef48a3ac78;  1 drivers
v000001ef48a24200_0 .net *"_ivl_55", 0 0, L_000001ef48a8a770;  1 drivers
L_000001ef48a3acc0 .functor BUFT 1, C4<00>, C4<0>, C4<0>, C4<0>;
v000001ef48a242a0_0 .net/2u *"_ivl_56", 1 0, L_000001ef48a3acc0;  1 drivers
v000001ef48a24340_0 .net *"_ivl_58", 0 0, L_000001ef48a8a810;  1 drivers
v000001ef48a247a0_0 .net *"_ivl_61", 0 0, L_000001ef48a9cc50;  1 drivers
v000001ef48a24ca0_0 .net *"_ivl_63", 0 0, L_000001ef48a89870;  1 drivers
L_000001ef48a3ad08 .functor BUFT 1, C4<000000000000000000000000>, C4<0>, C4<0>, C4<0>;
v000001ef48a24de0_0 .net/2u *"_ivl_66", 23 0, L_000001ef48a3ad08;  1 drivers
v000001ef48a24d40_0 .net *"_ivl_68", 31 0, L_000001ef48a89d70;  1 drivers
L_000001ef48a3aa80 .functor BUFT 1, C4<1000>, C4<0>, C4<0>, C4<0>;
v000001ef48a24e80_0 .net/2u *"_ivl_8", 3 0, L_000001ef48a3aa80;  1 drivers
v000001ef48a24f20_0 .net "clk", 0 0, v000001ef48a32340_0;  alias, 1 drivers
v000001ef48a24980_0 .net "rd_data_en", 0 0, L_000001ef48a9b440;  1 drivers
v000001ef48a25060_0 .net "rd_sel", 0 0, L_000001ef48a886f0;  1 drivers
v000001ef48a24fc0_0 .net "rdata", 31 0, L_000001ef48a89a50;  alias, 1 drivers
v000001ef48a24a20_0 .net "rst", 0 0, v000001ef48a31e40_0;  alias, 1 drivers
v000001ef48a24ac0_0 .net "rx", 0 0, L_000001ef48a8a270;  1 drivers
v000001ef48a24b60_0 .var "rx_baud", 15 0;
v000001ef48a24c00_0 .var "rx_bit", 2 0;
v000001ef48a2d530_0 .var "rx_cnt", 3 0;
v000001ef48a2c590_0 .net "rx_empty", 0 0, L_000001ef48a890f0;  1 drivers
v000001ef48a2c630_0 .net "rx_full", 0 0, L_000001ef48a88330;  1 drivers
v000001ef48a2cb30_0 .net "rx_head", 7 0, L_000001ef48a9bf30;  1 drivers
v000001ef48a2c270_0 .net "rx_push", 0 0, L_000001ef48a9b2f0;  1 drivers
v000001ef48a2c6d0_0 .var "rx_rd", 2 0;
v000001ef48a2de90_0 .var "rx_s1", 0 0;
v000001ef48a2c090_0 .var "rx_s2", 0 0;
v000001ef48a2d350_0 .var "rx_shift", 7 0;
v000001ef48a2d3f0_0 .var "rx_state", 1 0;
v000001ef48a2d5d0_0 .var "rx_wr", 2 0;
v000001ef48a2c810 .array "rxbuf", 7 0, 7 0;
v000001ef48a2c8b0_0 .net "status", 31 0, L_000001ef48a88bf0;  1 drivers
v000001ef48a2e110_0 .net "tx", 0 0, v000001ef48a2c950_0;  1 drivers
v000001ef48a2bd70_0 .var "tx_baud", 15 0;
v000001ef48a2d490_0 .var "tx_bit", 2 0;
v000001ef48a2c4f0_0 .var "tx_cnt", 3 0;
v000001ef48a2bcd0_0 .net "tx_empty", 0 0, L_000001ef48a892d0;  1 drivers
v000001ef48a2d670_0 .net "tx_full", 0 0, L_000001ef48a88f10;  1 drivers
v000001ef48a2c950_0 .var "tx_line", 0 0;
v000001ef48a2d850_0 .net "tx_pop", 0 0, L_000001ef48a9c4e0;  1 drivers
v000001ef48a2ca90_0 .var "tx_rd", 2 0;
v000001ef48a2c1d0_0 .var "tx_shift", 7 0;
v000001ef48a2cc70_0 .var "tx_state", 1 0;
v000001ef48a2cdb0_0 .var "tx_wr", 2 0;
v000001ef48a2dcb0 .array "txbuf", 7 0, 7 0;
v000001ef48a2be10_0 .net "wr_data", 7 0, L_000001ef48a88650;  1 drivers
v000001ef48a2df30_0 .net "wr_en", 0 0, L_000001ef48a9c940;  1 drivers
L_000001ef48a88f10 .cmp/eq 4, v000001ef48a2c4f0_0, L_000001ef48a3a9f0;
L_000001ef48a892d0 .cmp/eq 4, v000001ef48a2c4f0_0, L_000001ef48a3aa38;
L_000001ef48a88330 .cmp/eq 4, v000001ef48a2d530_0, L_000001ef48a3aa80;
L_000001ef48a890f0 .cmp/eq 4, v000001ef48a2d530_0, L_000001ef48a3aac8;
L_000001ef48a8a130 .cmp/eq 2, v000001ef48a2cc70_0, L_000001ef48a3ab10;
L_000001ef48a89190 .reduce/nor L_000001ef48a892d0;
L_000001ef48a89410 .cmp/eq 2, v000001ef48a2d3f0_0, L_000001ef48a3ab58;
L_000001ef48a89e10 .concat [ 16 16 0 0], v000001ef48a24b60_0, L_000001ef48a3aba0;
L_000001ef48a88290 .cmp/eq 32, L_000001ef48a89e10, L_000001ef48a3abe8;
L_000001ef48a88c90 .reduce/nor L_000001ef48a88330;
L_000001ef48a899b0 .array/port v000001ef48a2c810, L_000001ef48a8a1d0;
L_000001ef48a8a1d0 .concat [ 3 2 0 0], v000001ef48a2c6d0_0, L_000001ef48a3ac30;
L_000001ef48a8a770 .reduce/nor L_000001ef48a890f0;
L_000001ef48a8a810 .cmp/eq 2, v000001ef48a2cc70_0, L_000001ef48a3acc0;
L_000001ef48a89870 .reduce/nor L_000001ef48a88f10;
LS_000001ef48a88bf0_0_0 .concat [ 1 1 1 1], L_000001ef48a89870, L_000001ef48a9cc50, L_000001ef48a8a770, L_000001ef48a88330;
LS_000001ef48a88bf0_0_4 .concat [ 28 0 0 0], L_000001ef48a3ac78;
L_000001ef48a88bf0 .concat [ 4 28 0 0], LS_000001ef48a88bf0_0_0, LS_000001ef48a88bf0_0_4;
L_000001ef48a89d70 .concat [ 8 24 0 0], L_000001ef48a9bf30, L_000001ef48a3ad08;
L_000001ef48a89a50 .functor MUXZ 32, L_000001ef48a89d70, L_000001ef48a88bf0, L_000001ef48a886f0, C4<>;
S_000001ef48a265d0 .scope module, "uart1" "UART" 3 114, 9 13 0, S_000001ef48992f20;
 .timescale -9 -12;
    .port_info 0 /INPUT 1 "clk";
    .port_info 1 /INPUT 1 "rst";
    .port_info 2 /INPUT 1 "rx";
    .port_info 3 /OUTPUT 1 "tx";
    .port_info 4 /INPUT 1 "wr_en";
    .port_info 5 /INPUT 8 "wr_data";
    .port_info 6 /INPUT 1 "rd_data_en";
    .port_info 7 /INPUT 1 "rd_sel";
    .port_info 8 /OUTPUT 32 "rdata";
P_000001ef486929b0 .param/l "CLKS_PER_BIT" 0 9 14, +C4<00000000000000000000000000010000>;
P_000001ef486929e8 .param/l "RX_DATA" 1 9 53, C4<10>;
P_000001ef48692a20 .param/l "RX_IDLE" 1 9 53, C4<00>;
P_000001ef48692a58 .param/l "RX_START" 1 9 53, C4<01>;
P_000001ef48692a90 .param/l "RX_STOP" 1 9 53, C4<11>;
P_000001ef48692ac8 .param/l "TX_DATA" 1 9 44, C4<10>;
P_000001ef48692b00 .param/l "TX_IDLE" 1 9 44, C4<00>;
P_000001ef48692b38 .param/l "TX_START" 1 9 44, C4<01>;
P_000001ef48692b70 .param/l "TX_STOP" 1 9 44, C4<11>;
L_000001ef48a9c860 .functor AND 1, L_000001ef48a89690, L_000001ef48a88a10, C4<1>, C4<1>;
L_000001ef48a9cb00 .functor AND 1, L_000001ef48a88b50, L_000001ef48a88dd0, C4<1>, C4<1>;
L_000001ef48a9b910 .functor AND 1, L_000001ef48a9cb00, L_000001ef48a88e70, C4<1>, C4<1>;
L_000001ef48a9cb70 .functor BUFZ 8, L_000001ef48a89af0, C4<00000000>, C4<00000000>, C4<00000000>;
L_000001ef48a9b520 .functor AND 1, L_000001ef48a88ab0, L_000001ef48a8ac70, C4<1>, C4<1>;
L_000001ef48a3ae28 .functor BUFT 1, C4<1000>, C4<0>, C4<0>, C4<0>;
v000001ef48a2dad0_0 .net/2u *"_ivl_0", 3 0, L_000001ef48a3ae28;  1 drivers
L_000001ef48a3af00 .functor BUFT 1, C4<0000>, C4<0>, C4<0>, C4<0>;
v000001ef48a2c9f0_0 .net/2u *"_ivl_12", 3 0, L_000001ef48a3af00;  1 drivers
L_000001ef48a3af48 .functor BUFT 1, C4<00>, C4<0>, C4<0>, C4<0>;
v000001ef48a2d8f0_0 .net/2u *"_ivl_16", 1 0, L_000001ef48a3af48;  1 drivers
v000001ef48a2bb90_0 .net *"_ivl_18", 0 0, L_000001ef48a89690;  1 drivers
v000001ef48a2cef0_0 .net *"_ivl_21", 0 0, L_000001ef48a88a10;  1 drivers
L_000001ef48a3af90 .functor BUFT 1, C4<11>, C4<0>, C4<0>, C4<0>;
v000001ef48a2ce50_0 .net/2u *"_ivl_24", 1 0, L_000001ef48a3af90;  1 drivers
v000001ef48a2cbd0_0 .net *"_ivl_26", 0 0, L_000001ef48a88b50;  1 drivers
v000001ef48a2c310_0 .net *"_ivl_28", 31 0, L_000001ef48a88d30;  1 drivers
L_000001ef48a3afd8 .functor BUFT 1, C4<0000000000000000>, C4<0>, C4<0>, C4<0>;
v000001ef48a2d710_0 .net *"_ivl_31", 15 0, L_000001ef48a3afd8;  1 drivers
L_000001ef48a3b020 .functor BUFT 1, C4<00000000000000000000000000001111>, C4<0>, C4<0>, C4<0>;
v000001ef48a2c3b0_0 .net/2u *"_ivl_32", 31 0, L_000001ef48a3b020;  1 drivers
v000001ef48a2baf0_0 .net *"_ivl_34", 0 0, L_000001ef48a88dd0;  1 drivers
v000001ef48a2d990_0 .net *"_ivl_37", 0 0, L_000001ef48a9cb00;  1 drivers
v000001ef48a2d0d0_0 .net *"_ivl_39", 0 0, L_000001ef48a88e70;  1 drivers
L_000001ef48a3ae70 .functor BUFT 1, C4<0000>, C4<0>, C4<0>, C4<0>;
v000001ef48a2beb0_0 .net/2u *"_ivl_4", 3 0, L_000001ef48a3ae70;  1 drivers
v000001ef48a2d170_0 .net *"_ivl_44", 7 0, L_000001ef48a89af0;  1 drivers
v000001ef48a2b9b0_0 .net *"_ivl_46", 4 0, L_000001ef48a8abd0;  1 drivers
L_000001ef48a3b068 .functor BUFT 1, C4<00>, C4<0>, C4<0>, C4<0>;
v000001ef48a2ba50_0 .net *"_ivl_49", 1 0, L_000001ef48a3b068;  1 drivers
L_000001ef48a3b0b0 .functor BUFT 1, C4<0000000000000000000000000000>, C4<0>, C4<0>, C4<0>;
v000001ef48a2bf50_0 .net/2u *"_ivl_52", 27 0, L_000001ef48a3b0b0;  1 drivers
v000001ef48a2c450_0 .net *"_ivl_55", 0 0, L_000001ef48a8ab30;  1 drivers
L_000001ef48a3b0f8 .functor BUFT 1, C4<00>, C4<0>, C4<0>, C4<0>;
v000001ef48a2bc30_0 .net/2u *"_ivl_56", 1 0, L_000001ef48a3b0f8;  1 drivers
v000001ef48a2d7b0_0 .net *"_ivl_58", 0 0, L_000001ef48a8ac70;  1 drivers
v000001ef48a2da30_0 .net *"_ivl_61", 0 0, L_000001ef48a9b520;  1 drivers
v000001ef48a2cd10_0 .net *"_ivl_63", 0 0, L_000001ef48a8b0d0;  1 drivers
L_000001ef48a3b140 .functor BUFT 1, C4<000000000000000000000000>, C4<0>, C4<0>, C4<0>;
v000001ef48a2db70_0 .net/2u *"_ivl_66", 23 0, L_000001ef48a3b140;  1 drivers
v000001ef48a2d210_0 .net *"_ivl_68", 31 0, L_000001ef48a8a9f0;  1 drivers
L_000001ef48a3aeb8 .functor BUFT 1, C4<1000>, C4<0>, C4<0>, C4<0>;
v000001ef48a2dc10_0 .net/2u *"_ivl_8", 3 0, L_000001ef48a3aeb8;  1 drivers
v000001ef48a2dd50_0 .net "clk", 0 0, v000001ef48a32340_0;  alias, 1 drivers
v000001ef48a2ddf0_0 .net "rd_data_en", 0 0, L_000001ef48a9c780;  1 drivers
v000001ef48a2cf90_0 .net "rd_sel", 0 0, L_000001ef48a83dd0;  1 drivers
v000001ef48a2bff0_0 .net "rdata", 31 0, L_000001ef48a8ad10;  alias, 1 drivers
v000001ef48a2e070_0 .net "rst", 0 0, v000001ef48a31e40_0;  alias, 1 drivers
v000001ef48a2d030_0 .net "rx", 0 0, L_000001ef48a8b030;  1 drivers
v000001ef48a2d2b0_0 .var "rx_baud", 15 0;
v000001ef48a2dfd0_0 .var "rx_bit", 2 0;
v000001ef48a2c130_0 .var "rx_cnt", 3 0;
v000001ef48a30410_0 .net "rx_empty", 0 0, L_000001ef48a88970;  1 drivers
v000001ef48a2e9d0_0 .net "rx_full", 0 0, L_000001ef48a88790;  1 drivers
v000001ef48a2ea70_0 .net "rx_head", 7 0, L_000001ef48a9cb70;  1 drivers
v000001ef48a2fb50_0 .net "rx_push", 0 0, L_000001ef48a9b910;  1 drivers
v000001ef48a2f330_0 .var "rx_rd", 2 0;
v000001ef48a2f8d0_0 .var "rx_s1", 0 0;
v000001ef48a2ecf0_0 .var "rx_s2", 0 0;
v000001ef48a2e4d0_0 .var "rx_shift", 7 0;
v000001ef48a2e2f0_0 .var "rx_state", 1 0;
v000001ef48a2e390_0 .var "rx_wr", 2 0;
v000001ef48a2eed0 .array "rxbuf", 7 0, 7 0;
v000001ef48a2ff10_0 .net "status", 31 0, L_000001ef48a8af90;  1 drivers
v000001ef48a2ec50_0 .net "tx", 0 0, v000001ef48a2fbf0_0;  1 drivers
v000001ef48a2eb10_0 .var "tx_baud", 15 0;
v000001ef48a2e430_0 .var "tx_bit", 2 0;
v000001ef48a305f0_0 .var "tx_cnt", 3 0;
v000001ef48a2fab0_0 .net "tx_empty", 0 0, L_000001ef48a88ab0;  1 drivers
v000001ef48a2ebb0_0 .net "tx_full", 0 0, L_000001ef48a89eb0;  1 drivers
v000001ef48a2fbf0_0 .var "tx_line", 0 0;
v000001ef48a2f0b0_0 .net "tx_pop", 0 0, L_000001ef48a9c860;  1 drivers
v000001ef48a2ed90_0 .var "tx_rd", 2 0;
v000001ef48a2fdd0_0 .var "tx_shift", 7 0;
v000001ef48a2f3d0_0 .var "tx_state", 1 0;
v000001ef48a2fc90_0 .var "tx_wr", 2 0;
v000001ef48a2fd30 .array "txbuf", 7 0, 7 0;
v000001ef48a2ffb0_0 .net "wr_data", 7 0, L_000001ef48a8adb0;  1 drivers
v000001ef48a302d0_0 .net "wr_en", 0 0, L_000001ef48a9c550;  1 drivers
L_000001ef48a89eb0 .cmp/eq 4, v000001ef48a305f0_0, L_000001ef48a3ae28;
L_000001ef48a88ab0 .cmp/eq 4, v000001ef48a305f0_0, L_000001ef48a3ae70;
L_000001ef48a88790 .cmp/eq 4, v000001ef48a2c130_0, L_000001ef48a3aeb8;
L_000001ef48a88970 .cmp/eq 4, v000001ef48a2c130_0, L_000001ef48a3af00;
L_000001ef48a89690 .cmp/eq 2, v000001ef48a2f3d0_0, L_000001ef48a3af48;
L_000001ef48a88a10 .reduce/nor L_000001ef48a88ab0;
L_000001ef48a88b50 .cmp/eq 2, v000001ef48a2e2f0_0, L_000001ef48a3af90;
L_000001ef48a88d30 .concat [ 16 16 0 0], v000001ef48a2d2b0_0, L_000001ef48a3afd8;
L_000001ef48a88dd0 .cmp/eq 32, L_000001ef48a88d30, L_000001ef48a3b020;
L_000001ef48a88e70 .reduce/nor L_000001ef48a88790;
L_000001ef48a89af0 .array/port v000001ef48a2eed0, L_000001ef48a8abd0;
L_000001ef48a8abd0 .concat [ 3 2 0 0], v000001ef48a2f330_0, L_000001ef48a3b068;
L_000001ef48a8ab30 .reduce/nor L_000001ef48a88970;
L_000001ef48a8ac70 .cmp/eq 2, v000001ef48a2f3d0_0, L_000001ef48a3b0f8;
L_000001ef48a8b0d0 .reduce/nor L_000001ef48a89eb0;
LS_000001ef48a8af90_0_0 .concat [ 1 1 1 1], L_000001ef48a8b0d0, L_000001ef48a9b520, L_000001ef48a8ab30, L_000001ef48a88790;
LS_000001ef48a8af90_0_4 .concat [ 28 0 0 0], L_000001ef48a3b0b0;
L_000001ef48a8af90 .concat [ 4 28 0 0], LS_000001ef48a8af90_0_0, LS_000001ef48a8af90_0_4;
L_000001ef48a8a9f0 .concat [ 8 24 0 0], L_000001ef48a9cb70, L_000001ef48a3b140;
L_000001ef48a8ad10 .functor MUXZ 32, L_000001ef48a8a9f0, L_000001ef48a8af90, L_000001ef48a83dd0, C4<>;
S_000001ef48a26760 .scope module, "uart2" "UART" 3 119, 9 13 0, S_000001ef48992f20;
 .timescale -9 -12;
    .port_info 0 /INPUT 1 "clk";
    .port_info 1 /INPUT 1 "rst";
    .port_info 2 /INPUT 1 "rx";
    .port_info 3 /OUTPUT 1 "tx";
    .port_info 4 /INPUT 1 "wr_en";
    .port_info 5 /INPUT 8 "wr_data";
    .port_info 6 /INPUT 1 "rd_data_en";
    .port_info 7 /INPUT 1 "rd_sel";
    .port_info 8 /OUTPUT 32 "rdata";
P_000001ef489aecf0 .param/l "CLKS_PER_BIT" 0 9 14, +C4<00000000000000000000000000010000>;
P_000001ef489aed28 .param/l "RX_DATA" 1 9 53, C4<10>;
P_000001ef489aed60 .param/l "RX_IDLE" 1 9 53, C4<00>;
P_000001ef489aed98 .param/l "RX_START" 1 9 53, C4<01>;
P_000001ef489aedd0 .param/l "RX_STOP" 1 9 53, C4<11>;
P_000001ef489aee08 .param/l "TX_DATA" 1 9 44, C4<10>;
P_000001ef489aee40 .param/l "TX_IDLE" 1 9 44, C4<00>;
P_000001ef489aee78 .param/l "TX_START" 1 9 44, C4<01>;
P_000001ef489aeeb0 .param/l "TX_STOP" 1 9 44, C4<11>;
L_000001ef48a9bbb0 .functor AND 1, L_000001ef48a84af0, L_000001ef48a83510, C4<1>, C4<1>;
L_000001ef48a9c470 .functor AND 1, L_000001ef48a84f50, L_000001ef48a84cd0, C4<1>, C4<1>;
L_000001ef48a9bec0 .functor AND 1, L_000001ef48a9c470, L_000001ef48a83e70, C4<1>, C4<1>;
L_000001ef48a9c630 .functor BUFZ 8, L_000001ef48a85310, C4<00000000>, C4<00000000>, C4<00000000>;
L_000001ef48a9c320 .functor AND 1, L_000001ef48a83830, L_000001ef48a838d0, C4<1>, C4<1>;
L_000001ef48a3b260 .functor BUFT 1, C4<1000>, C4<0>, C4<0>, C4<0>;
v000001ef48a2f790_0 .net/2u *"_ivl_0", 3 0, L_000001ef48a3b260;  1 drivers
L_000001ef48a3b338 .functor BUFT 1, C4<0000>, C4<0>, C4<0>, C4<0>;
v000001ef48a2f510_0 .net/2u *"_ivl_12", 3 0, L_000001ef48a3b338;  1 drivers
L_000001ef48a3b380 .functor BUFT 1, C4<00>, C4<0>, C4<0>, C4<0>;
v000001ef48a30730_0 .net/2u *"_ivl_16", 1 0, L_000001ef48a3b380;  1 drivers
v000001ef48a2f830_0 .net *"_ivl_18", 0 0, L_000001ef48a84af0;  1 drivers
v000001ef48a2fe70_0 .net *"_ivl_21", 0 0, L_000001ef48a83510;  1 drivers
L_000001ef48a3b3c8 .functor BUFT 1, C4<11>, C4<0>, C4<0>, C4<0>;
v000001ef48a2ef70_0 .net/2u *"_ivl_24", 1 0, L_000001ef48a3b3c8;  1 drivers
v000001ef48a2e6b0_0 .net *"_ivl_26", 0 0, L_000001ef48a84f50;  1 drivers
v000001ef48a30370_0 .net *"_ivl_28", 31 0, L_000001ef48a83a10;  1 drivers
L_000001ef48a3b410 .functor BUFT 1, C4<0000000000000000>, C4<0>, C4<0>, C4<0>;
v000001ef48a2ee30_0 .net *"_ivl_31", 15 0, L_000001ef48a3b410;  1 drivers
L_000001ef48a3b458 .functor BUFT 1, C4<00000000000000000000000000001111>, C4<0>, C4<0>, C4<0>;
v000001ef48a2e7f0_0 .net/2u *"_ivl_32", 31 0, L_000001ef48a3b458;  1 drivers
v000001ef48a2e890_0 .net *"_ivl_34", 0 0, L_000001ef48a84cd0;  1 drivers
v000001ef48a30190_0 .net *"_ivl_37", 0 0, L_000001ef48a9c470;  1 drivers
v000001ef48a2f010_0 .net *"_ivl_39", 0 0, L_000001ef48a83e70;  1 drivers
L_000001ef48a3b2a8 .functor BUFT 1, C4<0000>, C4<0>, C4<0>, C4<0>;
v000001ef48a2f470_0 .net/2u *"_ivl_4", 3 0, L_000001ef48a3b2a8;  1 drivers
v000001ef48a2f150_0 .net *"_ivl_44", 7 0, L_000001ef48a85310;  1 drivers
v000001ef48a30050_0 .net *"_ivl_46", 4 0, L_000001ef48a83f10;  1 drivers
L_000001ef48a3b4a0 .functor BUFT 1, C4<00>, C4<0>, C4<0>, C4<0>;
v000001ef48a2e570_0 .net *"_ivl_49", 1 0, L_000001ef48a3b4a0;  1 drivers
L_000001ef48a3b4e8 .functor BUFT 1, C4<0000000000000000000000000000>, C4<0>, C4<0>, C4<0>;
v000001ef48a2f1f0_0 .net/2u *"_ivl_52", 27 0, L_000001ef48a3b4e8;  1 drivers
v000001ef48a2e610_0 .net *"_ivl_55", 0 0, L_000001ef48a835b0;  1 drivers
L_000001ef48a3b530 .functor BUFT 1, C4<00>, C4<0>, C4<0>, C4<0>;
v000001ef48a2f6f0_0 .net/2u *"_ivl_56", 1 0, L_000001ef48a3b530;  1 drivers
v000001ef48a2f650_0 .net *"_ivl_58", 0 0, L_000001ef48a838d0;  1 drivers
v000001ef48a2e750_0 .net *"_ivl_61", 0 0, L_000001ef48a9c320;  1 drivers
v000001ef48a307d0_0 .net *"_ivl_63", 0 0, L_000001ef48a84730;  1 drivers
L_000001ef48a3b578 .functor BUFT 1, C4<000000000000000000000000>, C4<0>, C4<0>, C4<0>;
v000001ef48a300f0_0 .net/2u *"_ivl_66", 23 0, L_000001ef48a3b578;  1 drivers
v000001ef48a30230_0 .net *"_ivl_68", 31 0, L_000001ef48a84d70;  1 drivers
L_000001ef48a3b2f0 .functor BUFT 1, C4<1000>, C4<0>, C4<0>, C4<0>;
v000001ef48a2f290_0 .net/2u *"_ivl_8", 3 0, L_000001ef48a3b2f0;  1 drivers
v000001ef48a2e930_0 .net "clk", 0 0, v000001ef48a32340_0;  alias, 1 drivers
v000001ef48a2f5b0_0 .net "rd_data_en", 0 0, L_000001ef48a9b9f0;  1 drivers
v000001ef48a304b0_0 .net "rd_sel", 0 0, L_000001ef48a83ab0;  1 drivers
v000001ef48a30870_0 .net "rdata", 31 0, L_000001ef48a84550;  alias, 1 drivers
v000001ef48a30550_0 .net "rst", 0 0, v000001ef48a31e40_0;  alias, 1 drivers
v000001ef48a30910_0 .net "rx", 0 0, L_000001ef48a85090;  1 drivers
v000001ef48a2f970_0 .var "rx_baud", 15 0;
v000001ef48a2fa10_0 .var "rx_bit", 2 0;
v000001ef48a2e1b0_0 .var "rx_cnt", 3 0;
v000001ef48a2e250_0 .net "rx_empty", 0 0, L_000001ef48a84a50;  1 drivers
v000001ef48a30b90_0 .net "rx_full", 0 0, L_000001ef48a853b0;  1 drivers
v000001ef48a30e10_0 .net "rx_head", 7 0, L_000001ef48a9c630;  1 drivers
v000001ef48a30c30_0 .net "rx_push", 0 0, L_000001ef48a9bec0;  1 drivers
v000001ef48a30a50_0 .var "rx_rd", 2 0;
v000001ef48a30eb0_0 .var "rx_s1", 0 0;
v000001ef48a31090_0 .var "rx_s2", 0 0;
v000001ef48a30d70_0 .var "rx_shift", 7 0;
v000001ef48a30f50_0 .var "rx_state", 1 0;
v000001ef48a30cd0_0 .var "rx_wr", 2 0;
v000001ef48a30ff0 .array "rxbuf", 7 0, 7 0;
v000001ef48a309b0_0 .net "status", 31 0, L_000001ef48a85770;  1 drivers
v000001ef48a30af0_0 .net "tx", 0 0, v000001ef48a2af10_0;  1 drivers
v000001ef48a2a150_0 .var "tx_baud", 15 0;
v000001ef48a2b5f0_0 .var "tx_bit", 2 0;
v000001ef48a29390_0 .var "tx_cnt", 3 0;
v000001ef48a29b10_0 .net "tx_empty", 0 0, L_000001ef48a83830;  1 drivers
v000001ef48a2aa10_0 .net "tx_full", 0 0, L_000001ef48a85130;  1 drivers
v000001ef48a2af10_0 .var "tx_line", 0 0;
v000001ef48a29570_0 .net "tx_pop", 0 0, L_000001ef48a9bbb0;  1 drivers
v000001ef48a2b2d0_0 .var "tx_rd", 2 0;
v000001ef48a2a010_0 .var "tx_shift", 7 0;
v000001ef48a294d0_0 .var "tx_state", 1 0;
v000001ef48a2a0b0_0 .var "tx_wr", 2 0;
v000001ef48a2a1f0 .array "txbuf", 7 0, 7 0;
v000001ef48a2a330_0 .net "wr_data", 7 0, L_000001ef48a840f0;  1 drivers
v000001ef48a2a8d0_0 .net "wr_en", 0 0, L_000001ef48a9bc20;  1 drivers
L_000001ef48a85130 .cmp/eq 4, v000001ef48a29390_0, L_000001ef48a3b260;
L_000001ef48a83830 .cmp/eq 4, v000001ef48a29390_0, L_000001ef48a3b2a8;
L_000001ef48a853b0 .cmp/eq 4, v000001ef48a2e1b0_0, L_000001ef48a3b2f0;
L_000001ef48a84a50 .cmp/eq 4, v000001ef48a2e1b0_0, L_000001ef48a3b338;
L_000001ef48a84af0 .cmp/eq 2, v000001ef48a294d0_0, L_000001ef48a3b380;
L_000001ef48a83510 .reduce/nor L_000001ef48a83830;
L_000001ef48a84f50 .cmp/eq 2, v000001ef48a30f50_0, L_000001ef48a3b3c8;
L_000001ef48a83a10 .concat [ 16 16 0 0], v000001ef48a2f970_0, L_000001ef48a3b410;
L_000001ef48a84cd0 .cmp/eq 32, L_000001ef48a83a10, L_000001ef48a3b458;
L_000001ef48a83e70 .reduce/nor L_000001ef48a853b0;
L_000001ef48a85310 .array/port v000001ef48a30ff0, L_000001ef48a83f10;
L_000001ef48a83f10 .concat [ 3 2 0 0], v000001ef48a30a50_0, L_000001ef48a3b4a0;
L_000001ef48a835b0 .reduce/nor L_000001ef48a84a50;
L_000001ef48a838d0 .cmp/eq 2, v000001ef48a294d0_0, L_000001ef48a3b530;
L_000001ef48a84730 .reduce/nor L_000001ef48a85130;
LS_000001ef48a85770_0_0 .concat [ 1 1 1 1], L_000001ef48a84730, L_000001ef48a9c320, L_000001ef48a835b0, L_000001ef48a853b0;
LS_000001ef48a85770_0_4 .concat [ 28 0 0 0], L_000001ef48a3b4e8;
L_000001ef48a85770 .concat [ 4 28 0 0], LS_000001ef48a85770_0_0, LS_000001ef48a85770_0_4;
L_000001ef48a84d70 .concat [ 8 24 0 0], L_000001ef48a9c630, L_000001ef48a3b578;
L_000001ef48a84550 .functor MUXZ 32, L_000001ef48a84d70, L_000001ef48a85770, L_000001ef48a83ab0, C4<>;
S_000001ef48a268f0 .scope module, "uart3" "UART" 3 124, 9 13 0, S_000001ef48992f20;
 .timescale -9 -12;
    .port_info 0 /INPUT 1 "clk";
    .port_info 1 /INPUT 1 "rst";
    .port_info 2 /INPUT 1 "rx";
    .port_info 3 /OUTPUT 1 "tx";
    .port_info 4 /INPUT 1 "wr_en";
    .port_info 5 /INPUT 8 "wr_data";
    .port_info 6 /INPUT 1 "rd_data_en";
    .port_info 7 /INPUT 1 "rd_sel";
    .port_info 8 /OUTPUT 32 "rdata";
P_000001ef489afcb0 .param/l "CLKS_PER_BIT" 0 9 14, +C4<00000000000000000000000000010000>;
P_000001ef489afce8 .param/l "RX_DATA" 1 9 53, C4<10>;
P_000001ef489afd20 .param/l "RX_IDLE" 1 9 53, C4<00>;
P_000001ef489afd58 .param/l "RX_START" 1 9 53, C4<01>;
P_000001ef489afd90 .param/l "RX_STOP" 1 9 53, C4<11>;
P_000001ef489afdc8 .param/l "TX_DATA" 1 9 44, C4<10>;
P_000001ef489afe00 .param/l "TX_IDLE" 1 9 44, C4<00>;
P_000001ef489afe38 .param/l "TX_START" 1 9 44, C4<01>;
P_000001ef489afe70 .param/l "TX_STOP" 1 9 44, C4<11>;
L_000001ef48a9c6a0 .functor AND 1, L_000001ef48a83c90, L_000001ef48a83470, C4<1>, C4<1>;
L_000001ef48a9c7f0 .functor AND 1, L_000001ef48a84370, L_000001ef48a84050, C4<1>, C4<1>;
L_000001ef48a9b590 .functor AND 1, L_000001ef48a9c7f0, L_000001ef48a84190, C4<1>, C4<1>;
L_000001ef48a9c390 .functor BUFZ 8, L_000001ef48a84eb0, C4<00000000>, C4<00000000>, C4<00000000>;
L_000001ef48a9c010 .functor AND 1, L_000001ef48a851d0, L_000001ef48a844b0, C4<1>, C4<1>;
L_000001ef48a3b698 .functor BUFT 1, C4<1000>, C4<0>, C4<0>, C4<0>;
v000001ef48a297f0_0 .net/2u *"_ivl_0", 3 0, L_000001ef48a3b698;  1 drivers
L_000001ef48a3b770 .functor BUFT 1, C4<0000>, C4<0>, C4<0>, C4<0>;
v000001ef48a2a3d0_0 .net/2u *"_ivl_12", 3 0, L_000001ef48a3b770;  1 drivers
L_000001ef48a3b7b8 .functor BUFT 1, C4<00>, C4<0>, C4<0>, C4<0>;
v000001ef48a29890_0 .net/2u *"_ivl_16", 1 0, L_000001ef48a3b7b8;  1 drivers
v000001ef48a2a470_0 .net *"_ivl_18", 0 0, L_000001ef48a83c90;  1 drivers
v000001ef48a2b370_0 .net *"_ivl_21", 0 0, L_000001ef48a83470;  1 drivers
L_000001ef48a3b800 .functor BUFT 1, C4<11>, C4<0>, C4<0>, C4<0>;
v000001ef48a299d0_0 .net/2u *"_ivl_24", 1 0, L_000001ef48a3b800;  1 drivers
v000001ef48a2aab0_0 .net *"_ivl_26", 0 0, L_000001ef48a84370;  1 drivers
v000001ef48a2ab50_0 .net *"_ivl_28", 31 0, L_000001ef48a83fb0;  1 drivers
L_000001ef48a3b848 .functor BUFT 1, C4<0000000000000000>, C4<0>, C4<0>, C4<0>;
v000001ef48a2a510_0 .net *"_ivl_31", 15 0, L_000001ef48a3b848;  1 drivers
L_000001ef48a3b890 .functor BUFT 1, C4<00000000000000000000000000001111>, C4<0>, C4<0>, C4<0>;
v000001ef48a29cf0_0 .net/2u *"_ivl_32", 31 0, L_000001ef48a3b890;  1 drivers
v000001ef48a2a5b0_0 .net *"_ivl_34", 0 0, L_000001ef48a84050;  1 drivers
v000001ef48a292f0_0 .net *"_ivl_37", 0 0, L_000001ef48a9c7f0;  1 drivers
v000001ef48a2abf0_0 .net *"_ivl_39", 0 0, L_000001ef48a84190;  1 drivers
L_000001ef48a3b6e0 .functor BUFT 1, C4<0000>, C4<0>, C4<0>, C4<0>;
v000001ef48a2b870_0 .net/2u *"_ivl_4", 3 0, L_000001ef48a3b6e0;  1 drivers
v000001ef48a2a650_0 .net *"_ivl_44", 7 0, L_000001ef48a84eb0;  1 drivers
v000001ef48a2b050_0 .net *"_ivl_46", 4 0, L_000001ef48a85270;  1 drivers
L_000001ef48a3b8d8 .functor BUFT 1, C4<00>, C4<0>, C4<0>, C4<0>;
v000001ef48a29a70_0 .net *"_ivl_49", 1 0, L_000001ef48a3b8d8;  1 drivers
L_000001ef48a3b920 .functor BUFT 1, C4<0000000000000000000000000000>, C4<0>, C4<0>, C4<0>;
v000001ef48a29ed0_0 .net/2u *"_ivl_52", 27 0, L_000001ef48a3b920;  1 drivers
v000001ef48a2ad30_0 .net *"_ivl_55", 0 0, L_000001ef48a84410;  1 drivers
L_000001ef48a3b968 .functor BUFT 1, C4<00>, C4<0>, C4<0>, C4<0>;
v000001ef48a2ac90_0 .net/2u *"_ivl_56", 1 0, L_000001ef48a3b968;  1 drivers
v000001ef48a29e30_0 .net *"_ivl_58", 0 0, L_000001ef48a844b0;  1 drivers
v000001ef48a2a6f0_0 .net *"_ivl_61", 0 0, L_000001ef48a9c010;  1 drivers
v000001ef48a29d90_0 .net *"_ivl_63", 0 0, L_000001ef48a83790;  1 drivers
L_000001ef48a3b9b0 .functor BUFT 1, C4<000000000000000000000000>, C4<0>, C4<0>, C4<0>;
v000001ef48a2b690_0 .net/2u *"_ivl_66", 23 0, L_000001ef48a3b9b0;  1 drivers
v000001ef48a29f70_0 .net *"_ivl_68", 31 0, L_000001ef48a83650;  1 drivers
L_000001ef48a3b728 .functor BUFT 1, C4<1000>, C4<0>, C4<0>, C4<0>;
v000001ef48a29930_0 .net/2u *"_ivl_8", 3 0, L_000001ef48a3b728;  1 drivers
v000001ef48a2a790_0 .net "clk", 0 0, v000001ef48a32340_0;  alias, 1 drivers
v000001ef48a29250_0 .net "rd_data_en", 0 0, L_000001ef48a9b600;  1 drivers
v000001ef48a2a970_0 .net "rd_sel", 0 0, L_000001ef48a84c30;  1 drivers
v000001ef48a2add0_0 .net "rdata", 31 0, L_000001ef48a84910;  alias, 1 drivers
v000001ef48a2a830_0 .net "rst", 0 0, v000001ef48a31e40_0;  alias, 1 drivers
v000001ef48a29610_0 .net "rx", 0 0, L_000001ef48a85450;  1 drivers
v000001ef48a2ae70_0 .var "rx_baud", 15 0;
v000001ef48a2b730_0 .var "rx_bit", 2 0;
v000001ef48a2b410_0 .var "rx_cnt", 3 0;
v000001ef48a2afb0_0 .net "rx_empty", 0 0, L_000001ef48a854f0;  1 drivers
v000001ef48a29430_0 .net "rx_full", 0 0, L_000001ef48a847d0;  1 drivers
v000001ef48a296b0_0 .net "rx_head", 7 0, L_000001ef48a9c390;  1 drivers
v000001ef48a2b0f0_0 .net "rx_push", 0 0, L_000001ef48a9b590;  1 drivers
v000001ef48a29bb0_0 .var "rx_rd", 2 0;
v000001ef48a2b190_0 .var "rx_s1", 0 0;
v000001ef48a2b230_0 .var "rx_s2", 0 0;
v000001ef48a2b7d0_0 .var "rx_shift", 7 0;
v000001ef48a2b4b0_0 .var "rx_state", 1 0;
v000001ef48a2b550_0 .var "rx_wr", 2 0;
v000001ef48a2b910 .array "rxbuf", 7 0, 7 0;
v000001ef48a29750_0 .net "status", 31 0, L_000001ef48a84690;  1 drivers
v000001ef48a291b0_0 .net "tx", 0 0, v000001ef48a36a80_0;  1 drivers
v000001ef48a29c50_0 .var "tx_baud", 15 0;
v000001ef48a387e0_0 .var "tx_bit", 2 0;
v000001ef48a36300_0 .var "tx_cnt", 3 0;
v000001ef48a37840_0 .net "tx_empty", 0 0, L_000001ef48a851d0;  1 drivers
v000001ef48a37e80_0 .net "tx_full", 0 0, L_000001ef48a842d0;  1 drivers
v000001ef48a36a80_0 .var "tx_line", 0 0;
v000001ef48a37660_0 .net "tx_pop", 0 0, L_000001ef48a9c6a0;  1 drivers
v000001ef48a38740_0 .var "tx_rd", 2 0;
v000001ef48a361c0_0 .var "tx_shift", 7 0;
v000001ef48a36440_0 .var "tx_state", 1 0;
v000001ef48a37ca0_0 .var "tx_wr", 2 0;
v000001ef48a37b60 .array "txbuf", 7 0, 7 0;
v000001ef48a36940_0 .net "wr_data", 7 0, L_000001ef48a84870;  1 drivers
v000001ef48a36e40_0 .net "wr_en", 0 0, L_000001ef48a9c8d0;  1 drivers
L_000001ef48a842d0 .cmp/eq 4, v000001ef48a36300_0, L_000001ef48a3b698;
L_000001ef48a851d0 .cmp/eq 4, v000001ef48a36300_0, L_000001ef48a3b6e0;
L_000001ef48a847d0 .cmp/eq 4, v000001ef48a2b410_0, L_000001ef48a3b728;
L_000001ef48a854f0 .cmp/eq 4, v000001ef48a2b410_0, L_000001ef48a3b770;
L_000001ef48a83c90 .cmp/eq 2, v000001ef48a36440_0, L_000001ef48a3b7b8;
L_000001ef48a83470 .reduce/nor L_000001ef48a851d0;
L_000001ef48a84370 .cmp/eq 2, v000001ef48a2b4b0_0, L_000001ef48a3b800;
L_000001ef48a83fb0 .concat [ 16 16 0 0], v000001ef48a2ae70_0, L_000001ef48a3b848;
L_000001ef48a84050 .cmp/eq 32, L_000001ef48a83fb0, L_000001ef48a3b890;
L_000001ef48a84190 .reduce/nor L_000001ef48a847d0;
L_000001ef48a84eb0 .array/port v000001ef48a2b910, L_000001ef48a85270;
L_000001ef48a85270 .concat [ 3 2 0 0], v000001ef48a29bb0_0, L_000001ef48a3b8d8;
L_000001ef48a84410 .reduce/nor L_000001ef48a854f0;
L_000001ef48a844b0 .cmp/eq 2, v000001ef48a36440_0, L_000001ef48a3b968;
L_000001ef48a83790 .reduce/nor L_000001ef48a842d0;
LS_000001ef48a84690_0_0 .concat [ 1 1 1 1], L_000001ef48a83790, L_000001ef48a9c010, L_000001ef48a84410, L_000001ef48a847d0;
LS_000001ef48a84690_0_4 .concat [ 28 0 0 0], L_000001ef48a3b920;
L_000001ef48a84690 .concat [ 4 28 0 0], LS_000001ef48a84690_0_0, LS_000001ef48a84690_0_4;
L_000001ef48a83650 .concat [ 8 24 0 0], L_000001ef48a9c390, L_000001ef48a3b9b0;
L_000001ef48a84910 .functor MUXZ 32, L_000001ef48a83650, L_000001ef48a84690, L_000001ef48a84c30, C4<>;
S_000001ef48a26a80 .scope task, "load_word" "load_word" 2 37, 2 37 0, S_000001ef489ad190;
 .timescale -9 -12;
v000001ef48a32f20_0 .var/i "idx", 31 0;
v000001ef48a332e0_0 .var "w", 31 0;
TD_CPU_tb.load_word ;
    %load/vec4 v000001ef48a332e0_0;
    %parti/s 8, 0, 2;
    %load/vec4 v000001ef48a32f20_0;
    %muli 4, 0, 32;
    %addi 0, 0, 32;
    %ix/vec4/s 4;
    %store/vec4a v000001ef48950ec0, 4, 0;
    %load/vec4 v000001ef48a332e0_0;
    %parti/s 8, 8, 5;
    %load/vec4 v000001ef48a32f20_0;
    %muli 4, 0, 32;
    %addi 1, 0, 32;
    %ix/vec4/s 4;
    %store/vec4a v000001ef48950ec0, 4, 0;
    %load/vec4 v000001ef48a332e0_0;
    %parti/s 8, 16, 6;
    %load/vec4 v000001ef48a32f20_0;
    %muli 4, 0, 32;
    %addi 2, 0, 32;
    %ix/vec4/s 4;
    %store/vec4a v000001ef48950ec0, 4, 0;
    %load/vec4 v000001ef48a332e0_0;
    %parti/s 8, 24, 6;
    %load/vec4 v000001ef48a32f20_0;
    %muli 4, 0, 32;
    %addi 3, 0, 32;
    %ix/vec4/s 4;
    %store/vec4a v000001ef48950ec0, 4, 0;
    %end;
S_000001ef48a26c10 .scope function.vec4.s32, "rdw" "rdw" 2 58, 2 58 0, S_000001ef489ad190;
 .timescale -9 -12;
v000001ef48a314e0_0 .var "adr", 15 0;
; Variable rdw is vec4 return value of scope S_000001ef48a26c10
TD_CPU_tb.rdw ;
    %load/vec4 v000001ef48a314e0_0;
    %pad/u 32;
    %addi 3, 0, 32;
    %ix/vec4 4;
    %load/vec4a v000001ef4894f980, 4;
    %load/vec4 v000001ef48a314e0_0;
    %pad/u 32;
    %addi 2, 0, 32;
    %ix/vec4 4;
    %load/vec4a v000001ef4894f980, 4;
    %concat/vec4; draw_concat_vec4
    %load/vec4 v000001ef48a314e0_0;
    %pad/u 32;
    %addi 1, 0, 32;
    %ix/vec4 4;
    %load/vec4a v000001ef4894f980, 4;
    %concat/vec4; draw_concat_vec4
    %load/vec4 v000001ef48a314e0_0;
    %pad/u 18;
    %ix/vec4 4;
    %load/vec4a v000001ef4894f980, 4;
    %concat/vec4; draw_concat_vec4
    %ret/vec4 0, 0, 32;  Assign to rdw (store_vec4_to_lval)
    %end;
    .scope S_000001ef486cdf90;
T_8 ;
    %wait E_000001ef48988650;
    %load/vec4 v000001ef48a0a1a0_0;
    %flag_set/vec4 8;
    %jmp/0xz  T_8.0, 8;
    %pushi/vec4 0, 0, 1;
    %assign/vec4 v000001ef48a09700_0, 0;
    %pushi/vec4 0, 0, 1;
    %assign/vec4 v000001ef48a0a740_0, 0;
    %jmp T_8.1;
T_8.0 ;
    %load/vec4 v000001ef48a097a0_0;
    %assign/vec4 v000001ef48a09700_0, 0;
    %load/vec4 v000001ef48a0ae20_0;
    %flag_set/vec4 8;
    %jmp/0xz  T_8.2, 8;
    %load/vec4 v000001ef48a08120_0;
    %assign/vec4 v000001ef48a0a740_0, 0;
T_8.2 ;
T_8.1 ;
    %jmp T_8;
    .thread T_8;
    .scope S_000001ef48a14c20;
T_9 ;
    %wait E_000001ef48988650;
    %load/vec4 v000001ef48a0af60_0;
    %flag_set/vec4 8;
    %jmp/0xz  T_9.0, 8;
    %pushi/vec4 0, 0, 1;
    %assign/vec4 v000001ef48a0b5a0_0, 0;
    %pushi/vec4 0, 0, 1;
    %assign/vec4 v000001ef48a0b500_0, 0;
    %jmp T_9.1;
T_9.0 ;
    %load/vec4 v000001ef48a0b1e0_0;
    %assign/vec4 v000001ef48a0b5a0_0, 0;
    %load/vec4 v000001ef48a0bbe0_0;
    %flag_set/vec4 8;
    %jmp/0xz  T_9.2, 8;
    %load/vec4 v000001ef48a0ab00_0;
    %assign/vec4 v000001ef48a0b500_0, 0;
T_9.2 ;
T_9.1 ;
    %jmp T_9;
    .thread T_9;
    .scope S_000001ef48a14db0;
T_10 ;
    %wait E_000001ef48988650;
    %load/vec4 v000001ef48a0bc80_0;
    %flag_set/vec4 8;
    %jmp/0xz  T_10.0, 8;
    %pushi/vec4 0, 0, 1;
    %assign/vec4 v000001ef48a0b8c0_0, 0;
    %pushi/vec4 0, 0, 1;
    %assign/vec4 v000001ef48a0bb40_0, 0;
    %jmp T_10.1;
T_10.0 ;
    %load/vec4 v000001ef48a0b280_0;
    %assign/vec4 v000001ef48a0b8c0_0, 0;
    %load/vec4 v000001ef48a0b460_0;
    %flag_set/vec4 8;
    %jmp/0xz  T_10.2, 8;
    %load/vec4 v000001ef48a0bd20_0;
    %assign/vec4 v000001ef48a0bb40_0, 0;
T_10.2 ;
T_10.1 ;
    %jmp T_10;
    .thread T_10;
    .scope S_000001ef48a145e0;
T_11 ;
    %wait E_000001ef48988650;
    %load/vec4 v000001ef489ba200_0;
    %flag_set/vec4 8;
    %jmp/0xz  T_11.0, 8;
    %pushi/vec4 0, 0, 1;
    %assign/vec4 v000001ef48a0be60_0, 0;
    %pushi/vec4 0, 0, 1;
    %assign/vec4 v000001ef48a0bf00_0, 0;
    %jmp T_11.1;
T_11.0 ;
    %load/vec4 v000001ef48a0bfa0_0;
    %assign/vec4 v000001ef48a0be60_0, 0;
    %load/vec4 v000001ef489bac00_0;
    %flag_set/vec4 8;
    %jmp/0xz  T_11.2, 8;
    %load/vec4 v000001ef489baca0_0;
    %assign/vec4 v000001ef48a0bf00_0, 0;
T_11.2 ;
T_11.1 ;
    %jmp T_11;
    .thread T_11;
    .scope S_000001ef48a14900;
T_12 ;
    %wait E_000001ef48988650;
    %load/vec4 v000001ef489bbce0_0;
    %flag_set/vec4 8;
    %jmp/0xz  T_12.0, 8;
    %pushi/vec4 0, 0, 1;
    %assign/vec4 v000001ef489bba60_0, 0;
    %pushi/vec4 0, 0, 1;
    %assign/vec4 v000001ef489baac0_0, 0;
    %jmp T_12.1;
T_12.0 ;
    %load/vec4 v000001ef489ba2a0_0;
    %assign/vec4 v000001ef489bba60_0, 0;
    %load/vec4 v000001ef489bbec0_0;
    %flag_set/vec4 8;
    %jmp/0xz  T_12.2, 8;
    %load/vec4 v000001ef489bb060_0;
    %assign/vec4 v000001ef489baac0_0, 0;
T_12.2 ;
T_12.1 ;
    %jmp T_12;
    .thread T_12;
    .scope S_000001ef48a14770;
T_13 ;
    %wait E_000001ef48988650;
    %load/vec4 v000001ef489ba7a0_0;
    %flag_set/vec4 8;
    %jmp/0xz  T_13.0, 8;
    %pushi/vec4 0, 0, 1;
    %assign/vec4 v000001ef489ba700_0, 0;
    %pushi/vec4 0, 0, 1;
    %assign/vec4 v000001ef489bb420_0, 0;
    %jmp T_13.1;
T_13.0 ;
    %load/vec4 v000001ef489ba480_0;
    %assign/vec4 v000001ef489ba700_0, 0;
    %load/vec4 v000001ef489ba3e0_0;
    %flag_set/vec4 8;
    %jmp/0xz  T_13.2, 8;
    %load/vec4 v000001ef489bbb00_0;
    %assign/vec4 v000001ef489bb420_0, 0;
T_13.2 ;
T_13.1 ;
    %jmp T_13;
    .thread T_13;
    .scope S_000001ef48a16a40;
T_14 ;
    %wait E_000001ef48988650;
    %load/vec4 v000001ef489bbd80_0;
    %flag_set/vec4 8;
    %jmp/0xz  T_14.0, 8;
    %pushi/vec4 0, 0, 1;
    %assign/vec4 v000001ef489bc280_0, 0;
    %pushi/vec4 0, 0, 1;
    %assign/vec4 v000001ef489bb100_0, 0;
    %jmp T_14.1;
T_14.0 ;
    %load/vec4 v000001ef489baf20_0;
    %assign/vec4 v000001ef489bc280_0, 0;
    %load/vec4 v000001ef489bafc0_0;
    %flag_set/vec4 8;
    %jmp/0xz  T_14.2, 8;
    %load/vec4 v000001ef489bc640_0;
    %assign/vec4 v000001ef489bb100_0, 0;
T_14.2 ;
T_14.1 ;
    %jmp T_14;
    .thread T_14;
    .scope S_000001ef48a16720;
T_15 ;
    %wait E_000001ef48988650;
    %load/vec4 v000001ef489bc0a0_0;
    %flag_set/vec4 8;
    %jmp/0xz  T_15.0, 8;
    %pushi/vec4 0, 0, 1;
    %assign/vec4 v000001ef489bc000_0, 0;
    %pushi/vec4 0, 0, 1;
    %assign/vec4 v000001ef489bb380_0, 0;
    %jmp T_15.1;
T_15.0 ;
    %load/vec4 v000001ef489bb4c0_0;
    %assign/vec4 v000001ef489bc000_0, 0;
    %load/vec4 v000001ef489bb560_0;
    %flag_set/vec4 8;
    %jmp/0xz  T_15.2, 8;
    %load/vec4 v000001ef489bc1e0_0;
    %assign/vec4 v000001ef489bb380_0, 0;
T_15.2 ;
T_15.1 ;
    %jmp T_15;
    .thread T_15;
    .scope S_000001ef48a16ef0;
T_16 ;
    %wait E_000001ef48988650;
    %load/vec4 v000001ef489bdcc0_0;
    %flag_set/vec4 8;
    %jmp/0xz  T_16.0, 8;
    %pushi/vec4 0, 0, 1;
    %assign/vec4 v000001ef489bc5a0_0, 0;
    %pushi/vec4 0, 0, 1;
    %assign/vec4 v000001ef489bb6a0_0, 0;
    %jmp T_16.1;
T_16.0 ;
    %load/vec4 v000001ef489bb7e0_0;
    %assign/vec4 v000001ef489bc5a0_0, 0;
    %load/vec4 v000001ef489bdc20_0;
    %flag_set/vec4 8;
    %jmp/0xz  T_16.2, 8;
    %load/vec4 v000001ef489bcd20_0;
    %assign/vec4 v000001ef489bb6a0_0, 0;
T_16.2 ;
T_16.1 ;
    %jmp T_16;
    .thread T_16;
    .scope S_000001ef48a15140;
T_17 ;
    %wait E_000001ef48988650;
    %load/vec4 v000001ef489bc820_0;
    %flag_set/vec4 8;
    %jmp/0xz  T_17.0, 8;
    %pushi/vec4 0, 0, 1;
    %assign/vec4 v000001ef489bd720_0, 0;
    %pushi/vec4 0, 0, 1;
    %assign/vec4 v000001ef489bd2c0_0, 0;
    %jmp T_17.1;
T_17.0 ;
    %load/vec4 v000001ef489bcaa0_0;
    %assign/vec4 v000001ef489bd720_0, 0;
    %load/vec4 v000001ef489bcbe0_0;
    %flag_set/vec4 8;
    %jmp/0xz  T_17.2, 8;
    %load/vec4 v000001ef489bcb40_0;
    %assign/vec4 v000001ef489bd2c0_0, 0;
T_17.2 ;
T_17.1 ;
    %jmp T_17;
    .thread T_17;
    .scope S_000001ef48a168b0;
T_18 ;
    %wait E_000001ef48988650;
    %load/vec4 v000001ef489bd220_0;
    %flag_set/vec4 8;
    %jmp/0xz  T_18.0, 8;
    %pushi/vec4 0, 0, 1;
    %assign/vec4 v000001ef489bda40_0, 0;
    %pushi/vec4 0, 0, 1;
    %assign/vec4 v000001ef489bd4a0_0, 0;
    %jmp T_18.1;
T_18.0 ;
    %load/vec4 v000001ef489bdae0_0;
    %assign/vec4 v000001ef489bda40_0, 0;
    %load/vec4 v000001ef489bc960_0;
    %flag_set/vec4 8;
    %jmp/0xz  T_18.2, 8;
    %load/vec4 v000001ef489bd040_0;
    %assign/vec4 v000001ef489bd4a0_0, 0;
T_18.2 ;
T_18.1 ;
    %jmp T_18;
    .thread T_18;
    .scope S_000001ef48a16bd0;
T_19 ;
    %wait E_000001ef48988650;
    %load/vec4 v000001ef48a19460_0;
    %flag_set/vec4 8;
    %jmp/0xz  T_19.0, 8;
    %pushi/vec4 0, 0, 1;
    %assign/vec4 v000001ef489bcfa0_0, 0;
    %pushi/vec4 0, 0, 1;
    %assign/vec4 v000001ef489bd0e0_0, 0;
    %jmp T_19.1;
T_19.0 ;
    %load/vec4 v000001ef48a189c0_0;
    %assign/vec4 v000001ef489bcfa0_0, 0;
    %load/vec4 v000001ef48a175c0_0;
    %flag_set/vec4 8;
    %jmp/0xz  T_19.2, 8;
    %load/vec4 v000001ef48a18b00_0;
    %assign/vec4 v000001ef489bd0e0_0, 0;
T_19.2 ;
T_19.1 ;
    %jmp T_19;
    .thread T_19;
    .scope S_000001ef48a15dc0;
T_20 ;
    %wait E_000001ef48988650;
    %load/vec4 v000001ef48a18ba0_0;
    %flag_set/vec4 8;
    %jmp/0xz  T_20.0, 8;
    %pushi/vec4 0, 0, 1;
    %assign/vec4 v000001ef48a17ac0_0, 0;
    %pushi/vec4 0, 0, 1;
    %assign/vec4 v000001ef48a18880_0, 0;
    %jmp T_20.1;
T_20.0 ;
    %load/vec4 v000001ef48a19280_0;
    %assign/vec4 v000001ef48a17ac0_0, 0;
    %load/vec4 v000001ef48a19320_0;
    %flag_set/vec4 8;
    %jmp/0xz  T_20.2, 8;
    %load/vec4 v000001ef48a190a0_0;
    %assign/vec4 v000001ef48a18880_0, 0;
T_20.2 ;
T_20.1 ;
    %jmp T_20;
    .thread T_20;
    .scope S_000001ef48a16590;
T_21 ;
    %wait E_000001ef48988650;
    %load/vec4 v000001ef48a17700_0;
    %flag_set/vec4 8;
    %jmp/0xz  T_21.0, 8;
    %pushi/vec4 0, 0, 1;
    %assign/vec4 v000001ef48a17520_0, 0;
    %pushi/vec4 0, 0, 1;
    %assign/vec4 v000001ef48a18a60_0, 0;
    %jmp T_21.1;
T_21.0 ;
    %load/vec4 v000001ef48a17160_0;
    %assign/vec4 v000001ef48a17520_0, 0;
    %load/vec4 v000001ef48a17c00_0;
    %flag_set/vec4 8;
    %jmp/0xz  T_21.2, 8;
    %load/vec4 v000001ef48a18ce0_0;
    %assign/vec4 v000001ef48a18a60_0, 0;
T_21.2 ;
T_21.1 ;
    %jmp T_21;
    .thread T_21;
    .scope S_000001ef48a15f50;
T_22 ;
    %wait E_000001ef48988650;
    %load/vec4 v000001ef48a17340_0;
    %flag_set/vec4 8;
    %jmp/0xz  T_22.0, 8;
    %pushi/vec4 0, 0, 1;
    %assign/vec4 v000001ef48a17de0_0, 0;
    %pushi/vec4 0, 0, 1;
    %assign/vec4 v000001ef48a191e0_0, 0;
    %jmp T_22.1;
T_22.0 ;
    %load/vec4 v000001ef48a178e0_0;
    %assign/vec4 v000001ef48a17de0_0, 0;
    %load/vec4 v000001ef48a19780_0;
    %flag_set/vec4 8;
    %jmp/0xz  T_22.2, 8;
    %load/vec4 v000001ef48a18100_0;
    %assign/vec4 v000001ef48a191e0_0, 0;
T_22.2 ;
T_22.1 ;
    %jmp T_22;
    .thread T_22;
    .scope S_000001ef48a16270;
T_23 ;
    %wait E_000001ef48988650;
    %load/vec4 v000001ef48a173e0_0;
    %flag_set/vec4 8;
    %jmp/0xz  T_23.0, 8;
    %pushi/vec4 0, 0, 1;
    %assign/vec4 v000001ef48a182e0_0, 0;
    %pushi/vec4 0, 0, 1;
    %assign/vec4 v000001ef48a18740_0, 0;
    %jmp T_23.1;
T_23.0 ;
    %load/vec4 v000001ef48a17980_0;
    %assign/vec4 v000001ef48a182e0_0, 0;
    %load/vec4 v000001ef48a198c0_0;
    %flag_set/vec4 8;
    %jmp/0xz  T_23.2, 8;
    %load/vec4 v000001ef48a18380_0;
    %assign/vec4 v000001ef48a18740_0, 0;
T_23.2 ;
T_23.1 ;
    %jmp T_23;
    .thread T_23;
    .scope S_000001ef48a1bac0;
T_24 ;
    %wait E_000001ef48988650;
    %load/vec4 v000001ef48a1a5e0_0;
    %flag_set/vec4 8;
    %jmp/0xz  T_24.0, 8;
    %pushi/vec4 0, 0, 1;
    %assign/vec4 v000001ef48a18600_0, 0;
    %pushi/vec4 0, 0, 1;
    %assign/vec4 v000001ef48a1ad60_0, 0;
    %jmp T_24.1;
T_24.0 ;
    %load/vec4 v000001ef48a1a2c0_0;
    %assign/vec4 v000001ef48a18600_0, 0;
    %load/vec4 v000001ef48a1a7c0_0;
    %flag_set/vec4 8;
    %jmp/0xz  T_24.2, 8;
    %load/vec4 v000001ef48a19a00_0;
    %assign/vec4 v000001ef48a1ad60_0, 0;
T_24.2 ;
T_24.1 ;
    %jmp T_24;
    .thread T_24;
    .scope S_000001ef48a1bc50;
T_25 ;
    %wait E_000001ef48988650;
    %load/vec4 v000001ef48a1af40_0;
    %flag_set/vec4 8;
    %jmp/0xz  T_25.0, 8;
    %pushi/vec4 0, 0, 1;
    %assign/vec4 v000001ef48a19aa0_0, 0;
    %pushi/vec4 0, 0, 1;
    %assign/vec4 v000001ef48a1aae0_0, 0;
    %jmp T_25.1;
T_25.0 ;
    %load/vec4 v000001ef48a1aea0_0;
    %assign/vec4 v000001ef48a19aa0_0, 0;
    %load/vec4 v000001ef48a1ac20_0;
    %flag_set/vec4 8;
    %jmp/0xz  T_25.2, 8;
    %load/vec4 v000001ef48a19c80_0;
    %assign/vec4 v000001ef48a1aae0_0, 0;
T_25.2 ;
T_25.1 ;
    %jmp T_25;
    .thread T_25;
    .scope S_000001ef48a1cd80;
T_26 ;
    %wait E_000001ef48988650;
    %load/vec4 v000001ef48a1a720_0;
    %flag_set/vec4 8;
    %jmp/0xz  T_26.0, 8;
    %pushi/vec4 0, 0, 1;
    %assign/vec4 v000001ef48a19960_0, 0;
    %pushi/vec4 0, 0, 1;
    %assign/vec4 v000001ef48a19e60_0, 0;
    %jmp T_26.1;
T_26.0 ;
    %load/vec4 v000001ef48a1a9a0_0;
    %assign/vec4 v000001ef48a19960_0, 0;
    %load/vec4 v000001ef48a1a540_0;
    %flag_set/vec4 8;
    %jmp/0xz  T_26.2, 8;
    %load/vec4 v000001ef48a1ab80_0;
    %assign/vec4 v000001ef48a19e60_0, 0;
T_26.2 ;
T_26.1 ;
    %jmp T_26;
    .thread T_26;
    .scope S_000001ef48a1cbf0;
T_27 ;
    %wait E_000001ef48988650;
    %load/vec4 v000001ef48a1e940_0;
    %flag_set/vec4 8;
    %jmp/0xz  T_27.0, 8;
    %pushi/vec4 0, 0, 1;
    %assign/vec4 v000001ef48a1dfe0_0, 0;
    %pushi/vec4 0, 0, 1;
    %assign/vec4 v000001ef48a1e080_0, 0;
    %jmp T_27.1;
T_27.0 ;
    %load/vec4 v000001ef48a1eb20_0;
    %assign/vec4 v000001ef48a1dfe0_0, 0;
    %load/vec4 v000001ef48a1d220_0;
    %flag_set/vec4 8;
    %jmp/0xz  T_27.2, 8;
    %load/vec4 v000001ef48a1d860_0;
    %assign/vec4 v000001ef48a1e080_0, 0;
T_27.2 ;
T_27.1 ;
    %jmp T_27;
    .thread T_27;
    .scope S_000001ef48a1c100;
T_28 ;
    %wait E_000001ef48988650;
    %load/vec4 v000001ef48a1e4e0_0;
    %flag_set/vec4 8;
    %jmp/0xz  T_28.0, 8;
    %pushi/vec4 0, 0, 1;
    %assign/vec4 v000001ef48a1e1c0_0, 0;
    %pushi/vec4 0, 0, 1;
    %assign/vec4 v000001ef48a1d360_0, 0;
    %jmp T_28.1;
T_28.0 ;
    %load/vec4 v000001ef48a1d9a0_0;
    %assign/vec4 v000001ef48a1e1c0_0, 0;
    %load/vec4 v000001ef48a1eda0_0;
    %flag_set/vec4 8;
    %jmp/0xz  T_28.2, 8;
    %load/vec4 v000001ef48a1f160_0;
    %assign/vec4 v000001ef48a1d360_0, 0;
T_28.2 ;
T_28.1 ;
    %jmp T_28;
    .thread T_28;
    .scope S_000001ef48a1c5b0;
T_29 ;
    %wait E_000001ef48988650;
    %load/vec4 v000001ef48a1f020_0;
    %flag_set/vec4 8;
    %jmp/0xz  T_29.0, 8;
    %pushi/vec4 0, 0, 1;
    %assign/vec4 v000001ef48a1eee0_0, 0;
    %pushi/vec4 0, 0, 1;
    %assign/vec4 v000001ef48a1e300_0, 0;
    %jmp T_29.1;
T_29.0 ;
    %load/vec4 v000001ef48a1f5c0_0;
    %assign/vec4 v000001ef48a1eee0_0, 0;
    %load/vec4 v000001ef48a1d2c0_0;
    %flag_set/vec4 8;
    %jmp/0xz  T_29.2, 8;
    %load/vec4 v000001ef48a1f200_0;
    %assign/vec4 v000001ef48a1e300_0, 0;
T_29.2 ;
T_29.1 ;
    %jmp T_29;
    .thread T_29;
    .scope S_000001ef48a1c8d0;
T_30 ;
    %wait E_000001ef48988650;
    %load/vec4 v000001ef48a1f7a0_0;
    %flag_set/vec4 8;
    %jmp/0xz  T_30.0, 8;
    %pushi/vec4 0, 0, 1;
    %assign/vec4 v000001ef48a1e800_0, 0;
    %pushi/vec4 0, 0, 1;
    %assign/vec4 v000001ef48a1e620_0, 0;
    %jmp T_30.1;
T_30.0 ;
    %load/vec4 v000001ef48a1d680_0;
    %assign/vec4 v000001ef48a1e800_0, 0;
    %load/vec4 v000001ef48a1d720_0;
    %flag_set/vec4 8;
    %jmp/0xz  T_30.2, 8;
    %load/vec4 v000001ef48a1e760_0;
    %assign/vec4 v000001ef48a1e620_0, 0;
T_30.2 ;
T_30.1 ;
    %jmp T_30;
    .thread T_30;
    .scope S_000001ef48a1b160;
T_31 ;
    %wait E_000001ef48988650;
    %load/vec4 v000001ef48a1dcc0_0;
    %flag_set/vec4 8;
    %jmp/0xz  T_31.0, 8;
    %pushi/vec4 0, 0, 1;
    %assign/vec4 v000001ef48a1ea80_0, 0;
    %pushi/vec4 0, 0, 1;
    %assign/vec4 v000001ef48a1df40_0, 0;
    %jmp T_31.1;
T_31.0 ;
    %load/vec4 v000001ef48a1f660_0;
    %assign/vec4 v000001ef48a1ea80_0, 0;
    %load/vec4 v000001ef48a1de00_0;
    %flag_set/vec4 8;
    %jmp/0xz  T_31.2, 8;
    %load/vec4 v000001ef48a1dae0_0;
    %assign/vec4 v000001ef48a1df40_0, 0;
T_31.2 ;
T_31.1 ;
    %jmp T_31;
    .thread T_31;
    .scope S_000001ef48a1b480;
T_32 ;
    %wait E_000001ef48988650;
    %load/vec4 v000001ef48a21d20_0;
    %flag_set/vec4 8;
    %jmp/0xz  T_32.0, 8;
    %pushi/vec4 0, 0, 1;
    %assign/vec4 v000001ef48a21fa0_0, 0;
    %pushi/vec4 0, 0, 1;
    %assign/vec4 v000001ef48a20240_0, 0;
    %jmp T_32.1;
T_32.0 ;
    %load/vec4 v000001ef48a204c0_0;
    %assign/vec4 v000001ef48a21fa0_0, 0;
    %load/vec4 v000001ef48a1ffc0_0;
    %flag_set/vec4 8;
    %jmp/0xz  T_32.2, 8;
    %load/vec4 v000001ef48a210a0_0;
    %assign/vec4 v000001ef48a20240_0, 0;
T_32.2 ;
T_32.1 ;
    %jmp T_32;
    .thread T_32;
    .scope S_000001ef48a1ca60;
T_33 ;
    %wait E_000001ef48988650;
    %load/vec4 v000001ef48a207e0_0;
    %flag_set/vec4 8;
    %jmp/0xz  T_33.0, 8;
    %pushi/vec4 0, 0, 1;
    %assign/vec4 v000001ef48a216e0_0, 0;
    %pushi/vec4 0, 0, 1;
    %assign/vec4 v000001ef48a20380_0, 0;
    %jmp T_33.1;
T_33.0 ;
    %load/vec4 v000001ef48a1fac0_0;
    %assign/vec4 v000001ef48a216e0_0, 0;
    %load/vec4 v000001ef48a209c0_0;
    %flag_set/vec4 8;
    %jmp/0xz  T_33.2, 8;
    %load/vec4 v000001ef48a21320_0;
    %assign/vec4 v000001ef48a20380_0, 0;
T_33.2 ;
T_33.1 ;
    %jmp T_33;
    .thread T_33;
    .scope S_000001ef48a25630;
T_34 ;
    %wait E_000001ef48988650;
    %load/vec4 v000001ef48a1fc00_0;
    %flag_set/vec4 8;
    %jmp/0xz  T_34.0, 8;
    %pushi/vec4 0, 0, 1;
    %assign/vec4 v000001ef48a21a00_0, 0;
    %pushi/vec4 0, 0, 1;
    %assign/vec4 v000001ef48a21be0_0, 0;
    %jmp T_34.1;
T_34.0 ;
    %load/vec4 v000001ef48a20600_0;
    %assign/vec4 v000001ef48a21a00_0, 0;
    %load/vec4 v000001ef48a201a0_0;
    %flag_set/vec4 8;
    %jmp/0xz  T_34.2, 8;
    %load/vec4 v000001ef48a206a0_0;
    %assign/vec4 v000001ef48a21be0_0, 0;
T_34.2 ;
T_34.1 ;
    %jmp T_34;
    .thread T_34;
    .scope S_000001ef48a25ae0;
T_35 ;
    %wait E_000001ef48988650;
    %load/vec4 v000001ef48a213c0_0;
    %flag_set/vec4 8;
    %jmp/0xz  T_35.0, 8;
    %pushi/vec4 0, 0, 1;
    %assign/vec4 v000001ef48a20a60_0, 0;
    %pushi/vec4 0, 0, 1;
    %assign/vec4 v000001ef48a1fd40_0, 0;
    %jmp T_35.1;
T_35.0 ;
    %load/vec4 v000001ef48a20b00_0;
    %assign/vec4 v000001ef48a20a60_0, 0;
    %load/vec4 v000001ef48a20ce0_0;
    %flag_set/vec4 8;
    %jmp/0xz  T_35.2, 8;
    %load/vec4 v000001ef48a20c40_0;
    %assign/vec4 v000001ef48a1fd40_0, 0;
T_35.2 ;
T_35.1 ;
    %jmp T_35;
    .thread T_35;
    .scope S_000001ef48a257c0;
T_36 ;
    %wait E_000001ef48988650;
    %load/vec4 v000001ef48a21640_0;
    %flag_set/vec4 8;
    %jmp/0xz  T_36.0, 8;
    %pushi/vec4 0, 0, 1;
    %assign/vec4 v000001ef48a21460_0, 0;
    %pushi/vec4 0, 0, 1;
    %assign/vec4 v000001ef48a1ff20_0, 0;
    %jmp T_36.1;
T_36.0 ;
    %load/vec4 v000001ef48a21500_0;
    %assign/vec4 v000001ef48a21460_0, 0;
    %load/vec4 v000001ef48a21780_0;
    %flag_set/vec4 8;
    %jmp/0xz  T_36.2, 8;
    %load/vec4 v000001ef48a1fb60_0;
    %assign/vec4 v000001ef48a1ff20_0, 0;
T_36.2 ;
T_36.1 ;
    %jmp T_36;
    .thread T_36;
    .scope S_000001ef48a26120;
T_37 ;
    %wait E_000001ef48988650;
    %load/vec4 v000001ef48a22400_0;
    %flag_set/vec4 8;
    %jmp/0xz  T_37.0, 8;
    %pushi/vec4 0, 0, 1;
    %assign/vec4 v000001ef48a231c0_0, 0;
    %pushi/vec4 0, 0, 1;
    %assign/vec4 v000001ef48a236c0_0, 0;
    %jmp T_37.1;
T_37.0 ;
    %load/vec4 v000001ef48a22860_0;
    %assign/vec4 v000001ef48a231c0_0, 0;
    %load/vec4 v000001ef48a23c60_0;
    %flag_set/vec4 8;
    %jmp/0xz  T_37.2, 8;
    %load/vec4 v000001ef48a22900_0;
    %assign/vec4 v000001ef48a236c0_0, 0;
T_37.2 ;
T_37.1 ;
    %jmp T_37;
    .thread T_37;
    .scope S_000001ef48a25e00;
T_38 ;
    %wait E_000001ef48988650;
    %load/vec4 v000001ef48a23760_0;
    %flag_set/vec4 8;
    %jmp/0xz  T_38.0, 8;
    %pushi/vec4 0, 0, 1;
    %assign/vec4 v000001ef48a239e0_0, 0;
    %pushi/vec4 0, 0, 1;
    %assign/vec4 v000001ef48a24480_0, 0;
    %jmp T_38.1;
T_38.0 ;
    %load/vec4 v000001ef48a23260_0;
    %assign/vec4 v000001ef48a239e0_0, 0;
    %load/vec4 v000001ef48a222c0_0;
    %flag_set/vec4 8;
    %jmp/0xz  T_38.2, 8;
    %load/vec4 v000001ef48a22d60_0;
    %assign/vec4 v000001ef48a24480_0, 0;
T_38.2 ;
T_38.1 ;
    %jmp T_38;
    .thread T_38;
    .scope S_000001ef48a26f30;
T_39 ;
    %wait E_000001ef48988650;
    %load/vec4 v000001ef48a22540_0;
    %flag_set/vec4 8;
    %jmp/0xz  T_39.0, 8;
    %pushi/vec4 0, 0, 1;
    %assign/vec4 v000001ef48a23bc0_0, 0;
    %pushi/vec4 0, 0, 1;
    %assign/vec4 v000001ef48a23d00_0, 0;
    %jmp T_39.1;
T_39.0 ;
    %load/vec4 v000001ef48a23120_0;
    %assign/vec4 v000001ef48a23bc0_0, 0;
    %load/vec4 v000001ef48a23da0_0;
    %flag_set/vec4 8;
    %jmp/0xz  T_39.2, 8;
    %load/vec4 v000001ef48a225e0_0;
    %assign/vec4 v000001ef48a23d00_0, 0;
T_39.2 ;
T_39.1 ;
    %jmp T_39;
    .thread T_39;
    .scope S_000001ef4872d5a0;
T_40 ;
    %wait E_000001ef48988090;
    %load/vec4 v000001ef48950f60_0;
    %pad/u 7;
    %ix/vec4 4;
    %load/vec4a v000001ef48950d80, 4;
    %store/vec4 v000001ef48951320_0, 0, 32;
    %load/vec4 v000001ef48951460_0;
    %pad/u 7;
    %ix/vec4 4;
    %load/vec4a v000001ef48950d80, 4;
    %store/vec4 v000001ef4894eda0_0, 0, 32;
    %jmp T_40;
    .thread T_40, $push;
    .scope S_000001ef4872d5a0;
T_41 ;
    %wait E_000001ef48988650;
    %load/vec4 v000001ef4894ee40_0;
    %flag_set/vec4 8;
    %jmp/0xz  T_41.0, 8;
    %fork t_1, S_000001ef48761a30;
    %jmp t_0;
    .scope S_000001ef48761a30;
t_1 ;
    %pushi/vec4 0, 0, 32;
    %store/vec4 v000001ef48950880_0, 0, 32;
T_41.2 ;
    %load/vec4 v000001ef48950880_0;
    %cmpi/s 32, 0, 32;
    %jmp/0xz T_41.3, 5;
    %pushi/vec4 0, 0, 32;
    %ix/getv/s 3, v000001ef48950880_0;
    %ix/load 4, 0, 0; Constant delay
    %assign/vec4/a/d v000001ef48950d80, 0, 4;
    %load/vec4 v000001ef48950880_0;
    %addi 1, 0, 32;
    %store/vec4 v000001ef48950880_0, 0, 32;
    %jmp T_41.2;
T_41.3 ;
    %end;
    .scope S_000001ef4872d5a0;
t_0 %join;
    %jmp T_41.1;
T_41.0 ;
    %load/vec4 v000001ef48950c40_0;
    %flag_set/vec4 9;
    %flag_get/vec4 9;
    %jmp/0 T_41.6, 9;
    %load/vec4 v000001ef48950b00_0;
    %pushi/vec4 0, 0, 5;
    %cmp/ne;
    %flag_get/vec4 4;
    %and;
T_41.6;
    %flag_set/vec4 8;
    %jmp/0xz  T_41.4, 8;
    %load/vec4 v000001ef48951000_0;
    %load/vec4 v000001ef48950b00_0;
    %pad/u 7;
    %ix/vec4 3;
    %ix/load 4, 0, 0; Constant delay
    %assign/vec4/a/d v000001ef48950d80, 0, 4;
T_41.4 ;
T_41.1 ;
    %jmp T_41;
    .thread T_41;
    .scope S_000001ef4872d410;
T_42 ;
    %wait E_000001ef48988f10;
    %load/vec4 v000001ef4894ed00_0;
    %dup/vec4;
    %pushi/vec4 0, 0, 4;
    %cmp/u;
    %jmp/1 T_42.0, 6;
    %dup/vec4;
    %pushi/vec4 1, 0, 4;
    %cmp/u;
    %jmp/1 T_42.1, 6;
    %dup/vec4;
    %pushi/vec4 2, 0, 4;
    %cmp/u;
    %jmp/1 T_42.2, 6;
    %dup/vec4;
    %pushi/vec4 3, 0, 4;
    %cmp/u;
    %jmp/1 T_42.3, 6;
    %dup/vec4;
    %pushi/vec4 4, 0, 4;
    %cmp/u;
    %jmp/1 T_42.4, 6;
    %dup/vec4;
    %pushi/vec4 5, 0, 4;
    %cmp/u;
    %jmp/1 T_42.5, 6;
    %dup/vec4;
    %pushi/vec4 6, 0, 4;
    %cmp/u;
    %jmp/1 T_42.6, 6;
    %dup/vec4;
    %pushi/vec4 7, 0, 4;
    %cmp/u;
    %jmp/1 T_42.7, 6;
    %dup/vec4;
    %pushi/vec4 8, 0, 4;
    %cmp/u;
    %jmp/1 T_42.8, 6;
    %dup/vec4;
    %pushi/vec4 13, 0, 4;
    %cmp/u;
    %jmp/1 T_42.9, 6;
    %pushi/vec4 0, 0, 32;
    %store/vec4 v000001ef48950240_0, 0, 32;
    %jmp T_42.11;
T_42.0 ;
    %load/vec4 v000001ef48950600_0;
    %load/vec4 v000001ef489506a0_0;
    %add;
    %store/vec4 v000001ef48950240_0, 0, 32;
    %jmp T_42.11;
T_42.1 ;
    %load/vec4 v000001ef48950600_0;
    %load/vec4 v000001ef489506a0_0;
    %parti/s 5, 0, 2;
    %ix/vec4 4;
    %shiftl 4;
    %store/vec4 v000001ef48950240_0, 0, 32;
    %jmp T_42.11;
T_42.2 ;
    %load/vec4 v000001ef48950740_0;
    %load/vec4 v000001ef48950ba0_0;
    %cmp/s;
    %jmp/0xz  T_42.12, 5;
    %pushi/vec4 1, 0, 32;
    %store/vec4 v000001ef48950240_0, 0, 32;
    %jmp T_42.13;
T_42.12 ;
    %pushi/vec4 0, 0, 32;
    %store/vec4 v000001ef48950240_0, 0, 32;
T_42.13 ;
    %jmp T_42.11;
T_42.3 ;
    %load/vec4 v000001ef48950600_0;
    %load/vec4 v000001ef489506a0_0;
    %cmp/u;
    %jmp/0xz  T_42.14, 5;
    %pushi/vec4 1, 0, 32;
    %store/vec4 v000001ef48950240_0, 0, 32;
    %jmp T_42.15;
T_42.14 ;
    %pushi/vec4 0, 0, 32;
    %store/vec4 v000001ef48950240_0, 0, 32;
T_42.15 ;
    %jmp T_42.11;
T_42.4 ;
    %load/vec4 v000001ef48950600_0;
    %load/vec4 v000001ef489506a0_0;
    %xor;
    %store/vec4 v000001ef48950240_0, 0, 32;
    %jmp T_42.11;
T_42.5 ;
    %load/vec4 v000001ef48950600_0;
    %load/vec4 v000001ef489506a0_0;
    %parti/s 5, 0, 2;
    %ix/vec4 4;
    %shiftr 4;
    %store/vec4 v000001ef48950240_0, 0, 32;
    %jmp T_42.11;
T_42.6 ;
    %load/vec4 v000001ef48950600_0;
    %load/vec4 v000001ef489506a0_0;
    %or;
    %store/vec4 v000001ef48950240_0, 0, 32;
    %jmp T_42.11;
T_42.7 ;
    %load/vec4 v000001ef48950600_0;
    %load/vec4 v000001ef489506a0_0;
    %and;
    %store/vec4 v000001ef48950240_0, 0, 32;
    %jmp T_42.11;
T_42.8 ;
    %load/vec4 v000001ef48950600_0;
    %load/vec4 v000001ef489506a0_0;
    %sub;
    %store/vec4 v000001ef48950240_0, 0, 32;
    %jmp T_42.11;
T_42.9 ;
    %load/vec4 v000001ef48950740_0;
    %load/vec4 v000001ef489506a0_0;
    %parti/s 5, 0, 2;
    %ix/vec4 4;
    %shiftr/s 4;
    %store/vec4 v000001ef48950240_0, 0, 32;
    %jmp T_42.11;
T_42.11 ;
    %pop/vec4 1;
    %jmp T_42;
    .thread T_42, $push;
    .scope S_000001ef48731ab0;
T_43 ;
    %wait E_000001ef48988ed0;
    %load/vec4 v000001ef48911640_0;
    %dup/vec4;
    %pushi/vec4 0, 0, 3;
    %cmp/u;
    %jmp/1 T_43.0, 6;
    %dup/vec4;
    %pushi/vec4 1, 0, 3;
    %cmp/u;
    %jmp/1 T_43.1, 6;
    %dup/vec4;
    %pushi/vec4 4, 0, 3;
    %cmp/u;
    %jmp/1 T_43.2, 6;
    %dup/vec4;
    %pushi/vec4 5, 0, 3;
    %cmp/u;
    %jmp/1 T_43.3, 6;
    %dup/vec4;
    %pushi/vec4 6, 0, 3;
    %cmp/u;
    %jmp/1 T_43.4, 6;
    %dup/vec4;
    %pushi/vec4 7, 0, 3;
    %cmp/u;
    %jmp/1 T_43.5, 6;
    %pushi/vec4 0, 0, 1;
    %store/vec4 v000001ef488ae2c0_0, 0, 1;
    %jmp T_43.7;
T_43.0 ;
    %load/vec4 v000001ef48a09ca0_0;
    %load/vec4 v000001ef48a08580_0;
    %cmp/e;
    %flag_get/vec4 4;
    %store/vec4 v000001ef488ae2c0_0, 0, 1;
    %jmp T_43.7;
T_43.1 ;
    %load/vec4 v000001ef48a09ca0_0;
    %load/vec4 v000001ef48a08580_0;
    %cmp/ne;
    %flag_get/vec4 4;
    %store/vec4 v000001ef488ae2c0_0, 0, 1;
    %jmp T_43.7;
T_43.2 ;
    %load/vec4 v000001ef48a09ca0_0;
    %load/vec4 v000001ef48a08580_0;
    %cmp/s;
    %flag_get/vec4 5;
    %store/vec4 v000001ef488ae2c0_0, 0, 1;
    %jmp T_43.7;
T_43.3 ;
    %load/vec4 v000001ef48a08580_0;
    %load/vec4 v000001ef48a09ca0_0;
    %cmp/s;
    %flag_get/vec4 4;
    %flag_get/vec4 5;
    %or;
    %store/vec4 v000001ef488ae2c0_0, 0, 1;
    %jmp T_43.7;
T_43.4 ;
    %load/vec4 v000001ef48a09ca0_0;
    %load/vec4 v000001ef48a08580_0;
    %cmp/u;
    %flag_get/vec4 5;
    %store/vec4 v000001ef488ae2c0_0, 0, 1;
    %jmp T_43.7;
T_43.5 ;
    %load/vec4 v000001ef48a08580_0;
    %load/vec4 v000001ef48a09ca0_0;
    %cmp/u;
    %flag_get/vec4 4;
    %flag_get/vec4 5;
    %or;
    %store/vec4 v000001ef488ae2c0_0, 0, 1;
    %jmp T_43.7;
T_43.7 ;
    %pop/vec4 1;
    %jmp T_43;
    .thread T_43, $push;
    .scope S_000001ef48731ab0;
T_44 ;
    %wait E_000001ef48988e10;
    %pushi/vec4 0, 0, 32;
    %store/vec4 v000001ef48a09de0_0, 0, 32;
    %pushi/vec4 0, 0, 32;
    %store/vec4 v000001ef48a09e80_0, 0, 32;
    %load/vec4 v000001ef48a08260_0;
    %flag_set/vec4 8;
    %jmp/0xz  T_44.0, 8;
    %load/vec4 v000001ef48a098e0_0;
    %flag_set/vec4 8;
    %jmp/0xz  T_44.2, 8;
    %pushi/vec4 2147483659, 0, 32;
    %store/vec4 v000001ef48a09de0_0, 0, 32;
    %jmp T_44.3;
T_44.2 ;
    %load/vec4 v000001ef48a0a880_0;
    %flag_set/vec4 8;
    %jmp/0xz  T_44.4, 8;
    %pushi/vec4 2147483651, 0, 32;
    %store/vec4 v000001ef48a09de0_0, 0, 32;
    %jmp T_44.5;
T_44.4 ;
    %pushi/vec4 2147483655, 0, 32;
    %store/vec4 v000001ef48a09de0_0, 0, 32;
T_44.5 ;
T_44.3 ;
    %jmp T_44.1;
T_44.0 ;
    %load/vec4 v000001ef488d86d0_0;
    %flag_set/vec4 8;
    %jmp/0xz  T_44.6, 8;
    %pushi/vec4 11, 0, 32;
    %store/vec4 v000001ef48a09de0_0, 0, 32;
    %jmp T_44.7;
T_44.6 ;
    %load/vec4 v000001ef488d9710_0;
    %flag_set/vec4 8;
    %jmp/0xz  T_44.8, 8;
    %pushi/vec4 3, 0, 32;
    %store/vec4 v000001ef48a09de0_0, 0, 32;
    %load/vec4 v000001ef48951a00_0;
    %store/vec4 v000001ef48a09e80_0, 0, 32;
    %jmp T_44.9;
T_44.8 ;
    %pushi/vec4 2, 0, 32;
    %store/vec4 v000001ef48a09de0_0, 0, 32;
    %load/vec4 v000001ef4894eee0_0;
    %store/vec4 v000001ef48a09e80_0, 0, 32;
T_44.9 ;
T_44.7 ;
T_44.1 ;
    %jmp T_44;
    .thread T_44, $push;
    .scope S_000001ef48731ab0;
T_45 ;
    %wait E_000001ef48988350;
    %load/vec4 v000001ef48a09660_0;
    %store/vec4 v000001ef48a09ac0_0, 0, 5;
    %load/vec4 v000001ef48a09c00_0;
    %store/vec4 v000001ef48a081c0_0, 0, 5;
    %pushi/vec4 0, 0, 32;
    %store/vec4 v000001ef48a09160_0, 0, 32;
    %pushi/vec4 0, 0, 32;
    %store/vec4 v000001ef48a08440_0, 0, 32;
    %pushi/vec4 0, 0, 4;
    %store/vec4 v000001ef488adfa0_0, 0, 4;
    %pushi/vec4 0, 0, 32;
    %store/vec4 v000001ef489518c0_0, 0, 32;
    %pushi/vec4 0, 0, 32;
    %store/vec4 v000001ef489516e0_0, 0, 32;
    %pushi/vec4 0, 0, 32;
    %store/vec4 v000001ef4892d180_0, 0, 32;
    %load/vec4 v000001ef48952040_0;
    %addi 4, 0, 32;
    %store/vec4 v000001ef48a083a0_0, 0, 32;
    %pushi/vec4 3, 0, 2;
    %store/vec4 v000001ef48a08760_0, 0, 2;
    %pushi/vec4 0, 0, 32;
    %store/vec4 v000001ef48951e60_0, 0, 32;
    %pushi/vec4 0, 0, 32;
    %store/vec4 v000001ef48951640_0, 0, 32;
    %pushi/vec4 0, 0, 32;
    %store/vec4 v000001ef4894ef80_0, 0, 32;
    %pushi/vec4 7, 0, 3;
    %store/vec4 v000001ef489515a0_0, 0, 3;
    %pushi/vec4 7, 0, 3;
    %store/vec4 v000001ef48951500_0, 0, 3;
    %pushi/vec4 0, 0, 1;
    %store/vec4 v000001ef488d86d0_0, 0, 1;
    %pushi/vec4 0, 0, 1;
    %store/vec4 v000001ef488d9710_0, 0, 1;
    %pushi/vec4 0, 0, 1;
    %store/vec4 v000001ef48911500_0, 0, 1;
    %pushi/vec4 0, 0, 1;
    %store/vec4 v000001ef48a08bc0_0, 0, 1;
    %pushi/vec4 0, 0, 1;
    %store/vec4 v000001ef48a09d40_0, 0, 1;
    %pushi/vec4 0, 0, 1;
    %store/vec4 v000001ef48a09fc0_0, 0, 1;
    %load/vec4 v000001ef48a08f80_0;
    %dup/vec4;
    %pushi/vec4 55, 0, 7;
    %cmp/u;
    %jmp/1 T_45.0, 6;
    %dup/vec4;
    %pushi/vec4 23, 0, 7;
    %cmp/u;
    %jmp/1 T_45.1, 6;
    %dup/vec4;
    %pushi/vec4 111, 0, 7;
    %cmp/u;
    %jmp/1 T_45.2, 6;
    %dup/vec4;
    %pushi/vec4 103, 0, 7;
    %cmp/u;
    %jmp/1 T_45.3, 6;
    %dup/vec4;
    %pushi/vec4 99, 0, 7;
    %cmp/u;
    %jmp/1 T_45.4, 6;
    %dup/vec4;
    %pushi/vec4 3, 0, 7;
    %cmp/u;
    %jmp/1 T_45.5, 6;
    %dup/vec4;
    %pushi/vec4 35, 0, 7;
    %cmp/u;
    %jmp/1 T_45.6, 6;
    %dup/vec4;
    %pushi/vec4 19, 0, 7;
    %cmp/u;
    %jmp/1 T_45.7, 6;
    %dup/vec4;
    %pushi/vec4 51, 0, 7;
    %cmp/u;
    %jmp/1 T_45.8, 6;
    %dup/vec4;
    %pushi/vec4 15, 0, 7;
    %cmp/u;
    %jmp/1 T_45.9, 6;
    %dup/vec4;
    %pushi/vec4 115, 0, 7;
    %cmp/u;
    %jmp/1 T_45.10, 6;
    %pushi/vec4 3, 0, 2;
    %store/vec4 v000001ef48a08760_0, 0, 2;
    %pushi/vec4 1, 0, 1;
    %store/vec4 v000001ef48911500_0, 0, 1;
    %jmp T_45.12;
T_45.0 ;
    %load/vec4 v000001ef48865f60_0;
    %store/vec4 v000001ef489518c0_0, 0, 32;
    %pushi/vec4 0, 0, 2;
    %store/vec4 v000001ef48a08760_0, 0, 2;
    %jmp T_45.12;
T_45.1 ;
    %load/vec4 v000001ef48951a00_0;
    %load/vec4 v000001ef48865f60_0;
    %add;
    %store/vec4 v000001ef489518c0_0, 0, 32;
    %pushi/vec4 0, 0, 2;
    %store/vec4 v000001ef48a08760_0, 0, 2;
    %jmp T_45.12;
T_45.2 ;
    %load/vec4 v000001ef48951a00_0;
    %addi 4, 0, 32;
    %store/vec4 v000001ef489518c0_0, 0, 32;
    %load/vec4 v000001ef48951a00_0;
    %load/vec4 v000001ef48865ec0_0;
    %add;
    %store/vec4 v000001ef48a083a0_0, 0, 32;
    %pushi/vec4 0, 0, 2;
    %store/vec4 v000001ef48a08760_0, 0, 2;
    %jmp T_45.12;
T_45.3 ;
    %load/vec4 v000001ef48951a00_0;
    %addi 4, 0, 32;
    %store/vec4 v000001ef489518c0_0, 0, 32;
    %load/vec4 v000001ef48a09ca0_0;
    %load/vec4 v000001ef48866280_0;
    %add;
    %pushi/vec4 4294967294, 0, 32;
    %and;
    %store/vec4 v000001ef48a083a0_0, 0, 32;
    %pushi/vec4 0, 0, 2;
    %store/vec4 v000001ef48a08760_0, 0, 2;
    %jmp T_45.12;
T_45.4 ;
    %load/vec4 v000001ef488ae2c0_0;
    %flag_set/vec4 8;
    %jmp/0xz  T_45.13, 8;
    %load/vec4 v000001ef48951a00_0;
    %load/vec4 v000001ef48911820_0;
    %add;
    %store/vec4 v000001ef48a083a0_0, 0, 32;
T_45.13 ;
    %pushi/vec4 3, 0, 2;
    %store/vec4 v000001ef48a08760_0, 0, 2;
    %jmp T_45.12;
T_45.5 ;
    %load/vec4 v000001ef48a09ca0_0;
    %store/vec4 v000001ef48a09160_0, 0, 32;
    %load/vec4 v000001ef48866280_0;
    %store/vec4 v000001ef48a08440_0, 0, 32;
    %pushi/vec4 0, 0, 4;
    %store/vec4 v000001ef488adfa0_0, 0, 4;
    %load/vec4 v000001ef488ae180_0;
    %store/vec4 v000001ef48951e60_0, 0, 32;
    %load/vec4 v000001ef48911640_0;
    %store/vec4 v000001ef489515a0_0, 0, 3;
    %pushi/vec4 2, 0, 2;
    %store/vec4 v000001ef48a08760_0, 0, 2;
    %jmp T_45.12;
T_45.6 ;
    %load/vec4 v000001ef48a09ca0_0;
    %store/vec4 v000001ef48a09160_0, 0, 32;
    %load/vec4 v000001ef488666e0_0;
    %store/vec4 v000001ef48a08440_0, 0, 32;
    %pushi/vec4 0, 0, 4;
    %store/vec4 v000001ef488adfa0_0, 0, 4;
    %load/vec4 v000001ef488ae180_0;
    %store/vec4 v000001ef48951640_0, 0, 32;
    %load/vec4 v000001ef48a08580_0;
    %store/vec4 v000001ef4894ef80_0, 0, 32;
    %load/vec4 v000001ef48911640_0;
    %store/vec4 v000001ef48951500_0, 0, 3;
    %pushi/vec4 3, 0, 2;
    %store/vec4 v000001ef48a08760_0, 0, 2;
    %jmp T_45.12;
T_45.7 ;
    %load/vec4 v000001ef48a09ca0_0;
    %store/vec4 v000001ef48a09160_0, 0, 32;
    %load/vec4 v000001ef48866280_0;
    %store/vec4 v000001ef48a08440_0, 0, 32;
    %load/vec4 v000001ef48911640_0;
    %cmpi/e 5, 0, 3;
    %jmp/0xz  T_45.15, 4;
    %load/vec4 v000001ef4894eee0_0;
    %parti/s 1, 30, 6;
    %load/vec4 v000001ef48911640_0;
    %concat/vec4; draw_concat_vec4
    %store/vec4 v000001ef488adfa0_0, 0, 4;
    %jmp T_45.16;
T_45.15 ;
    %pushi/vec4 0, 0, 1;
    %load/vec4 v000001ef48911640_0;
    %concat/vec4; draw_concat_vec4
    %store/vec4 v000001ef488adfa0_0, 0, 4;
T_45.16 ;
    %load/vec4 v000001ef488ae180_0;
    %store/vec4 v000001ef489518c0_0, 0, 32;
    %pushi/vec4 0, 0, 2;
    %store/vec4 v000001ef48a08760_0, 0, 2;
    %jmp T_45.12;
T_45.8 ;
    %load/vec4 v000001ef48a09ca0_0;
    %store/vec4 v000001ef48a09160_0, 0, 32;
    %load/vec4 v000001ef48a08580_0;
    %store/vec4 v000001ef48a08440_0, 0, 32;
    %load/vec4 v000001ef4894eee0_0;
    %parti/s 1, 30, 6;
    %load/vec4 v000001ef48911640_0;
    %concat/vec4; draw_concat_vec4
    %store/vec4 v000001ef488adfa0_0, 0, 4;
    %load/vec4 v000001ef488ae180_0;
    %store/vec4 v000001ef489518c0_0, 0, 32;
    %pushi/vec4 0, 0, 2;
    %store/vec4 v000001ef48a08760_0, 0, 2;
    %jmp T_45.12;
T_45.9 ;
    %pushi/vec4 3, 0, 2;
    %store/vec4 v000001ef48a08760_0, 0, 2;
    %jmp T_45.12;
T_45.10 ;
    %load/vec4 v000001ef48911640_0;
    %cmpi/e 0, 0, 3;
    %jmp/0xz  T_45.17, 4;
    %pushi/vec4 3, 0, 2;
    %store/vec4 v000001ef48a08760_0, 0, 2;
    %load/vec4 v000001ef4894eee0_0;
    %parti/s 12, 20, 6;
    %cmpi/e 0, 0, 12;
    %jmp/0xz  T_45.19, 4;
    %pushi/vec4 1, 0, 1;
    %store/vec4 v000001ef488d86d0_0, 0, 1;
    %jmp T_45.20;
T_45.19 ;
    %load/vec4 v000001ef4894eee0_0;
    %parti/s 12, 20, 6;
    %cmpi/e 1, 0, 12;
    %jmp/0xz  T_45.21, 4;
    %pushi/vec4 1, 0, 1;
    %store/vec4 v000001ef488d9710_0, 0, 1;
    %jmp T_45.22;
T_45.21 ;
    %load/vec4 v000001ef4894eee0_0;
    %parti/s 12, 20, 6;
    %cmpi/e 770, 0, 12;
    %jmp/0xz  T_45.23, 4;
    %pushi/vec4 1, 0, 1;
    %store/vec4 v000001ef48a08bc0_0, 0, 1;
T_45.23 ;
T_45.22 ;
T_45.20 ;
    %jmp T_45.18;
T_45.17 ;
    %pushi/vec4 1, 0, 2;
    %store/vec4 v000001ef48a08760_0, 0, 2;
    %load/vec4 v000001ef4892cc80_0;
    %store/vec4 v000001ef4894f2a0_0, 0, 12;
    %callf/vec4 TD_CPU_tb.dut.cpu.GetCSR, S_000001ef48747740;
    %store/vec4 v000001ef4892d180_0, 0, 32;
    %load/vec4 v000001ef4892d220_0;
    %flag_set/vec4 8;
    %jmp/0xz  T_45.25, 8;
    %load/vec4 v000001ef4892e6c0_0;
    %store/vec4 v000001ef4892d180_0, 0, 32;
T_45.25 ;
    %load/vec4 v000001ef4892d180_0;
    %store/vec4 v000001ef489518c0_0, 0, 32;
    %load/vec4 v000001ef48911640_0;
    %cmpi/e 1, 0, 3;
    %jmp/0xz  T_45.27, 4;
    %load/vec4 v000001ef48a09ca0_0;
    %store/vec4 v000001ef489516e0_0, 0, 32;
    %jmp T_45.28;
T_45.27 ;
    %load/vec4 v000001ef48911640_0;
    %cmpi/e 2, 0, 3;
    %jmp/0xz  T_45.29, 4;
    %load/vec4 v000001ef4892d180_0;
    %load/vec4 v000001ef48a09ca0_0;
    %or;
    %store/vec4 v000001ef489516e0_0, 0, 32;
    %jmp T_45.30;
T_45.29 ;
    %load/vec4 v000001ef48911640_0;
    %cmpi/e 3, 0, 3;
    %jmp/0xz  T_45.31, 4;
    %load/vec4 v000001ef4892d180_0;
    %load/vec4 v000001ef48a09ca0_0;
    %inv;
    %and;
    %store/vec4 v000001ef489516e0_0, 0, 32;
    %jmp T_45.32;
T_45.31 ;
    %load/vec4 v000001ef48911640_0;
    %cmpi/e 5, 0, 3;
    %jmp/0xz  T_45.33, 4;
    %load/vec4 v000001ef48a09f20_0;
    %store/vec4 v000001ef489516e0_0, 0, 32;
    %jmp T_45.34;
T_45.33 ;
    %load/vec4 v000001ef48911640_0;
    %cmpi/e 6, 0, 3;
    %jmp/0xz  T_45.35, 4;
    %load/vec4 v000001ef4892d180_0;
    %load/vec4 v000001ef48a09f20_0;
    %or;
    %store/vec4 v000001ef489516e0_0, 0, 32;
    %jmp T_45.36;
T_45.35 ;
    %load/vec4 v000001ef48911640_0;
    %cmpi/e 7, 0, 3;
    %jmp/0xz  T_45.37, 4;
    %load/vec4 v000001ef4892d180_0;
    %load/vec4 v000001ef48a09f20_0;
    %inv;
    %and;
    %store/vec4 v000001ef489516e0_0, 0, 32;
    %jmp T_45.38;
T_45.37 ;
    %load/vec4 v000001ef4892d180_0;
    %store/vec4 v000001ef489516e0_0, 0, 32;
T_45.38 ;
T_45.36 ;
T_45.34 ;
T_45.32 ;
T_45.30 ;
T_45.28 ;
T_45.18 ;
    %jmp T_45.12;
T_45.12 ;
    %pop/vec4 1;
    %load/vec4 v000001ef48a09480_0;
    %flag_set/vec4 8;
    %flag_get/vec4 8;
    %jmp/0 T_45.39, 8;
    %load/vec4 v000001ef48a08260_0;
    %flag_set/vec4 8;
    %jmp/1 T_45.42, 8;
    %load/vec4 v000001ef488d86d0_0;
    %flag_set/vec4 9;
    %flag_or 8, 9;
T_45.42;
    %jmp/1 T_45.41, 8;
    %load/vec4 v000001ef488d9710_0;
    %flag_set/vec4 9;
    %flag_or 8, 9;
T_45.41;
    %flag_get/vec4 8;
    %jmp/1 T_45.40, 8;
    %load/vec4 v000001ef48911500_0;
    %or;
T_45.40;
    %and;
T_45.39;
    %store/vec4 v000001ef48a09d40_0, 0, 1;
    %load/vec4 v000001ef48a09480_0;
    %flag_set/vec4 8;
    %flag_get/vec4 8;
    %jmp/0 T_45.43, 8;
    %load/vec4 v000001ef48a08bc0_0;
    %and;
T_45.43;
    %store/vec4 v000001ef48a09fc0_0, 0, 1;
    %load/vec4 v000001ef48a09d40_0;
    %flag_set/vec4 8;
    %jmp/0xz  T_45.44, 8;
    %load/vec4 v000001ef48a08ee0_0;
    %parti/s 30, 2, 3;
    %concati/vec4 0, 0, 2;
    %store/vec4 v000001ef48a083a0_0, 0, 32;
    %pushi/vec4 3, 0, 2;
    %store/vec4 v000001ef48a08760_0, 0, 2;
    %pushi/vec4 7, 0, 3;
    %store/vec4 v000001ef489515a0_0, 0, 3;
    %pushi/vec4 7, 0, 3;
    %store/vec4 v000001ef48951500_0, 0, 3;
    %jmp T_45.45;
T_45.44 ;
    %load/vec4 v000001ef48a09fc0_0;
    %flag_set/vec4 8;
    %jmp/0xz  T_45.46, 8;
    %load/vec4 v000001ef48a0a2e0_0;
    %store/vec4 v000001ef48a083a0_0, 0, 32;
    %pushi/vec4 3, 0, 2;
    %store/vec4 v000001ef48a08760_0, 0, 2;
T_45.46 ;
T_45.45 ;
    %jmp T_45;
    .thread T_45, $push;
    .scope S_000001ef48731ab0;
T_46 ;
    %wait E_000001ef48988650;
    %load/vec4 v000001ef48a0a420_0;
    %flag_set/vec4 8;
    %jmp/0xz  T_46.0, 8;
    %pushi/vec4 0, 0, 32;
    %assign/vec4 v000001ef48952040_0, 0;
    %pushi/vec4 0, 0, 32;
    %assign/vec4 v000001ef48951a00_0, 0;
    %pushi/vec4 0, 0, 1;
    %assign/vec4 v000001ef488d9210_0, 0;
    %pushi/vec4 0, 0, 64;
    %assign/vec4 v000001ef488d84f0_0, 0;
    %pushi/vec4 0, 0, 64;
    %assign/vec4 v000001ef48a08a80_0, 0;
    %pushi/vec4 0, 0, 32;
    %assign/vec4 v000001ef48a08e40_0, 0;
    %pushi/vec4 0, 0, 5;
    %assign/vec4 v000001ef48a093e0_0, 0;
    %pushi/vec4 0, 0, 12;
    %assign/vec4 v000001ef48a092a0_0, 0;
    %pushi/vec4 0, 0, 32;
    %assign/vec4 v000001ef48a09340_0, 0;
    %pushi/vec4 3, 0, 2;
    %assign/vec4 v000001ef48a089e0_0, 0;
    %jmp T_46.1;
T_46.0 ;
    %load/vec4 v000001ef48a083a0_0;
    %assign/vec4 v000001ef48952040_0, 0;
    %load/vec4 v000001ef48952040_0;
    %assign/vec4 v000001ef48951a00_0, 0;
    %load/vec4 v000001ef488d81d0_0;
    %assign/vec4 v000001ef488d9210_0, 0;
    %load/vec4 v000001ef488d84f0_0;
    %addi 1, 0, 64;
    %assign/vec4 v000001ef488d84f0_0, 0;
    %load/vec4 v000001ef48a09480_0;
    %flag_set/vec4 9;
    %flag_get/vec4 9;
    %jmp/0 T_46.4, 9;
    %load/vec4 v000001ef48a09d40_0;
    %nor/r;
    %and;
T_46.4;
    %flag_set/vec4 8;
    %jmp/0xz  T_46.2, 8;
    %load/vec4 v000001ef48a08a80_0;
    %addi 1, 0, 64;
    %assign/vec4 v000001ef48a08a80_0, 0;
T_46.2 ;
    %load/vec4 v000001ef489518c0_0;
    %assign/vec4 v000001ef48a08e40_0, 0;
    %load/vec4 v000001ef48a09200_0;
    %assign/vec4 v000001ef48a093e0_0, 0;
    %load/vec4 v000001ef4892cc80_0;
    %assign/vec4 v000001ef48a092a0_0, 0;
    %load/vec4 v000001ef489516e0_0;
    %assign/vec4 v000001ef48a09340_0, 0;
    %load/vec4 v000001ef48a08760_0;
    %assign/vec4 v000001ef48a089e0_0, 0;
T_46.1 ;
    %jmp T_46;
    .thread T_46;
    .scope S_000001ef48731ab0;
T_47 ;
    %wait E_000001ef48988b90;
    %pushi/vec4 0, 0, 5;
    %store/vec4 v000001ef48951dc0_0, 0, 5;
    %pushi/vec4 0, 0, 32;
    %store/vec4 v000001ef489529a0_0, 0, 32;
    %pushi/vec4 0, 0, 1;
    %store/vec4 v000001ef48951820_0, 0, 1;
    %load/vec4 v000001ef48a089e0_0;
    %cmpi/e 0, 0, 2;
    %jmp/0xz  T_47.0, 4;
    %load/vec4 v000001ef48a093e0_0;
    %store/vec4 v000001ef48951dc0_0, 0, 5;
    %load/vec4 v000001ef48a08e40_0;
    %store/vec4 v000001ef489529a0_0, 0, 32;
    %pushi/vec4 1, 0, 1;
    %store/vec4 v000001ef48951820_0, 0, 1;
    %jmp T_47.1;
T_47.0 ;
    %load/vec4 v000001ef48a089e0_0;
    %cmpi/e 1, 0, 2;
    %jmp/0xz  T_47.2, 4;
    %load/vec4 v000001ef48a093e0_0;
    %store/vec4 v000001ef48951dc0_0, 0, 5;
    %load/vec4 v000001ef48a08e40_0;
    %store/vec4 v000001ef489529a0_0, 0, 32;
    %pushi/vec4 1, 0, 1;
    %store/vec4 v000001ef48951820_0, 0, 1;
    %jmp T_47.3;
T_47.2 ;
    %load/vec4 v000001ef48a089e0_0;
    %cmpi/e 2, 0, 2;
    %jmp/0xz  T_47.4, 4;
    %load/vec4 v000001ef48a093e0_0;
    %store/vec4 v000001ef48951dc0_0, 0, 5;
    %load/vec4 v000001ef48952220_0;
    %store/vec4 v000001ef489529a0_0, 0, 32;
    %pushi/vec4 1, 0, 1;
    %store/vec4 v000001ef48951820_0, 0, 1;
    %jmp T_47.5;
T_47.4 ;
    %pushi/vec4 0, 0, 1;
    %store/vec4 v000001ef48951820_0, 0, 1;
T_47.5 ;
T_47.3 ;
T_47.1 ;
    %jmp T_47;
    .thread T_47, $push;
    .scope S_000001ef48731ab0;
T_48 ;
    %wait E_000001ef48988650;
    %load/vec4 v000001ef48a0a420_0;
    %flag_set/vec4 8;
    %jmp/0xz  T_48.0, 8;
    %pushi/vec4 0, 0, 32;
    %assign/vec4 v000001ef48a08d00_0, 0;
    %pushi/vec4 0, 0, 32;
    %assign/vec4 v000001ef48a090c0_0, 0;
    %pushi/vec4 0, 0, 32;
    %assign/vec4 v000001ef48a0a560_0, 0;
    %pushi/vec4 0, 0, 32;
    %assign/vec4 v000001ef48a08ee0_0, 0;
    %pushi/vec4 0, 0, 32;
    %assign/vec4 v000001ef48a09b60_0, 0;
    %pushi/vec4 0, 0, 32;
    %assign/vec4 v000001ef48a0a240_0, 0;
    %pushi/vec4 0, 0, 32;
    %assign/vec4 v000001ef48a0a380_0, 0;
    %pushi/vec4 0, 0, 32;
    %assign/vec4 v000001ef48a09a20_0, 0;
    %jmp T_48.1;
T_48.0 ;
    %load/vec4 v000001ef48a089e0_0;
    %cmpi/e 1, 0, 2;
    %jmp/0xz  T_48.2, 4;
    %load/vec4 v000001ef48a092a0_0;
    %store/vec4 v000001ef4894f5c0_0, 0, 12;
    %load/vec4 v000001ef48a09340_0;
    %store/vec4 v000001ef4894f660_0, 0, 32;
    %fork TD_CPU_tb.dut.cpu.SetCSR, S_000001ef487478d0;
    %join;
T_48.2 ;
    %load/vec4 v000001ef48a09d40_0;
    %flag_set/vec4 8;
    %jmp/0xz  T_48.4, 8;
    %load/vec4 v000001ef48951a00_0;
    %assign/vec4 v000001ef48a09b60_0, 0;
    %load/vec4 v000001ef48a09de0_0;
    %assign/vec4 v000001ef48a0a240_0, 0;
    %load/vec4 v000001ef48a09e80_0;
    %assign/vec4 v000001ef48a0a380_0, 0;
    %load/vec4 v000001ef48a08d00_0;
    %parti/s 1, 3, 3;
    %ix/load 4, 7, 0;
    %ix/load 5, 0, 0;
    %flag_set/imm 4, 0;
    %assign/vec4/off/d v000001ef48a08d00_0, 4, 5;
    %pushi/vec4 0, 0, 1;
    %ix/load 4, 3, 0;
    %ix/load 5, 0, 0;
    %flag_set/imm 4, 0;
    %assign/vec4/off/d v000001ef48a08d00_0, 4, 5;
    %pushi/vec4 3, 0, 2;
    %ix/load 4, 11, 0;
    %ix/load 5, 0, 0;
    %flag_set/imm 4, 0;
    %assign/vec4/off/d v000001ef48a08d00_0, 4, 5;
    %jmp T_48.5;
T_48.4 ;
    %load/vec4 v000001ef48a09fc0_0;
    %flag_set/vec4 8;
    %jmp/0xz  T_48.6, 8;
    %load/vec4 v000001ef48a08d00_0;
    %parti/s 1, 7, 4;
    %ix/load 4, 3, 0;
    %ix/load 5, 0, 0;
    %flag_set/imm 4, 0;
    %assign/vec4/off/d v000001ef48a08d00_0, 4, 5;
    %pushi/vec4 1, 0, 1;
    %ix/load 4, 7, 0;
    %ix/load 5, 0, 0;
    %flag_set/imm 4, 0;
    %assign/vec4/off/d v000001ef48a08d00_0, 4, 5;
    %pushi/vec4 3, 0, 2;
    %ix/load 4, 11, 0;
    %ix/load 5, 0, 0;
    %flag_set/imm 4, 0;
    %assign/vec4/off/d v000001ef48a08d00_0, 4, 5;
T_48.6 ;
T_48.5 ;
T_48.1 ;
    %jmp T_48;
    .thread T_48;
    .scope S_000001ef48731920;
T_49 ;
    %wait E_000001ef48988810;
    %load/vec4 v000001ef4894fa20_0;
    %cmpi/e 0, 0, 3;
    %jmp/0xz  T_49.0, 4;
    %load/vec4 v000001ef48950560_0;
    %parti/s 8, 0, 2;
    %load/vec4 v000001ef48950060_0;
    %pad/u 18;
    %ix/vec4 3;
    %ix/load 4, 0, 0; Constant delay
    %assign/vec4/a/d v000001ef4894f980, 0, 4;
    %jmp T_49.1;
T_49.0 ;
    %load/vec4 v000001ef4894fa20_0;
    %cmpi/e 1, 0, 3;
    %jmp/0xz  T_49.2, 4;
    %load/vec4 v000001ef48950560_0;
    %parti/s 8, 0, 2;
    %load/vec4 v000001ef48950060_0;
    %pad/u 18;
    %ix/vec4 3;
    %ix/load 4, 0, 0; Constant delay
    %assign/vec4/a/d v000001ef4894f980, 0, 4;
    %load/vec4 v000001ef48950560_0;
    %parti/s 8, 8, 5;
    %load/vec4 v000001ef48950060_0;
    %pad/u 32;
    %addi 1, 0, 32;
    %ix/vec4 3;
    %ix/load 4, 0, 0; Constant delay
    %assign/vec4/a/d v000001ef4894f980, 0, 4;
    %jmp T_49.3;
T_49.2 ;
    %load/vec4 v000001ef4894fa20_0;
    %cmpi/e 2, 0, 3;
    %jmp/0xz  T_49.4, 4;
    %load/vec4 v000001ef48950560_0;
    %parti/s 8, 0, 2;
    %load/vec4 v000001ef48950060_0;
    %pad/u 18;
    %ix/vec4 3;
    %ix/load 4, 0, 0; Constant delay
    %assign/vec4/a/d v000001ef4894f980, 0, 4;
    %load/vec4 v000001ef48950560_0;
    %parti/s 8, 8, 5;
    %load/vec4 v000001ef48950060_0;
    %pad/u 32;
    %addi 1, 0, 32;
    %ix/vec4 3;
    %ix/load 4, 0, 0; Constant delay
    %assign/vec4/a/d v000001ef4894f980, 0, 4;
    %load/vec4 v000001ef48950560_0;
    %parti/s 8, 16, 6;
    %load/vec4 v000001ef48950060_0;
    %pad/u 32;
    %addi 2, 0, 32;
    %ix/vec4 3;
    %ix/load 4, 0, 0; Constant delay
    %assign/vec4/a/d v000001ef4894f980, 0, 4;
    %load/vec4 v000001ef48950560_0;
    %parti/s 8, 24, 6;
    %load/vec4 v000001ef48950060_0;
    %pad/u 32;
    %addi 3, 0, 32;
    %ix/vec4 3;
    %ix/load 4, 0, 0; Constant delay
    %assign/vec4/a/d v000001ef4894f980, 0, 4;
T_49.4 ;
T_49.3 ;
T_49.1 ;
    %jmp T_49;
    .thread T_49;
    .scope S_000001ef48731920;
T_50 ;
    %wait E_000001ef48988810;
    %load/vec4 v000001ef48950380_0;
    %cmpi/e 0, 0, 3;
    %jmp/0xz  T_50.0, 4;
    %load/vec4 v000001ef4894f520_0;
    %pad/u 18;
    %ix/vec4 4;
    %load/vec4a v000001ef4894f980, 4;
    %parti/s 1, 7, 4;
    %replicate 24;
    %load/vec4 v000001ef4894f520_0;
    %pad/u 18;
    %ix/vec4 4;
    %load/vec4a v000001ef4894f980, 4;
    %concat/vec4; draw_concat_vec4
    %assign/vec4 v000001ef48951280_0, 0;
    %jmp T_50.1;
T_50.0 ;
    %load/vec4 v000001ef48950380_0;
    %cmpi/e 1, 0, 3;
    %jmp/0xz  T_50.2, 4;
    %load/vec4 v000001ef4894f520_0;
    %pad/u 32;
    %addi 1, 0, 32;
    %ix/vec4 4;
    %load/vec4a v000001ef4894f980, 4;
    %parti/s 1, 7, 4;
    %replicate 16;
    %load/vec4 v000001ef4894f520_0;
    %pad/u 32;
    %addi 1, 0, 32;
    %ix/vec4 4;
    %load/vec4a v000001ef4894f980, 4;
    %concat/vec4; draw_concat_vec4
    %load/vec4 v000001ef4894f520_0;
    %pad/u 18;
    %ix/vec4 4;
    %load/vec4a v000001ef4894f980, 4;
    %concat/vec4; draw_concat_vec4
    %assign/vec4 v000001ef48951280_0, 0;
    %jmp T_50.3;
T_50.2 ;
    %load/vec4 v000001ef48950380_0;
    %cmpi/e 2, 0, 3;
    %jmp/0xz  T_50.4, 4;
    %load/vec4 v000001ef4894f520_0;
    %pad/u 32;
    %addi 3, 0, 32;
    %ix/vec4 4;
    %load/vec4a v000001ef4894f980, 4;
    %load/vec4 v000001ef4894f520_0;
    %pad/u 32;
    %addi 2, 0, 32;
    %ix/vec4 4;
    %load/vec4a v000001ef4894f980, 4;
    %concat/vec4; draw_concat_vec4
    %load/vec4 v000001ef4894f520_0;
    %pad/u 32;
    %addi 1, 0, 32;
    %ix/vec4 4;
    %load/vec4a v000001ef4894f980, 4;
    %concat/vec4; draw_concat_vec4
    %load/vec4 v000001ef4894f520_0;
    %pad/u 18;
    %ix/vec4 4;
    %load/vec4a v000001ef4894f980, 4;
    %concat/vec4; draw_concat_vec4
    %assign/vec4 v000001ef48951280_0, 0;
    %jmp T_50.5;
T_50.4 ;
    %load/vec4 v000001ef48950380_0;
    %cmpi/e 4, 0, 3;
    %jmp/0xz  T_50.6, 4;
    %pushi/vec4 0, 0, 24;
    %load/vec4 v000001ef4894f520_0;
    %pad/u 18;
    %ix/vec4 4;
    %load/vec4a v000001ef4894f980, 4;
    %concat/vec4; draw_concat_vec4
    %assign/vec4 v000001ef48951280_0, 0;
    %jmp T_50.7;
T_50.6 ;
    %load/vec4 v000001ef48950380_0;
    %cmpi/e 5, 0, 3;
    %jmp/0xz  T_50.8, 4;
    %pushi/vec4 0, 0, 16;
    %load/vec4 v000001ef4894f520_0;
    %pad/u 32;
    %addi 1, 0, 32;
    %ix/vec4 4;
    %load/vec4a v000001ef4894f980, 4;
    %concat/vec4; draw_concat_vec4
    %load/vec4 v000001ef4894f520_0;
    %pad/u 18;
    %ix/vec4 4;
    %load/vec4a v000001ef4894f980, 4;
    %concat/vec4; draw_concat_vec4
    %assign/vec4 v000001ef48951280_0, 0;
    %jmp T_50.9;
T_50.8 ;
    %pushi/vec4 0, 0, 32;
    %assign/vec4 v000001ef48951280_0, 0;
T_50.9 ;
T_50.7 ;
T_50.5 ;
T_50.3 ;
T_50.1 ;
    %load/vec4 v000001ef48950a60_0;
    %pad/u 32;
    %addi 3, 0, 32;
    %ix/vec4 4;
    %load/vec4a v000001ef48950ec0, 4;
    %load/vec4 v000001ef48950a60_0;
    %pad/u 32;
    %addi 2, 0, 32;
    %ix/vec4 4;
    %load/vec4a v000001ef48950ec0, 4;
    %concat/vec4; draw_concat_vec4
    %load/vec4 v000001ef48950a60_0;
    %pad/u 32;
    %addi 1, 0, 32;
    %ix/vec4 4;
    %load/vec4a v000001ef48950ec0, 4;
    %concat/vec4; draw_concat_vec4
    %load/vec4 v000001ef48950a60_0;
    %pad/u 18;
    %ix/vec4 4;
    %load/vec4a v000001ef48950ec0, 4;
    %concat/vec4; draw_concat_vec4
    %assign/vec4 v000001ef4894ffc0_0, 0;
    %jmp T_50;
    .thread T_50;
    .scope S_000001ef48a26440;
T_51 ;
    %wait E_000001ef48988650;
    %load/vec4 v000001ef48a24a20_0;
    %flag_set/vec4 8;
    %jmp/0xz  T_51.0, 8;
    %pushi/vec4 0, 0, 3;
    %assign/vec4 v000001ef48a2cdb0_0, 0;
    %pushi/vec4 0, 0, 3;
    %assign/vec4 v000001ef48a2ca90_0, 0;
    %pushi/vec4 0, 0, 4;
    %assign/vec4 v000001ef48a2c4f0_0, 0;
    %pushi/vec4 0, 0, 3;
    %assign/vec4 v000001ef48a2d5d0_0, 0;
    %pushi/vec4 0, 0, 3;
    %assign/vec4 v000001ef48a2c6d0_0, 0;
    %pushi/vec4 0, 0, 4;
    %assign/vec4 v000001ef48a2d530_0, 0;
    %pushi/vec4 0, 0, 2;
    %assign/vec4 v000001ef48a2cc70_0, 0;
    %pushi/vec4 0, 0, 16;
    %assign/vec4 v000001ef48a2bd70_0, 0;
    %pushi/vec4 0, 0, 3;
    %assign/vec4 v000001ef48a2d490_0, 0;
    %pushi/vec4 0, 0, 8;
    %assign/vec4 v000001ef48a2c1d0_0, 0;
    %pushi/vec4 1, 0, 1;
    %assign/vec4 v000001ef48a2c950_0, 0;
    %pushi/vec4 0, 0, 2;
    %assign/vec4 v000001ef48a2d3f0_0, 0;
    %pushi/vec4 0, 0, 16;
    %assign/vec4 v000001ef48a24b60_0, 0;
    %pushi/vec4 0, 0, 3;
    %assign/vec4 v000001ef48a24c00_0, 0;
    %pushi/vec4 0, 0, 8;
    %assign/vec4 v000001ef48a2d350_0, 0;
    %pushi/vec4 1, 0, 1;
    %assign/vec4 v000001ef48a2de90_0, 0;
    %pushi/vec4 1, 0, 1;
    %assign/vec4 v000001ef48a2c090_0, 0;
    %jmp T_51.1;
T_51.0 ;
    %load/vec4 v000001ef48a24ac0_0;
    %assign/vec4 v000001ef48a2de90_0, 0;
    %load/vec4 v000001ef48a2de90_0;
    %assign/vec4 v000001ef48a2c090_0, 0;
    %load/vec4 v000001ef48a2df30_0;
    %flag_set/vec4 9;
    %flag_get/vec4 9;
    %jmp/0 T_51.4, 9;
    %load/vec4 v000001ef48a2d670_0;
    %nor/r;
    %and;
T_51.4;
    %flag_set/vec4 8;
    %jmp/0xz  T_51.2, 8;
    %load/vec4 v000001ef48a2be10_0;
    %load/vec4 v000001ef48a2cdb0_0;
    %pad/u 5;
    %ix/vec4 3;
    %ix/load 4, 0, 0; Constant delay
    %assign/vec4/a/d v000001ef48a2dcb0, 0, 4;
    %load/vec4 v000001ef48a2cdb0_0;
    %addi 1, 0, 3;
    %assign/vec4 v000001ef48a2cdb0_0, 0;
T_51.2 ;
    %load/vec4 v000001ef48a2df30_0;
    %flag_set/vec4 10;
    %flag_get/vec4 10;
    %jmp/0 T_51.8, 10;
    %load/vec4 v000001ef48a2d670_0;
    %nor/r;
    %and;
T_51.8;
    %flag_set/vec4 9;
    %flag_get/vec4 9;
    %jmp/0 T_51.7, 9;
    %load/vec4 v000001ef48a2d850_0;
    %nor/r;
    %and;
T_51.7;
    %flag_set/vec4 8;
    %jmp/0xz  T_51.5, 8;
    %load/vec4 v000001ef48a2c4f0_0;
    %addi 1, 0, 4;
    %assign/vec4 v000001ef48a2c4f0_0, 0;
    %jmp T_51.6;
T_51.5 ;
    %load/vec4 v000001ef48a2df30_0;
    %flag_set/vec4 10;
    %flag_get/vec4 10;
    %jmp/0 T_51.12, 10;
    %load/vec4 v000001ef48a2d670_0;
    %nor/r;
    %and;
T_51.12;
    %nor/r;
    %flag_set/vec4 9;
    %flag_get/vec4 9;
    %jmp/0 T_51.11, 9;
    %load/vec4 v000001ef48a2d850_0;
    %and;
T_51.11;
    %flag_set/vec4 8;
    %jmp/0xz  T_51.9, 8;
    %load/vec4 v000001ef48a2c4f0_0;
    %subi 1, 0, 4;
    %assign/vec4 v000001ef48a2c4f0_0, 0;
T_51.9 ;
T_51.6 ;
    %load/vec4 v000001ef48a2cc70_0;
    %dup/vec4;
    %pushi/vec4 0, 0, 2;
    %cmp/u;
    %jmp/1 T_51.13, 6;
    %dup/vec4;
    %pushi/vec4 1, 0, 2;
    %cmp/u;
    %jmp/1 T_51.14, 6;
    %dup/vec4;
    %pushi/vec4 2, 0, 2;
    %cmp/u;
    %jmp/1 T_51.15, 6;
    %dup/vec4;
    %pushi/vec4 3, 0, 2;
    %cmp/u;
    %jmp/1 T_51.16, 6;
    %jmp T_51.17;
T_51.13 ;
    %pushi/vec4 1, 0, 1;
    %assign/vec4 v000001ef48a2c950_0, 0;
    %pushi/vec4 0, 0, 16;
    %assign/vec4 v000001ef48a2bd70_0, 0;
    %pushi/vec4 0, 0, 3;
    %assign/vec4 v000001ef48a2d490_0, 0;
    %load/vec4 v000001ef48a2bcd0_0;
    %nor/r;
    %flag_set/vec4 8;
    %jmp/0xz  T_51.18, 8;
    %load/vec4 v000001ef48a2ca90_0;
    %pad/u 5;
    %ix/vec4 4;
    %load/vec4a v000001ef48a2dcb0, 4;
    %assign/vec4 v000001ef48a2c1d0_0, 0;
    %load/vec4 v000001ef48a2ca90_0;
    %addi 1, 0, 3;
    %assign/vec4 v000001ef48a2ca90_0, 0;
    %pushi/vec4 1, 0, 2;
    %assign/vec4 v000001ef48a2cc70_0, 0;
T_51.18 ;
    %jmp T_51.17;
T_51.14 ;
    %pushi/vec4 0, 0, 1;
    %assign/vec4 v000001ef48a2c950_0, 0;
    %load/vec4 v000001ef48a2bd70_0;
    %pad/u 32;
    %cmpi/e 15, 0, 32;
    %jmp/0xz  T_51.20, 4;
    %pushi/vec4 0, 0, 16;
    %assign/vec4 v000001ef48a2bd70_0, 0;
    %pushi/vec4 2, 0, 2;
    %assign/vec4 v000001ef48a2cc70_0, 0;
    %jmp T_51.21;
T_51.20 ;
    %load/vec4 v000001ef48a2bd70_0;
    %addi 1, 0, 16;
    %assign/vec4 v000001ef48a2bd70_0, 0;
T_51.21 ;
    %jmp T_51.17;
T_51.15 ;
    %load/vec4 v000001ef48a2c1d0_0;
    %load/vec4 v000001ef48a2d490_0;
    %part/u 1;
    %assign/vec4 v000001ef48a2c950_0, 0;
    %load/vec4 v000001ef48a2bd70_0;
    %pad/u 32;
    %cmpi/e 15, 0, 32;
    %jmp/0xz  T_51.22, 4;
    %pushi/vec4 0, 0, 16;
    %assign/vec4 v000001ef48a2bd70_0, 0;
    %load/vec4 v000001ef48a2d490_0;
    %cmpi/e 7, 0, 3;
    %jmp/0xz  T_51.24, 4;
    %pushi/vec4 3, 0, 2;
    %assign/vec4 v000001ef48a2cc70_0, 0;
    %jmp T_51.25;
T_51.24 ;
    %load/vec4 v000001ef48a2d490_0;
    %addi 1, 0, 3;
    %assign/vec4 v000001ef48a2d490_0, 0;
T_51.25 ;
    %jmp T_51.23;
T_51.22 ;
    %load/vec4 v000001ef48a2bd70_0;
    %addi 1, 0, 16;
    %assign/vec4 v000001ef48a2bd70_0, 0;
T_51.23 ;
    %jmp T_51.17;
T_51.16 ;
    %pushi/vec4 1, 0, 1;
    %assign/vec4 v000001ef48a2c950_0, 0;
    %load/vec4 v000001ef48a2bd70_0;
    %pad/u 32;
    %cmpi/e 15, 0, 32;
    %jmp/0xz  T_51.26, 4;
    %pushi/vec4 0, 0, 16;
    %assign/vec4 v000001ef48a2bd70_0, 0;
    %pushi/vec4 0, 0, 2;
    %assign/vec4 v000001ef48a2cc70_0, 0;
    %jmp T_51.27;
T_51.26 ;
    %load/vec4 v000001ef48a2bd70_0;
    %addi 1, 0, 16;
    %assign/vec4 v000001ef48a2bd70_0, 0;
T_51.27 ;
    %jmp T_51.17;
T_51.17 ;
    %pop/vec4 1;
    %load/vec4 v000001ef48a2d3f0_0;
    %dup/vec4;
    %pushi/vec4 0, 0, 2;
    %cmp/u;
    %jmp/1 T_51.28, 6;
    %dup/vec4;
    %pushi/vec4 1, 0, 2;
    %cmp/u;
    %jmp/1 T_51.29, 6;
    %dup/vec4;
    %pushi/vec4 2, 0, 2;
    %cmp/u;
    %jmp/1 T_51.30, 6;
    %dup/vec4;
    %pushi/vec4 3, 0, 2;
    %cmp/u;
    %jmp/1 T_51.31, 6;
    %jmp T_51.32;
T_51.28 ;
    %pushi/vec4 0, 0, 16;
    %assign/vec4 v000001ef48a24b60_0, 0;
    %pushi/vec4 0, 0, 3;
    %assign/vec4 v000001ef48a24c00_0, 0;
    %load/vec4 v000001ef48a2c090_0;
    %cmpi/e 0, 0, 1;
    %jmp/0xz  T_51.33, 4;
    %pushi/vec4 1, 0, 2;
    %assign/vec4 v000001ef48a2d3f0_0, 0;
T_51.33 ;
    %jmp T_51.32;
T_51.29 ;
    %load/vec4 v000001ef48a24b60_0;
    %pad/u 32;
    %cmpi/e 7, 0, 32;
    %jmp/0xz  T_51.35, 4;
    %pushi/vec4 0, 0, 16;
    %assign/vec4 v000001ef48a24b60_0, 0;
    %load/vec4 v000001ef48a2c090_0;
    %cmpi/e 0, 0, 1;
    %jmp/0xz  T_51.37, 4;
    %pushi/vec4 2, 0, 2;
    %assign/vec4 v000001ef48a2d3f0_0, 0;
    %jmp T_51.38;
T_51.37 ;
    %pushi/vec4 0, 0, 2;
    %assign/vec4 v000001ef48a2d3f0_0, 0;
T_51.38 ;
    %jmp T_51.36;
T_51.35 ;
    %load/vec4 v000001ef48a24b60_0;
    %addi 1, 0, 16;
    %assign/vec4 v000001ef48a24b60_0, 0;
T_51.36 ;
    %jmp T_51.32;
T_51.30 ;
    %load/vec4 v000001ef48a24b60_0;
    %pad/u 32;
    %cmpi/e 15, 0, 32;
    %jmp/0xz  T_51.39, 4;
    %pushi/vec4 0, 0, 16;
    %assign/vec4 v000001ef48a24b60_0, 0;
    %load/vec4 v000001ef48a2c090_0;
    %ix/load 5, 0, 0;
    %ix/getv 4, v000001ef48a24c00_0;
    %assign/vec4/off/d v000001ef48a2d350_0, 4, 5;
    %load/vec4 v000001ef48a24c00_0;
    %cmpi/e 7, 0, 3;
    %jmp/0xz  T_51.41, 4;
    %pushi/vec4 3, 0, 2;
    %assign/vec4 v000001ef48a2d3f0_0, 0;
    %jmp T_51.42;
T_51.41 ;
    %load/vec4 v000001ef48a24c00_0;
    %addi 1, 0, 3;
    %assign/vec4 v000001ef48a24c00_0, 0;
T_51.42 ;
    %jmp T_51.40;
T_51.39 ;
    %load/vec4 v000001ef48a24b60_0;
    %addi 1, 0, 16;
    %assign/vec4 v000001ef48a24b60_0, 0;
T_51.40 ;
    %jmp T_51.32;
T_51.31 ;
    %load/vec4 v000001ef48a24b60_0;
    %pad/u 32;
    %cmpi/e 15, 0, 32;
    %jmp/0xz  T_51.43, 4;
    %pushi/vec4 0, 0, 16;
    %assign/vec4 v000001ef48a24b60_0, 0;
    %pushi/vec4 0, 0, 2;
    %assign/vec4 v000001ef48a2d3f0_0, 0;
    %jmp T_51.44;
T_51.43 ;
    %load/vec4 v000001ef48a24b60_0;
    %addi 1, 0, 16;
    %assign/vec4 v000001ef48a24b60_0, 0;
T_51.44 ;
    %jmp T_51.32;
T_51.32 ;
    %pop/vec4 1;
    %load/vec4 v000001ef48a2c270_0;
    %flag_set/vec4 8;
    %jmp/0xz  T_51.45, 8;
    %load/vec4 v000001ef48a2d350_0;
    %load/vec4 v000001ef48a2d5d0_0;
    %pad/u 5;
    %ix/vec4 3;
    %ix/load 4, 0, 0; Constant delay
    %assign/vec4/a/d v000001ef48a2c810, 0, 4;
    %load/vec4 v000001ef48a2d5d0_0;
    %addi 1, 0, 3;
    %assign/vec4 v000001ef48a2d5d0_0, 0;
T_51.45 ;
    %load/vec4 v000001ef48a2c270_0;
    %flag_set/vec4 9;
    %flag_get/vec4 9;
    %jmp/0 T_51.49, 9;
    %load/vec4 v000001ef48a24980_0;
    %flag_set/vec4 9;
    %flag_get/vec4 9;
    %jmp/0 T_51.50, 9;
    %load/vec4 v000001ef48a2c590_0;
    %nor/r;
    %and;
T_51.50;
    %nor/r;
    %and;
T_51.49;
    %flag_set/vec4 8;
    %jmp/0xz  T_51.47, 8;
    %load/vec4 v000001ef48a2d530_0;
    %addi 1, 0, 4;
    %assign/vec4 v000001ef48a2d530_0, 0;
    %jmp T_51.48;
T_51.47 ;
    %load/vec4 v000001ef48a2c270_0;
    %nor/r;
    %flag_set/vec4 9;
    %flag_get/vec4 9;
    %jmp/0 T_51.53, 9;
    %load/vec4 v000001ef48a24980_0;
    %flag_set/vec4 9;
    %flag_get/vec4 9;
    %jmp/0 T_51.54, 9;
    %load/vec4 v000001ef48a2c590_0;
    %nor/r;
    %and;
T_51.54;
    %and;
T_51.53;
    %flag_set/vec4 8;
    %jmp/0xz  T_51.51, 8;
    %load/vec4 v000001ef48a2d530_0;
    %subi 1, 0, 4;
    %assign/vec4 v000001ef48a2d530_0, 0;
T_51.51 ;
T_51.48 ;
    %load/vec4 v000001ef48a24980_0;
    %flag_set/vec4 9;
    %flag_get/vec4 9;
    %jmp/0 T_51.57, 9;
    %load/vec4 v000001ef48a2c590_0;
    %nor/r;
    %and;
T_51.57;
    %flag_set/vec4 8;
    %jmp/0xz  T_51.55, 8;
    %load/vec4 v000001ef48a2c6d0_0;
    %addi 1, 0, 3;
    %assign/vec4 v000001ef48a2c6d0_0, 0;
T_51.55 ;
T_51.1 ;
    %jmp T_51;
    .thread T_51;
    .scope S_000001ef48a265d0;
T_52 ;
    %wait E_000001ef48988650;
    %load/vec4 v000001ef48a2e070_0;
    %flag_set/vec4 8;
    %jmp/0xz  T_52.0, 8;
    %pushi/vec4 0, 0, 3;
    %assign/vec4 v000001ef48a2fc90_0, 0;
    %pushi/vec4 0, 0, 3;
    %assign/vec4 v000001ef48a2ed90_0, 0;
    %pushi/vec4 0, 0, 4;
    %assign/vec4 v000001ef48a305f0_0, 0;
    %pushi/vec4 0, 0, 3;
    %assign/vec4 v000001ef48a2e390_0, 0;
    %pushi/vec4 0, 0, 3;
    %assign/vec4 v000001ef48a2f330_0, 0;
    %pushi/vec4 0, 0, 4;
    %assign/vec4 v000001ef48a2c130_0, 0;
    %pushi/vec4 0, 0, 2;
    %assign/vec4 v000001ef48a2f3d0_0, 0;
    %pushi/vec4 0, 0, 16;
    %assign/vec4 v000001ef48a2eb10_0, 0;
    %pushi/vec4 0, 0, 3;
    %assign/vec4 v000001ef48a2e430_0, 0;
    %pushi/vec4 0, 0, 8;
    %assign/vec4 v000001ef48a2fdd0_0, 0;
    %pushi/vec4 1, 0, 1;
    %assign/vec4 v000001ef48a2fbf0_0, 0;
    %pushi/vec4 0, 0, 2;
    %assign/vec4 v000001ef48a2e2f0_0, 0;
    %pushi/vec4 0, 0, 16;
    %assign/vec4 v000001ef48a2d2b0_0, 0;
    %pushi/vec4 0, 0, 3;
    %assign/vec4 v000001ef48a2dfd0_0, 0;
    %pushi/vec4 0, 0, 8;
    %assign/vec4 v000001ef48a2e4d0_0, 0;
    %pushi/vec4 1, 0, 1;
    %assign/vec4 v000001ef48a2f8d0_0, 0;
    %pushi/vec4 1, 0, 1;
    %assign/vec4 v000001ef48a2ecf0_0, 0;
    %jmp T_52.1;
T_52.0 ;
    %load/vec4 v000001ef48a2d030_0;
    %assign/vec4 v000001ef48a2f8d0_0, 0;
    %load/vec4 v000001ef48a2f8d0_0;
    %assign/vec4 v000001ef48a2ecf0_0, 0;
    %load/vec4 v000001ef48a302d0_0;
    %flag_set/vec4 9;
    %flag_get/vec4 9;
    %jmp/0 T_52.4, 9;
    %load/vec4 v000001ef48a2ebb0_0;
    %nor/r;
    %and;
T_52.4;
    %flag_set/vec4 8;
    %jmp/0xz  T_52.2, 8;
    %load/vec4 v000001ef48a2ffb0_0;
    %load/vec4 v000001ef48a2fc90_0;
    %pad/u 5;
    %ix/vec4 3;
    %ix/load 4, 0, 0; Constant delay
    %assign/vec4/a/d v000001ef48a2fd30, 0, 4;
    %load/vec4 v000001ef48a2fc90_0;
    %addi 1, 0, 3;
    %assign/vec4 v000001ef48a2fc90_0, 0;
T_52.2 ;
    %load/vec4 v000001ef48a302d0_0;
    %flag_set/vec4 10;
    %flag_get/vec4 10;
    %jmp/0 T_52.8, 10;
    %load/vec4 v000001ef48a2ebb0_0;
    %nor/r;
    %and;
T_52.8;
    %flag_set/vec4 9;
    %flag_get/vec4 9;
    %jmp/0 T_52.7, 9;
    %load/vec4 v000001ef48a2f0b0_0;
    %nor/r;
    %and;
T_52.7;
    %flag_set/vec4 8;
    %jmp/0xz  T_52.5, 8;
    %load/vec4 v000001ef48a305f0_0;
    %addi 1, 0, 4;
    %assign/vec4 v000001ef48a305f0_0, 0;
    %jmp T_52.6;
T_52.5 ;
    %load/vec4 v000001ef48a302d0_0;
    %flag_set/vec4 10;
    %flag_get/vec4 10;
    %jmp/0 T_52.12, 10;
    %load/vec4 v000001ef48a2ebb0_0;
    %nor/r;
    %and;
T_52.12;
    %nor/r;
    %flag_set/vec4 9;
    %flag_get/vec4 9;
    %jmp/0 T_52.11, 9;
    %load/vec4 v000001ef48a2f0b0_0;
    %and;
T_52.11;
    %flag_set/vec4 8;
    %jmp/0xz  T_52.9, 8;
    %load/vec4 v000001ef48a305f0_0;
    %subi 1, 0, 4;
    %assign/vec4 v000001ef48a305f0_0, 0;
T_52.9 ;
T_52.6 ;
    %load/vec4 v000001ef48a2f3d0_0;
    %dup/vec4;
    %pushi/vec4 0, 0, 2;
    %cmp/u;
    %jmp/1 T_52.13, 6;
    %dup/vec4;
    %pushi/vec4 1, 0, 2;
    %cmp/u;
    %jmp/1 T_52.14, 6;
    %dup/vec4;
    %pushi/vec4 2, 0, 2;
    %cmp/u;
    %jmp/1 T_52.15, 6;
    %dup/vec4;
    %pushi/vec4 3, 0, 2;
    %cmp/u;
    %jmp/1 T_52.16, 6;
    %jmp T_52.17;
T_52.13 ;
    %pushi/vec4 1, 0, 1;
    %assign/vec4 v000001ef48a2fbf0_0, 0;
    %pushi/vec4 0, 0, 16;
    %assign/vec4 v000001ef48a2eb10_0, 0;
    %pushi/vec4 0, 0, 3;
    %assign/vec4 v000001ef48a2e430_0, 0;
    %load/vec4 v000001ef48a2fab0_0;
    %nor/r;
    %flag_set/vec4 8;
    %jmp/0xz  T_52.18, 8;
    %load/vec4 v000001ef48a2ed90_0;
    %pad/u 5;
    %ix/vec4 4;
    %load/vec4a v000001ef48a2fd30, 4;
    %assign/vec4 v000001ef48a2fdd0_0, 0;
    %load/vec4 v000001ef48a2ed90_0;
    %addi 1, 0, 3;
    %assign/vec4 v000001ef48a2ed90_0, 0;
    %pushi/vec4 1, 0, 2;
    %assign/vec4 v000001ef48a2f3d0_0, 0;
T_52.18 ;
    %jmp T_52.17;
T_52.14 ;
    %pushi/vec4 0, 0, 1;
    %assign/vec4 v000001ef48a2fbf0_0, 0;
    %load/vec4 v000001ef48a2eb10_0;
    %pad/u 32;
    %cmpi/e 15, 0, 32;
    %jmp/0xz  T_52.20, 4;
    %pushi/vec4 0, 0, 16;
    %assign/vec4 v000001ef48a2eb10_0, 0;
    %pushi/vec4 2, 0, 2;
    %assign/vec4 v000001ef48a2f3d0_0, 0;
    %jmp T_52.21;
T_52.20 ;
    %load/vec4 v000001ef48a2eb10_0;
    %addi 1, 0, 16;
    %assign/vec4 v000001ef48a2eb10_0, 0;
T_52.21 ;
    %jmp T_52.17;
T_52.15 ;
    %load/vec4 v000001ef48a2fdd0_0;
    %load/vec4 v000001ef48a2e430_0;
    %part/u 1;
    %assign/vec4 v000001ef48a2fbf0_0, 0;
    %load/vec4 v000001ef48a2eb10_0;
    %pad/u 32;
    %cmpi/e 15, 0, 32;
    %jmp/0xz  T_52.22, 4;
    %pushi/vec4 0, 0, 16;
    %assign/vec4 v000001ef48a2eb10_0, 0;
    %load/vec4 v000001ef48a2e430_0;
    %cmpi/e 7, 0, 3;
    %jmp/0xz  T_52.24, 4;
    %pushi/vec4 3, 0, 2;
    %assign/vec4 v000001ef48a2f3d0_0, 0;
    %jmp T_52.25;
T_52.24 ;
    %load/vec4 v000001ef48a2e430_0;
    %addi 1, 0, 3;
    %assign/vec4 v000001ef48a2e430_0, 0;
T_52.25 ;
    %jmp T_52.23;
T_52.22 ;
    %load/vec4 v000001ef48a2eb10_0;
    %addi 1, 0, 16;
    %assign/vec4 v000001ef48a2eb10_0, 0;
T_52.23 ;
    %jmp T_52.17;
T_52.16 ;
    %pushi/vec4 1, 0, 1;
    %assign/vec4 v000001ef48a2fbf0_0, 0;
    %load/vec4 v000001ef48a2eb10_0;
    %pad/u 32;
    %cmpi/e 15, 0, 32;
    %jmp/0xz  T_52.26, 4;
    %pushi/vec4 0, 0, 16;
    %assign/vec4 v000001ef48a2eb10_0, 0;
    %pushi/vec4 0, 0, 2;
    %assign/vec4 v000001ef48a2f3d0_0, 0;
    %jmp T_52.27;
T_52.26 ;
    %load/vec4 v000001ef48a2eb10_0;
    %addi 1, 0, 16;
    %assign/vec4 v000001ef48a2eb10_0, 0;
T_52.27 ;
    %jmp T_52.17;
T_52.17 ;
    %pop/vec4 1;
    %load/vec4 v000001ef48a2e2f0_0;
    %dup/vec4;
    %pushi/vec4 0, 0, 2;
    %cmp/u;
    %jmp/1 T_52.28, 6;
    %dup/vec4;
    %pushi/vec4 1, 0, 2;
    %cmp/u;
    %jmp/1 T_52.29, 6;
    %dup/vec4;
    %pushi/vec4 2, 0, 2;
    %cmp/u;
    %jmp/1 T_52.30, 6;
    %dup/vec4;
    %pushi/vec4 3, 0, 2;
    %cmp/u;
    %jmp/1 T_52.31, 6;
    %jmp T_52.32;
T_52.28 ;
    %pushi/vec4 0, 0, 16;
    %assign/vec4 v000001ef48a2d2b0_0, 0;
    %pushi/vec4 0, 0, 3;
    %assign/vec4 v000001ef48a2dfd0_0, 0;
    %load/vec4 v000001ef48a2ecf0_0;
    %cmpi/e 0, 0, 1;
    %jmp/0xz  T_52.33, 4;
    %pushi/vec4 1, 0, 2;
    %assign/vec4 v000001ef48a2e2f0_0, 0;
T_52.33 ;
    %jmp T_52.32;
T_52.29 ;
    %load/vec4 v000001ef48a2d2b0_0;
    %pad/u 32;
    %cmpi/e 7, 0, 32;
    %jmp/0xz  T_52.35, 4;
    %pushi/vec4 0, 0, 16;
    %assign/vec4 v000001ef48a2d2b0_0, 0;
    %load/vec4 v000001ef48a2ecf0_0;
    %cmpi/e 0, 0, 1;
    %jmp/0xz  T_52.37, 4;
    %pushi/vec4 2, 0, 2;
    %assign/vec4 v000001ef48a2e2f0_0, 0;
    %jmp T_52.38;
T_52.37 ;
    %pushi/vec4 0, 0, 2;
    %assign/vec4 v000001ef48a2e2f0_0, 0;
T_52.38 ;
    %jmp T_52.36;
T_52.35 ;
    %load/vec4 v000001ef48a2d2b0_0;
    %addi 1, 0, 16;
    %assign/vec4 v000001ef48a2d2b0_0, 0;
T_52.36 ;
    %jmp T_52.32;
T_52.30 ;
    %load/vec4 v000001ef48a2d2b0_0;
    %pad/u 32;
    %cmpi/e 15, 0, 32;
    %jmp/0xz  T_52.39, 4;
    %pushi/vec4 0, 0, 16;
    %assign/vec4 v000001ef48a2d2b0_0, 0;
    %load/vec4 v000001ef48a2ecf0_0;
    %ix/load 5, 0, 0;
    %ix/getv 4, v000001ef48a2dfd0_0;
    %assign/vec4/off/d v000001ef48a2e4d0_0, 4, 5;
    %load/vec4 v000001ef48a2dfd0_0;
    %cmpi/e 7, 0, 3;
    %jmp/0xz  T_52.41, 4;
    %pushi/vec4 3, 0, 2;
    %assign/vec4 v000001ef48a2e2f0_0, 0;
    %jmp T_52.42;
T_52.41 ;
    %load/vec4 v000001ef48a2dfd0_0;
    %addi 1, 0, 3;
    %assign/vec4 v000001ef48a2dfd0_0, 0;
T_52.42 ;
    %jmp T_52.40;
T_52.39 ;
    %load/vec4 v000001ef48a2d2b0_0;
    %addi 1, 0, 16;
    %assign/vec4 v000001ef48a2d2b0_0, 0;
T_52.40 ;
    %jmp T_52.32;
T_52.31 ;
    %load/vec4 v000001ef48a2d2b0_0;
    %pad/u 32;
    %cmpi/e 15, 0, 32;
    %jmp/0xz  T_52.43, 4;
    %pushi/vec4 0, 0, 16;
    %assign/vec4 v000001ef48a2d2b0_0, 0;
    %pushi/vec4 0, 0, 2;
    %assign/vec4 v000001ef48a2e2f0_0, 0;
    %jmp T_52.44;
T_52.43 ;
    %load/vec4 v000001ef48a2d2b0_0;
    %addi 1, 0, 16;
    %assign/vec4 v000001ef48a2d2b0_0, 0;
T_52.44 ;
    %jmp T_52.32;
T_52.32 ;
    %pop/vec4 1;
    %load/vec4 v000001ef48a2fb50_0;
    %flag_set/vec4 8;
    %jmp/0xz  T_52.45, 8;
    %load/vec4 v000001ef48a2e4d0_0;
    %load/vec4 v000001ef48a2e390_0;
    %pad/u 5;
    %ix/vec4 3;
    %ix/load 4, 0, 0; Constant delay
    %assign/vec4/a/d v000001ef48a2eed0, 0, 4;
    %load/vec4 v000001ef48a2e390_0;
    %addi 1, 0, 3;
    %assign/vec4 v000001ef48a2e390_0, 0;
T_52.45 ;
    %load/vec4 v000001ef48a2fb50_0;
    %flag_set/vec4 9;
    %flag_get/vec4 9;
    %jmp/0 T_52.49, 9;
    %load/vec4 v000001ef48a2ddf0_0;
    %flag_set/vec4 9;
    %flag_get/vec4 9;
    %jmp/0 T_52.50, 9;
    %load/vec4 v000001ef48a30410_0;
    %nor/r;
    %and;
T_52.50;
    %nor/r;
    %and;
T_52.49;
    %flag_set/vec4 8;
    %jmp/0xz  T_52.47, 8;
    %load/vec4 v000001ef48a2c130_0;
    %addi 1, 0, 4;
    %assign/vec4 v000001ef48a2c130_0, 0;
    %jmp T_52.48;
T_52.47 ;
    %load/vec4 v000001ef48a2fb50_0;
    %nor/r;
    %flag_set/vec4 9;
    %flag_get/vec4 9;
    %jmp/0 T_52.53, 9;
    %load/vec4 v000001ef48a2ddf0_0;
    %flag_set/vec4 9;
    %flag_get/vec4 9;
    %jmp/0 T_52.54, 9;
    %load/vec4 v000001ef48a30410_0;
    %nor/r;
    %and;
T_52.54;
    %and;
T_52.53;
    %flag_set/vec4 8;
    %jmp/0xz  T_52.51, 8;
    %load/vec4 v000001ef48a2c130_0;
    %subi 1, 0, 4;
    %assign/vec4 v000001ef48a2c130_0, 0;
T_52.51 ;
T_52.48 ;
    %load/vec4 v000001ef48a2ddf0_0;
    %flag_set/vec4 9;
    %flag_get/vec4 9;
    %jmp/0 T_52.57, 9;
    %load/vec4 v000001ef48a30410_0;
    %nor/r;
    %and;
T_52.57;
    %flag_set/vec4 8;
    %jmp/0xz  T_52.55, 8;
    %load/vec4 v000001ef48a2f330_0;
    %addi 1, 0, 3;
    %assign/vec4 v000001ef48a2f330_0, 0;
T_52.55 ;
T_52.1 ;
    %jmp T_52;
    .thread T_52;
    .scope S_000001ef48a26760;
T_53 ;
    %wait E_000001ef48988650;
    %load/vec4 v000001ef48a30550_0;
    %flag_set/vec4 8;
    %jmp/0xz  T_53.0, 8;
    %pushi/vec4 0, 0, 3;
    %assign/vec4 v000001ef48a2a0b0_0, 0;
    %pushi/vec4 0, 0, 3;
    %assign/vec4 v000001ef48a2b2d0_0, 0;
    %pushi/vec4 0, 0, 4;
    %assign/vec4 v000001ef48a29390_0, 0;
    %pushi/vec4 0, 0, 3;
    %assign/vec4 v000001ef48a30cd0_0, 0;
    %pushi/vec4 0, 0, 3;
    %assign/vec4 v000001ef48a30a50_0, 0;
    %pushi/vec4 0, 0, 4;
    %assign/vec4 v000001ef48a2e1b0_0, 0;
    %pushi/vec4 0, 0, 2;
    %assign/vec4 v000001ef48a294d0_0, 0;
    %pushi/vec4 0, 0, 16;
    %assign/vec4 v000001ef48a2a150_0, 0;
    %pushi/vec4 0, 0, 3;
    %assign/vec4 v000001ef48a2b5f0_0, 0;
    %pushi/vec4 0, 0, 8;
    %assign/vec4 v000001ef48a2a010_0, 0;
    %pushi/vec4 1, 0, 1;
    %assign/vec4 v000001ef48a2af10_0, 0;
    %pushi/vec4 0, 0, 2;
    %assign/vec4 v000001ef48a30f50_0, 0;
    %pushi/vec4 0, 0, 16;
    %assign/vec4 v000001ef48a2f970_0, 0;
    %pushi/vec4 0, 0, 3;
    %assign/vec4 v000001ef48a2fa10_0, 0;
    %pushi/vec4 0, 0, 8;
    %assign/vec4 v000001ef48a30d70_0, 0;
    %pushi/vec4 1, 0, 1;
    %assign/vec4 v000001ef48a30eb0_0, 0;
    %pushi/vec4 1, 0, 1;
    %assign/vec4 v000001ef48a31090_0, 0;
    %jmp T_53.1;
T_53.0 ;
    %load/vec4 v000001ef48a30910_0;
    %assign/vec4 v000001ef48a30eb0_0, 0;
    %load/vec4 v000001ef48a30eb0_0;
    %assign/vec4 v000001ef48a31090_0, 0;
    %load/vec4 v000001ef48a2a8d0_0;
    %flag_set/vec4 9;
    %flag_get/vec4 9;
    %jmp/0 T_53.4, 9;
    %load/vec4 v000001ef48a2aa10_0;
    %nor/r;
    %and;
T_53.4;
    %flag_set/vec4 8;
    %jmp/0xz  T_53.2, 8;
    %load/vec4 v000001ef48a2a330_0;
    %load/vec4 v000001ef48a2a0b0_0;
    %pad/u 5;
    %ix/vec4 3;
    %ix/load 4, 0, 0; Constant delay
    %assign/vec4/a/d v000001ef48a2a1f0, 0, 4;
    %load/vec4 v000001ef48a2a0b0_0;
    %addi 1, 0, 3;
    %assign/vec4 v000001ef48a2a0b0_0, 0;
T_53.2 ;
    %load/vec4 v000001ef48a2a8d0_0;
    %flag_set/vec4 10;
    %flag_get/vec4 10;
    %jmp/0 T_53.8, 10;
    %load/vec4 v000001ef48a2aa10_0;
    %nor/r;
    %and;
T_53.8;
    %flag_set/vec4 9;
    %flag_get/vec4 9;
    %jmp/0 T_53.7, 9;
    %load/vec4 v000001ef48a29570_0;
    %nor/r;
    %and;
T_53.7;
    %flag_set/vec4 8;
    %jmp/0xz  T_53.5, 8;
    %load/vec4 v000001ef48a29390_0;
    %addi 1, 0, 4;
    %assign/vec4 v000001ef48a29390_0, 0;
    %jmp T_53.6;
T_53.5 ;
    %load/vec4 v000001ef48a2a8d0_0;
    %flag_set/vec4 10;
    %flag_get/vec4 10;
    %jmp/0 T_53.12, 10;
    %load/vec4 v000001ef48a2aa10_0;
    %nor/r;
    %and;
T_53.12;
    %nor/r;
    %flag_set/vec4 9;
    %flag_get/vec4 9;
    %jmp/0 T_53.11, 9;
    %load/vec4 v000001ef48a29570_0;
    %and;
T_53.11;
    %flag_set/vec4 8;
    %jmp/0xz  T_53.9, 8;
    %load/vec4 v000001ef48a29390_0;
    %subi 1, 0, 4;
    %assign/vec4 v000001ef48a29390_0, 0;
T_53.9 ;
T_53.6 ;
    %load/vec4 v000001ef48a294d0_0;
    %dup/vec4;
    %pushi/vec4 0, 0, 2;
    %cmp/u;
    %jmp/1 T_53.13, 6;
    %dup/vec4;
    %pushi/vec4 1, 0, 2;
    %cmp/u;
    %jmp/1 T_53.14, 6;
    %dup/vec4;
    %pushi/vec4 2, 0, 2;
    %cmp/u;
    %jmp/1 T_53.15, 6;
    %dup/vec4;
    %pushi/vec4 3, 0, 2;
    %cmp/u;
    %jmp/1 T_53.16, 6;
    %jmp T_53.17;
T_53.13 ;
    %pushi/vec4 1, 0, 1;
    %assign/vec4 v000001ef48a2af10_0, 0;
    %pushi/vec4 0, 0, 16;
    %assign/vec4 v000001ef48a2a150_0, 0;
    %pushi/vec4 0, 0, 3;
    %assign/vec4 v000001ef48a2b5f0_0, 0;
    %load/vec4 v000001ef48a29b10_0;
    %nor/r;
    %flag_set/vec4 8;
    %jmp/0xz  T_53.18, 8;
    %load/vec4 v000001ef48a2b2d0_0;
    %pad/u 5;
    %ix/vec4 4;
    %load/vec4a v000001ef48a2a1f0, 4;
    %assign/vec4 v000001ef48a2a010_0, 0;
    %load/vec4 v000001ef48a2b2d0_0;
    %addi 1, 0, 3;
    %assign/vec4 v000001ef48a2b2d0_0, 0;
    %pushi/vec4 1, 0, 2;
    %assign/vec4 v000001ef48a294d0_0, 0;
T_53.18 ;
    %jmp T_53.17;
T_53.14 ;
    %pushi/vec4 0, 0, 1;
    %assign/vec4 v000001ef48a2af10_0, 0;
    %load/vec4 v000001ef48a2a150_0;
    %pad/u 32;
    %cmpi/e 15, 0, 32;
    %jmp/0xz  T_53.20, 4;
    %pushi/vec4 0, 0, 16;
    %assign/vec4 v000001ef48a2a150_0, 0;
    %pushi/vec4 2, 0, 2;
    %assign/vec4 v000001ef48a294d0_0, 0;
    %jmp T_53.21;
T_53.20 ;
    %load/vec4 v000001ef48a2a150_0;
    %addi 1, 0, 16;
    %assign/vec4 v000001ef48a2a150_0, 0;
T_53.21 ;
    %jmp T_53.17;
T_53.15 ;
    %load/vec4 v000001ef48a2a010_0;
    %load/vec4 v000001ef48a2b5f0_0;
    %part/u 1;
    %assign/vec4 v000001ef48a2af10_0, 0;
    %load/vec4 v000001ef48a2a150_0;
    %pad/u 32;
    %cmpi/e 15, 0, 32;
    %jmp/0xz  T_53.22, 4;
    %pushi/vec4 0, 0, 16;
    %assign/vec4 v000001ef48a2a150_0, 0;
    %load/vec4 v000001ef48a2b5f0_0;
    %cmpi/e 7, 0, 3;
    %jmp/0xz  T_53.24, 4;
    %pushi/vec4 3, 0, 2;
    %assign/vec4 v000001ef48a294d0_0, 0;
    %jmp T_53.25;
T_53.24 ;
    %load/vec4 v000001ef48a2b5f0_0;
    %addi 1, 0, 3;
    %assign/vec4 v000001ef48a2b5f0_0, 0;
T_53.25 ;
    %jmp T_53.23;
T_53.22 ;
    %load/vec4 v000001ef48a2a150_0;
    %addi 1, 0, 16;
    %assign/vec4 v000001ef48a2a150_0, 0;
T_53.23 ;
    %jmp T_53.17;
T_53.16 ;
    %pushi/vec4 1, 0, 1;
    %assign/vec4 v000001ef48a2af10_0, 0;
    %load/vec4 v000001ef48a2a150_0;
    %pad/u 32;
    %cmpi/e 15, 0, 32;
    %jmp/0xz  T_53.26, 4;
    %pushi/vec4 0, 0, 16;
    %assign/vec4 v000001ef48a2a150_0, 0;
    %pushi/vec4 0, 0, 2;
    %assign/vec4 v000001ef48a294d0_0, 0;
    %jmp T_53.27;
T_53.26 ;
    %load/vec4 v000001ef48a2a150_0;
    %addi 1, 0, 16;
    %assign/vec4 v000001ef48a2a150_0, 0;
T_53.27 ;
    %jmp T_53.17;
T_53.17 ;
    %pop/vec4 1;
    %load/vec4 v000001ef48a30f50_0;
    %dup/vec4;
    %pushi/vec4 0, 0, 2;
    %cmp/u;
    %jmp/1 T_53.28, 6;
    %dup/vec4;
    %pushi/vec4 1, 0, 2;
    %cmp/u;
    %jmp/1 T_53.29, 6;
    %dup/vec4;
    %pushi/vec4 2, 0, 2;
    %cmp/u;
    %jmp/1 T_53.30, 6;
    %dup/vec4;
    %pushi/vec4 3, 0, 2;
    %cmp/u;
    %jmp/1 T_53.31, 6;
    %jmp T_53.32;
T_53.28 ;
    %pushi/vec4 0, 0, 16;
    %assign/vec4 v000001ef48a2f970_0, 0;
    %pushi/vec4 0, 0, 3;
    %assign/vec4 v000001ef48a2fa10_0, 0;
    %load/vec4 v000001ef48a31090_0;
    %cmpi/e 0, 0, 1;
    %jmp/0xz  T_53.33, 4;
    %pushi/vec4 1, 0, 2;
    %assign/vec4 v000001ef48a30f50_0, 0;
T_53.33 ;
    %jmp T_53.32;
T_53.29 ;
    %load/vec4 v000001ef48a2f970_0;
    %pad/u 32;
    %cmpi/e 7, 0, 32;
    %jmp/0xz  T_53.35, 4;
    %pushi/vec4 0, 0, 16;
    %assign/vec4 v000001ef48a2f970_0, 0;
    %load/vec4 v000001ef48a31090_0;
    %cmpi/e 0, 0, 1;
    %jmp/0xz  T_53.37, 4;
    %pushi/vec4 2, 0, 2;
    %assign/vec4 v000001ef48a30f50_0, 0;
    %jmp T_53.38;
T_53.37 ;
    %pushi/vec4 0, 0, 2;
    %assign/vec4 v000001ef48a30f50_0, 0;
T_53.38 ;
    %jmp T_53.36;
T_53.35 ;
    %load/vec4 v000001ef48a2f970_0;
    %addi 1, 0, 16;
    %assign/vec4 v000001ef48a2f970_0, 0;
T_53.36 ;
    %jmp T_53.32;
T_53.30 ;
    %load/vec4 v000001ef48a2f970_0;
    %pad/u 32;
    %cmpi/e 15, 0, 32;
    %jmp/0xz  T_53.39, 4;
    %pushi/vec4 0, 0, 16;
    %assign/vec4 v000001ef48a2f970_0, 0;
    %load/vec4 v000001ef48a31090_0;
    %ix/load 5, 0, 0;
    %ix/getv 4, v000001ef48a2fa10_0;
    %assign/vec4/off/d v000001ef48a30d70_0, 4, 5;
    %load/vec4 v000001ef48a2fa10_0;
    %cmpi/e 7, 0, 3;
    %jmp/0xz  T_53.41, 4;
    %pushi/vec4 3, 0, 2;
    %assign/vec4 v000001ef48a30f50_0, 0;
    %jmp T_53.42;
T_53.41 ;
    %load/vec4 v000001ef48a2fa10_0;
    %addi 1, 0, 3;
    %assign/vec4 v000001ef48a2fa10_0, 0;
T_53.42 ;
    %jmp T_53.40;
T_53.39 ;
    %load/vec4 v000001ef48a2f970_0;
    %addi 1, 0, 16;
    %assign/vec4 v000001ef48a2f970_0, 0;
T_53.40 ;
    %jmp T_53.32;
T_53.31 ;
    %load/vec4 v000001ef48a2f970_0;
    %pad/u 32;
    %cmpi/e 15, 0, 32;
    %jmp/0xz  T_53.43, 4;
    %pushi/vec4 0, 0, 16;
    %assign/vec4 v000001ef48a2f970_0, 0;
    %pushi/vec4 0, 0, 2;
    %assign/vec4 v000001ef48a30f50_0, 0;
    %jmp T_53.44;
T_53.43 ;
    %load/vec4 v000001ef48a2f970_0;
    %addi 1, 0, 16;
    %assign/vec4 v000001ef48a2f970_0, 0;
T_53.44 ;
    %jmp T_53.32;
T_53.32 ;
    %pop/vec4 1;
    %load/vec4 v000001ef48a30c30_0;
    %flag_set/vec4 8;
    %jmp/0xz  T_53.45, 8;
    %load/vec4 v000001ef48a30d70_0;
    %load/vec4 v000001ef48a30cd0_0;
    %pad/u 5;
    %ix/vec4 3;
    %ix/load 4, 0, 0; Constant delay
    %assign/vec4/a/d v000001ef48a30ff0, 0, 4;
    %load/vec4 v000001ef48a30cd0_0;
    %addi 1, 0, 3;
    %assign/vec4 v000001ef48a30cd0_0, 0;
T_53.45 ;
    %load/vec4 v000001ef48a30c30_0;
    %flag_set/vec4 9;
    %flag_get/vec4 9;
    %jmp/0 T_53.49, 9;
    %load/vec4 v000001ef48a2f5b0_0;
    %flag_set/vec4 9;
    %flag_get/vec4 9;
    %jmp/0 T_53.50, 9;
    %load/vec4 v000001ef48a2e250_0;
    %nor/r;
    %and;
T_53.50;
    %nor/r;
    %and;
T_53.49;
    %flag_set/vec4 8;
    %jmp/0xz  T_53.47, 8;
    %load/vec4 v000001ef48a2e1b0_0;
    %addi 1, 0, 4;
    %assign/vec4 v000001ef48a2e1b0_0, 0;
    %jmp T_53.48;
T_53.47 ;
    %load/vec4 v000001ef48a30c30_0;
    %nor/r;
    %flag_set/vec4 9;
    %flag_get/vec4 9;
    %jmp/0 T_53.53, 9;
    %load/vec4 v000001ef48a2f5b0_0;
    %flag_set/vec4 9;
    %flag_get/vec4 9;
    %jmp/0 T_53.54, 9;
    %load/vec4 v000001ef48a2e250_0;
    %nor/r;
    %and;
T_53.54;
    %and;
T_53.53;
    %flag_set/vec4 8;
    %jmp/0xz  T_53.51, 8;
    %load/vec4 v000001ef48a2e1b0_0;
    %subi 1, 0, 4;
    %assign/vec4 v000001ef48a2e1b0_0, 0;
T_53.51 ;
T_53.48 ;
    %load/vec4 v000001ef48a2f5b0_0;
    %flag_set/vec4 9;
    %flag_get/vec4 9;
    %jmp/0 T_53.57, 9;
    %load/vec4 v000001ef48a2e250_0;
    %nor/r;
    %and;
T_53.57;
    %flag_set/vec4 8;
    %jmp/0xz  T_53.55, 8;
    %load/vec4 v000001ef48a30a50_0;
    %addi 1, 0, 3;
    %assign/vec4 v000001ef48a30a50_0, 0;
T_53.55 ;
T_53.1 ;
    %jmp T_53;
    .thread T_53;
    .scope S_000001ef48a268f0;
T_54 ;
    %wait E_000001ef48988650;
    %load/vec4 v000001ef48a2a830_0;
    %flag_set/vec4 8;
    %jmp/0xz  T_54.0, 8;
    %pushi/vec4 0, 0, 3;
    %assign/vec4 v000001ef48a37ca0_0, 0;
    %pushi/vec4 0, 0, 3;
    %assign/vec4 v000001ef48a38740_0, 0;
    %pushi/vec4 0, 0, 4;
    %assign/vec4 v000001ef48a36300_0, 0;
    %pushi/vec4 0, 0, 3;
    %assign/vec4 v000001ef48a2b550_0, 0;
    %pushi/vec4 0, 0, 3;
    %assign/vec4 v000001ef48a29bb0_0, 0;
    %pushi/vec4 0, 0, 4;
    %assign/vec4 v000001ef48a2b410_0, 0;
    %pushi/vec4 0, 0, 2;
    %assign/vec4 v000001ef48a36440_0, 0;
    %pushi/vec4 0, 0, 16;
    %assign/vec4 v000001ef48a29c50_0, 0;
    %pushi/vec4 0, 0, 3;
    %assign/vec4 v000001ef48a387e0_0, 0;
    %pushi/vec4 0, 0, 8;
    %assign/vec4 v000001ef48a361c0_0, 0;
    %pushi/vec4 1, 0, 1;
    %assign/vec4 v000001ef48a36a80_0, 0;
    %pushi/vec4 0, 0, 2;
    %assign/vec4 v000001ef48a2b4b0_0, 0;
    %pushi/vec4 0, 0, 16;
    %assign/vec4 v000001ef48a2ae70_0, 0;
    %pushi/vec4 0, 0, 3;
    %assign/vec4 v000001ef48a2b730_0, 0;
    %pushi/vec4 0, 0, 8;
    %assign/vec4 v000001ef48a2b7d0_0, 0;
    %pushi/vec4 1, 0, 1;
    %assign/vec4 v000001ef48a2b190_0, 0;
    %pushi/vec4 1, 0, 1;
    %assign/vec4 v000001ef48a2b230_0, 0;
    %jmp T_54.1;
T_54.0 ;
    %load/vec4 v000001ef48a29610_0;
    %assign/vec4 v000001ef48a2b190_0, 0;
    %load/vec4 v000001ef48a2b190_0;
    %assign/vec4 v000001ef48a2b230_0, 0;
    %load/vec4 v000001ef48a36e40_0;
    %flag_set/vec4 9;
    %flag_get/vec4 9;
    %jmp/0 T_54.4, 9;
    %load/vec4 v000001ef48a37e80_0;
    %nor/r;
    %and;
T_54.4;
    %flag_set/vec4 8;
    %jmp/0xz  T_54.2, 8;
    %load/vec4 v000001ef48a36940_0;
    %load/vec4 v000001ef48a37ca0_0;
    %pad/u 5;
    %ix/vec4 3;
    %ix/load 4, 0, 0; Constant delay
    %assign/vec4/a/d v000001ef48a37b60, 0, 4;
    %load/vec4 v000001ef48a37ca0_0;
    %addi 1, 0, 3;
    %assign/vec4 v000001ef48a37ca0_0, 0;
T_54.2 ;
    %load/vec4 v000001ef48a36e40_0;
    %flag_set/vec4 10;
    %flag_get/vec4 10;
    %jmp/0 T_54.8, 10;
    %load/vec4 v000001ef48a37e80_0;
    %nor/r;
    %and;
T_54.8;
    %flag_set/vec4 9;
    %flag_get/vec4 9;
    %jmp/0 T_54.7, 9;
    %load/vec4 v000001ef48a37660_0;
    %nor/r;
    %and;
T_54.7;
    %flag_set/vec4 8;
    %jmp/0xz  T_54.5, 8;
    %load/vec4 v000001ef48a36300_0;
    %addi 1, 0, 4;
    %assign/vec4 v000001ef48a36300_0, 0;
    %jmp T_54.6;
T_54.5 ;
    %load/vec4 v000001ef48a36e40_0;
    %flag_set/vec4 10;
    %flag_get/vec4 10;
    %jmp/0 T_54.12, 10;
    %load/vec4 v000001ef48a37e80_0;
    %nor/r;
    %and;
T_54.12;
    %nor/r;
    %flag_set/vec4 9;
    %flag_get/vec4 9;
    %jmp/0 T_54.11, 9;
    %load/vec4 v000001ef48a37660_0;
    %and;
T_54.11;
    %flag_set/vec4 8;
    %jmp/0xz  T_54.9, 8;
    %load/vec4 v000001ef48a36300_0;
    %subi 1, 0, 4;
    %assign/vec4 v000001ef48a36300_0, 0;
T_54.9 ;
T_54.6 ;
    %load/vec4 v000001ef48a36440_0;
    %dup/vec4;
    %pushi/vec4 0, 0, 2;
    %cmp/u;
    %jmp/1 T_54.13, 6;
    %dup/vec4;
    %pushi/vec4 1, 0, 2;
    %cmp/u;
    %jmp/1 T_54.14, 6;
    %dup/vec4;
    %pushi/vec4 2, 0, 2;
    %cmp/u;
    %jmp/1 T_54.15, 6;
    %dup/vec4;
    %pushi/vec4 3, 0, 2;
    %cmp/u;
    %jmp/1 T_54.16, 6;
    %jmp T_54.17;
T_54.13 ;
    %pushi/vec4 1, 0, 1;
    %assign/vec4 v000001ef48a36a80_0, 0;
    %pushi/vec4 0, 0, 16;
    %assign/vec4 v000001ef48a29c50_0, 0;
    %pushi/vec4 0, 0, 3;
    %assign/vec4 v000001ef48a387e0_0, 0;
    %load/vec4 v000001ef48a37840_0;
    %nor/r;
    %flag_set/vec4 8;
    %jmp/0xz  T_54.18, 8;
    %load/vec4 v000001ef48a38740_0;
    %pad/u 5;
    %ix/vec4 4;
    %load/vec4a v000001ef48a37b60, 4;
    %assign/vec4 v000001ef48a361c0_0, 0;
    %load/vec4 v000001ef48a38740_0;
    %addi 1, 0, 3;
    %assign/vec4 v000001ef48a38740_0, 0;
    %pushi/vec4 1, 0, 2;
    %assign/vec4 v000001ef48a36440_0, 0;
T_54.18 ;
    %jmp T_54.17;
T_54.14 ;
    %pushi/vec4 0, 0, 1;
    %assign/vec4 v000001ef48a36a80_0, 0;
    %load/vec4 v000001ef48a29c50_0;
    %pad/u 32;
    %cmpi/e 15, 0, 32;
    %jmp/0xz  T_54.20, 4;
    %pushi/vec4 0, 0, 16;
    %assign/vec4 v000001ef48a29c50_0, 0;
    %pushi/vec4 2, 0, 2;
    %assign/vec4 v000001ef48a36440_0, 0;
    %jmp T_54.21;
T_54.20 ;
    %load/vec4 v000001ef48a29c50_0;
    %addi 1, 0, 16;
    %assign/vec4 v000001ef48a29c50_0, 0;
T_54.21 ;
    %jmp T_54.17;
T_54.15 ;
    %load/vec4 v000001ef48a361c0_0;
    %load/vec4 v000001ef48a387e0_0;
    %part/u 1;
    %assign/vec4 v000001ef48a36a80_0, 0;
    %load/vec4 v000001ef48a29c50_0;
    %pad/u 32;
    %cmpi/e 15, 0, 32;
    %jmp/0xz  T_54.22, 4;
    %pushi/vec4 0, 0, 16;
    %assign/vec4 v000001ef48a29c50_0, 0;
    %load/vec4 v000001ef48a387e0_0;
    %cmpi/e 7, 0, 3;
    %jmp/0xz  T_54.24, 4;
    %pushi/vec4 3, 0, 2;
    %assign/vec4 v000001ef48a36440_0, 0;
    %jmp T_54.25;
T_54.24 ;
    %load/vec4 v000001ef48a387e0_0;
    %addi 1, 0, 3;
    %assign/vec4 v000001ef48a387e0_0, 0;
T_54.25 ;
    %jmp T_54.23;
T_54.22 ;
    %load/vec4 v000001ef48a29c50_0;
    %addi 1, 0, 16;
    %assign/vec4 v000001ef48a29c50_0, 0;
T_54.23 ;
    %jmp T_54.17;
T_54.16 ;
    %pushi/vec4 1, 0, 1;
    %assign/vec4 v000001ef48a36a80_0, 0;
    %load/vec4 v000001ef48a29c50_0;
    %pad/u 32;
    %cmpi/e 15, 0, 32;
    %jmp/0xz  T_54.26, 4;
    %pushi/vec4 0, 0, 16;
    %assign/vec4 v000001ef48a29c50_0, 0;
    %pushi/vec4 0, 0, 2;
    %assign/vec4 v000001ef48a36440_0, 0;
    %jmp T_54.27;
T_54.26 ;
    %load/vec4 v000001ef48a29c50_0;
    %addi 1, 0, 16;
    %assign/vec4 v000001ef48a29c50_0, 0;
T_54.27 ;
    %jmp T_54.17;
T_54.17 ;
    %pop/vec4 1;
    %load/vec4 v000001ef48a2b4b0_0;
    %dup/vec4;
    %pushi/vec4 0, 0, 2;
    %cmp/u;
    %jmp/1 T_54.28, 6;
    %dup/vec4;
    %pushi/vec4 1, 0, 2;
    %cmp/u;
    %jmp/1 T_54.29, 6;
    %dup/vec4;
    %pushi/vec4 2, 0, 2;
    %cmp/u;
    %jmp/1 T_54.30, 6;
    %dup/vec4;
    %pushi/vec4 3, 0, 2;
    %cmp/u;
    %jmp/1 T_54.31, 6;
    %jmp T_54.32;
T_54.28 ;
    %pushi/vec4 0, 0, 16;
    %assign/vec4 v000001ef48a2ae70_0, 0;
    %pushi/vec4 0, 0, 3;
    %assign/vec4 v000001ef48a2b730_0, 0;
    %load/vec4 v000001ef48a2b230_0;
    %cmpi/e 0, 0, 1;
    %jmp/0xz  T_54.33, 4;
    %pushi/vec4 1, 0, 2;
    %assign/vec4 v000001ef48a2b4b0_0, 0;
T_54.33 ;
    %jmp T_54.32;
T_54.29 ;
    %load/vec4 v000001ef48a2ae70_0;
    %pad/u 32;
    %cmpi/e 7, 0, 32;
    %jmp/0xz  T_54.35, 4;
    %pushi/vec4 0, 0, 16;
    %assign/vec4 v000001ef48a2ae70_0, 0;
    %load/vec4 v000001ef48a2b230_0;
    %cmpi/e 0, 0, 1;
    %jmp/0xz  T_54.37, 4;
    %pushi/vec4 2, 0, 2;
    %assign/vec4 v000001ef48a2b4b0_0, 0;
    %jmp T_54.38;
T_54.37 ;
    %pushi/vec4 0, 0, 2;
    %assign/vec4 v000001ef48a2b4b0_0, 0;
T_54.38 ;
    %jmp T_54.36;
T_54.35 ;
    %load/vec4 v000001ef48a2ae70_0;
    %addi 1, 0, 16;
    %assign/vec4 v000001ef48a2ae70_0, 0;
T_54.36 ;
    %jmp T_54.32;
T_54.30 ;
    %load/vec4 v000001ef48a2ae70_0;
    %pad/u 32;
    %cmpi/e 15, 0, 32;
    %jmp/0xz  T_54.39, 4;
    %pushi/vec4 0, 0, 16;
    %assign/vec4 v000001ef48a2ae70_0, 0;
    %load/vec4 v000001ef48a2b230_0;
    %ix/load 5, 0, 0;
    %ix/getv 4, v000001ef48a2b730_0;
    %assign/vec4/off/d v000001ef48a2b7d0_0, 4, 5;
    %load/vec4 v000001ef48a2b730_0;
    %cmpi/e 7, 0, 3;
    %jmp/0xz  T_54.41, 4;
    %pushi/vec4 3, 0, 2;
    %assign/vec4 v000001ef48a2b4b0_0, 0;
    %jmp T_54.42;
T_54.41 ;
    %load/vec4 v000001ef48a2b730_0;
    %addi 1, 0, 3;
    %assign/vec4 v000001ef48a2b730_0, 0;
T_54.42 ;
    %jmp T_54.40;
T_54.39 ;
    %load/vec4 v000001ef48a2ae70_0;
    %addi 1, 0, 16;
    %assign/vec4 v000001ef48a2ae70_0, 0;
T_54.40 ;
    %jmp T_54.32;
T_54.31 ;
    %load/vec4 v000001ef48a2ae70_0;
    %pad/u 32;
    %cmpi/e 15, 0, 32;
    %jmp/0xz  T_54.43, 4;
    %pushi/vec4 0, 0, 16;
    %assign/vec4 v000001ef48a2ae70_0, 0;
    %pushi/vec4 0, 0, 2;
    %assign/vec4 v000001ef48a2b4b0_0, 0;
    %jmp T_54.44;
T_54.43 ;
    %load/vec4 v000001ef48a2ae70_0;
    %addi 1, 0, 16;
    %assign/vec4 v000001ef48a2ae70_0, 0;
T_54.44 ;
    %jmp T_54.32;
T_54.32 ;
    %pop/vec4 1;
    %load/vec4 v000001ef48a2b0f0_0;
    %flag_set/vec4 8;
    %jmp/0xz  T_54.45, 8;
    %load/vec4 v000001ef48a2b7d0_0;
    %load/vec4 v000001ef48a2b550_0;
    %pad/u 5;
    %ix/vec4 3;
    %ix/load 4, 0, 0; Constant delay
    %assign/vec4/a/d v000001ef48a2b910, 0, 4;
    %load/vec4 v000001ef48a2b550_0;
    %addi 1, 0, 3;
    %assign/vec4 v000001ef48a2b550_0, 0;
T_54.45 ;
    %load/vec4 v000001ef48a2b0f0_0;
    %flag_set/vec4 9;
    %flag_get/vec4 9;
    %jmp/0 T_54.49, 9;
    %load/vec4 v000001ef48a29250_0;
    %flag_set/vec4 9;
    %flag_get/vec4 9;
    %jmp/0 T_54.50, 9;
    %load/vec4 v000001ef48a2afb0_0;
    %nor/r;
    %and;
T_54.50;
    %nor/r;
    %and;
T_54.49;
    %flag_set/vec4 8;
    %jmp/0xz  T_54.47, 8;
    %load/vec4 v000001ef48a2b410_0;
    %addi 1, 0, 4;
    %assign/vec4 v000001ef48a2b410_0, 0;
    %jmp T_54.48;
T_54.47 ;
    %load/vec4 v000001ef48a2b0f0_0;
    %nor/r;
    %flag_set/vec4 9;
    %flag_get/vec4 9;
    %jmp/0 T_54.53, 9;
    %load/vec4 v000001ef48a29250_0;
    %flag_set/vec4 9;
    %flag_get/vec4 9;
    %jmp/0 T_54.54, 9;
    %load/vec4 v000001ef48a2afb0_0;
    %nor/r;
    %and;
T_54.54;
    %and;
T_54.53;
    %flag_set/vec4 8;
    %jmp/0xz  T_54.51, 8;
    %load/vec4 v000001ef48a2b410_0;
    %subi 1, 0, 4;
    %assign/vec4 v000001ef48a2b410_0, 0;
T_54.51 ;
T_54.48 ;
    %load/vec4 v000001ef48a29250_0;
    %flag_set/vec4 9;
    %flag_get/vec4 9;
    %jmp/0 T_54.57, 9;
    %load/vec4 v000001ef48a2afb0_0;
    %nor/r;
    %and;
T_54.57;
    %flag_set/vec4 8;
    %jmp/0xz  T_54.55, 8;
    %load/vec4 v000001ef48a29bb0_0;
    %addi 1, 0, 3;
    %assign/vec4 v000001ef48a29bb0_0, 0;
T_54.55 ;
T_54.1 ;
    %jmp T_54;
    .thread T_54;
    .scope S_000001ef48992f20;
T_55 ;
    %wait E_000001ef48988650;
    %load/vec4 v000001ef48a38b00_0;
    %flag_set/vec4 8;
    %jmp/0xz  T_55.0, 8;
    %pushi/vec4 0, 0, 64;
    %assign/vec4 v000001ef48a39000_0, 0;
    %pushi/vec4 4294967295, 0, 32;
    %concati/vec4 4294967295, 0, 32;
    %assign/vec4 v000001ef48a38ba0_0, 0;
    %pushi/vec4 0, 0, 1;
    %assign/vec4 v000001ef48a38a60_0, 0;
    %jmp T_55.1;
T_55.0 ;
    %load/vec4 v000001ef48a39000_0;
    %addi 1, 0, 64;
    %assign/vec4 v000001ef48a39000_0, 0;
    %load/vec4 v000001ef48a36d00_0;
    %flag_set/vec4 8;
    %jmp/0xz  T_55.2, 8;
    %load/vec4 v000001ef48a36bc0_0;
    %dup/vec4;
    %pushi/vec4 49, 0, 6;
    %cmp/u;
    %jmp/1 T_55.4, 6;
    %dup/vec4;
    %pushi/vec4 50, 0, 6;
    %cmp/u;
    %jmp/1 T_55.5, 6;
    %dup/vec4;
    %pushi/vec4 51, 0, 6;
    %cmp/u;
    %jmp/1 T_55.6, 6;
    %dup/vec4;
    %pushi/vec4 52, 0, 6;
    %cmp/u;
    %jmp/1 T_55.7, 6;
    %dup/vec4;
    %pushi/vec4 48, 0, 6;
    %cmp/u;
    %jmp/1 T_55.8, 6;
    %jmp T_55.10;
T_55.4 ;
    %load/vec4 v000001ef48a382e0_0;
    %ix/load 4, 0, 0;
    %ix/load 5, 0, 0;
    %flag_set/imm 4, 0;
    %assign/vec4/off/d v000001ef48a38ba0_0, 4, 5;
    %jmp T_55.10;
T_55.5 ;
    %load/vec4 v000001ef48a382e0_0;
    %ix/load 4, 32, 0;
    %ix/load 5, 0, 0;
    %flag_set/imm 4, 0;
    %assign/vec4/off/d v000001ef48a38ba0_0, 4, 5;
    %jmp T_55.10;
T_55.6 ;
    %load/vec4 v000001ef48a382e0_0;
    %ix/load 4, 0, 0;
    %ix/load 5, 0, 0;
    %flag_set/imm 4, 0;
    %assign/vec4/off/d v000001ef48a39000_0, 4, 5;
    %jmp T_55.10;
T_55.7 ;
    %load/vec4 v000001ef48a382e0_0;
    %ix/load 4, 32, 0;
    %ix/load 5, 0, 0;
    %flag_set/imm 4, 0;
    %assign/vec4/off/d v000001ef48a39000_0, 4, 5;
    %jmp T_55.10;
T_55.8 ;
    %load/vec4 v000001ef48a382e0_0;
    %parti/s 1, 0, 2;
    %assign/vec4 v000001ef48a38a60_0, 0;
    %jmp T_55.10;
T_55.10 ;
    %pop/vec4 1;
T_55.2 ;
T_55.1 ;
    %jmp T_55;
    .thread T_55;
    .scope S_000001ef48992f20;
T_56 ;
    %wait E_000001ef48988e90;
    %load/vec4 v000001ef48a36b20_0;
    %cmpi/u 32, 0, 6;
    %jmp/0xz  T_56.0, 5;
    %pushi/vec4 0, 0, 31;
    %load/vec4 v000001ef48a37200_0;
    %load/vec4 v000001ef48a36b20_0;
    %parti/s 5, 0, 2;
    %part/u 1;
    %concat/vec4; draw_concat_vec4
    %store/vec4 v000001ef48a38920_0, 0, 32;
    %jmp T_56.1;
T_56.0 ;
    %load/vec4 v000001ef48a36b20_0;
    %cmpi/u 39, 0, 6;
    %flag_or 5, 4;
    %jmp/0xz  T_56.2, 5;
    %load/vec4 v000001ef48a36b20_0;
    %parti/s 2, 1, 2;
    %dup/vec4;
    %pushi/vec4 0, 0, 2;
    %cmp/u;
    %jmp/1 T_56.4, 6;
    %dup/vec4;
    %pushi/vec4 1, 0, 2;
    %cmp/u;
    %jmp/1 T_56.5, 6;
    %dup/vec4;
    %pushi/vec4 2, 0, 2;
    %cmp/u;
    %jmp/1 T_56.6, 6;
    %dup/vec4;
    %pushi/vec4 3, 0, 2;
    %cmp/u;
    %jmp/1 T_56.7, 6;
    %jmp T_56.8;
T_56.4 ;
    %load/vec4 v000001ef48a390a0_0;
    %store/vec4 v000001ef48a38920_0, 0, 32;
    %jmp T_56.8;
T_56.5 ;
    %load/vec4 v000001ef48a38d80_0;
    %store/vec4 v000001ef48a38920_0, 0, 32;
    %jmp T_56.8;
T_56.6 ;
    %load/vec4 v000001ef48a38f60_0;
    %store/vec4 v000001ef48a38920_0, 0, 32;
    %jmp T_56.8;
T_56.7 ;
    %load/vec4 v000001ef48a389c0_0;
    %store/vec4 v000001ef48a38920_0, 0, 32;
    %jmp T_56.8;
T_56.8 ;
    %pop/vec4 1;
    %jmp T_56.3;
T_56.2 ;
    %load/vec4 v000001ef48a36b20_0;
    %dup/vec4;
    %pushi/vec4 48, 0, 6;
    %cmp/u;
    %jmp/1 T_56.9, 6;
    %dup/vec4;
    %pushi/vec4 49, 0, 6;
    %cmp/u;
    %jmp/1 T_56.10, 6;
    %dup/vec4;
    %pushi/vec4 50, 0, 6;
    %cmp/u;
    %jmp/1 T_56.11, 6;
    %dup/vec4;
    %pushi/vec4 51, 0, 6;
    %cmp/u;
    %jmp/1 T_56.12, 6;
    %dup/vec4;
    %pushi/vec4 52, 0, 6;
    %cmp/u;
    %jmp/1 T_56.13, 6;
    %pushi/vec4 0, 0, 32;
    %store/vec4 v000001ef48a38920_0, 0, 32;
    %jmp T_56.15;
T_56.9 ;
    %pushi/vec4 0, 0, 31;
    %load/vec4 v000001ef48a38a60_0;
    %concat/vec4; draw_concat_vec4
    %store/vec4 v000001ef48a38920_0, 0, 32;
    %jmp T_56.15;
T_56.10 ;
    %load/vec4 v000001ef48a38ba0_0;
    %parti/s 32, 0, 2;
    %store/vec4 v000001ef48a38920_0, 0, 32;
    %jmp T_56.15;
T_56.11 ;
    %load/vec4 v000001ef48a38ba0_0;
    %parti/s 32, 32, 7;
    %store/vec4 v000001ef48a38920_0, 0, 32;
    %jmp T_56.15;
T_56.12 ;
    %load/vec4 v000001ef48a39000_0;
    %parti/s 32, 0, 2;
    %store/vec4 v000001ef48a38920_0, 0, 32;
    %jmp T_56.15;
T_56.13 ;
    %load/vec4 v000001ef48a39000_0;
    %parti/s 32, 32, 7;
    %store/vec4 v000001ef48a38920_0, 0, 32;
    %jmp T_56.15;
T_56.15 ;
    %pop/vec4 1;
T_56.3 ;
T_56.1 ;
    %jmp T_56;
    .thread T_56, $push;
    .scope S_000001ef48992f20;
T_57 ;
    %wait E_000001ef48988810;
    %load/vec4 v000001ef48a38e20_0;
    %assign/vec4 v000001ef48a38c40_0, 0;
    %load/vec4 v000001ef48a38920_0;
    %assign/vec4 v000001ef48a37ac0_0, 0;
    %jmp T_57;
    .thread T_57;
    .scope S_000001ef489ad190;
T_58 ;
    %pushi/vec4 0, 0, 1;
    %store/vec4 v000001ef48a32340_0, 0, 1;
    %pushi/vec4 1, 0, 1;
    %store/vec4 v000001ef48a31e40_0, 0, 1;
    %pushi/vec4 0, 0, 1;
    %store/vec4 v000001ef48a31a80_0, 0, 1;
    %pushi/vec4 0, 0, 32;
    %store/vec4 v000001ef48a327a0_0, 0, 32;
    %end;
    .thread T_58;
    .scope S_000001ef489ad190;
T_59 ;
    %delay 5000, 0;
    %load/vec4 v000001ef48a32340_0;
    %inv;
    %store/vec4 v000001ef48a32340_0, 0, 1;
    %jmp T_59;
    .thread T_59;
    .scope S_000001ef489ad190;
T_60 ;
    %pushi/vec4 0, 0, 32;
    %store/vec4 v000001ef48a32840_0, 0, 32;
T_60.0 ;
    %load/vec4 v000001ef48a32840_0;
    %cmpi/s 65536, 0, 32;
    %jmp/0xz T_60.1, 5;
    %pushi/vec4 0, 0, 8;
    %ix/getv/s 4, v000001ef48a32840_0;
    %store/vec4a v000001ef4894f980, 4, 0;
    %load/vec4 v000001ef48a32840_0;
    %addi 1, 0, 32;
    %store/vec4 v000001ef48a32840_0, 0, 32;
    %jmp T_60.0;
T_60.1 ;
    %pushi/vec4 0, 0, 32;
    %store/vec4 v000001ef48a32840_0, 0, 32;
T_60.2 ;
    %load/vec4 v000001ef48a32840_0;
    %cmpi/s 286, 0, 32;
    %jmp/0xz T_60.3, 5;
    %pushi/vec4 19, 0, 32;
    %ix/getv/s 4, v000001ef48a32840_0;
    %store/vec4a v000001ef48a31da0, 4, 0;
    %load/vec4 v000001ef48a32840_0;
    %addi 1, 0, 32;
    %store/vec4 v000001ef48a32840_0, 0, 32;
    %jmp T_60.2;
T_60.3 ;
    %pushi/vec4 0, 0, 32;
    %store/vec4 v000001ef48a311c0_0, 0, 32;
    %pushi/vec4 1, 0, 1;
    %ix/load 4, 3, 0;
    %flag_set/imm 4, 0;
    %store/vec4 v000001ef48a311c0_0, 4, 1;
    %pushi/vec4 1, 0, 1;
    %ix/load 4, 7, 0;
    %flag_set/imm 4, 0;
    %store/vec4 v000001ef48a311c0_0, 4, 1;
    %pushi/vec4 19, 0, 32;
    %ix/load 4, 0, 0;
    %flag_set/imm 4, 0;
    %store/vec4a v000001ef48a31da0, 4, 0;
    %pushi/vec4 19, 0, 32;
    %ix/load 4, 1, 0;
    %flag_set/imm 4, 0;
    %store/vec4a v000001ef48a31da0, 4, 0;
    %pushi/vec4 19, 0, 32;
    %ix/load 4, 2, 0;
    %flag_set/imm 4, 0;
    %store/vec4a v000001ef48a31da0, 4, 0;
    %pushi/vec4 19, 0, 32;
    %ix/load 4, 3, 0;
    %flag_set/imm 4, 0;
    %store/vec4a v000001ef48a31da0, 4, 0;
    %pushi/vec4 12583059, 0, 32;
    %ix/load 4, 4, 0;
    %flag_set/imm 4, 0;
    %store/vec4a v000001ef48a31da0, 4, 0;
    %pushi/vec4 5243155, 0, 32;
    %ix/load 4, 5, 0;
    %flag_set/imm 4, 0;
    %store/vec4a v000001ef48a31da0, 4, 0;
    %pushi/vec4 4273996563, 0, 32;
    %ix/load 4, 6, 0;
    %flag_set/imm 4, 0;
    %store/vec4a v000001ef48a31da0, 4, 0;
    %pushi/vec4 268435859, 0, 32;
    %ix/load 4, 7, 0;
    %flag_set/imm 4, 0;
    %store/vec4a v000001ef48a31da0, 4, 0;
    %pushi/vec4 19, 0, 32;
    %ix/load 4, 8, 0;
    %flag_set/imm 4, 0;
    %store/vec4a v000001ef48a31da0, 4, 0;
    %pushi/vec4 19, 0, 32;
    %ix/load 4, 9, 0;
    %flag_set/imm 4, 0;
    %store/vec4a v000001ef48a31da0, 4, 0;
    %pushi/vec4 3179539, 0, 32;
    %ix/load 4, 10, 0;
    %flag_set/imm 4, 0;
    %store/vec4a v000001ef48a31da0, 4, 0;
    %pushi/vec4 205971, 0, 32;
    %ix/load 4, 11, 0;
    %flag_set/imm 4, 0;
    %store/vec4a v000001ef48a31da0, 4, 0;
    %pushi/vec4 104903955, 0, 32;
    %ix/load 4, 12, 0;
    %flag_set/imm 4, 0;
    %store/vec4a v000001ef48a31da0, 4, 0;
    %pushi/vec4 15779219, 0, 32;
    %ix/load 4, 13, 0;
    %flag_set/imm 4, 0;
    %store/vec4a v000001ef48a31da0, 4, 0;
    %pushi/vec4 1107475, 0, 32;
    %ix/load 4, 14, 0;
    %flag_set/imm 4, 0;
    %store/vec4a v000001ef48a31da0, 4, 0;
    %pushi/vec4 6354579, 0, 32;
    %ix/load 4, 15, 0;
    %flag_set/imm 4, 0;
    %store/vec4a v000001ef48a31da0, 4, 0;
    %pushi/vec4 4232979, 0, 32;
    %ix/load 4, 16, 0;
    %flag_set/imm 4, 0;
    %store/vec4a v000001ef48a31da0, 4, 0;
    %pushi/vec4 2152339, 0, 32;
    %ix/load 4, 17, 0;
    %flag_set/imm 4, 0;
    %store/vec4a v000001ef48a31da0, 4, 0;
    %pushi/vec4 1076058131, 0, 32;
    %ix/load 4, 18, 0;
    %flag_set/imm 4, 0;
    %store/vec4a v000001ef48a31da0, 4, 0;
    %pushi/vec4 2132147, 0, 32;
    %ix/load 4, 19, 0;
    %flag_set/imm 4, 0;
    %store/vec4a v000001ef48a31da0, 4, 0;
    %pushi/vec4 1075874099, 0, 32;
    %ix/load 4, 20, 0;
    %flag_set/imm 4, 0;
    %store/vec4a v000001ef48a31da0, 4, 0;
    %pushi/vec4 2136499, 0, 32;
    %ix/load 4, 21, 0;
    %flag_set/imm 4, 0;
    %store/vec4a v000001ef48a31da0, 4, 0;
    %pushi/vec4 2304563, 0, 32;
    %ix/load 4, 22, 0;
    %flag_set/imm 4, 0;
    %store/vec4a v000001ef48a31da0, 4, 0;
    %pushi/vec4 2144947, 0, 32;
    %ix/load 4, 23, 0;
    %flag_set/imm 4, 0;
    %store/vec4a v000001ef48a31da0, 4, 0;
    %pushi/vec4 2149171, 0, 32;
    %ix/load 4, 24, 0;
    %flag_set/imm 4, 0;
    %store/vec4a v000001ef48a31da0, 4, 0;
    %pushi/vec4 2153395, 0, 32;
    %ix/load 4, 25, 0;
    %flag_set/imm 4, 0;
    %store/vec4a v000001ef48a31da0, 4, 0;
    %pushi/vec4 1076059187, 0, 32;
    %ix/load 4, 26, 0;
    %flag_set/imm 4, 0;
    %store/vec4a v000001ef48a31da0, 4, 0;
    %pushi/vec4 2157747, 0, 32;
    %ix/load 4, 27, 0;
    %flag_set/imm 4, 0;
    %store/vec4a v000001ef48a31da0, 4, 0;
    %pushi/vec4 2161971, 0, 32;
    %ix/load 4, 28, 0;
    %flag_set/imm 4, 0;
    %store/vec4a v000001ef48a31da0, 4, 0;
    %pushi/vec4 2882399671, 0, 32;
    %ix/load 4, 29, 0;
    %flag_set/imm 4, 0;
    %store/vec4a v000001ef48a31da0, 4, 0;
    %pushi/vec4 7703, 0, 32;
    %ix/load 4, 30, 0;
    %flag_set/imm 4, 0;
    %store/vec4a v000001ef48a31da0, 4, 0;
    %pushi/vec4 133169299, 0, 32;
    %ix/load 4, 31, 0;
    %flag_set/imm 4, 0;
    %store/vec4a v000001ef48a31da0, 4, 0;
    %pushi/vec4 4293918995, 0, 32;
    %ix/load 4, 32, 0;
    %flag_set/imm 4, 0;
    %store/vec4a v000001ef48a31da0, 4, 0;
    %pushi/vec4 19, 0, 32;
    %ix/load 4, 33, 0;
    %flag_set/imm 4, 0;
    %store/vec4a v000001ef48a31da0, 4, 0;
    %pushi/vec4 19, 0, 32;
    %ix/load 4, 34, 0;
    %flag_set/imm 4, 0;
    %store/vec4a v000001ef48a31da0, 4, 0;
    %pushi/vec4 2197539, 0, 32;
    %ix/load 4, 35, 0;
    %flag_set/imm 4, 0;
    %store/vec4a v000001ef48a31da0, 4, 0;
    %pushi/vec4 1149091, 0, 32;
    %ix/load 4, 36, 0;
    %flag_set/imm 4, 0;
    %store/vec4a v000001ef48a31da0, 4, 0;
    %pushi/vec4 2197795, 0, 32;
    %ix/load 4, 37, 0;
    %flag_set/imm 4, 0;
    %store/vec4a v000001ef48a31da0, 4, 0;
    %pushi/vec4 1149347, 0, 32;
    %ix/load 4, 38, 0;
    %flag_set/imm 4, 0;
    %store/vec4a v000001ef48a31da0, 4, 0;
    %pushi/vec4 19, 0, 32;
    %ix/load 4, 39, 0;
    %flag_set/imm 4, 0;
    %store/vec4a v000001ef48a31da0, 4, 0;
    %pushi/vec4 19, 0, 32;
    %ix/load 4, 40, 0;
    %flag_set/imm 4, 0;
    %store/vec4a v000001ef48a31da0, 4, 0;
    %pushi/vec4 16887427, 0, 32;
    %ix/load 4, 41, 0;
    %flag_set/imm 4, 0;
    %store/vec4a v000001ef48a31da0, 4, 0;
    %pushi/vec4 16879363, 0, 32;
    %ix/load 4, 42, 0;
    %flag_set/imm 4, 0;
    %store/vec4a v000001ef48a31da0, 4, 0;
    %pushi/vec4 16895875, 0, 32;
    %ix/load 4, 43, 0;
    %flag_set/imm 4, 0;
    %store/vec4a v000001ef48a31da0, 4, 0;
    %pushi/vec4 16880131, 0, 32;
    %ix/load 4, 44, 0;
    %flag_set/imm 4, 0;
    %store/vec4a v000001ef48a31da0, 4, 0;
    %pushi/vec4 16896643, 0, 32;
    %ix/load 4, 45, 0;
    %flag_set/imm 4, 0;
    %store/vec4a v000001ef48a31da0, 4, 0;
    %pushi/vec4 1153571, 0, 32;
    %ix/load 4, 46, 0;
    %flag_set/imm 4, 0;
    %store/vec4a v000001ef48a31da0, 4, 0;
    %pushi/vec4 8498211, 0, 32;
    %ix/load 4, 47, 0;
    %flag_set/imm 4, 0;
    %store/vec4a v000001ef48a31da0, 4, 0;
    %pushi/vec4 872599795, 0, 32;
    %ix/load 4, 48, 0;
    %flag_set/imm 4, 0;
    %store/vec4a v000001ef48a31da0, 4, 0;
    %pushi/vec4 19, 0, 32;
    %ix/load 4, 49, 0;
    %flag_set/imm 4, 0;
    %store/vec4a v000001ef48a31da0, 4, 0;
    %pushi/vec4 19, 0, 32;
    %ix/load 4, 50, 0;
    %flag_set/imm 4, 0;
    %store/vec4a v000001ef48a31da0, 4, 0;
    %pushi/vec4 34711587, 0, 32;
    %ix/load 4, 51, 0;
    %flag_set/imm 4, 0;
    %store/vec4a v000001ef48a31da0, 4, 0;
    %pushi/vec4 872505587, 0, 32;
    %ix/load 4, 52, 0;
    %flag_set/imm 4, 0;
    %store/vec4a v000001ef48a31da0, 4, 0;
    %pushi/vec4 19, 0, 32;
    %ix/load 4, 53, 0;
    %flag_set/imm 4, 0;
    %store/vec4a v000001ef48a31da0, 4, 0;
    %pushi/vec4 19, 0, 32;
    %ix/load 4, 54, 0;
    %flag_set/imm 4, 0;
    %store/vec4a v000001ef48a31da0, 4, 0;
    %pushi/vec4 34712099, 0, 32;
    %ix/load 4, 55, 0;
    %flag_set/imm 4, 0;
    %store/vec4a v000001ef48a31da0, 4, 0;
    %pushi/vec4 872476915, 0, 32;
    %ix/load 4, 56, 0;
    %flag_set/imm 4, 0;
    %store/vec4a v000001ef48a31da0, 4, 0;
    %pushi/vec4 19, 0, 32;
    %ix/load 4, 57, 0;
    %flag_set/imm 4, 0;
    %store/vec4a v000001ef48a31da0, 4, 0;
    %pushi/vec4 19, 0, 32;
    %ix/load 4, 58, 0;
    %flag_set/imm 4, 0;
    %store/vec4a v000001ef48a31da0, 4, 0;
    %pushi/vec4 34712611, 0, 32;
    %ix/load 4, 59, 0;
    %flag_set/imm 4, 0;
    %store/vec4a v000001ef48a31da0, 4, 0;
    %pushi/vec4 50332563, 0, 32;
    %ix/load 4, 60, 0;
    %flag_set/imm 4, 0;
    %store/vec4a v000001ef48a31da0, 4, 0;
    %pushi/vec4 19, 0, 32;
    %ix/load 4, 61, 0;
    %flag_set/imm 4, 0;
    %store/vec4a v000001ef48a31da0, 4, 0;
    %pushi/vec4 19, 0, 32;
    %ix/load 4, 62, 0;
    %flag_set/imm 4, 0;
    %store/vec4a v000001ef48a31da0, 4, 0;
    %pushi/vec4 872648947, 0, 32;
    %ix/load 4, 63, 0;
    %flag_set/imm 4, 0;
    %store/vec4a v000001ef48a31da0, 4, 0;
    %pushi/vec4 19, 0, 32;
    %ix/load 4, 64, 0;
    %flag_set/imm 4, 0;
    %store/vec4a v000001ef48a31da0, 4, 0;
    %pushi/vec4 19, 0, 32;
    %ix/load 4, 65, 0;
    %flag_set/imm 4, 0;
    %store/vec4a v000001ef48a31da0, 4, 0;
    %pushi/vec4 34713123, 0, 32;
    %ix/load 4, 66, 0;
    %flag_set/imm 4, 0;
    %store/vec4a v000001ef48a31da0, 4, 0;
    %pushi/vec4 15729555, 0, 32;
    %ix/load 4, 67, 0;
    %flag_set/imm 4, 0;
    %store/vec4a v000001ef48a31da0, 4, 0;
    %pushi/vec4 19, 0, 32;
    %ix/load 4, 68, 0;
    %flag_set/imm 4, 0;
    %store/vec4a v000001ef48a31da0, 4, 0;
    %pushi/vec4 19, 0, 32;
    %ix/load 4, 69, 0;
    %flag_set/imm 4, 0;
    %store/vec4a v000001ef48a31da0, 4, 0;
    %pushi/vec4 872653043, 0, 32;
    %ix/load 4, 70, 0;
    %flag_set/imm 4, 0;
    %store/vec4a v000001ef48a31da0, 4, 0;
    %pushi/vec4 19, 0, 32;
    %ix/load 4, 71, 0;
    %flag_set/imm 4, 0;
    %store/vec4a v000001ef48a31da0, 4, 0;
    %pushi/vec4 19, 0, 32;
    %ix/load 4, 72, 0;
    %flag_set/imm 4, 0;
    %store/vec4a v000001ef48a31da0, 4, 0;
    %pushi/vec4 68263971, 0, 32;
    %ix/load 4, 73, 0;
    %flag_set/imm 4, 0;
    %store/vec4a v000001ef48a31da0, 4, 0;
    %pushi/vec4 1049491, 0, 32;
    %ix/load 4, 74, 0;
    %flag_set/imm 4, 0;
    %store/vec4a v000001ef48a31da0, 4, 0;
    %pushi/vec4 19, 0, 32;
    %ix/load 4, 75, 0;
    %flag_set/imm 4, 0;
    %store/vec4a v000001ef48a31da0, 4, 0;
    %pushi/vec4 19, 0, 32;
    %ix/load 4, 76, 0;
    %flag_set/imm 4, 0;
    %store/vec4a v000001ef48a31da0, 4, 0;
    %pushi/vec4 872657139, 0, 32;
    %ix/load 4, 77, 0;
    %flag_set/imm 4, 0;
    %store/vec4a v000001ef48a31da0, 4, 0;
    %pushi/vec4 19, 0, 32;
    %ix/load 4, 78, 0;
    %flag_set/imm 4, 0;
    %store/vec4a v000001ef48a31da0, 4, 0;
    %pushi/vec4 19, 0, 32;
    %ix/load 4, 79, 0;
    %flag_set/imm 4, 0;
    %store/vec4a v000001ef48a31da0, 4, 0;
    %pushi/vec4 68264483, 0, 32;
    %ix/load 4, 80, 0;
    %flag_set/imm 4, 0;
    %store/vec4a v000001ef48a31da0, 4, 0;
    %pushi/vec4 15, 0, 32;
    %ix/load 4, 81, 0;
    %flag_set/imm 4, 0;
    %store/vec4a v000001ef48a31da0, 4, 0;
    %pushi/vec4 17826579, 0, 32;
    %ix/load 4, 82, 0;
    %flag_set/imm 4, 0;
    %store/vec4a v000001ef48a31da0, 4, 0;
    %pushi/vec4 19, 0, 32;
    %ix/load 4, 83, 0;
    %flag_set/imm 4, 0;
    %store/vec4a v000001ef48a31da0, 4, 0;
    %pushi/vec4 19, 0, 32;
    %ix/load 4, 84, 0;
    %flag_set/imm 4, 0;
    %store/vec4a v000001ef48a31da0, 4, 0;
    %pushi/vec4 5243027, 0, 32;
    %ix/load 4, 85, 0;
    %flag_set/imm 4, 0;
    %store/vec4a v000001ef48a31da0, 4, 0;
    %pushi/vec4 5243155, 0, 32;
    %ix/load 4, 86, 0;
    %flag_set/imm 4, 0;
    %store/vec4a v000001ef48a31da0, 4, 0;
    %pushi/vec4 19, 0, 32;
    %ix/load 4, 87, 0;
    %flag_set/imm 4, 0;
    %store/vec4a v000001ef48a31da0, 4, 0;
    %pushi/vec4 19, 0, 32;
    %ix/load 4, 88, 0;
    %flag_set/imm 4, 0;
    %store/vec4a v000001ef48a31da0, 4, 0;
    %pushi/vec4 2131043, 0, 32;
    %ix/load 4, 89, 0;
    %flag_set/imm 4, 0;
    %store/vec4a v000001ef48a31da0, 4, 0;
    %pushi/vec4 107053091, 0, 32;
    %ix/load 4, 90, 0;
    %flag_set/imm 4, 0;
    %store/vec4a v000001ef48a31da0, 4, 0;
    %pushi/vec4 107053603, 0, 32;
    %ix/load 4, 91, 0;
    %flag_set/imm 4, 0;
    %store/vec4a v000001ef48a31da0, 4, 0;
    %pushi/vec4 5243027, 0, 32;
    %ix/load 4, 92, 0;
    %flag_set/imm 4, 0;
    %store/vec4a v000001ef48a31da0, 4, 0;
    %pushi/vec4 6291731, 0, 32;
    %ix/load 4, 93, 0;
    %flag_set/imm 4, 0;
    %store/vec4a v000001ef48a31da0, 4, 0;
    %pushi/vec4 19, 0, 32;
    %ix/load 4, 94, 0;
    %flag_set/imm 4, 0;
    %store/vec4a v000001ef48a31da0, 4, 0;
    %pushi/vec4 19, 0, 32;
    %ix/load 4, 95, 0;
    %flag_set/imm 4, 0;
    %store/vec4a v000001ef48a31da0, 4, 0;
    %pushi/vec4 2135139, 0, 32;
    %ix/load 4, 96, 0;
    %flag_set/imm 4, 0;
    %store/vec4a v000001ef48a31da0, 4, 0;
    %pushi/vec4 107054115, 0, 32;
    %ix/load 4, 97, 0;
    %flag_set/imm 4, 0;
    %store/vec4a v000001ef48a31da0, 4, 0;
    %pushi/vec4 107054627, 0, 32;
    %ix/load 4, 98, 0;
    %flag_set/imm 4, 0;
    %store/vec4a v000001ef48a31da0, 4, 0;
    %pushi/vec4 4293918867, 0, 32;
    %ix/load 4, 99, 0;
    %flag_set/imm 4, 0;
    %store/vec4a v000001ef48a31da0, 4, 0;
    %pushi/vec4 1048851, 0, 32;
    %ix/load 4, 100, 0;
    %flag_set/imm 4, 0;
    %store/vec4a v000001ef48a31da0, 4, 0;
    %pushi/vec4 19, 0, 32;
    %ix/load 4, 101, 0;
    %flag_set/imm 4, 0;
    %store/vec4a v000001ef48a31da0, 4, 0;
    %pushi/vec4 19, 0, 32;
    %ix/load 4, 102, 0;
    %flag_set/imm 4, 0;
    %store/vec4a v000001ef48a31da0, 4, 0;
    %pushi/vec4 2147427, 0, 32;
    %ix/load 4, 103, 0;
    %flag_set/imm 4, 0;
    %store/vec4a v000001ef48a31da0, 4, 0;
    %pushi/vec4 107055139, 0, 32;
    %ix/load 4, 104, 0;
    %flag_set/imm 4, 0;
    %store/vec4a v000001ef48a31da0, 4, 0;
    %pushi/vec4 107055651, 0, 32;
    %ix/load 4, 105, 0;
    %flag_set/imm 4, 0;
    %store/vec4a v000001ef48a31da0, 4, 0;
    %pushi/vec4 1048723, 0, 32;
    %ix/load 4, 106, 0;
    %flag_set/imm 4, 0;
    %store/vec4a v000001ef48a31da0, 4, 0;
    %pushi/vec4 4293918995, 0, 32;
    %ix/load 4, 107, 0;
    %flag_set/imm 4, 0;
    %store/vec4a v000001ef48a31da0, 4, 0;
    %pushi/vec4 19, 0, 32;
    %ix/load 4, 108, 0;
    %flag_set/imm 4, 0;
    %store/vec4a v000001ef48a31da0, 4, 0;
    %pushi/vec4 19, 0, 32;
    %ix/load 4, 109, 0;
    %flag_set/imm 4, 0;
    %store/vec4a v000001ef48a31da0, 4, 0;
    %pushi/vec4 2151523, 0, 32;
    %ix/load 4, 110, 0;
    %flag_set/imm 4, 0;
    %store/vec4a v000001ef48a31da0, 4, 0;
    %pushi/vec4 107056163, 0, 32;
    %ix/load 4, 111, 0;
    %flag_set/imm 4, 0;
    %store/vec4a v000001ef48a31da0, 4, 0;
    %pushi/vec4 107056675, 0, 32;
    %ix/load 4, 112, 0;
    %flag_set/imm 4, 0;
    %store/vec4a v000001ef48a31da0, 4, 0;
    %pushi/vec4 1048723, 0, 32;
    %ix/load 4, 113, 0;
    %flag_set/imm 4, 0;
    %store/vec4a v000001ef48a31da0, 4, 0;
    %pushi/vec4 2097427, 0, 32;
    %ix/load 4, 114, 0;
    %flag_set/imm 4, 0;
    %store/vec4a v000001ef48a31da0, 4, 0;
    %pushi/vec4 19, 0, 32;
    %ix/load 4, 115, 0;
    %flag_set/imm 4, 0;
    %store/vec4a v000001ef48a31da0, 4, 0;
    %pushi/vec4 19, 0, 32;
    %ix/load 4, 116, 0;
    %flag_set/imm 4, 0;
    %store/vec4a v000001ef48a31da0, 4, 0;
    %pushi/vec4 2155619, 0, 32;
    %ix/load 4, 117, 0;
    %flag_set/imm 4, 0;
    %store/vec4a v000001ef48a31da0, 4, 0;
    %pushi/vec4 140607523, 0, 32;
    %ix/load 4, 118, 0;
    %flag_set/imm 4, 0;
    %store/vec4a v000001ef48a31da0, 4, 0;
    %pushi/vec4 140608035, 0, 32;
    %ix/load 4, 119, 0;
    %flag_set/imm 4, 0;
    %store/vec4a v000001ef48a31da0, 4, 0;
    %pushi/vec4 2097299, 0, 32;
    %ix/load 4, 120, 0;
    %flag_set/imm 4, 0;
    %store/vec4a v000001ef48a31da0, 4, 0;
    %pushi/vec4 1048851, 0, 32;
    %ix/load 4, 121, 0;
    %flag_set/imm 4, 0;
    %store/vec4a v000001ef48a31da0, 4, 0;
    %pushi/vec4 19, 0, 32;
    %ix/load 4, 122, 0;
    %flag_set/imm 4, 0;
    %store/vec4a v000001ef48a31da0, 4, 0;
    %pushi/vec4 19, 0, 32;
    %ix/load 4, 123, 0;
    %flag_set/imm 4, 0;
    %store/vec4a v000001ef48a31da0, 4, 0;
    %pushi/vec4 2159715, 0, 32;
    %ix/load 4, 124, 0;
    %flag_set/imm 4, 0;
    %store/vec4a v000001ef48a31da0, 4, 0;
    %pushi/vec4 140608547, 0, 32;
    %ix/load 4, 125, 0;
    %flag_set/imm 4, 0;
    %store/vec4a v000001ef48a31da0, 4, 0;
    %pushi/vec4 140609059, 0, 32;
    %ix/load 4, 126, 0;
    %flag_set/imm 4, 0;
    %store/vec4a v000001ef48a31da0, 4, 0;
    %pushi/vec4 5243027, 0, 32;
    %ix/load 4, 127, 0;
    %flag_set/imm 4, 0;
    %store/vec4a v000001ef48a31da0, 4, 0;
    %pushi/vec4 9437459, 0, 32;
    %ix/load 4, 128, 0;
    %flag_set/imm 4, 0;
    %store/vec4a v000001ef48a31da0, 4, 0;
    %pushi/vec4 19, 0, 32;
    %ix/load 4, 129, 0;
    %flag_set/imm 4, 0;
    %store/vec4a v000001ef48a31da0, 4, 0;
    %pushi/vec4 19, 0, 32;
    %ix/load 4, 130, 0;
    %flag_set/imm 4, 0;
    %store/vec4a v000001ef48a31da0, 4, 0;
    %pushi/vec4 2131043, 0, 32;
    %ix/load 4, 131, 0;
    %flag_set/imm 4, 0;
    %store/vec4a v000001ef48a31da0, 4, 0;
    %pushi/vec4 140609571, 0, 32;
    %ix/load 4, 132, 0;
    %flag_set/imm 4, 0;
    %store/vec4a v000001ef48a31da0, 4, 0;
    %pushi/vec4 140610083, 0, 32;
    %ix/load 4, 133, 0;
    %flag_set/imm 4, 0;
    %store/vec4a v000001ef48a31da0, 4, 0;
    %pushi/vec4 8388847, 0, 32;
    %ix/load 4, 134, 0;
    %flag_set/imm 4, 0;
    %store/vec4a v000001ef48a31da0, 4, 0;
    %pushi/vec4 174161955, 0, 32;
    %ix/load 4, 135, 0;
    %flag_set/imm 4, 0;
    %store/vec4a v000001ef48a31da0, 4, 0;
    %pushi/vec4 19, 0, 32;
    %ix/load 4, 136, 0;
    %flag_set/imm 4, 0;
    %store/vec4a v000001ef48a31da0, 4, 0;
    %pushi/vec4 19, 0, 32;
    %ix/load 4, 137, 0;
    %flag_set/imm 4, 0;
    %store/vec4a v000001ef48a31da0, 4, 0;
    %pushi/vec4 168927779, 0, 32;
    %ix/load 4, 138, 0;
    %flag_set/imm 4, 0;
    %store/vec4a v000001ef48a31da0, 4, 0;
    %pushi/vec4 174162979, 0, 32;
    %ix/load 4, 139, 0;
    %flag_set/imm 4, 0;
    %store/vec4a v000001ef48a31da0, 4, 0;
    %pushi/vec4 608174995, 0, 32;
    %ix/load 4, 140, 0;
    %flag_set/imm 4, 0;
    %store/vec4a v000001ef48a31da0, 4, 0;
    %pushi/vec4 19, 0, 32;
    %ix/load 4, 141, 0;
    %flag_set/imm 4, 0;
    %store/vec4a v000001ef48a31da0, 4, 0;
    %pushi/vec4 19, 0, 32;
    %ix/load 4, 142, 0;
    %flag_set/imm 4, 0;
    %store/vec4a v000001ef48a31da0, 4, 0;
    %pushi/vec4 229735, 0, 32;
    %ix/load 4, 143, 0;
    %flag_set/imm 4, 0;
    %store/vec4a v000001ef48a31da0, 4, 0;
    %pushi/vec4 174164003, 0, 32;
    %ix/load 4, 144, 0;
    %flag_set/imm 4, 0;
    %store/vec4a v000001ef48a31da0, 4, 0;
    %pushi/vec4 19, 0, 32;
    %ix/load 4, 145, 0;
    %flag_set/imm 4, 0;
    %store/vec4a v000001ef48a31da0, 4, 0;
    %pushi/vec4 19, 0, 32;
    %ix/load 4, 146, 0;
    %flag_set/imm 4, 0;
    %store/vec4a v000001ef48a31da0, 4, 0;
    %pushi/vec4 169978403, 0, 32;
    %ix/load 4, 147, 0;
    %flag_set/imm 4, 0;
    %store/vec4a v000001ef48a31da0, 4, 0;
    %pushi/vec4 174165027, 0, 32;
    %ix/load 4, 148, 0;
    %flag_set/imm 4, 0;
    %store/vec4a v000001ef48a31da0, 4, 0;
    %pushi/vec4 10485907, 0, 32;
    %ix/load 4, 149, 0;
    %flag_set/imm 4, 0;
    %store/vec4a v000001ef48a31da0, 4, 0;
    %pushi/vec4 5275923, 0, 32;
    %ix/load 4, 150, 0;
    %flag_set/imm 4, 0;
    %store/vec4a v000001ef48a31da0, 4, 0;
    %pushi/vec4 19, 0, 32;
    %ix/load 4, 151, 0;
    %flag_set/imm 4, 0;
    %store/vec4a v000001ef48a31da0, 4, 0;
    %pushi/vec4 19, 0, 32;
    %ix/load 4, 152, 0;
    %flag_set/imm 4, 0;
    %store/vec4a v000001ef48a31da0, 4, 0;
    %pushi/vec4 203530275, 0, 32;
    %ix/load 4, 153, 0;
    %flag_set/imm 4, 0;
    %store/vec4a v000001ef48a31da0, 4, 0;
    %pushi/vec4 104857747, 0, 32;
    %ix/load 4, 154, 0;
    %flag_set/imm 4, 0;
    %store/vec4a v000001ef48a31da0, 4, 0;
    %pushi/vec4 1074790707, 0, 32;
    %ix/load 4, 155, 0;
    %flag_set/imm 4, 0;
    %store/vec4a v000001ef48a31da0, 4, 0;
    %pushi/vec4 19, 0, 32;
    %ix/load 4, 156, 0;
    %flag_set/imm 4, 0;
    %store/vec4a v000001ef48a31da0, 4, 0;
    %pushi/vec4 19, 0, 32;
    %ix/load 4, 157, 0;
    %flag_set/imm 4, 0;
    %store/vec4a v000001ef48a31da0, 4, 0;
    %pushi/vec4 203530787, 0, 32;
    %ix/load 4, 158, 0;
    %flag_set/imm 4, 0;
    %store/vec4a v000001ef48a31da0, 4, 0;
    %pushi/vec4 7340179, 0, 32;
    %ix/load 4, 159, 0;
    %flag_set/imm 4, 0;
    %store/vec4a v000001ef48a31da0, 4, 0;
    %pushi/vec4 1081651, 0, 32;
    %ix/load 4, 160, 0;
    %flag_set/imm 4, 0;
    %store/vec4a v000001ef48a31da0, 4, 0;
    %pushi/vec4 19, 0, 32;
    %ix/load 4, 161, 0;
    %flag_set/imm 4, 0;
    %store/vec4a v000001ef48a31da0, 4, 0;
    %pushi/vec4 19, 0, 32;
    %ix/load 4, 162, 0;
    %flag_set/imm 4, 0;
    %store/vec4a v000001ef48a31da0, 4, 0;
    %pushi/vec4 203531299, 0, 32;
    %ix/load 4, 163, 0;
    %flag_set/imm 4, 0;
    %store/vec4a v000001ef48a31da0, 4, 0;
    %pushi/vec4 1048723, 0, 32;
    %ix/load 4, 164, 0;
    %flag_set/imm 4, 0;
    %store/vec4a v000001ef48a31da0, 4, 0;
    %pushi/vec4 1081491, 0, 32;
    %ix/load 4, 165, 0;
    %flag_set/imm 4, 0;
    %store/vec4a v000001ef48a31da0, 4, 0;
    %pushi/vec4 1081491, 0, 32;
    %ix/load 4, 166, 0;
    %flag_set/imm 4, 0;
    %store/vec4a v000001ef48a31da0, 4, 0;
    %pushi/vec4 1081491, 0, 32;
    %ix/load 4, 167, 0;
    %flag_set/imm 4, 0;
    %store/vec4a v000001ef48a31da0, 4, 0;
    %pushi/vec4 19, 0, 32;
    %ix/load 4, 168, 0;
    %flag_set/imm 4, 0;
    %store/vec4a v000001ef48a31da0, 4, 0;
    %pushi/vec4 19, 0, 32;
    %ix/load 4, 169, 0;
    %flag_set/imm 4, 0;
    %store/vec4a v000001ef48a31da0, 4, 0;
    %pushi/vec4 202483235, 0, 32;
    %ix/load 4, 170, 0;
    %flag_set/imm 4, 0;
    %store/vec4a v000001ef48a31da0, 4, 0;
    %pushi/vec4 124780691, 0, 32;
    %ix/load 4, 171, 0;
    %flag_set/imm 4, 0;
    %store/vec4a v000001ef48a31da0, 4, 0;
    %pushi/vec4 53477651, 0, 32;
    %ix/load 4, 172, 0;
    %flag_set/imm 4, 0;
    %store/vec4a v000001ef48a31da0, 4, 0;
    %pushi/vec4 237084707, 0, 32;
    %ix/load 4, 173, 0;
    %flag_set/imm 4, 0;
    %store/vec4a v000001ef48a31da0, 4, 0;
    %pushi/vec4 19, 0, 32;
    %ix/load 4, 174, 0;
    %flag_set/imm 4, 0;
    %store/vec4a v000001ef48a31da0, 4, 0;
    %pushi/vec4 19, 0, 32;
    %ix/load 4, 175, 0;
    %flag_set/imm 4, 0;
    %store/vec4a v000001ef48a31da0, 4, 0;
    %pushi/vec4 19, 0, 32;
    %ix/load 4, 176, 0;
    %flag_set/imm 4, 0;
    %store/vec4a v000001ef48a31da0, 4, 0;
    %pushi/vec4 234987651, 0, 32;
    %ix/load 4, 177, 0;
    %flag_set/imm 4, 0;
    %store/vec4a v000001ef48a31da0, 4, 0;
    %pushi/vec4 33043, 0, 32;
    %ix/load 4, 178, 0;
    %flag_set/imm 4, 0;
    %store/vec4a v000001ef48a31da0, 4, 0;
    %pushi/vec4 19, 0, 32;
    %ix/load 4, 179, 0;
    %flag_set/imm 4, 0;
    %store/vec4a v000001ef48a31da0, 4, 0;
    %pushi/vec4 19, 0, 32;
    %ix/load 4, 180, 0;
    %flag_set/imm 4, 0;
    %store/vec4a v000001ef48a31da0, 4, 0;
    %pushi/vec4 203532323, 0, 32;
    %ix/load 4, 181, 0;
    %flag_set/imm 4, 0;
    %store/vec4a v000001ef48a31da0, 4, 0;
    %pushi/vec4 103809043, 0, 32;
    %ix/load 4, 182, 0;
    %flag_set/imm 4, 0;
    %store/vec4a v000001ef48a31da0, 4, 0;
    %pushi/vec4 275, 0, 32;
    %ix/load 4, 183, 0;
    %flag_set/imm 4, 0;
    %store/vec4a v000001ef48a31da0, 4, 0;
    %pushi/vec4 19, 0, 32;
    %ix/load 4, 184, 0;
    %flag_set/imm 4, 0;
    %store/vec4a v000001ef48a31da0, 4, 0;
    %pushi/vec4 19, 0, 32;
    %ix/load 4, 185, 0;
    %flag_set/imm 4, 0;
    %store/vec4a v000001ef48a31da0, 4, 0;
    %pushi/vec4 203532835, 0, 32;
    %ix/load 4, 186, 0;
    %flag_set/imm 4, 0;
    %store/vec4a v000001ef48a31da0, 4, 0;
    %pushi/vec4 69206163, 0, 32;
    %ix/load 4, 187, 0;
    %flag_set/imm 4, 0;
    %store/vec4a v000001ef48a31da0, 4, 0;
    %pushi/vec4 202484771, 0, 32;
    %ix/load 4, 188, 0;
    %flag_set/imm 4, 0;
    %store/vec4a v000001ef48a31da0, 4, 0;
    %pushi/vec4 19, 0, 32;
    %ix/load 4, 189, 0;
    %flag_set/imm 4, 0;
    %store/vec4a v000001ef48a31da0, 4, 0;
    %pushi/vec4 19, 0, 32;
    %ix/load 4, 190, 0;
    %flag_set/imm 4, 0;
    %store/vec4a v000001ef48a31da0, 4, 0;
    %pushi/vec4 57671827, 0, 32;
    %ix/load 4, 191, 0;
    %flag_set/imm 4, 0;
    %store/vec4a v000001ef48a31da0, 4, 0;
    %pushi/vec4 19, 0, 32;
    %ix/load 4, 192, 0;
    %flag_set/imm 4, 0;
    %store/vec4a v000001ef48a31da0, 4, 0;
    %pushi/vec4 19, 0, 32;
    %ix/load 4, 193, 0;
    %flag_set/imm 4, 0;
    %store/vec4a v000001ef48a31da0, 4, 0;
    %pushi/vec4 57671955, 0, 32;
    %ix/load 4, 194, 0;
    %flag_set/imm 4, 0;
    %store/vec4a v000001ef48a31da0, 4, 0;
    %pushi/vec4 2131555, 0, 32;
    %ix/load 4, 195, 0;
    %flag_set/imm 4, 0;
    %store/vec4a v000001ef48a31da0, 4, 0;
    %pushi/vec4 196083859, 0, 32;
    %ix/load 4, 196, 0;
    %flag_set/imm 4, 0;
    %store/vec4a v000001ef48a31da0, 4, 0;
    %pushi/vec4 8388719, 0, 32;
    %ix/load 4, 197, 0;
    %flag_set/imm 4, 0;
    %store/vec4a v000001ef48a31da0, 4, 0;
    %pushi/vec4 178258067, 0, 32;
    %ix/load 4, 198, 0;
    %flag_set/imm 4, 0;
    %store/vec4a v000001ef48a31da0, 4, 0;
    %pushi/vec4 19, 0, 32;
    %ix/load 4, 199, 0;
    %flag_set/imm 4, 0;
    %store/vec4a v000001ef48a31da0, 4, 0;
    %pushi/vec4 19, 0, 32;
    %ix/load 4, 200, 0;
    %flag_set/imm 4, 0;
    %store/vec4a v000001ef48a31da0, 4, 0;
    %pushi/vec4 202485283, 0, 32;
    %ix/load 4, 201, 0;
    %flag_set/imm 4, 0;
    %store/vec4a v000001ef48a31da0, 4, 0;
    %pushi/vec4 104857747, 0, 32;
    %ix/load 4, 202, 0;
    %flag_set/imm 4, 0;
    %store/vec4a v000001ef48a31da0, 4, 0;
    %pushi/vec4 19, 0, 32;
    %ix/load 4, 203, 0;
    %flag_set/imm 4, 0;
    %store/vec4a v000001ef48a31da0, 4, 0;
    %pushi/vec4 19, 0, 32;
    %ix/load 4, 204, 0;
    %flag_set/imm 4, 0;
    %store/vec4a v000001ef48a31da0, 4, 0;
    %pushi/vec4 94372115, 0, 32;
    %ix/load 4, 205, 0;
    %flag_set/imm 4, 0;
    %store/vec4a v000001ef48a31da0, 4, 0;
    %pushi/vec4 19, 0, 32;
    %ix/load 4, 206, 0;
    %flag_set/imm 4, 0;
    %store/vec4a v000001ef48a31da0, 4, 0;
    %pushi/vec4 19, 0, 32;
    %ix/load 4, 207, 0;
    %flag_set/imm 4, 0;
    %store/vec4a v000001ef48a31da0, 4, 0;
    %pushi/vec4 268435603, 0, 32;
    %ix/load 4, 208, 0;
    %flag_set/imm 4, 0;
    %store/vec4a v000001ef48a31da0, 4, 0;
    %pushi/vec4 237011491, 0, 32;
    %ix/load 4, 209, 0;
    %flag_set/imm 4, 0;
    %store/vec4a v000001ef48a31da0, 4, 0;
    %pushi/vec4 901776275, 0, 32;
    %ix/load 4, 210, 0;
    %flag_set/imm 4, 0;
    %store/vec4a v000001ef48a31da0, 4, 0;
    %pushi/vec4 19, 0, 32;
    %ix/load 4, 211, 0;
    %flag_set/imm 4, 0;
    %store/vec4a v000001ef48a31da0, 4, 0;
    %pushi/vec4 19, 0, 32;
    %ix/load 4, 212, 0;
    %flag_set/imm 4, 0;
    %store/vec4a v000001ef48a31da0, 4, 0;
    %pushi/vec4 922747795, 0, 32;
    %ix/load 4, 213, 0;
    %flag_set/imm 4, 0;
    %store/vec4a v000001ef48a31da0, 4, 0;
    %pushi/vec4 229479, 0, 32;
    %ix/load 4, 214, 0;
    %flag_set/imm 4, 0;
    %store/vec4a v000001ef48a31da0, 4, 0;
    %pushi/vec4 198181011, 0, 32;
    %ix/load 4, 215, 0;
    %flag_set/imm 4, 0;
    %store/vec4a v000001ef48a31da0, 4, 0;
    %pushi/vec4 19, 0, 32;
    %ix/load 4, 216, 0;
    %flag_set/imm 4, 0;
    %store/vec4a v000001ef48a31da0, 4, 0;
    %pushi/vec4 19, 0, 32;
    %ix/load 4, 217, 0;
    %flag_set/imm 4, 0;
    %store/vec4a v000001ef48a31da0, 4, 0;
    %pushi/vec4 236037155, 0, 32;
    %ix/load 4, 218, 0;
    %flag_set/imm 4, 0;
    %store/vec4a v000001ef48a31da0, 4, 0;
    %pushi/vec4 111, 0, 32;
    %ix/load 4, 219, 0;
    %flag_set/imm 4, 0;
    %store/vec4a v000001ef48a31da0, 4, 0;
    %pushi/vec4 113246355, 0, 32;
    %ix/load 4, 220, 0;
    %flag_set/imm 4, 0;
    %store/vec4a v000001ef48a31da0, 4, 0;
    %pushi/vec4 19, 0, 32;
    %ix/load 4, 221, 0;
    %flag_set/imm 4, 0;
    %store/vec4a v000001ef48a31da0, 4, 0;
    %pushi/vec4 19, 0, 32;
    %ix/load 4, 222, 0;
    %flag_set/imm 4, 0;
    %store/vec4a v000001ef48a31da0, 4, 0;
    %pushi/vec4 236037155, 0, 32;
    %ix/load 4, 223, 0;
    %flag_set/imm 4, 0;
    %store/vec4a v000001ef48a31da0, 4, 0;
    %pushi/vec4 805359859, 0, 32;
    %ix/load 4, 224, 0;
    %flag_set/imm 4, 0;
    %store/vec4a v000001ef48a31da0, 4, 0;
    %pushi/vec4 805314931, 0, 32;
    %ix/load 4, 225, 0;
    %flag_set/imm 4, 0;
    %store/vec4a v000001ef48a31da0, 4, 0;
    %pushi/vec4 237086755, 0, 32;
    %ix/load 4, 226, 0;
    %flag_set/imm 4, 0;
    %store/vec4a v000001ef48a31da0, 4, 0;
    %pushi/vec4 1077936275, 0, 32;
    %ix/load 4, 227, 0;
    %flag_set/imm 4, 0;
    %store/vec4a v000001ef48a31da0, 4, 0;
    %pushi/vec4 810586227, 0, 32;
    %ix/load 4, 228, 0;
    %flag_set/imm 4, 0;
    %store/vec4a v000001ef48a31da0, 4, 0;
    %pushi/vec4 1073742739, 0, 32;
    %ix/load 4, 229, 0;
    %flag_set/imm 4, 0;
    %store/vec4a v000001ef48a31da0, 4, 0;
    %pushi/vec4 115, 0, 32;
    %ix/load 4, 230, 0;
    %flag_set/imm 4, 0;
    %store/vec4a v000001ef48a31da0, 4, 0;
    %pushi/vec4 19, 0, 32;
    %ix/load 4, 231, 0;
    %flag_set/imm 4, 0;
    %store/vec4a v000001ef48a31da0, 4, 0;
    %pushi/vec4 19, 0, 32;
    %ix/load 4, 232, 0;
    %flag_set/imm 4, 0;
    %store/vec4a v000001ef48a31da0, 4, 0;
    %pushi/vec4 1048691, 0, 32;
    %ix/load 4, 233, 0;
    %flag_set/imm 4, 0;
    %store/vec4a v000001ef48a31da0, 4, 0;
    %pushi/vec4 19, 0, 32;
    %ix/load 4, 234, 0;
    %flag_set/imm 4, 0;
    %store/vec4a v000001ef48a31da0, 4, 0;
    %pushi/vec4 19, 0, 32;
    %ix/load 4, 235, 0;
    %flag_set/imm 4, 0;
    %store/vec4a v000001ef48a31da0, 4, 0;
    %pushi/vec4 11, 0, 32;
    %ix/load 4, 236, 0;
    %flag_set/imm 4, 0;
    %store/vec4a v000001ef48a31da0, 4, 0;
    %pushi/vec4 19, 0, 32;
    %ix/load 4, 237, 0;
    %flag_set/imm 4, 0;
    %store/vec4a v000001ef48a31da0, 4, 0;
    %pushi/vec4 19, 0, 32;
    %ix/load 4, 238, 0;
    %flag_set/imm 4, 0;
    %store/vec4a v000001ef48a31da0, 4, 0;
    %pushi/vec4 4232052883, 0, 32;
    %ix/load 4, 239, 0;
    %flag_set/imm 4, 0;
    %store/vec4a v000001ef48a31da0, 4, 0;
    %pushi/vec4 40995, 0, 32;
    %ix/load 4, 240, 0;
    %flag_set/imm 4, 0;
    %store/vec4a v000001ef48a31da0, 4, 0;
    %pushi/vec4 41507, 0, 32;
    %ix/load 4, 241, 0;
    %flag_set/imm 4, 0;
    %store/vec4a v000001ef48a31da0, 4, 0;
    %pushi/vec4 134217875, 0, 32;
    %ix/load 4, 242, 0;
    %flag_set/imm 4, 0;
    %store/vec4a v000001ef48a31da0, 4, 0;
    %pushi/vec4 809537651, 0, 32;
    %ix/load 4, 243, 0;
    %flag_set/imm 4, 0;
    %store/vec4a v000001ef48a31da0, 4, 0;
    %pushi/vec4 805593203, 0, 32;
    %ix/load 4, 244, 0;
    %flag_set/imm 4, 0;
    %store/vec4a v000001ef48a31da0, 4, 0;
    %pushi/vec4 19, 0, 32;
    %ix/load 4, 245, 0;
    %flag_set/imm 4, 0;
    %store/vec4a v000001ef48a31da0, 4, 0;
    %pushi/vec4 19, 0, 32;
    %ix/load 4, 246, 0;
    %flag_set/imm 4, 0;
    %store/vec4a v000001ef48a31da0, 4, 0;
    %pushi/vec4 19, 0, 32;
    %ix/load 4, 247, 0;
    %flag_set/imm 4, 0;
    %store/vec4a v000001ef48a31da0, 4, 0;
    %pushi/vec4 19, 0, 32;
    %ix/load 4, 248, 0;
    %flag_set/imm 4, 0;
    %store/vec4a v000001ef48a31da0, 4, 0;
    %pushi/vec4 1048723, 0, 32;
    %ix/load 4, 249, 0;
    %flag_set/imm 4, 0;
    %store/vec4a v000001ef48a31da0, 4, 0;
    %pushi/vec4 11571347, 0, 32;
    %ix/load 4, 250, 0;
    %flag_set/imm 4, 0;
    %store/vec4a v000001ef48a31da0, 4, 0;
    %pushi/vec4 809537651, 0, 32;
    %ix/load 4, 251, 0;
    %flag_set/imm 4, 0;
    %store/vec4a v000001ef48a31da0, 4, 0;
    %pushi/vec4 19, 0, 32;
    %ix/load 4, 252, 0;
    %flag_set/imm 4, 0;
    %store/vec4a v000001ef48a31da0, 4, 0;
    %pushi/vec4 19, 0, 32;
    %ix/load 4, 253, 0;
    %flag_set/imm 4, 0;
    %store/vec4a v000001ef48a31da0, 4, 0;
    %pushi/vec4 19, 0, 32;
    %ix/load 4, 254, 0;
    %flag_set/imm 4, 0;
    %store/vec4a v000001ef48a31da0, 4, 0;
    %pushi/vec4 19, 0, 32;
    %ix/load 4, 255, 0;
    %flag_set/imm 4, 0;
    %store/vec4a v000001ef48a31da0, 4, 0;
    %pushi/vec4 58720367, 0, 32;
    %ix/load 4, 256, 0;
    %flag_set/imm 4, 0;
    %store/vec4a v000001ef48a31da0, 4, 0;
    %pushi/vec4 874520819, 0, 32;
    %ix/load 4, 257, 0;
    %flag_set/imm 4, 0;
    %store/vec4a v000001ef48a31da0, 4, 0;
    %pushi/vec4 1286179, 0, 32;
    %ix/load 4, 258, 0;
    %flag_set/imm 4, 0;
    %store/vec4a v000001ef48a31da0, 4, 0;
    %pushi/vec4 875569395, 0, 32;
    %ix/load 4, 259, 0;
    %flag_set/imm 4, 0;
    %store/vec4a v000001ef48a31da0, 4, 0;
    %pushi/vec4 1286691, 0, 32;
    %ix/load 4, 260, 0;
    %flag_set/imm 4, 0;
    %store/vec4a v000001ef48a31da0, 4, 0;
    %pushi/vec4 8618899, 0, 32;
    %ix/load 4, 261, 0;
    %flag_set/imm 4, 0;
    %store/vec4a v000001ef48a31da0, 4, 0;
    %pushi/vec4 874520819, 0, 32;
    %ix/load 4, 262, 0;
    %flag_set/imm 4, 0;
    %store/vec4a v000001ef48a31da0, 4, 0;
    %pushi/vec4 51811, 0, 32;
    %ix/load 4, 263, 0;
    %flag_set/imm 4, 0;
    %store/vec4a v000001ef48a31da0, 4, 0;
    %pushi/vec4 873472883, 0, 32;
    %ix/load 4, 264, 0;
    %flag_set/imm 4, 0;
    %store/vec4a v000001ef48a31da0, 4, 0;
    %pushi/vec4 4391699, 0, 32;
    %ix/load 4, 265, 0;
    %flag_set/imm 4, 0;
    %store/vec4a v000001ef48a31da0, 4, 0;
    %pushi/vec4 873664627, 0, 32;
    %ix/load 4, 266, 0;
    %flag_set/imm 4, 0;
    %store/vec4a v000001ef48a31da0, 4, 0;
    %pushi/vec4 8388719, 0, 32;
    %ix/load 4, 267, 0;
    %flag_set/imm 4, 0;
    %store/vec4a v000001ef48a31da0, 4, 0;
    %pushi/vec4 809504883, 0, 32;
    %ix/load 4, 268, 0;
    %flag_set/imm 4, 0;
    %store/vec4a v000001ef48a31da0, 4, 0;
    %pushi/vec4 807403635, 0, 32;
    %ix/load 4, 269, 0;
    %flag_set/imm 4, 0;
    %store/vec4a v000001ef48a31da0, 4, 0;
    %pushi/vec4 4026532755, 0, 32;
    %ix/load 4, 270, 0;
    %flag_set/imm 4, 0;
    %store/vec4a v000001ef48a31da0, 4, 0;
    %pushi/vec4 1048723, 0, 32;
    %ix/load 4, 271, 0;
    %flag_set/imm 4, 0;
    %store/vec4a v000001ef48a31da0, 4, 0;
    %pushi/vec4 1286179, 0, 32;
    %ix/load 4, 272, 0;
    %flag_set/imm 4, 0;
    %store/vec4a v000001ef48a31da0, 4, 0;
    %pushi/vec4 1288739, 0, 32;
    %ix/load 4, 273, 0;
    %flag_set/imm 4, 0;
    %store/vec4a v000001ef48a31da0, 4, 0;
    %pushi/vec4 101953059, 0, 32;
    %ix/load 4, 274, 0;
    %flag_set/imm 4, 0;
    %store/vec4a v000001ef48a31da0, 4, 0;
    %pushi/vec4 4055892883, 0, 32;
    %ix/load 4, 275, 0;
    %flag_set/imm 4, 0;
    %store/vec4a v000001ef48a31da0, 4, 0;
    %pushi/vec4 787, 0, 32;
    %ix/load 4, 276, 0;
    %flag_set/imm 4, 0;
    %store/vec4a v000001ef48a31da0, 4, 0;
    %pushi/vec4 5243283, 0, 32;
    %ix/load 4, 277, 0;
    %flag_set/imm 4, 0;
    %store/vec4a v000001ef48a31da0, 4, 0;
    %pushi/vec4 237699, 0, 32;
    %ix/load 4, 278, 0;
    %flag_set/imm 4, 0;
    %store/vec4a v000001ef48a31da0, 4, 0;
    %pushi/vec4 1246003, 0, 32;
    %ix/load 4, 279, 0;
    %flag_set/imm 4, 0;
    %store/vec4a v000001ef48a31da0, 4, 0;
    %pushi/vec4 4294017427, 0, 32;
    %ix/load 4, 280, 0;
    %flag_set/imm 4, 0;
    %store/vec4a v000001ef48a31da0, 4, 0;
    %pushi/vec4 4261518051, 0, 32;
    %ix/load 4, 281, 0;
    %flag_set/imm 4, 0;
    %store/vec4a v000001ef48a31da0, 4, 0;
    %pushi/vec4 4039115667, 0, 32;
    %ix/load 4, 282, 0;
    %flag_set/imm 4, 0;
    %store/vec4a v000001ef48a31da0, 4, 0;
    %pushi/vec4 237699, 0, 32;
    %ix/load 4, 283, 0;
    %flag_set/imm 4, 0;
    %store/vec4a v000001ef48a31da0, 4, 0;
    %pushi/vec4 1246003, 0, 32;
    %ix/load 4, 284, 0;
    %flag_set/imm 4, 0;
    %store/vec4a v000001ef48a31da0, 4, 0;
    %pushi/vec4 111, 0, 32;
    %ix/load 4, 285, 0;
    %flag_set/imm 4, 0;
    %store/vec4a v000001ef48a31da0, 4, 0;
    %pushi/vec4 0, 0, 32;
    %store/vec4 v000001ef48a32840_0, 0, 32;
T_60.4 ;
    %load/vec4 v000001ef48a32840_0;
    %cmpi/s 286, 0, 32;
    %jmp/0xz T_60.5, 5;
    %load/vec4 v000001ef48a32840_0;
    %store/vec4 v000001ef48a32f20_0, 0, 32;
    %ix/getv/s 4, v000001ef48a32840_0;
    %load/vec4a v000001ef48a31da0, 4;
    %store/vec4 v000001ef48a332e0_0, 0, 32;
    %fork TD_CPU_tb.load_word, S_000001ef48a26a80;
    %join;
    %load/vec4 v000001ef48a32840_0;
    %addi 1, 0, 32;
    %store/vec4 v000001ef48a32840_0, 0, 32;
    %jmp T_60.4;
T_60.5 ;
    %delay 12000, 0;
    %pushi/vec4 0, 0, 1;
    %store/vec4 v000001ef48a31e40_0, 0, 1;
    %pushi/vec4 1, 0, 1;
    %store/vec4 v000001ef48a31a80_0, 0, 1;
    %delay 9000000, 0;
    %vpi_call 2 378 "$display", "==== register checks ====" {0 0 0};
    %pushi/vec4 4, 0, 5;
    %store/vec4 v000001ef48950920_0, 0, 5;
    %pushi/vec4 32767, 0, 32;
    %store/vec4 v000001ef4894f340_0, 0, 32;
    %fork TD_CPU_tb.ckreg, S_000001ef489a3e30;
    %join;
    %pushi/vec4 5, 0, 5;
    %store/vec4 v000001ef48950920_0, 0, 5;
    %pushi/vec4 32767, 0, 32;
    %store/vec4 v000001ef4894f340_0, 0, 32;
    %fork TD_CPU_tb.ckreg, S_000001ef489a3e30;
    %join;
    %pushi/vec4 8, 0, 5;
    %store/vec4 v000001ef48950920_0, 0, 5;
    %pushi/vec4 15, 0, 32;
    %store/vec4 v000001ef4894f340_0, 0, 32;
    %fork TD_CPU_tb.ckreg, S_000001ef489a3e30;
    %join;
    %pushi/vec4 9, 0, 5;
    %store/vec4 v000001ef48950920_0, 0, 5;
    %pushi/vec4 1, 0, 32;
    %store/vec4 v000001ef4894f340_0, 0, 32;
    %fork TD_CPU_tb.ckreg, S_000001ef489a3e30;
    %join;
    %pushi/vec4 10, 0, 5;
    %store/vec4 v000001ef48950920_0, 0, 5;
    %pushi/vec4 1, 0, 32;
    %store/vec4 v000001ef4894f340_0, 0, 32;
    %fork TD_CPU_tb.ckreg, S_000001ef489a3e30;
    %join;
    %pushi/vec4 11, 0, 5;
    %store/vec4 v000001ef48950920_0, 0, 5;
    %pushi/vec4 3, 0, 32;
    %store/vec4 v000001ef4894f340_0, 0, 32;
    %fork TD_CPU_tb.ckreg, S_000001ef489a3e30;
    %join;
    %pushi/vec4 12, 0, 5;
    %store/vec4 v000001ef48950920_0, 0, 5;
    %pushi/vec4 13, 0, 32;
    %store/vec4 v000001ef4894f340_0, 0, 32;
    %fork TD_CPU_tb.ckreg, S_000001ef489a3e30;
    %join;
    %pushi/vec4 13, 0, 5;
    %store/vec4 v000001ef48950920_0, 0, 5;
    %pushi/vec4 4, 0, 32;
    %store/vec4 v000001ef4894f340_0, 0, 32;
    %fork TD_CPU_tb.ckreg, S_000001ef489a3e30;
    %join;
    %pushi/vec4 14, 0, 5;
    %store/vec4 v000001ef48950920_0, 0, 5;
    %pushi/vec4 192, 0, 32;
    %store/vec4 v000001ef4894f340_0, 0, 32;
    %fork TD_CPU_tb.ckreg, S_000001ef489a3e30;
    %join;
    %pushi/vec4 15, 0, 5;
    %store/vec4 v000001ef48950920_0, 0, 5;
    %pushi/vec4 3, 0, 32;
    %store/vec4 v000001ef4894f340_0, 0, 32;
    %fork TD_CPU_tb.ckreg, S_000001ef489a3e30;
    %join;
    %pushi/vec4 16, 0, 5;
    %store/vec4 v000001ef48950920_0, 0, 5;
    %pushi/vec4 4294967291, 0, 32;
    %store/vec4 v000001ef4894f340_0, 0, 32;
    %fork TD_CPU_tb.ckreg, S_000001ef489a3e30;
    %join;
    %pushi/vec4 17, 0, 5;
    %store/vec4 v000001ef48950920_0, 0, 5;
    %pushi/vec4 17, 0, 32;
    %store/vec4 v000001ef4894f340_0, 0, 32;
    %fork TD_CPU_tb.ckreg, S_000001ef489a3e30;
    %join;
    %pushi/vec4 18, 0, 5;
    %store/vec4 v000001ef48950920_0, 0, 5;
    %pushi/vec4 7, 0, 32;
    %store/vec4 v000001ef4894f340_0, 0, 32;
    %fork TD_CPU_tb.ckreg, S_000001ef489a3e30;
    %join;
    %pushi/vec4 19, 0, 5;
    %store/vec4 v000001ef48950920_0, 0, 5;
    %pushi/vec4 384, 0, 32;
    %store/vec4 v000001ef4894f340_0, 0, 32;
    %fork TD_CPU_tb.ckreg, S_000001ef489a3e30;
    %join;
    %pushi/vec4 20, 0, 5;
    %store/vec4 v000001ef48950920_0, 0, 5;
    %pushi/vec4 1, 0, 32;
    %store/vec4 v000001ef4894f340_0, 0, 32;
    %fork TD_CPU_tb.ckreg, S_000001ef489a3e30;
    %join;
    %pushi/vec4 21, 0, 5;
    %store/vec4 v000001ef48950920_0, 0, 5;
    %pushi/vec4 0, 0, 32;
    %store/vec4 v000001ef4894f340_0, 0, 32;
    %fork TD_CPU_tb.ckreg, S_000001ef489a3e30;
    %join;
    %pushi/vec4 22, 0, 5;
    %store/vec4 v000001ef48950920_0, 0, 5;
    %pushi/vec4 9, 0, 32;
    %store/vec4 v000001ef4894f340_0, 0, 32;
    %fork TD_CPU_tb.ckreg, S_000001ef489a3e30;
    %join;
    %pushi/vec4 23, 0, 5;
    %store/vec4 v000001ef48950920_0, 0, 5;
    %pushi/vec4 0, 0, 32;
    %store/vec4 v000001ef4894f340_0, 0, 32;
    %fork TD_CPU_tb.ckreg, S_000001ef489a3e30;
    %join;
    %pushi/vec4 24, 0, 5;
    %store/vec4 v000001ef48950920_0, 0, 5;
    %pushi/vec4 4294967295, 0, 32;
    %store/vec4 v000001ef4894f340_0, 0, 32;
    %fork TD_CPU_tb.ckreg, S_000001ef489a3e30;
    %join;
    %pushi/vec4 25, 0, 5;
    %store/vec4 v000001ef48950920_0, 0, 5;
    %pushi/vec4 13, 0, 32;
    %store/vec4 v000001ef4894f340_0, 0, 32;
    %fork TD_CPU_tb.ckreg, S_000001ef489a3e30;
    %join;
    %pushi/vec4 26, 0, 5;
    %store/vec4 v000001ef48950920_0, 0, 5;
    %pushi/vec4 4, 0, 32;
    %store/vec4 v000001ef4894f340_0, 0, 32;
    %fork TD_CPU_tb.ckreg, S_000001ef489a3e30;
    %join;
    %pushi/vec4 27, 0, 5;
    %store/vec4 v000001ef48950920_0, 0, 5;
    %pushi/vec4 2882396160, 0, 32;
    %store/vec4 v000001ef4894f340_0, 0, 32;
    %fork TD_CPU_tb.ckreg, S_000001ef489a3e30;
    %join;
    %pushi/vec4 28, 0, 5;
    %store/vec4 v000001ef48950920_0, 0, 5;
    %pushi/vec4 4216, 0, 32;
    %store/vec4 v000001ef4894f340_0, 0, 32;
    %fork TD_CPU_tb.ckreg, S_000001ef489a3e30;
    %join;
    %pushi/vec4 29, 0, 5;
    %store/vec4 v000001ef48950920_0, 0, 5;
    %pushi/vec4 2147450879, 0, 32;
    %store/vec4 v000001ef4894f340_0, 0, 32;
    %fork TD_CPU_tb.ckreg, S_000001ef489a3e30;
    %join;
    %pushi/vec4 2, 0, 5;
    %store/vec4 v000001ef48950920_0, 0, 5;
    %pushi/vec4 1, 0, 32;
    %store/vec4 v000001ef4894f340_0, 0, 32;
    %fork TD_CPU_tb.ckreg, S_000001ef489a3e30;
    %join;
    %pushi/vec4 30, 0, 5;
    %store/vec4 v000001ef48950920_0, 0, 5;
    %pushi/vec4 4294967295, 0, 32;
    %store/vec4 v000001ef4894f340_0, 0, 32;
    %fork TD_CPU_tb.ckreg, S_000001ef489a3e30;
    %join;
    %pushi/vec4 31, 0, 5;
    %store/vec4 v000001ef48950920_0, 0, 5;
    %pushi/vec4 255, 0, 32;
    %store/vec4 v000001ef4894f340_0, 0, 32;
    %fork TD_CPU_tb.ckreg, S_000001ef489a3e30;
    %join;
    %vpi_call 2 406 "$display", "==== memory checks ====" {0 0 0};
    %pushi/vec4 272, 0, 16;
    %store/vec4 v000001ef4894fe80_0, 0, 16;
    %pushi/vec4 255, 0, 8;
    %store/vec4 v000001ef4894f020_0, 0, 8;
    %fork TD_CPU_tb.ckmem, S_000001ef4885daf0;
    %join;
    %pushi/vec4 273, 0, 16;
    %store/vec4 v000001ef4894fe80_0, 0, 16;
    %pushi/vec4 127, 0, 8;
    %store/vec4 v000001ef4894f020_0, 0, 8;
    %fork TD_CPU_tb.ckmem, S_000001ef4885daf0;
    %join;
    %pushi/vec4 274, 0, 16;
    %store/vec4 v000001ef4894fe80_0, 0, 16;
    %pushi/vec4 255, 0, 8;
    %store/vec4 v000001ef4894f020_0, 0, 8;
    %fork TD_CPU_tb.ckmem, S_000001ef4885daf0;
    %join;
    %pushi/vec4 275, 0, 16;
    %store/vec4 v000001ef4894fe80_0, 0, 16;
    %pushi/vec4 127, 0, 8;
    %store/vec4 v000001ef4894f020_0, 0, 8;
    %fork TD_CPU_tb.ckmem, S_000001ef4885daf0;
    %join;
    %pushi/vec4 276, 0, 16;
    %store/vec4 v000001ef4894fe80_0, 0, 16;
    %pushi/vec4 127, 0, 8;
    %store/vec4 v000001ef4894f020_0, 0, 8;
    %fork TD_CPU_tb.ckmem, S_000001ef4885daf0;
    %join;
    %pushi/vec4 277, 0, 16;
    %store/vec4 v000001ef4894fe80_0, 0, 16;
    %pushi/vec4 0, 0, 8;
    %store/vec4 v000001ef4894f020_0, 0, 8;
    %fork TD_CPU_tb.ckmem, S_000001ef4885daf0;
    %join;
    %pushi/vec4 280, 0, 16;
    %store/vec4 v000001ef4894fe80_0, 0, 16;
    %pushi/vec4 15, 0, 8;
    %store/vec4 v000001ef4894f020_0, 0, 8;
    %fork TD_CPU_tb.ckmem, S_000001ef4885daf0;
    %join;
    %pushi/vec4 281, 0, 16;
    %store/vec4 v000001ef4894fe80_0, 0, 16;
    %pushi/vec4 0, 0, 8;
    %store/vec4 v000001ef4894f020_0, 0, 8;
    %fork TD_CPU_tb.ckmem, S_000001ef4885daf0;
    %join;
    %pushi/vec4 282, 0, 16;
    %store/vec4 v000001ef4894fe80_0, 0, 16;
    %pushi/vec4 0, 0, 8;
    %store/vec4 v000001ef4894f020_0, 0, 8;
    %fork TD_CPU_tb.ckmem, S_000001ef4885daf0;
    %join;
    %pushi/vec4 283, 0, 16;
    %store/vec4 v000001ef4894fe80_0, 0, 16;
    %pushi/vec4 0, 0, 8;
    %store/vec4 v000001ef4894f020_0, 0, 8;
    %fork TD_CPU_tb.ckmem, S_000001ef4885daf0;
    %join;
    %pushi/vec4 304, 0, 16;
    %store/vec4 v000001ef4894fe80_0, 0, 16;
    %pushi/vec4 0, 0, 8;
    %store/vec4 v000001ef4894f020_0, 0, 8;
    %fork TD_CPU_tb.ckmem, S_000001ef4885daf0;
    %join;
    %pushi/vec4 308, 0, 16;
    %store/vec4 v000001ef4894fe80_0, 0, 16;
    %pushi/vec4 5, 0, 8;
    %store/vec4 v000001ef4894f020_0, 0, 8;
    %fork TD_CPU_tb.ckmem, S_000001ef4885daf0;
    %join;
    %pushi/vec4 312, 0, 16;
    %store/vec4 v000001ef4894fe80_0, 0, 16;
    %pushi/vec4 7, 0, 8;
    %store/vec4 v000001ef4894f020_0, 0, 8;
    %fork TD_CPU_tb.ckmem, S_000001ef4885daf0;
    %join;
    %pushi/vec4 316, 0, 16;
    %store/vec4 v000001ef4894fe80_0, 0, 16;
    %pushi/vec4 6, 0, 8;
    %store/vec4 v000001ef4894f020_0, 0, 8;
    %fork TD_CPU_tb.ckmem, S_000001ef4885daf0;
    %join;
    %pushi/vec4 320, 0, 16;
    %store/vec4 v000001ef4894fe80_0, 0, 16;
    %pushi/vec4 48, 0, 8;
    %store/vec4 v000001ef4894f020_0, 0, 8;
    %fork TD_CPU_tb.ckmem, S_000001ef4885daf0;
    %join;
    %pushi/vec4 324, 0, 16;
    %store/vec4 v000001ef4894fe80_0, 0, 16;
    %pushi/vec4 63, 0, 8;
    %store/vec4 v000001ef4894f020_0, 0, 8;
    %fork TD_CPU_tb.ckmem, S_000001ef4885daf0;
    %join;
    %pushi/vec4 352, 0, 16;
    %store/vec4 v000001ef4894fe80_0, 0, 16;
    %pushi/vec4 0, 0, 8;
    %store/vec4 v000001ef4894f020_0, 0, 8;
    %fork TD_CPU_tb.ckmem, S_000001ef4885daf0;
    %join;
    %pushi/vec4 356, 0, 16;
    %store/vec4 v000001ef4894fe80_0, 0, 16;
    %pushi/vec4 17, 0, 8;
    %store/vec4 v000001ef4894f020_0, 0, 8;
    %fork TD_CPU_tb.ckmem, S_000001ef4885daf0;
    %join;
    %pushi/vec4 360, 0, 16;
    %store/vec4 v000001ef4894fe80_0, 0, 16;
    %pushi/vec4 0, 0, 8;
    %store/vec4 v000001ef4894f020_0, 0, 8;
    %fork TD_CPU_tb.ckmem, S_000001ef4885daf0;
    %join;
    %pushi/vec4 364, 0, 16;
    %store/vec4 v000001ef4894fe80_0, 0, 16;
    %pushi/vec4 17, 0, 8;
    %store/vec4 v000001ef4894f020_0, 0, 8;
    %fork TD_CPU_tb.ckmem, S_000001ef4885daf0;
    %join;
    %pushi/vec4 368, 0, 16;
    %store/vec4 v000001ef4894fe80_0, 0, 16;
    %pushi/vec4 0, 0, 8;
    %store/vec4 v000001ef4894f020_0, 0, 8;
    %fork TD_CPU_tb.ckmem, S_000001ef4885daf0;
    %join;
    %pushi/vec4 372, 0, 16;
    %store/vec4 v000001ef4894fe80_0, 0, 16;
    %pushi/vec4 17, 0, 8;
    %store/vec4 v000001ef4894f020_0, 0, 8;
    %fork TD_CPU_tb.ckmem, S_000001ef4885daf0;
    %join;
    %pushi/vec4 376, 0, 16;
    %store/vec4 v000001ef4894fe80_0, 0, 16;
    %pushi/vec4 0, 0, 8;
    %store/vec4 v000001ef4894f020_0, 0, 8;
    %fork TD_CPU_tb.ckmem, S_000001ef4885daf0;
    %join;
    %pushi/vec4 380, 0, 16;
    %store/vec4 v000001ef4894fe80_0, 0, 16;
    %pushi/vec4 17, 0, 8;
    %store/vec4 v000001ef4894f020_0, 0, 8;
    %fork TD_CPU_tb.ckmem, S_000001ef4885daf0;
    %join;
    %pushi/vec4 384, 0, 16;
    %store/vec4 v000001ef4894fe80_0, 0, 16;
    %pushi/vec4 0, 0, 8;
    %store/vec4 v000001ef4894f020_0, 0, 8;
    %fork TD_CPU_tb.ckmem, S_000001ef4885daf0;
    %join;
    %pushi/vec4 388, 0, 16;
    %store/vec4 v000001ef4894fe80_0, 0, 16;
    %pushi/vec4 17, 0, 8;
    %store/vec4 v000001ef4894f020_0, 0, 8;
    %fork TD_CPU_tb.ckmem, S_000001ef4885daf0;
    %join;
    %pushi/vec4 392, 0, 16;
    %store/vec4 v000001ef4894fe80_0, 0, 16;
    %pushi/vec4 0, 0, 8;
    %store/vec4 v000001ef4894f020_0, 0, 8;
    %fork TD_CPU_tb.ckmem, S_000001ef4885daf0;
    %join;
    %pushi/vec4 396, 0, 16;
    %store/vec4 v000001ef4894fe80_0, 0, 16;
    %pushi/vec4 17, 0, 8;
    %store/vec4 v000001ef4894f020_0, 0, 8;
    %fork TD_CPU_tb.ckmem, S_000001ef4885daf0;
    %join;
    %pushi/vec4 400, 0, 16;
    %store/vec4 v000001ef4894fe80_0, 0, 16;
    %pushi/vec4 17, 0, 8;
    %store/vec4 v000001ef4894f020_0, 0, 8;
    %fork TD_CPU_tb.ckmem, S_000001ef4885daf0;
    %join;
    %pushi/vec4 404, 0, 16;
    %store/vec4 v000001ef4894fe80_0, 0, 16;
    %pushi/vec4 17, 0, 8;
    %store/vec4 v000001ef4894f020_0, 0, 8;
    %fork TD_CPU_tb.ckmem, S_000001ef4885daf0;
    %join;
    %pushi/vec4 416, 0, 16;
    %store/vec4 v000001ef4894fe80_0, 0, 16;
    %pushi/vec4 0, 0, 8;
    %store/vec4 v000001ef4894f020_0, 0, 8;
    %fork TD_CPU_tb.ckmem, S_000001ef4885daf0;
    %join;
    %pushi/vec4 420, 0, 16;
    %store/vec4 v000001ef4894fe80_0, 0, 16;
    %pushi/vec4 28, 0, 8;
    %store/vec4 v000001ef4894f020_0, 0, 8;
    %fork TD_CPU_tb.ckmem, S_000001ef4885daf0;
    %join;
    %pushi/vec4 421, 0, 16;
    %store/vec4 v000001ef4894fe80_0, 0, 16;
    %pushi/vec4 2, 0, 8;
    %store/vec4 v000001ef4894f020_0, 0, 8;
    %fork TD_CPU_tb.ckmem, S_000001ef4885daf0;
    %join;
    %pushi/vec4 422, 0, 16;
    %store/vec4 v000001ef4894fe80_0, 0, 16;
    %pushi/vec4 0, 0, 8;
    %store/vec4 v000001ef4894f020_0, 0, 8;
    %fork TD_CPU_tb.ckmem, S_000001ef4885daf0;
    %join;
    %pushi/vec4 423, 0, 16;
    %store/vec4 v000001ef4894fe80_0, 0, 16;
    %pushi/vec4 0, 0, 8;
    %store/vec4 v000001ef4894f020_0, 0, 8;
    %fork TD_CPU_tb.ckmem, S_000001ef4885daf0;
    %join;
    %pushi/vec4 424, 0, 16;
    %store/vec4 v000001ef4894fe80_0, 0, 16;
    %pushi/vec4 17, 0, 8;
    %store/vec4 v000001ef4894f020_0, 0, 8;
    %fork TD_CPU_tb.ckmem, S_000001ef4885daf0;
    %join;
    %pushi/vec4 432, 0, 16;
    %store/vec4 v000001ef4894fe80_0, 0, 16;
    %pushi/vec4 0, 0, 8;
    %store/vec4 v000001ef4894f020_0, 0, 8;
    %fork TD_CPU_tb.ckmem, S_000001ef4885daf0;
    %join;
    %pushi/vec4 436, 0, 16;
    %store/vec4 v000001ef4894fe80_0, 0, 16;
    %pushi/vec4 64, 0, 8;
    %store/vec4 v000001ef4894f020_0, 0, 8;
    %fork TD_CPU_tb.ckmem, S_000001ef4885daf0;
    %join;
    %pushi/vec4 437, 0, 16;
    %store/vec4 v000001ef4894fe80_0, 0, 16;
    %pushi/vec4 2, 0, 8;
    %store/vec4 v000001ef4894f020_0, 0, 8;
    %fork TD_CPU_tb.ckmem, S_000001ef4885daf0;
    %join;
    %pushi/vec4 438, 0, 16;
    %store/vec4 v000001ef4894fe80_0, 0, 16;
    %pushi/vec4 0, 0, 8;
    %store/vec4 v000001ef4894f020_0, 0, 8;
    %fork TD_CPU_tb.ckmem, S_000001ef4885daf0;
    %join;
    %pushi/vec4 439, 0, 16;
    %store/vec4 v000001ef4894fe80_0, 0, 16;
    %pushi/vec4 0, 0, 8;
    %store/vec4 v000001ef4894f020_0, 0, 8;
    %fork TD_CPU_tb.ckmem, S_000001ef4885daf0;
    %join;
    %pushi/vec4 440, 0, 16;
    %store/vec4 v000001ef4894fe80_0, 0, 16;
    %pushi/vec4 17, 0, 8;
    %store/vec4 v000001ef4894f020_0, 0, 8;
    %fork TD_CPU_tb.ckmem, S_000001ef4885daf0;
    %join;
    %vpi_call 2 449 "$display", "==== CSR check ====" {0 0 0};
    %load/vec4 v000001ef48a09a20_0;
    %cmpi/ne 62, 0, 32;
    %jmp/0xz  T_60.6, 6;
    %load/vec4 v000001ef48a327a0_0;
    %addi 1, 0, 32;
    %store/vec4 v000001ef48a327a0_0, 0, 32;
    %vpi_call 2 452 "$display", "  FAIL mscratch = %08h  expected 0000003e", v000001ef48a09a20_0 {0 0 0};
    %jmp T_60.7;
T_60.6 ;
    %vpi_call 2 455 "$display", "  ok   mscratch = %08h", v000001ef48a09a20_0 {0 0 0};
T_60.7 ;
    %vpi_call 2 457 "$display", "==== forwarding checks ====" {0 0 0};
    %pushi/vec4 448, 0, 16;
    %store/vec4 v000001ef4894fca0_0, 0, 16;
    %pushi/vec4 15, 0, 32;
    %store/vec4 v000001ef4894ff20_0, 0, 32;
    %pushi/vec4 0, 0, 32; draw_string_vec4
    %pushi/vec4 0, 0, 32; draw_string_vec4
    %concat/vec4; draw_string_vec4
    %pushi/vec4 0, 0, 32; draw_string_vec4
    %concat/vec4; draw_string_vec4
    %pushi/vec4 4600096, 0, 32; draw_string_vec4
    %concat/vec4; draw_string_vec4
    %pushi/vec4 1920151840, 0, 32; draw_string_vec4
    %concat/vec4; draw_string_vec4
    %pushi/vec4 1718579831, 0, 32; draw_string_vec4
    %concat/vec4; draw_string_vec4
    %pushi/vec4 1634886688, 0, 32; draw_string_vec4
    %concat/vec4; draw_string_vec4
    %pushi/vec4 538976288, 0, 32; draw_string_vec4
    %concat/vec4; draw_string_vec4
    %store/vec4 v000001ef4894fac0_0, 0, 256;
    %fork TD_CPU_tb.ckfw, S_000001ef489a6da0;
    %join;
    %pushi/vec4 452, 0, 16;
    %store/vec4 v000001ef4894fca0_0, 0, 16;
    %pushi/vec4 4294967196, 0, 32;
    %store/vec4 v000001ef4894ff20_0, 0, 32;
    %pushi/vec4 0, 0, 32; draw_string_vec4
    %pushi/vec4 0, 0, 32; draw_string_vec4
    %concat/vec4; draw_string_vec4
    %pushi/vec4 0, 0, 32; draw_string_vec4
    %concat/vec4; draw_string_vec4
    %pushi/vec4 4600352, 0, 32; draw_string_vec4
    %concat/vec4; draw_string_vec4
    %pushi/vec4 1920152096, 0, 32; draw_string_vec4
    %concat/vec4; draw_string_vec4
    %pushi/vec4 1718579831, 0, 32; draw_string_vec4
    %concat/vec4; draw_string_vec4
    %pushi/vec4 1634886688, 0, 32; draw_string_vec4
    %concat/vec4; draw_string_vec4
    %pushi/vec4 538976288, 0, 32; draw_string_vec4
    %concat/vec4; draw_string_vec4
    %store/vec4 v000001ef4894fac0_0, 0, 256;
    %fork TD_CPU_tb.ckfw, S_000001ef489a6da0;
    %join;
    %pushi/vec4 456, 0, 16;
    %store/vec4 v000001ef4894fca0_0, 0, 16;
    %pushi/vec4 14, 0, 32;
    %store/vec4 v000001ef4894ff20_0, 0, 32;
    %pushi/vec4 0, 0, 32; draw_string_vec4
    %pushi/vec4 0, 0, 32; draw_string_vec4
    %concat/vec4; draw_string_vec4
    %pushi/vec4 0, 0, 32; draw_string_vec4
    %concat/vec4; draw_string_vec4
    %pushi/vec4 4600608, 0, 32; draw_string_vec4
    %concat/vec4; draw_string_vec4
    %pushi/vec4 1651471464, 0, 32; draw_string_vec4
    %concat/vec4; draw_string_vec4
    %pushi/vec4 544174181, 0, 32; draw_string_vec4
    %concat/vec4; draw_string_vec4
    %pushi/vec4 1918987876, 0, 32; draw_string_vec4
    %concat/vec4; draw_string_vec4
    %pushi/vec4 1931485216, 0, 32; draw_string_vec4
    %concat/vec4; draw_string_vec4
    %store/vec4 v000001ef4894fac0_0, 0, 256;
    %fork TD_CPU_tb.ckfw, S_000001ef489a6da0;
    %join;
    %pushi/vec4 460, 0, 16;
    %store/vec4 v000001ef4894fca0_0, 0, 16;
    %pushi/vec4 4, 0, 32;
    %store/vec4 v000001ef4894ff20_0, 0, 32;
    %pushi/vec4 0, 0, 32; draw_string_vec4
    %pushi/vec4 0, 0, 32; draw_string_vec4
    %concat/vec4; draw_string_vec4
    %pushi/vec4 0, 0, 32; draw_string_vec4
    %concat/vec4; draw_string_vec4
    %pushi/vec4 4600864, 0, 32; draw_string_vec4
    %concat/vec4; draw_string_vec4
    %pushi/vec4 1684369509, 0, 32; draw_string_vec4
    %concat/vec4; draw_string_vec4
    %pushi/vec4 1852073326, 0, 32; draw_string_vec4
    %concat/vec4; draw_string_vec4
    %pushi/vec4 1668882531, 0, 32; draw_string_vec4
    %concat/vec4; draw_string_vec4
    %pushi/vec4 1751214446, 0, 32; draw_string_vec4
    %concat/vec4; draw_string_vec4
    %store/vec4 v000001ef4894fac0_0, 0, 256;
    %fork TD_CPU_tb.ckfw, S_000001ef489a6da0;
    %join;
    %pushi/vec4 464, 0, 16;
    %store/vec4 v000001ef4894fca0_0, 0, 16;
    %pushi/vec4 51, 0, 32;
    %store/vec4 v000001ef4894ff20_0, 0, 32;
    %pushi/vec4 0, 0, 32; draw_string_vec4
    %pushi/vec4 0, 0, 32; draw_string_vec4
    %concat/vec4; draw_string_vec4
    %pushi/vec4 0, 0, 32; draw_string_vec4
    %concat/vec4; draw_string_vec4
    %pushi/vec4 4601120, 0, 32; draw_string_vec4
    %concat/vec4; draw_string_vec4
    %pushi/vec4 1819238756, 0, 32; draw_string_vec4
    %concat/vec4; draw_string_vec4
    %pushi/vec4 762671973, 0, 32; draw_string_vec4
    %concat/vec4; draw_string_vec4
    %pushi/vec4 543584114, 0, 32; draw_string_vec4
    %concat/vec4; draw_string_vec4
    %pushi/vec4 2002874980, 0, 32; draw_string_vec4
    %concat/vec4; draw_string_vec4
    %store/vec4 v000001ef4894fac0_0, 0, 256;
    %fork TD_CPU_tb.ckfw, S_000001ef489a6da0;
    %join;
    %pushi/vec4 468, 0, 16;
    %store/vec4 v000001ef4894fca0_0, 0, 16;
    %pushi/vec4 0, 0, 32;
    %store/vec4 v000001ef4894ff20_0, 0, 32;
    %pushi/vec4 0, 0, 32; draw_string_vec4
    %pushi/vec4 0, 0, 32; draw_string_vec4
    %concat/vec4; draw_string_vec4
    %pushi/vec4 0, 0, 32; draw_string_vec4
    %concat/vec4; draw_string_vec4
    %pushi/vec4 4601376, 0, 32; draw_string_vec4
    %concat/vec4; draw_string_vec4
    %pushi/vec4 2016419950, 0, 32; draw_string_vec4
    %concat/vec4; draw_string_vec4
    %pushi/vec4 1869881446, 0, 32; draw_string_vec4
    %concat/vec4; draw_string_vec4
    %pushi/vec4 1869772641, 0, 32; draw_string_vec4
    %concat/vec4; draw_string_vec4
    %pushi/vec4 1919182180, 0, 32; draw_string_vec4
    %concat/vec4; draw_string_vec4
    %store/vec4 v000001ef4894fac0_0, 0, 256;
    %fork TD_CPU_tb.ckfw, S_000001ef489a6da0;
    %join;
    %pushi/vec4 472, 0, 16;
    %store/vec4 v000001ef4894fca0_0, 0, 16;
    %pushi/vec4 66, 0, 32;
    %store/vec4 v000001ef4894ff20_0, 0, 32;
    %pushi/vec4 0, 0, 32; draw_string_vec4
    %pushi/vec4 0, 0, 32; draw_string_vec4
    %concat/vec4; draw_string_vec4
    %pushi/vec4 0, 0, 32; draw_string_vec4
    %concat/vec4; draw_string_vec4
    %pushi/vec4 4601632, 0, 32; draw_string_vec4
    %concat/vec4; draw_string_vec4
    %pushi/vec4 1937010546, 0, 32; draw_string_vec4
    %concat/vec4; draw_string_vec4
    %pushi/vec4 1697473633, 0, 32; draw_string_vec4
    %concat/vec4; draw_string_vec4
    %pushi/vec4 1952522342, 0, 32; draw_string_vec4
    %concat/vec4; draw_string_vec4
    %pushi/vec4 2003050528, 0, 32; draw_string_vec4
    %concat/vec4; draw_string_vec4
    %store/vec4 v000001ef4894fac0_0, 0, 256;
    %fork TD_CPU_tb.ckfw, S_000001ef489a6da0;
    %join;
    %pushi/vec4 476, 0, 16;
    %store/vec4 v000001ef4894fca0_0, 0, 16;
    %pushi/vec4 170, 0, 32;
    %store/vec4 v000001ef4894ff20_0, 0, 32;
    %pushi/vec4 0, 0, 32; draw_string_vec4
    %pushi/vec4 0, 0, 32; draw_string_vec4
    %concat/vec4; draw_string_vec4
    %pushi/vec4 0, 0, 32; draw_string_vec4
    %concat/vec4; draw_string_vec4
    %pushi/vec4 4601888, 0, 32; draw_string_vec4
    %concat/vec4; draw_string_vec4
    %pushi/vec4 1651663214, 0, 32; draw_string_vec4
    %concat/vec4; draw_string_vec4
    %pushi/vec4 1667771747, 0, 32; draw_string_vec4
    %concat/vec4; draw_string_vec4
    %pushi/vec4 1869505568, 0, 32; draw_string_vec4
    %concat/vec4; draw_string_vec4
    %pushi/vec4 1719100448, 0, 32; draw_string_vec4
    %concat/vec4; draw_string_vec4
    %store/vec4 v000001ef4894fac0_0, 0, 256;
    %fork TD_CPU_tb.ckfw, S_000001ef489a6da0;
    %join;
    %ix/load 4, 484, 0;
    %flag_set/imm 4, 0;
    %load/vec4a v000001ef4894f980, 4;
    %cmpi/ne 90, 0, 8;
    %jmp/0xz  T_60.8, 6;
    %load/vec4 v000001ef48a327a0_0;
    %addi 1, 0, 32;
    %store/vec4 v000001ef48a327a0_0, 0, 32;
    %vpi_call 2 468 "$display", "  FAIL F10 store-base fwd = %02h  expected 5a", &A<v000001ef4894f980, 484> {0 0 0};
    %jmp T_60.9;
T_60.8 ;
    %vpi_call 2 469 "$display", "  ok   F10 store-base fwd = 5a" {0 0 0};
T_60.9 ;
    %pushi/vec4 488, 0, 16;
    %store/vec4 v000001ef4894fca0_0, 0, 16;
    %pushi/vec4 108, 0, 32;
    %store/vec4 v000001ef4894ff20_0, 0, 32;
    %pushi/vec4 0, 0, 32; draw_string_vec4
    %pushi/vec4 0, 0, 32; draw_string_vec4
    %concat/vec4; draw_string_vec4
    %pushi/vec4 0, 0, 32; draw_string_vec4
    %concat/vec4; draw_string_vec4
    %pushi/vec4 4602144, 0, 32; draw_string_vec4
    %concat/vec4; draw_string_vec4
    %pushi/vec4 1784769650, 0, 32; draw_string_vec4
    %concat/vec4; draw_string_vec4
    %pushi/vec4 762601842, 0, 32; draw_string_vec4
    %concat/vec4; draw_string_vec4
    %pushi/vec4 1734702112, 0, 32; draw_string_vec4
    %concat/vec4; draw_string_vec4
    %pushi/vec4 1719100448, 0, 32; draw_string_vec4
    %concat/vec4; draw_string_vec4
    %store/vec4 v000001ef4894fac0_0, 0, 256;
    %fork TD_CPU_tb.ckfw, S_000001ef489a6da0;
    %join;
    %pushi/vec4 496, 0, 16;
    %store/vec4 v000001ef4894fca0_0, 0, 16;
    %pushi/vec4 1, 0, 32;
    %store/vec4 v000001ef4894ff20_0, 0, 32;
    %pushi/vec4 0, 0, 32; draw_string_vec4
    %pushi/vec4 0, 0, 32; draw_string_vec4
    %concat/vec4; draw_string_vec4
    %pushi/vec4 0, 0, 32; draw_string_vec4
    %concat/vec4; draw_string_vec4
    %pushi/vec4 4600113, 0, 32; draw_string_vec4
    %concat/vec4; draw_string_vec4
    %pushi/vec4 541283154, 0, 32; draw_string_vec4
    %concat/vec4; draw_string_vec4
    %pushi/vec4 543584114, 0, 32; draw_string_vec4
    %concat/vec4; draw_string_vec4
    %pushi/vec4 2002874980, 0, 32; draw_string_vec4
    %concat/vec4; draw_string_vec4
    %pushi/vec4 538976288, 0, 32; draw_string_vec4
    %concat/vec4; draw_string_vec4
    %store/vec4 v000001ef4894fac0_0, 0, 256;
    %fork TD_CPU_tb.ckfw, S_000001ef489a6da0;
    %join;
    %vpi_call 2 473 "$display", "==== trap / interrupt checks ====" {0 0 0};
    %pushi/vec4 1024, 0, 16;
    %store/vec4 v000001ef4894fde0_0, 0, 16;
    %pushi/vec4 11, 0, 32;
    %store/vec4 v000001ef4894fd40_0, 0, 32;
    %pushi/vec4 0, 0, 32; draw_string_vec4
    %pushi/vec4 0, 0, 32; draw_string_vec4
    %concat/vec4; draw_string_vec4
    %pushi/vec4 0, 0, 32; draw_string_vec4
    %concat/vec4; draw_string_vec4
    %pushi/vec4 5517600, 0, 32; draw_string_vec4
    %concat/vec4; draw_string_vec4
    %pushi/vec4 1701011820, 0, 32; draw_string_vec4
    %concat/vec4; draw_string_vec4
    %pushi/vec4 1814044781, 0, 32; draw_string_vec4
    %concat/vec4; draw_string_vec4
    %pushi/vec4 1667331443, 0, 32; draw_string_vec4
    %concat/vec4; draw_string_vec4
    %pushi/vec4 1696604192, 0, 32; draw_string_vec4
    %concat/vec4; draw_string_vec4
    %store/vec4 v000001ef489511e0_0, 0, 256;
    %fork TD_CPU_tb.cklog, S_000001ef489ae390;
    %join;
    %pushi/vec4 1028, 0, 16;
    %store/vec4 v000001ef4894fde0_0, 0, 16;
    %pushi/vec4 0, 0, 32;
    %store/vec4 v000001ef4894fd40_0, 0, 32;
    %pushi/vec4 0, 0, 32; draw_string_vec4
    %pushi/vec4 0, 0, 32; draw_string_vec4
    %concat/vec4; draw_string_vec4
    %pushi/vec4 0, 0, 32; draw_string_vec4
    %concat/vec4; draw_string_vec4
    %pushi/vec4 5517600, 0, 32; draw_string_vec4
    %concat/vec4; draw_string_vec4
    %pushi/vec4 1701011820, 0, 32; draw_string_vec4
    %concat/vec4; draw_string_vec4
    %pushi/vec4 1814044781, 0, 32; draw_string_vec4
    %concat/vec4; draw_string_vec4
    %pushi/vec4 1953915244, 0, 32; draw_string_vec4
    %concat/vec4; draw_string_vec4
    %pushi/vec4 538976288, 0, 32; draw_string_vec4
    %concat/vec4; draw_string_vec4
    %store/vec4 v000001ef489511e0_0, 0, 256;
    %fork TD_CPU_tb.cklog, S_000001ef489ae390;
    %join;
    %pushi/vec4 1032, 0, 16;
    %store/vec4 v000001ef4894fde0_0, 0, 16;
    %pushi/vec4 3, 0, 32;
    %store/vec4 v000001ef4894fd40_0, 0, 32;
    %pushi/vec4 0, 0, 32; draw_string_vec4
    %pushi/vec4 0, 0, 32; draw_string_vec4
    %concat/vec4; draw_string_vec4
    %pushi/vec4 0, 0, 32; draw_string_vec4
    %concat/vec4; draw_string_vec4
    %pushi/vec4 5517856, 0, 32; draw_string_vec4
    %concat/vec4; draw_string_vec4
    %pushi/vec4 1700950629, 0, 32; draw_string_vec4
    %concat/vec4; draw_string_vec4
    %pushi/vec4 1634410605, 0, 32; draw_string_vec4
    %concat/vec4; draw_string_vec4
    %pushi/vec4 1667331443, 0, 32; draw_string_vec4
    %concat/vec4; draw_string_vec4
    %pushi/vec4 1696604192, 0, 32; draw_string_vec4
    %concat/vec4; draw_string_vec4
    %store/vec4 v000001ef489511e0_0, 0, 256;
    %fork TD_CPU_tb.cklog, S_000001ef489ae390;
    %join;
    %pushi/vec4 1036, 0, 16;
    %store/vec4 v000001ef4894fde0_0, 0, 16;
    %pushi/vec4 932, 0, 32;
    %store/vec4 v000001ef4894fd40_0, 0, 32;
    %pushi/vec4 0, 0, 32; draw_string_vec4
    %pushi/vec4 0, 0, 32; draw_string_vec4
    %concat/vec4; draw_string_vec4
    %pushi/vec4 0, 0, 32; draw_string_vec4
    %concat/vec4; draw_string_vec4
    %pushi/vec4 5517856, 0, 32; draw_string_vec4
    %concat/vec4; draw_string_vec4
    %pushi/vec4 1700950629, 0, 32; draw_string_vec4
    %concat/vec4; draw_string_vec4
    %pushi/vec4 1634410605, 0, 32; draw_string_vec4
    %concat/vec4; draw_string_vec4
    %pushi/vec4 1953915244, 0, 32; draw_string_vec4
    %concat/vec4; draw_string_vec4
    %pushi/vec4 1028670240, 0, 32; draw_string_vec4
    %concat/vec4; draw_string_vec4
    %store/vec4 v000001ef489511e0_0, 0, 256;
    %fork TD_CPU_tb.cklog, S_000001ef489ae390;
    %join;
    %pushi/vec4 1040, 0, 16;
    %store/vec4 v000001ef4894fde0_0, 0, 16;
    %pushi/vec4 2, 0, 32;
    %store/vec4 v000001ef4894fd40_0, 0, 32;
    %pushi/vec4 0, 0, 32; draw_string_vec4
    %pushi/vec4 0, 0, 32; draw_string_vec4
    %concat/vec4; draw_string_vec4
    %pushi/vec4 0, 0, 32; draw_string_vec4
    %concat/vec4; draw_string_vec4
    %pushi/vec4 5518112, 0, 32; draw_string_vec4
    %concat/vec4; draw_string_vec4
    %pushi/vec4 1768713317, 0, 32; draw_string_vec4
    %concat/vec4; draw_string_vec4
    %pushi/vec4 1730158701, 0, 32; draw_string_vec4
    %concat/vec4; draw_string_vec4
    %pushi/vec4 1667331443, 0, 32; draw_string_vec4
    %concat/vec4; draw_string_vec4
    %pushi/vec4 1696604192, 0, 32; draw_string_vec4
    %concat/vec4; draw_string_vec4
    %store/vec4 v000001ef489511e0_0, 0, 256;
    %fork TD_CPU_tb.cklog, S_000001ef489ae390;
    %join;
    %pushi/vec4 1044, 0, 16;
    %store/vec4 v000001ef4894fde0_0, 0, 16;
    %pushi/vec4 11, 0, 32;
    %store/vec4 v000001ef4894fd40_0, 0, 32;
    %pushi/vec4 0, 0, 32; draw_string_vec4
    %pushi/vec4 0, 0, 32; draw_string_vec4
    %concat/vec4; draw_string_vec4
    %pushi/vec4 0, 0, 32; draw_string_vec4
    %concat/vec4; draw_string_vec4
    %pushi/vec4 5518112, 0, 32; draw_string_vec4
    %concat/vec4; draw_string_vec4
    %pushi/vec4 1768713317, 0, 32; draw_string_vec4
    %concat/vec4; draw_string_vec4
    %pushi/vec4 1730158701, 0, 32; draw_string_vec4
    %concat/vec4; draw_string_vec4
    %pushi/vec4 1953915244, 0, 32; draw_string_vec4
    %concat/vec4; draw_string_vec4
    %pushi/vec4 538976288, 0, 32; draw_string_vec4
    %concat/vec4; draw_string_vec4
    %store/vec4 v000001ef489511e0_0, 0, 256;
    %fork TD_CPU_tb.cklog, S_000001ef489ae390;
    %join;
    %pushi/vec4 1048, 0, 16;
    %store/vec4 v000001ef4894fde0_0, 0, 16;
    %pushi/vec4 2147483655, 0, 32;
    %store/vec4 v000001ef4894fd40_0, 0, 32;
    %pushi/vec4 0, 0, 32; draw_string_vec4
    %pushi/vec4 0, 0, 32; draw_string_vec4
    %concat/vec4; draw_string_vec4
    %pushi/vec4 0, 0, 32; draw_string_vec4
    %concat/vec4; draw_string_vec4
    %pushi/vec4 5518368, 0, 32; draw_string_vec4
    %concat/vec4; draw_string_vec4
    %pushi/vec4 1953066341, 0, 32; draw_string_vec4
    %concat/vec4; draw_string_vec4
    %pushi/vec4 1914708077, 0, 32; draw_string_vec4
    %concat/vec4; draw_string_vec4
    %pushi/vec4 1667331443, 0, 32; draw_string_vec4
    %concat/vec4; draw_string_vec4
    %pushi/vec4 1696604192, 0, 32; draw_string_vec4
    %concat/vec4; draw_string_vec4
    %store/vec4 v000001ef489511e0_0, 0, 256;
    %fork TD_CPU_tb.cklog, S_000001ef489ae390;
    %join;
    %pushi/vec4 1052, 0, 16;
    %store/vec4 v000001ef4894fde0_0, 0, 16;
    %pushi/vec4 0, 0, 32;
    %store/vec4 v000001ef4894fd40_0, 0, 32;
    %pushi/vec4 0, 0, 32; draw_string_vec4
    %pushi/vec4 0, 0, 32; draw_string_vec4
    %concat/vec4; draw_string_vec4
    %pushi/vec4 0, 0, 32; draw_string_vec4
    %concat/vec4; draw_string_vec4
    %pushi/vec4 5518368, 0, 32; draw_string_vec4
    %concat/vec4; draw_string_vec4
    %pushi/vec4 1953066341, 0, 32; draw_string_vec4
    %concat/vec4; draw_string_vec4
    %pushi/vec4 1914708077, 0, 32; draw_string_vec4
    %concat/vec4; draw_string_vec4
    %pushi/vec4 1953915244, 0, 32; draw_string_vec4
    %concat/vec4; draw_string_vec4
    %pushi/vec4 538976288, 0, 32; draw_string_vec4
    %concat/vec4; draw_string_vec4
    %store/vec4 v000001ef489511e0_0, 0, 256;
    %fork TD_CPU_tb.cklog, S_000001ef489ae390;
    %join;
    %pushi/vec4 1056, 0, 16;
    %store/vec4 v000001ef4894fde0_0, 0, 16;
    %pushi/vec4 2147483659, 0, 32;
    %store/vec4 v000001ef4894fd40_0, 0, 32;
    %pushi/vec4 0, 0, 32; draw_string_vec4
    %pushi/vec4 0, 0, 32; draw_string_vec4
    %concat/vec4; draw_string_vec4
    %pushi/vec4 0, 0, 32; draw_string_vec4
    %concat/vec4; draw_string_vec4
    %pushi/vec4 5518624, 0, 32; draw_string_vec4
    %concat/vec4; draw_string_vec4
    %pushi/vec4 1702392933, 0, 32; draw_string_vec4
    %concat/vec4; draw_string_vec4
    %pushi/vec4 1919819885, 0, 32; draw_string_vec4
    %concat/vec4; draw_string_vec4
    %pushi/vec4 1667331443, 0, 32; draw_string_vec4
    %concat/vec4; draw_string_vec4
    %pushi/vec4 1696604192, 0, 32; draw_string_vec4
    %concat/vec4; draw_string_vec4
    %store/vec4 v000001ef489511e0_0, 0, 256;
    %fork TD_CPU_tb.cklog, S_000001ef489ae390;
    %join;
    %pushi/vec4 1060, 0, 16;
    %store/vec4 v000001ef4894fde0_0, 0, 16;
    %pushi/vec4 0, 0, 32;
    %store/vec4 v000001ef4894fd40_0, 0, 32;
    %pushi/vec4 0, 0, 32; draw_string_vec4
    %pushi/vec4 0, 0, 32; draw_string_vec4
    %concat/vec4; draw_string_vec4
    %pushi/vec4 0, 0, 32; draw_string_vec4
    %concat/vec4; draw_string_vec4
    %pushi/vec4 5518624, 0, 32; draw_string_vec4
    %concat/vec4; draw_string_vec4
    %pushi/vec4 1702392933, 0, 32; draw_string_vec4
    %concat/vec4; draw_string_vec4
    %pushi/vec4 1919819885, 0, 32; draw_string_vec4
    %concat/vec4; draw_string_vec4
    %pushi/vec4 1953915244, 0, 32; draw_string_vec4
    %concat/vec4; draw_string_vec4
    %pushi/vec4 538976288, 0, 32; draw_string_vec4
    %concat/vec4; draw_string_vec4
    %store/vec4 v000001ef489511e0_0, 0, 256;
    %fork TD_CPU_tb.cklog, S_000001ef489ae390;
    %join;
    %load/vec4 v000001ef48a0a240_0;
    %cmpi/ne 2147483659, 0, 32;
    %jmp/0xz  T_60.10, 6;
    %load/vec4 v000001ef48a327a0_0;
    %addi 1, 0, 32;
    %store/vec4 v000001ef48a327a0_0, 0, 32;
    %vpi_call 2 486 "$display", "  FAIL final mcause = %08h  expected 8000000b", v000001ef48a0a240_0 {0 0 0};
    %jmp T_60.11;
T_60.10 ;
    %vpi_call 2 487 "$display", "  ok   final mcause = 8000000b" {0 0 0};
T_60.11 ;
    %load/vec4 v000001ef48a08d00_0;
    %parti/s 1, 3, 3;
    %cmpi/ne 1, 0, 1;
    %jmp/0xz  T_60.12, 6;
    %load/vec4 v000001ef48a327a0_0;
    %addi 1, 0, 32;
    %store/vec4 v000001ef48a327a0_0, 0, 32;
    %vpi_call 2 490 "$display", "  FAIL mstatus.MIE not restored" {0 0 0};
    %jmp T_60.13;
T_60.12 ;
    %vpi_call 2 491 "$display", "  ok   mstatus.MIE restored" {0 0 0};
T_60.13 ;
    %vpi_call 2 493 "$display", "==== GPIO checks ====" {0 0 0};
    %load/vec4 v000001ef48a32200_0;
    %cmpi/ne 2147483681, 0, 32;
    %jmp/0xz  T_60.14, 6;
    %load/vec4 v000001ef48a327a0_0;
    %addi 1, 0, 32;
    %store/vec4 v000001ef48a327a0_0, 0, 32;
    %vpi_call 2 495 "$display", "  FAIL gpio_out = %08h  expected 80000021", v000001ef48a32200_0 {0 0 0};
    %jmp T_60.15;
T_60.14 ;
    %vpi_call 2 496 "$display", "  ok   gpio_out = 80000021 (pins 0,5,31 set by SW stores)" {0 0 0};
T_60.15 ;
    %ix/load 4, 6, 0;
    %flag_set/imm 4, 0;
    %load/vec4a v000001ef48950d80, 4;
    %cmpi/ne 6, 0, 32;
    %jmp/0xz  T_60.16, 6;
    %load/vec4 v000001ef48a327a0_0;
    %addi 1, 0, 32;
    %store/vec4 v000001ef48a327a0_0, 0, 32;
    %vpi_call 2 498 "$display", "  FAIL x6 = %0d  expected 6", &A<v000001ef48950d80, 6> {0 0 0};
    %jmp T_60.17;
T_60.16 ;
    %vpi_call 2 499 "$display", "  ok   x6 = 6 (pin7 read+incremented 5x in a loop, + pin3)" {0 0 0};
T_60.17 ;
    %vpi_call 2 500 "$display", "========================" {0 0 0};
    %load/vec4 v000001ef48a327a0_0;
    %cmpi/e 0, 0, 32;
    %jmp/0xz  T_60.18, 4;
    %vpi_call 2 501 "$display", "ALL TESTS PASSED (26 reg, 42 mem, +CSR, 11 forward, 12 trap, 2 gpio)" {0 0 0};
    %jmp T_60.19;
T_60.18 ;
    %vpi_call 2 502 "$display", "FAILED: %0d error(s)", v000001ef48a327a0_0 {0 0 0};
T_60.19 ;
    %vpi_call 2 503 "$finish" {0 0 0};
    %end;
    .thread T_60;
# The file index is used to find the file name in the following table.
:file_names 10;
    "N/A";
    "<interactive>";
    "CPUtb.v";
    "./TopLayer.v";
    "./BRAM.v";
    "./CPU.v";
    "./ALU.v";
    "./Registry.v";
    "./GPIO.v";
    "./UART.v";
