#! /c/Source/iverilog-install/bin/vvp
:ivl_version "12.0 (devel)" "(s20150603-1539-g2693dd32b)";
:ivl_delay_selection "TYPICAL";
:vpi_time_precision - 12;
:vpi_module "C:\iverilog\lib\ivl\system.vpi";
:vpi_module "C:\iverilog\lib\ivl\vhdl_sys.vpi";
:vpi_module "C:\iverilog\lib\ivl\vhdl_textio.vpi";
:vpi_module "C:\iverilog\lib\ivl\v2005_math.vpi";
:vpi_module "C:\iverilog\lib\ivl\va_math.vpi";
S_0000019ade0b1390 .scope module, "TopLayer" "TopLayer" 2 44;
 .timescale -9 -12;
    .port_info 0 /INPUT 1 "clk";
    .port_info 1 /INPUT 1 "rst";
    .port_info 2 /INPUT 1 "irq_external";
    .port_info 3 /INPUT 32 "gpio_in";
    .port_info 4 /OUTPUT 32 "gpio_out";
    .port_info 5 /INPUT 4 "uart_rx";
    .port_info 6 /OUTPUT 4 "uart_tx";
P_0000019ade0b1520 .param/l "BOOTLOADER" 0 2 46, +C4<00000000000000000000000000000000>;
P_0000019ade0b1558 .param/l "CLINT_MSIP" 1 2 65, C4<110000>;
P_0000019ade0b1590 .param/l "CLINT_MTIMECMPH" 1 2 67, C4<110010>;
P_0000019ade0b15c8 .param/l "CLINT_MTIMECMPL" 1 2 66, C4<110001>;
P_0000019ade0b1600 .param/l "CLINT_MTIMEH" 1 2 69, C4<110100>;
P_0000019ade0b1638 .param/l "CLINT_MTIMEL" 1 2 68, C4<110011>;
P_0000019ade0b1670 .param/l "CLKS_PER_BIT" 0 2 45, +C4<00000000000000000000000000010000>;
P_0000019ade0b16a8 .param/l "IRQ_SOURCE_SLOT" 1 2 70, C4<101000>;
o0000019ade1d3ef8 .functor BUFZ 1, C4<z>; HiZ drive
L_0000019ade1bd330 .functor OR 1, o0000019ade1d3ef8, L_0000019ade240180, C4<0>, C4<0>;
L_0000019ade1bd2c0 .functor OR 1, L_0000019ade1bd330, L_0000019ade29dde0, C4<0>, C4<0>;
L_0000019ade1bbc00 .functor OR 1, L_0000019ade1bd2c0, L_0000019ade29d600, C4<0>, C4<0>;
L_0000019ade1bd480 .functor OR 1, L_0000019ade1bbc00, L_0000019ade29c8e0, C4<0>, C4<0>;
L_0000019ade1bd560 .functor OR 1, L_0000019ade1bd480, L_0000019ade29ca30, C4<0>, C4<0>;
L_0000019ade1bd870 .functor AND 1, L_0000019ade23f780, L_0000019ade23fd20, C4<1>, C4<1>;
L_0000019ade1bda30 .functor AND 1, L_0000019ade23f8c0, L_0000019ade23f320, C4<1>, C4<1>;
L_0000019ade1bdaa0 .functor AND 1, L_0000019ade1bd870, L_0000019ade23e880, C4<1>, C4<1>;
L_0000019ade29d750 .functor AND 1, L_0000019ade1bd870, L_0000019ade23e560, C4<1>, C4<1>;
L_0000019ade29c410 .functor AND 1, L_0000019ade1bda30, L_0000019ade2a6660, C4<1>, C4<1>;
L_0000019ade29dc90 .functor AND 1, L_0000019ade1bd870, L_0000019ade2a79c0, C4<1>, C4<1>;
L_0000019ade29c560 .functor AND 1, L_0000019ade1bd870, L_0000019ade2a7100, C4<1>, C4<1>;
L_0000019ade29d280 .functor AND 1, L_0000019ade1bda30, L_0000019ade2a6480, C4<1>, C4<1>;
L_0000019ade29de50 .functor AND 1, L_0000019ade1bd870, L_0000019ade2a5d00, C4<1>, C4<1>;
L_0000019ade29cfe0 .functor AND 1, L_0000019ade1bd870, L_0000019ade2a7560, C4<1>, C4<1>;
L_0000019ade29c790 .functor AND 1, L_0000019ade1bda30, L_0000019ade2a8320, C4<1>, C4<1>;
L_0000019ade29c330 .functor AND 1, L_0000019ade1bd870, L_0000019ade2a8640, C4<1>, C4<1>;
L_0000019ade29c640 .functor AND 1, L_0000019ade1bd870, L_0000019ade2a1ca0, C4<1>, C4<1>;
L_0000019ade29d9f0 .functor AND 1, L_0000019ade1bda30, L_0000019ade2a10c0, C4<1>, C4<1>;
L_0000019ade29c870 .functor AND 1, L_0000019ade1bd870, L_0000019ade2a1700, C4<1>, C4<1>;
v0000019ade242700_0 .net *"_ivl_0", 0 0, L_0000019ade1bd330;  1 drivers
L_0000019ade244fd0 .functor BUFT 1, C4<010110>, C4<0>, C4<0>, C4<0>;
v0000019ade241b20_0 .net/2u *"_ivl_102", 5 0, L_0000019ade244fd0;  1 drivers
v0000019ade241300_0 .net *"_ivl_104", 0 0, L_0000019ade2a5d00;  1 drivers
v0000019ade242d40_0 .net *"_ivl_11", 23 0, L_0000019ade23ffa0;  1 drivers
L_0000019ade245450 .functor BUFT 1, C4<011000>, C4<0>, C4<0>, C4<0>;
v0000019ade2414e0_0 .net/2u *"_ivl_114", 5 0, L_0000019ade245450;  1 drivers
v0000019ade242de0_0 .net *"_ivl_116", 0 0, L_0000019ade2a7560;  1 drivers
L_0000019ade2443b8 .functor BUFT 1, C4<111111111111111111111111>, C4<0>, C4<0>, C4<0>;
v0000019ade242520_0 .net/2u *"_ivl_12", 23 0, L_0000019ade2443b8;  1 drivers
L_0000019ade245498 .functor BUFT 1, C4<011000>, C4<0>, C4<0>, C4<0>;
v0000019ade242b60_0 .net/2u *"_ivl_122", 5 0, L_0000019ade245498;  1 drivers
v0000019ade240c20_0 .net *"_ivl_124", 0 0, L_0000019ade2a8320;  1 drivers
L_0000019ade2454e0 .functor BUFT 1, C4<011010>, C4<0>, C4<0>, C4<0>;
v0000019ade240ae0_0 .net/2u *"_ivl_128", 5 0, L_0000019ade2454e0;  1 drivers
v0000019ade242ca0_0 .net *"_ivl_130", 0 0, L_0000019ade2a8640;  1 drivers
L_0000019ade245960 .functor BUFT 1, C4<011100>, C4<0>, C4<0>, C4<0>;
v0000019ade242340_0 .net/2u *"_ivl_141", 5 0, L_0000019ade245960;  1 drivers
v0000019ade2425c0_0 .net *"_ivl_143", 0 0, L_0000019ade2a1ca0;  1 drivers
L_0000019ade2459a8 .functor BUFT 1, C4<011100>, C4<0>, C4<0>, C4<0>;
v0000019ade2423e0_0 .net/2u *"_ivl_149", 5 0, L_0000019ade2459a8;  1 drivers
v0000019ade241120_0 .net *"_ivl_151", 0 0, L_0000019ade2a10c0;  1 drivers
L_0000019ade2459f0 .functor BUFT 1, C4<011110>, C4<0>, C4<0>, C4<0>;
v0000019ade242660_0 .net/2u *"_ivl_155", 5 0, L_0000019ade2459f0;  1 drivers
v0000019ade241f80_0 .net *"_ivl_157", 0 0, L_0000019ade2a1700;  1 drivers
L_0000019ade245a38 .functor BUFT 1, C4<000000000000000000000000000>, C4<0>, C4<0>, C4<0>;
v0000019ade242e80_0 .net/2u *"_ivl_163", 26 0, L_0000019ade245a38;  1 drivers
v0000019ade241260_0 .net *"_ivl_17", 23 0, L_0000019ade23fb40;  1 drivers
L_0000019ade244400 .functor BUFT 1, C4<111111111111111111111111>, C4<0>, C4<0>, C4<0>;
v0000019ade241a80_0 .net/2u *"_ivl_18", 23 0, L_0000019ade244400;  1 drivers
v0000019ade242f20_0 .net *"_ivl_2", 0 0, L_0000019ade1bd2c0;  1 drivers
L_0000019ade244448 .functor BUFT 1, C4<111>, C4<0>, C4<0>, C4<0>;
v0000019ade242480_0 .net/2u *"_ivl_26", 2 0, L_0000019ade244448;  1 drivers
v0000019ade2428e0_0 .net *"_ivl_28", 0 0, L_0000019ade23fd20;  1 drivers
L_0000019ade244490 .functor BUFT 1, C4<111>, C4<0>, C4<0>, C4<0>;
v0000019ade2416c0_0 .net/2u *"_ivl_32", 2 0, L_0000019ade244490;  1 drivers
v0000019ade2418a0_0 .net *"_ivl_34", 0 0, L_0000019ade23f320;  1 drivers
L_0000019ade2444d8 .functor BUFT 1, C4<111>, C4<0>, C4<0>, C4<0>;
v0000019ade241760_0 .net/2u *"_ivl_38", 2 0, L_0000019ade2444d8;  1 drivers
v0000019ade241080_0 .net *"_ivl_4", 0 0, L_0000019ade1bbc00;  1 drivers
L_0000019ade244520 .functor BUFT 1, C4<001000>, C4<0>, C4<0>, C4<0>;
v0000019ade242980_0 .net/2u *"_ivl_48", 5 0, L_0000019ade244520;  1 drivers
v0000019ade243240_0 .net *"_ivl_50", 0 0, L_0000019ade23e880;  1 drivers
v0000019ade241bc0_0 .net *"_ivl_6", 0 0, L_0000019ade1bd480;  1 drivers
L_0000019ade244a30 .functor BUFT 1, C4<010000>, C4<0>, C4<0>, C4<0>;
v0000019ade242ac0_0 .net/2u *"_ivl_62", 5 0, L_0000019ade244a30;  1 drivers
v0000019ade241c60_0 .net *"_ivl_64", 0 0, L_0000019ade23e560;  1 drivers
L_0000019ade244a78 .functor BUFT 1, C4<010000>, C4<0>, C4<0>, C4<0>;
v0000019ade242fc0_0 .net/2u *"_ivl_70", 5 0, L_0000019ade244a78;  1 drivers
v0000019ade241800_0 .net *"_ivl_72", 0 0, L_0000019ade2a6660;  1 drivers
L_0000019ade244ac0 .functor BUFT 1, C4<010010>, C4<0>, C4<0>, C4<0>;
v0000019ade242c00_0 .net/2u *"_ivl_76", 5 0, L_0000019ade244ac0;  1 drivers
v0000019ade243060_0 .net *"_ivl_78", 0 0, L_0000019ade2a79c0;  1 drivers
L_0000019ade244f40 .functor BUFT 1, C4<010100>, C4<0>, C4<0>, C4<0>;
v0000019ade2419e0_0 .net/2u *"_ivl_88", 5 0, L_0000019ade244f40;  1 drivers
v0000019ade243100_0 .net *"_ivl_90", 0 0, L_0000019ade2a7100;  1 drivers
L_0000019ade244f88 .functor BUFT 1, C4<010100>, C4<0>, C4<0>, C4<0>;
v0000019ade240cc0_0 .net/2u *"_ivl_96", 5 0, L_0000019ade244f88;  1 drivers
v0000019ade2420c0_0 .net *"_ivl_98", 0 0, L_0000019ade2a6480;  1 drivers
v0000019ade2431a0_0 .net "bram_data_out", 31 0, v0000019ade1c1620_0;  1 drivers
v0000019ade240b80_0 .net "bram_write_mode", 2 0, L_0000019ade240860;  1 drivers
o0000019ade1cbf78 .functor BUFZ 1, C4<z>; HiZ drive
v0000019ade240d60_0 .net "clk", 0 0, o0000019ade1cbf78;  0 drivers
v0000019ade241d00_0 .net "cpu_irq_external", 0 0, L_0000019ade1bd560;  1 drivers
o0000019ade1cf158 .functor BUFZ 32, C4<zzzzzzzzzzzzzzzzzzzzzzzzzzzzzzzz>; HiZ drive
v0000019ade240e00_0 .net "gpio_in", 31 0, o0000019ade1cf158;  0 drivers
v0000019ade240ea0_0 .net "gpio_irq", 0 0, L_0000019ade240180;  1 drivers
v0000019ade242160_0 .net "gpio_out", 31 0, L_0000019ade1562c0;  1 drivers
v0000019ade240f40_0 .net "gpio_raddr", 3 0, L_0000019ade23f5a0;  1 drivers
v0000019ade241e40_0 .net "gpio_rdata", 31 0, v0000019ade22bc70_0;  1 drivers
v0000019ade242020_0 .net "gpio_waddr", 3 0, L_0000019ade23ed80;  1 drivers
v0000019ade240fe0_0 .net "gpio_we", 0 0, L_0000019ade1bdaa0;  1 drivers
v0000019ade241ee0_0 .net "irq_external", 0 0, o0000019ade1d3ef8;  0 drivers
v0000019ade2411c0_0 .net "irq_source_word", 31 0, L_0000019ade2a1340;  1 drivers
v0000019ade242200_0 .net "mem_data_in", 31 0, v0000019ade147510_0;  1 drivers
v0000019ade2413a0_0 .net "mem_data_out", 31 0, L_0000019ade2a26a0;  1 drivers
v0000019ade241440_0 .net "mem_fetch_addr", 15 0, L_0000019ade23d200;  1 drivers
v0000019ade241580_0 .net "mem_instruction", 31 0, v0000019ade1c0860_0;  1 drivers
v0000019ade241620_0 .net "mem_read_addr", 31 0, v0000019ade17e540_0;  1 drivers
v0000019ade241940_0 .net "mem_read_mode", 2 0, v0000019ade17de60_0;  1 drivers
v0000019ade243420_0 .net "mem_write_addr", 31 0, v0000019ade17df00_0;  1 drivers
v0000019ade243600_0 .net "mem_write_mode", 2 0, v0000019ade17d320_0;  1 drivers
v0000019ade243920_0 .var "mmio_read_data", 31 0;
v0000019ade243740_0 .var "mmio_read_data_q", 31 0;
v0000019ade2437e0_0 .net "mmio_read_en", 0 0, L_0000019ade1bda30;  1 drivers
v0000019ade2439c0_0 .net "mmio_read_slot", 5 0, L_0000019ade23f1e0;  1 drivers
v0000019ade2434c0_0 .net "mmio_write_en", 0 0, L_0000019ade1bd870;  1 drivers
v0000019ade2432e0_0 .net "mmio_write_slot", 5 0, L_0000019ade23f960;  1 drivers
v0000019ade243880_0 .var "msip", 0 0;
v0000019ade243380_0 .var "mtime", 63 0;
v0000019ade2436a0_0 .var "mtimecmp", 63 0;
v0000019ade243560_0 .net "read_is_mmio", 0 0, L_0000019ade23f8c0;  1 drivers
v0000019ade23c300_0 .var "read_was_mmio", 0 0;
o0000019ade1cccf8 .functor BUFZ 1, C4<z>; HiZ drive
v0000019ade23bc20_0 .net "rst", 0 0, o0000019ade1cccf8;  0 drivers
v0000019ade23c6c0_0 .net "soft_int", 0 0, v0000019ade243880_0;  1 drivers
v0000019ade23d340_0 .net "timer_int", 0 0, L_0000019ade2a2ba0;  1 drivers
v0000019ade23e060_0 .net "uart_irq0", 0 0, L_0000019ade29dde0;  1 drivers
v0000019ade23cda0_0 .net "uart_irq1", 0 0, L_0000019ade29d600;  1 drivers
v0000019ade23bfe0_0 .net "uart_irq2", 0 0, L_0000019ade29c8e0;  1 drivers
v0000019ade23e100_0 .net "uart_irq3", 0 0, L_0000019ade29ca30;  1 drivers
v0000019ade23e240_0 .net "uart_rdata0", 31 0, L_0000019ade23f640;  1 drivers
v0000019ade23cbc0_0 .net "uart_rdata1", 31 0, L_0000019ade2a7ec0;  1 drivers
v0000019ade23e1a0_0 .net "uart_rdata2", 31 0, L_0000019ade2a6340;  1 drivers
v0000019ade23d520_0 .net "uart_rdata3", 31 0, L_0000019ade2a29c0;  1 drivers
v0000019ade23dac0_0 .net "uart_reg_sel", 1 0, L_0000019ade240220;  1 drivers
o0000019ade1d4168 .functor BUFZ 4, C4<zzzz>; HiZ drive
v0000019ade23bae0_0 .net "uart_rx", 3 0, o0000019ade1d4168;  0 drivers
v0000019ade23bb80_0 .net "uart_tx", 3 0, L_0000019ade2a3000;  1 drivers
v0000019ade23bcc0_0 .net "write_is_mmio", 0 0, L_0000019ade23f780;  1 drivers
E_0000019ade168bf0/0 .event anyedge, v0000019ade2439c0_0, v0000019ade22bc70_0, v0000019ade22f100_0, v0000019ade233aa0_0;
E_0000019ade168bf0/1 .event anyedge, v0000019ade233f00_0, v0000019ade237650_0, v0000019ade2411c0_0, v0000019ade243880_0;
E_0000019ade168bf0/2 .event anyedge, v0000019ade2436a0_0, v0000019ade243380_0;
E_0000019ade168bf0 .event/or E_0000019ade168bf0/0, E_0000019ade168bf0/1, E_0000019ade168bf0/2;
L_0000019ade23ffa0 .part v0000019ade17e540_0, 8, 24;
L_0000019ade23f8c0 .cmp/eq 24, L_0000019ade23ffa0, L_0000019ade2443b8;
L_0000019ade23fb40 .part v0000019ade17df00_0, 8, 24;
L_0000019ade23f780 .cmp/eq 24, L_0000019ade23fb40, L_0000019ade244400;
L_0000019ade23f1e0 .part v0000019ade17e540_0, 2, 6;
L_0000019ade23f960 .part v0000019ade17df00_0, 2, 6;
L_0000019ade23fd20 .cmp/ne 3, v0000019ade17d320_0, L_0000019ade244448;
L_0000019ade23f320 .cmp/ne 3, v0000019ade17de60_0, L_0000019ade244490;
L_0000019ade240860 .functor MUXZ 3, v0000019ade17d320_0, L_0000019ade2444d8, L_0000019ade23f780, C4<>;
L_0000019ade2404a0 .part v0000019ade17df00_0, 0, 16;
L_0000019ade23eec0 .part v0000019ade17e540_0, 0, 16;
L_0000019ade23ed80 .part L_0000019ade23f960, 0, 4;
L_0000019ade23e880 .cmp/ge 6, L_0000019ade244520, L_0000019ade23f960;
L_0000019ade23f5a0 .part L_0000019ade23f1e0, 0, 4;
L_0000019ade240220 .part L_0000019ade23f1e0, 0, 2;
L_0000019ade23e4c0 .part o0000019ade1d4168, 0, 1;
L_0000019ade23e560 .cmp/eq 6, L_0000019ade23f960, L_0000019ade244a30;
L_0000019ade23e7e0 .part v0000019ade147510_0, 0, 8;
L_0000019ade2a6660 .cmp/eq 6, L_0000019ade23f1e0, L_0000019ade244a78;
L_0000019ade2a79c0 .cmp/eq 6, L_0000019ade23f960, L_0000019ade244ac0;
L_0000019ade2a6fc0 .part v0000019ade147510_0, 0, 3;
L_0000019ade2a80a0 .part o0000019ade1d4168, 1, 1;
L_0000019ade2a7100 .cmp/eq 6, L_0000019ade23f960, L_0000019ade244f40;
L_0000019ade2a5c60 .part v0000019ade147510_0, 0, 8;
L_0000019ade2a6480 .cmp/eq 6, L_0000019ade23f1e0, L_0000019ade244f88;
L_0000019ade2a5d00 .cmp/eq 6, L_0000019ade23f960, L_0000019ade244fd0;
L_0000019ade2a7a60 .part v0000019ade147510_0, 0, 3;
L_0000019ade2a74c0 .part o0000019ade1d4168, 2, 1;
L_0000019ade2a7560 .cmp/eq 6, L_0000019ade23f960, L_0000019ade245450;
L_0000019ade2a6a20 .part v0000019ade147510_0, 0, 8;
L_0000019ade2a8320 .cmp/eq 6, L_0000019ade23f1e0, L_0000019ade245498;
L_0000019ade2a8640 .cmp/eq 6, L_0000019ade23f960, L_0000019ade2454e0;
L_0000019ade2a86e0 .part v0000019ade147510_0, 0, 3;
L_0000019ade2a1660 .part o0000019ade1d4168, 3, 1;
L_0000019ade2a3000 .concat8 [ 1 1 1 1], v0000019ade22d940_0, v0000019ade232e20_0, v0000019ade238a50_0, v0000019ade236f70_0;
L_0000019ade2a1ca0 .cmp/eq 6, L_0000019ade23f960, L_0000019ade245960;
L_0000019ade2a0da0 .part v0000019ade147510_0, 0, 8;
L_0000019ade2a10c0 .cmp/eq 6, L_0000019ade23f1e0, L_0000019ade2459a8;
L_0000019ade2a1700 .cmp/eq 6, L_0000019ade23f960, L_0000019ade2459f0;
L_0000019ade2a27e0 .part v0000019ade147510_0, 0, 3;
LS_0000019ade2a1340_0_0 .concat [ 1 1 1 1], L_0000019ade240180, L_0000019ade29dde0, L_0000019ade29d600, L_0000019ade29c8e0;
LS_0000019ade2a1340_0_4 .concat [ 1 27 0 0], L_0000019ade29ca30, L_0000019ade245a38;
L_0000019ade2a1340 .concat [ 4 28 0 0], LS_0000019ade2a1340_0_0, LS_0000019ade2a1340_0_4;
L_0000019ade2a2ba0 .cmp/ge 64, v0000019ade243380_0, v0000019ade2436a0_0;
L_0000019ade2a26a0 .functor MUXZ 32, v0000019ade1c1620_0, v0000019ade243740_0, v0000019ade23c300_0, C4<>;
S_0000019ade0cd0e0 .scope module, "bram" "BRAM" 2 116, 3 13 0, S_0000019ade0b1390;
 .timescale -9 -12;
    .port_info 0 /INPUT 1 "clk";
    .port_info 1 /INPUT 16 "write_addr";
    .port_info 2 /INPUT 16 "read_addr";
    .port_info 3 /INPUT 16 "fetch_addr";
    .port_info 4 /INPUT 32 "data_in";
    .port_info 5 /INPUT 3 "write_mode";
    .port_info 6 /INPUT 3 "read_mode";
    .port_info 7 /OUTPUT 32 "data_out";
    .port_info 8 /OUTPUT 32 "instruction_out";
v0000019ade1c0040 .array "Mem", 0 65535, 7 0;
v0000019ade1c1080_0 .net "clk", 0 0, o0000019ade1cbf78;  alias, 0 drivers
v0000019ade1c1580_0 .net "data_in", 31 0, v0000019ade147510_0;  alias, 1 drivers
v0000019ade1c1620_0 .var "data_out", 31 0;
v0000019ade1c07c0_0 .net "fetch_addr", 15 0, L_0000019ade23d200;  alias, 1 drivers
v0000019ade1c0860_0 .var "instruction_out", 31 0;
v0000019ade1c0900_0 .net "read_addr", 15 0, L_0000019ade23eec0;  1 drivers
v0000019ade1c16c0_0 .net "read_mode", 2 0, v0000019ade17de60_0;  alias, 1 drivers
v0000019ade1c1760_0 .net "write_addr", 15 0, L_0000019ade2404a0;  1 drivers
v0000019ade1c0b80_0 .net "write_mode", 2 0, L_0000019ade240860;  alias, 1 drivers
E_0000019ade169130 .event posedge, v0000019ade1c1080_0;
S_0000019ade0cd270 .scope module, "cpu" "CPU" 2 90, 4 10 0, S_0000019ade0b1390;
 .timescale -9 -12;
    .port_info 0 /INPUT 1 "clk";
    .port_info 1 /INPUT 1 "rst";
    .port_info 2 /INPUT 1 "irq_external";
    .port_info 3 /INPUT 1 "timer_int";
    .port_info 4 /INPUT 1 "soft_int";
    .port_info 5 /OUTPUT 16 "mem_fetch_addr";
    .port_info 6 /OUTPUT 32 "mem_read_addr";
    .port_info 7 /OUTPUT 32 "mem_write_addr";
    .port_info 8 /OUTPUT 32 "mem_data_in";
    .port_info 9 /OUTPUT 3 "mem_read_mode";
    .port_info 10 /OUTPUT 3 "mem_write_mode";
    .port_info 11 /INPUT 32 "mem_data_out";
    .port_info 12 /INPUT 32 "mem_instruction";
L_0000019ade1bced0 .functor BUFZ 32, v0000019ade1c0860_0, C4<00000000000000000000000000000000>, C4<00000000000000000000000000000000>, C4<00000000000000000000000000000000>;
L_0000019ade1bbff0 .functor BUFZ 32, L_0000019ade2a26a0, C4<00000000000000000000000000000000>, C4<00000000000000000000000000000000>, C4<00000000000000000000000000000000>;
L_0000019ade1bc060 .functor AND 1, L_0000019ade23dca0, L_0000019ade23cb20, C4<1>, C4<1>;
L_0000019ade1bd5d0 .functor OR 1, L_0000019ade23de80, L_0000019ade1bd560, C4<0>, C4<0>;
L_0000019ade1bbc70 .functor AND 1, L_0000019ade1bc060, L_0000019ade1bd5d0, C4<1>, C4<1>;
L_0000019ade1bc0d0 .functor AND 1, L_0000019ade23cd00, L_0000019ade23cee0, C4<1>, C4<1>;
L_0000019ade1bce60 .functor OR 1, L_0000019ade23df20, v0000019ade243880_0, C4<0>, C4<0>;
L_0000019ade1bd3a0 .functor AND 1, L_0000019ade1bc0d0, L_0000019ade1bce60, C4<1>, C4<1>;
L_0000019ade1bbce0 .functor AND 1, L_0000019ade23c440, L_0000019ade23d020, C4<1>, C4<1>;
L_0000019ade1bc7d0 .functor OR 1, L_0000019ade23d0c0, L_0000019ade2a2ba0, C4<0>, C4<0>;
L_0000019ade1bcdf0 .functor AND 1, L_0000019ade1bbce0, L_0000019ade1bc7d0, C4<1>, C4<1>;
L_0000019ade1bd640 .functor OR 1, L_0000019ade1bbc70, L_0000019ade1bd3a0, C4<0>, C4<0>;
L_0000019ade1bd6b0 .functor OR 1, L_0000019ade1bd640, L_0000019ade1bcdf0, C4<0>, C4<0>;
L_0000019ade1bc220 .functor AND 1, L_0000019ade2409a0, L_0000019ade2402c0, C4<1>, C4<1>;
L_0000019ade1bc680 .functor AND 1, L_0000019ade1bc220, L_0000019ade23e6a0, C4<1>, C4<1>;
L_0000019ade1bc300 .functor AND 1, L_0000019ade1bc680, L_0000019ade23fe60, C4<1>, C4<1>;
L_0000019ade1bc5a0 .functor AND 1, L_0000019ade1bc220, L_0000019ade23eb00, C4<1>, C4<1>;
L_0000019ade1bc840 .functor AND 1, L_0000019ade1bc5a0, L_0000019ade23f500, C4<1>, C4<1>;
L_0000019ade1bc8b0 .functor AND 1, L_0000019ade23f280, L_0000019ade240540, C4<1>, C4<1>;
L_0000019ade1bca70 .functor BUFZ 32, v0000019ade229f10_0, C4<00000000000000000000000000000000>, C4<00000000000000000000000000000000>, C4<00000000000000000000000000000000>;
L_0000019ade1bcae0 .functor AND 1, L_0000019ade240400, L_0000019ade2400e0, C4<1>, C4<1>;
L_0000019ade1bcc30 .functor OR 1, v0000019ade229d30_0, v0000019ade228390_0, C4<0>, C4<0>;
L_0000019ade1bcca0 .functor OR 1, L_0000019ade1bcc30, L_0000019ade23ee20, C4<0>, C4<0>;
L_0000019ade1bd800 .functor OR 1, L_0000019ade1bcca0, L_0000019ade23fc80, C4<0>, C4<0>;
L_0000019ade1bd9c0 .functor AND 1, L_0000019ade23fdc0, v0000019ade21f120_0, C4<1>, C4<1>;
L_0000019ade1bd790 .functor OR 1, L_0000019ade1bd800, L_0000019ade1bd9c0, C4<0>, C4<0>;
v0000019ade1470b0_0 .net "BRAMInstruction", 31 0, L_0000019ade23ce40;  1 drivers
v0000019ade147510_0 .var "BRAM_data_in", 31 0;
v0000019ade17e0e0_0 .net "BRAM_data_out", 31 0, L_0000019ade1bbff0;  1 drivers
v0000019ade17de60_0 .var "BRAM_load_mode", 2 0;
v0000019ade17e540_0 .var "BRAM_read_addr", 31 0;
v0000019ade17d320_0 .var "BRAM_store_mode", 2 0;
v0000019ade17df00_0 .var "BRAM_write_addr", 31 0;
v0000019ade18dfa0_0 .var "EX_csr_result", 31 0;
v0000019ade18d500_0 .var "EX_result", 31 0;
v0000019ade18e9a0_0 .net "IF_instruction", 31 0, L_0000019ade1bced0;  1 drivers
v0000019ade18ea40_0 .var "PC", 31 0;
v0000019ade18ef40_0 .var "PC_decode", 31 0;
v0000019ade1a2a90_0 .var "WB_rd_addr", 4 0;
v0000019ade1a3850_0 .var "WB_rd_data", 31 0;
v0000019ade1a23b0_0 .var "WB_write_enable", 0 0;
v0000019ade1a24f0_0 .net *"_ivl_100", 0 0, L_0000019ade1bd5d0;  1 drivers
v0000019ade1a30d0_0 .net *"_ivl_105", 0 0, L_0000019ade23cd00;  1 drivers
v0000019ade21db10_0 .net *"_ivl_107", 0 0, L_0000019ade23cee0;  1 drivers
v0000019ade21d250_0 .net *"_ivl_108", 0 0, L_0000019ade1bc0d0;  1 drivers
v0000019ade21d6b0_0 .net *"_ivl_111", 0 0, L_0000019ade23df20;  1 drivers
v0000019ade21c170_0 .net *"_ivl_112", 0 0, L_0000019ade1bce60;  1 drivers
v0000019ade21d750_0 .net *"_ivl_117", 0 0, L_0000019ade23c440;  1 drivers
v0000019ade21c2b0_0 .net *"_ivl_119", 0 0, L_0000019ade23d020;  1 drivers
v0000019ade21d570_0 .net *"_ivl_120", 0 0, L_0000019ade1bbce0;  1 drivers
v0000019ade21c350_0 .net *"_ivl_123", 0 0, L_0000019ade23d0c0;  1 drivers
v0000019ade21c530_0 .net *"_ivl_124", 0 0, L_0000019ade1bc7d0;  1 drivers
v0000019ade21cfd0_0 .net *"_ivl_128", 0 0, L_0000019ade1bd640;  1 drivers
L_0000019ade2440a0 .functor BUFT 1, C4<11>, C4<0>, C4<0>, C4<0>;
v0000019ade21ca30_0 .net/2u *"_ivl_144", 1 0, L_0000019ade2440a0;  1 drivers
v0000019ade21de30_0 .net *"_ivl_146", 0 0, L_0000019ade2409a0;  1 drivers
L_0000019ade2440e8 .functor BUFT 1, C4<00000>, C4<0>, C4<0>, C4<0>;
v0000019ade21ce90_0 .net/2u *"_ivl_148", 4 0, L_0000019ade2440e8;  1 drivers
v0000019ade21cdf0_0 .net *"_ivl_150", 0 0, L_0000019ade2402c0;  1 drivers
L_0000019ade244130 .functor BUFT 1, C4<10>, C4<0>, C4<0>, C4<0>;
v0000019ade21d2f0_0 .net/2u *"_ivl_154", 1 0, L_0000019ade244130;  1 drivers
v0000019ade21d1b0_0 .net *"_ivl_156", 0 0, L_0000019ade23d2a0;  1 drivers
v0000019ade21d4d0_0 .net *"_ivl_160", 0 0, L_0000019ade23e6a0;  1 drivers
v0000019ade21d390_0 .net *"_ivl_163", 0 0, L_0000019ade1bc680;  1 drivers
L_0000019ade244178 .functor BUFT 1, C4<00000>, C4<0>, C4<0>, C4<0>;
v0000019ade21d430_0 .net/2u *"_ivl_164", 4 0, L_0000019ade244178;  1 drivers
v0000019ade21d110_0 .net *"_ivl_166", 0 0, L_0000019ade23fe60;  1 drivers
v0000019ade21cb70_0 .net *"_ivl_169", 0 0, L_0000019ade1bc300;  1 drivers
v0000019ade21d610_0 .net *"_ivl_172", 0 0, L_0000019ade23eb00;  1 drivers
v0000019ade21c210_0 .net *"_ivl_175", 0 0, L_0000019ade1bc5a0;  1 drivers
L_0000019ade2441c0 .functor BUFT 1, C4<00000>, C4<0>, C4<0>, C4<0>;
v0000019ade21c030_0 .net/2u *"_ivl_176", 4 0, L_0000019ade2441c0;  1 drivers
v0000019ade21dcf0_0 .net *"_ivl_178", 0 0, L_0000019ade23f500;  1 drivers
v0000019ade21c670_0 .net *"_ivl_181", 0 0, L_0000019ade1bc840;  1 drivers
L_0000019ade244208 .functor BUFT 1, C4<01>, C4<0>, C4<0>, C4<0>;
v0000019ade21dd90_0 .net/2u *"_ivl_184", 1 0, L_0000019ade244208;  1 drivers
v0000019ade21cd50_0 .net *"_ivl_186", 0 0, L_0000019ade23f280;  1 drivers
v0000019ade21d7f0_0 .net *"_ivl_188", 0 0, L_0000019ade240540;  1 drivers
L_0000019ade244250 .functor BUFT 1, C4<01>, C4<0>, C4<0>, C4<0>;
v0000019ade21dbb0_0 .net/2u *"_ivl_194", 1 0, L_0000019ade244250;  1 drivers
v0000019ade21d890_0 .net *"_ivl_196", 0 0, L_0000019ade240400;  1 drivers
L_0000019ade244298 .functor BUFT 1, C4<001101000001>, C4<0>, C4<0>, C4<0>;
v0000019ade21dc50_0 .net/2u *"_ivl_198", 11 0, L_0000019ade244298;  1 drivers
v0000019ade21ded0_0 .net *"_ivl_200", 0 0, L_0000019ade2400e0;  1 drivers
v0000019ade21da70_0 .net *"_ivl_203", 0 0, L_0000019ade1bcae0;  1 drivers
v0000019ade21d930_0 .net *"_ivl_207", 0 0, L_0000019ade1bcc30;  1 drivers
L_0000019ade2442e0 .functor BUFT 1, C4<1101111>, C4<0>, C4<0>, C4<0>;
v0000019ade21c0d0_0 .net/2u *"_ivl_208", 6 0, L_0000019ade2442e0;  1 drivers
v0000019ade21ccb0_0 .net *"_ivl_210", 0 0, L_0000019ade23ee20;  1 drivers
v0000019ade21cc10_0 .net *"_ivl_213", 0 0, L_0000019ade1bcca0;  1 drivers
L_0000019ade244328 .functor BUFT 1, C4<1100111>, C4<0>, C4<0>, C4<0>;
v0000019ade21c710_0 .net/2u *"_ivl_214", 6 0, L_0000019ade244328;  1 drivers
v0000019ade21c8f0_0 .net *"_ivl_216", 0 0, L_0000019ade23fc80;  1 drivers
v0000019ade21cad0_0 .net *"_ivl_219", 0 0, L_0000019ade1bd800;  1 drivers
L_0000019ade244370 .functor BUFT 1, C4<1100011>, C4<0>, C4<0>, C4<0>;
v0000019ade21c3f0_0 .net/2u *"_ivl_220", 6 0, L_0000019ade244370;  1 drivers
v0000019ade21d070_0 .net *"_ivl_222", 0 0, L_0000019ade23fdc0;  1 drivers
v0000019ade21c490_0 .net *"_ivl_225", 0 0, L_0000019ade1bd9c0;  1 drivers
v0000019ade21d9d0_0 .net *"_ivl_23", 0 0, L_0000019ade23bea0;  1 drivers
v0000019ade21c5d0_0 .net *"_ivl_24", 19 0, L_0000019ade23c580;  1 drivers
v0000019ade21c7b0_0 .net *"_ivl_27", 11 0, L_0000019ade23c800;  1 drivers
v0000019ade21c850_0 .net *"_ivl_31", 0 0, L_0000019ade23dc00;  1 drivers
v0000019ade21c990_0 .net *"_ivl_32", 19 0, L_0000019ade23d700;  1 drivers
v0000019ade21cf30_0 .net *"_ivl_35", 6 0, L_0000019ade23d3e0;  1 drivers
v0000019ade21f4e0_0 .net *"_ivl_37", 4 0, L_0000019ade23d8e0;  1 drivers
L_0000019ade243ef0 .functor BUFT 1, C4<00000000000000000000000000000000>, C4<0>, C4<0>, C4<0>;
v0000019ade21f940_0 .net/2u *"_ivl_4", 31 0, L_0000019ade243ef0;  1 drivers
v0000019ade21f9e0_0 .net *"_ivl_41", 0 0, L_0000019ade23c080;  1 drivers
v0000019ade21e400_0 .net *"_ivl_42", 18 0, L_0000019ade23d7a0;  1 drivers
v0000019ade21ea40_0 .net *"_ivl_45", 0 0, L_0000019ade23c4e0;  1 drivers
v0000019ade21fb20_0 .net *"_ivl_47", 0 0, L_0000019ade23d480;  1 drivers
v0000019ade21fee0_0 .net *"_ivl_49", 5 0, L_0000019ade23dfc0;  1 drivers
v0000019ade21fc60_0 .net *"_ivl_51", 3 0, L_0000019ade23c940;  1 drivers
L_0000019ade243f38 .functor BUFT 1, C4<0>, C4<0>, C4<0>, C4<0>;
v0000019ade21ec20_0 .net/2u *"_ivl_52", 0 0, L_0000019ade243f38;  1 drivers
v0000019ade21f080_0 .net *"_ivl_57", 19 0, L_0000019ade23c120;  1 drivers
L_0000019ade243f80 .functor BUFT 1, C4<000000000000>, C4<0>, C4<0>, C4<0>;
v0000019ade21f580_0 .net/2u *"_ivl_58", 11 0, L_0000019ade243f80;  1 drivers
v0000019ade21f1c0_0 .net *"_ivl_63", 0 0, L_0000019ade23d840;  1 drivers
v0000019ade21ef40_0 .net *"_ivl_64", 10 0, L_0000019ade23c1c0;  1 drivers
v0000019ade21ecc0_0 .net *"_ivl_67", 0 0, L_0000019ade23c620;  1 drivers
v0000019ade21e680_0 .net *"_ivl_69", 7 0, L_0000019ade23dd40;  1 drivers
v0000019ade21fbc0_0 .net *"_ivl_71", 0 0, L_0000019ade23d980;  1 drivers
v0000019ade21e7c0_0 .net *"_ivl_73", 9 0, L_0000019ade23dde0;  1 drivers
L_0000019ade243fc8 .functor BUFT 1, C4<0>, C4<0>, C4<0>, C4<0>;
v0000019ade21fa80_0 .net/2u *"_ivl_74", 0 0, L_0000019ade243fc8;  1 drivers
L_0000019ade244010 .functor BUFT 1, C4<000000000000000000000000000>, C4<0>, C4<0>, C4<0>;
v0000019ade21f440_0 .net/2u *"_ivl_80", 26 0, L_0000019ade244010;  1 drivers
v0000019ade21fd00_0 .net *"_ivl_83", 4 0, L_0000019ade23cc60;  1 drivers
L_0000019ade244058 .functor BUFT 1, C4<00000000000000000000000000000000>, C4<0>, C4<0>, C4<0>;
v0000019ade21e0e0_0 .net/2u *"_ivl_88", 31 0, L_0000019ade244058;  1 drivers
v0000019ade21e040_0 .net *"_ivl_93", 0 0, L_0000019ade23dca0;  1 drivers
v0000019ade21fda0_0 .net *"_ivl_95", 0 0, L_0000019ade23cb20;  1 drivers
v0000019ade21eb80_0 .net *"_ivl_96", 0 0, L_0000019ade1bc060;  1 drivers
v0000019ade21ed60_0 .net *"_ivl_99", 0 0, L_0000019ade23de80;  1 drivers
v0000019ade21fe40_0 .var "alu_control", 3 0;
v0000019ade21f6c0_0 .net "alu_result", 31 0, v0000019ade1bfe60_0;  1 drivers
v0000019ade21f120_0 .var "branch_taken", 0 0;
v0000019ade21f260_0 .net "clk", 0 0, o0000019ade1cbf78;  alias, 0 drivers
v0000019ade21f760_0 .net "csr_addr", 11 0, L_0000019ade23da20;  1 drivers
v0000019ade21e180_0 .net "csr_forward", 0 0, L_0000019ade1bc8b0;  1 drivers
v0000019ade21ee00_0 .net "csr_forward_data", 31 0, L_0000019ade1bca70;  1 drivers
v0000019ade21e220_0 .var "csr_read_value", 31 0;
v0000019ade21f620_0 .var "cycle", 63 0;
v0000019ade21e2c0_0 .var "ebreak_instr", 0 0;
v0000019ade21eea0_0 .var "ecall_instr", 0 0;
v0000019ade21f800_0 .net "flush", 0 0, L_0000019ade1bd790;  1 drivers
v0000019ade21e720_0 .var "flush_d", 0 0;
v0000019ade21e360_0 .net "funct3", 2 0, L_0000019ade23c3a0;  1 drivers
v0000019ade21e4a0_0 .net "funct7", 6 0, L_0000019ade23c760;  1 drivers
v0000019ade21efe0_0 .var "illegal_instr", 0 0;
v0000019ade21f300_0 .net "imm_b", 31 0, L_0000019ade23d160;  1 drivers
v0000019ade21f3a0_0 .net "imm_i", 31 0, L_0000019ade23bf40;  1 drivers
v0000019ade21f8a0_0 .net "imm_j", 31 0, L_0000019ade23c9e0;  1 drivers
v0000019ade21e540_0 .net "imm_s", 31 0, L_0000019ade23c8a0;  1 drivers
v0000019ade21e5e0_0 .net "imm_u", 31 0, L_0000019ade23cf80;  1 drivers
v0000019ade21e860_0 .var "instret", 63 0;
v0000019ade21e900_0 .net "irq_ext", 0 0, L_0000019ade1bbc70;  1 drivers
v0000019ade21e9a0_0 .net "irq_external", 0 0, L_0000019ade1bd560;  alias, 1 drivers
v0000019ade21eae0_0 .net "irq_ready", 0 0, L_0000019ade1bd6b0;  1 drivers
v0000019ade228610_0 .net "irq_soft", 0 0, L_0000019ade1bd3a0;  1 drivers
v0000019ade229650_0 .net "irq_timer", 0 0, L_0000019ade1bcdf0;  1 drivers
v0000019ade22a730_0 .var "mcause", 31 0;
v0000019ade22a690_0 .net "mem_data_in", 31 0, v0000019ade147510_0;  alias, 1 drivers
v0000019ade228070_0 .net "mem_data_out", 31 0, L_0000019ade2a26a0;  alias, 1 drivers
v0000019ade228110_0 .net "mem_fetch_addr", 15 0, L_0000019ade23d200;  alias, 1 drivers
v0000019ade228a70_0 .net "mem_instruction", 31 0, v0000019ade1c0860_0;  alias, 1 drivers
v0000019ade2296f0_0 .net "mem_read_addr", 31 0, v0000019ade17e540_0;  alias, 1 drivers
v0000019ade22a2d0_0 .net "mem_read_mode", 2 0, v0000019ade17de60_0;  alias, 1 drivers
v0000019ade228f70_0 .net "mem_write_addr", 31 0, v0000019ade17df00_0;  alias, 1 drivers
v0000019ade229510_0 .net "mem_write_mode", 2 0, v0000019ade17d320_0;  alias, 1 drivers
v0000019ade22a4b0_0 .var "mepc", 31 0;
v0000019ade229830_0 .net "mepc_forwarded", 31 0, L_0000019ade23ff00;  1 drivers
v0000019ade229fb0_0 .var "mie", 31 0;
v0000019ade228250_0 .var "mip", 31 0;
L_0000019ade243ea8 .functor BUFT 1, C4<01000000000000000000000100000000>, C4<0>, C4<0>, C4<0>;
v0000019ade229790_0 .net "misa", 31 0, L_0000019ade243ea8;  1 drivers
v0000019ade229a10_0 .var "mret_instr", 0 0;
v0000019ade22a7d0_0 .var "mscratch", 31 0;
v0000019ade2281b0_0 .var "mstatus", 31 0;
v0000019ade2282f0_0 .var "mtval", 31 0;
v0000019ade228b10_0 .var "mtvec", 31 0;
v0000019ade2298d0_0 .var "next_PC", 31 0;
v0000019ade22a370_0 .net "opcode", 6 0, L_0000019ade23d5c0;  1 drivers
v0000019ade229010_0 .var "operand_a", 31 0;
v0000019ade2295b0_0 .var "operand_a_addr", 4 0;
v0000019ade22a550_0 .var "operand_b", 31 0;
v0000019ade229970_0 .var "operand_b_addr", 4 0;
v0000019ade229e70_0 .net "rd_addr", 4 0, L_0000019ade23bd60;  1 drivers
v0000019ade22a5f0_0 .net "rs1_addr", 4 0, L_0000019ade23d660;  1 drivers
v0000019ade229ab0_0 .net "rs1_data", 31 0, v0000019ade146ed0_0;  1 drivers
v0000019ade229b50_0 .net "rs1_data_fwd", 31 0, L_0000019ade23faa0;  1 drivers
v0000019ade229dd0_0 .net "rs2_addr", 4 0, L_0000019ade23db60;  1 drivers
v0000019ade2287f0_0 .net "rs2_data", 31 0, v0000019ade146070_0;  1 drivers
v0000019ade229bf0_0 .net "rs2_data_fwd", 31 0, L_0000019ade23e2e0;  1 drivers
v0000019ade229150_0 .net "rst", 0 0, o0000019ade1cccf8;  alias, 0 drivers
v0000019ade228430_0 .net "shamt", 4 0, L_0000019ade23be00;  1 drivers
v0000019ade229c90_0 .net "soft_int", 0 0, v0000019ade243880_0;  alias, 1 drivers
v0000019ade228390_0 .var "take_mret", 0 0;
v0000019ade229d30_0 .var "take_trap", 0 0;
v0000019ade2284d0_0 .net "timer_int", 0 0, L_0000019ade2a2ba0;  alias, 1 drivers
v0000019ade22a190_0 .var "toWB_Result_Reg", 31 0;
v0000019ade228570_0 .var "toWB_csr_addr_Reg", 11 0;
v0000019ade229f10_0 .var "toWB_csr_data_Reg", 31 0;
v0000019ade228bb0_0 .var "toWB_mode", 1 0;
v0000019ade228c50_0 .var "toWB_mode_Reg", 1 0;
v0000019ade2286b0_0 .var "toWB_rd_addr_Reg", 4 0;
v0000019ade228750_0 .var "trap_cause", 31 0;
v0000019ade2290b0_0 .var "trap_tval", 31 0;
v0000019ade228cf0_0 .net "uimm", 31 0, L_0000019ade23c260;  1 drivers
v0000019ade228890_0 .net "valid_instr", 0 0, L_0000019ade23ca80;  1 drivers
v0000019ade228930_0 .net "wb_forward_data", 31 0, L_0000019ade240040;  1 drivers
v0000019ade2289d0_0 .net "wb_write_gpr", 0 0, L_0000019ade1bc220;  1 drivers
E_0000019ade1691f0 .event anyedge, v0000019ade228c50_0, v0000019ade2286b0_0, v0000019ade22a190_0, v0000019ade17e0e0_0;
E_0000019ade1684b0/0 .event anyedge, v0000019ade22a5f0_0, v0000019ade229dd0_0, v0000019ade18ea40_0, v0000019ade22a370_0;
E_0000019ade1684b0/1 .event anyedge, v0000019ade21e5e0_0, v0000019ade18ef40_0, v0000019ade21f8a0_0, v0000019ade229b50_0;
E_0000019ade1684b0/2 .event anyedge, v0000019ade21f3a0_0, v0000019ade21f120_0, v0000019ade21f300_0, v0000019ade1bfe60_0;
E_0000019ade1684b0/3 .event anyedge, v0000019ade21e360_0, v0000019ade21e540_0, v0000019ade229bf0_0, v0000019ade1470b0_0;
E_0000019ade1684b0/4 .event anyedge, v0000019ade21f760_0, v0000019ade21e180_0, v0000019ade21ee00_0, v0000019ade21e220_0;
E_0000019ade1684b0/5 .event anyedge, v0000019ade228cf0_0, v0000019ade228890_0, v0000019ade21eae0_0, v0000019ade21eea0_0;
E_0000019ade1684b0/6 .event anyedge, v0000019ade21e2c0_0, v0000019ade21efe0_0, v0000019ade229a10_0, v0000019ade229d30_0;
E_0000019ade1684b0/7 .event anyedge, v0000019ade228b10_0, v0000019ade228390_0, v0000019ade229830_0;
E_0000019ade1684b0 .event/or E_0000019ade1684b0/0, E_0000019ade1684b0/1, E_0000019ade1684b0/2, E_0000019ade1684b0/3, E_0000019ade1684b0/4, E_0000019ade1684b0/5, E_0000019ade1684b0/6, E_0000019ade1684b0/7;
E_0000019ade168730/0 .event anyedge, v0000019ade21eae0_0, v0000019ade21e900_0, v0000019ade228610_0, v0000019ade21eea0_0;
E_0000019ade168730/1 .event anyedge, v0000019ade21e2c0_0, v0000019ade18ef40_0, v0000019ade1470b0_0;
E_0000019ade168730 .event/or E_0000019ade168730/0, E_0000019ade168730/1;
E_0000019ade1688b0 .event anyedge, v0000019ade21e360_0, v0000019ade229b50_0, v0000019ade229bf0_0;
L_0000019ade23ce40 .functor MUXZ 32, L_0000019ade1bced0, L_0000019ade243ef0, v0000019ade21e720_0, C4<>;
L_0000019ade23d5c0 .part L_0000019ade23ce40, 0, 7;
L_0000019ade23c3a0 .part L_0000019ade23ce40, 12, 3;
L_0000019ade23c760 .part L_0000019ade23ce40, 25, 7;
L_0000019ade23d660 .part L_0000019ade23ce40, 15, 5;
L_0000019ade23db60 .part L_0000019ade23ce40, 20, 5;
L_0000019ade23bd60 .part L_0000019ade23ce40, 7, 5;
L_0000019ade23be00 .part L_0000019ade23ce40, 20, 5;
L_0000019ade23bea0 .part L_0000019ade23ce40, 31, 1;
LS_0000019ade23c580_0_0 .concat [ 1 1 1 1], L_0000019ade23bea0, L_0000019ade23bea0, L_0000019ade23bea0, L_0000019ade23bea0;
LS_0000019ade23c580_0_4 .concat [ 1 1 1 1], L_0000019ade23bea0, L_0000019ade23bea0, L_0000019ade23bea0, L_0000019ade23bea0;
LS_0000019ade23c580_0_8 .concat [ 1 1 1 1], L_0000019ade23bea0, L_0000019ade23bea0, L_0000019ade23bea0, L_0000019ade23bea0;
LS_0000019ade23c580_0_12 .concat [ 1 1 1 1], L_0000019ade23bea0, L_0000019ade23bea0, L_0000019ade23bea0, L_0000019ade23bea0;
LS_0000019ade23c580_0_16 .concat [ 1 1 1 1], L_0000019ade23bea0, L_0000019ade23bea0, L_0000019ade23bea0, L_0000019ade23bea0;
LS_0000019ade23c580_1_0 .concat [ 4 4 4 4], LS_0000019ade23c580_0_0, LS_0000019ade23c580_0_4, LS_0000019ade23c580_0_8, LS_0000019ade23c580_0_12;
LS_0000019ade23c580_1_4 .concat [ 4 0 0 0], LS_0000019ade23c580_0_16;
L_0000019ade23c580 .concat [ 16 4 0 0], LS_0000019ade23c580_1_0, LS_0000019ade23c580_1_4;
L_0000019ade23c800 .part L_0000019ade23ce40, 20, 12;
L_0000019ade23bf40 .concat [ 12 20 0 0], L_0000019ade23c800, L_0000019ade23c580;
L_0000019ade23dc00 .part L_0000019ade23ce40, 31, 1;
LS_0000019ade23d700_0_0 .concat [ 1 1 1 1], L_0000019ade23dc00, L_0000019ade23dc00, L_0000019ade23dc00, L_0000019ade23dc00;
LS_0000019ade23d700_0_4 .concat [ 1 1 1 1], L_0000019ade23dc00, L_0000019ade23dc00, L_0000019ade23dc00, L_0000019ade23dc00;
LS_0000019ade23d700_0_8 .concat [ 1 1 1 1], L_0000019ade23dc00, L_0000019ade23dc00, L_0000019ade23dc00, L_0000019ade23dc00;
LS_0000019ade23d700_0_12 .concat [ 1 1 1 1], L_0000019ade23dc00, L_0000019ade23dc00, L_0000019ade23dc00, L_0000019ade23dc00;
LS_0000019ade23d700_0_16 .concat [ 1 1 1 1], L_0000019ade23dc00, L_0000019ade23dc00, L_0000019ade23dc00, L_0000019ade23dc00;
LS_0000019ade23d700_1_0 .concat [ 4 4 4 4], LS_0000019ade23d700_0_0, LS_0000019ade23d700_0_4, LS_0000019ade23d700_0_8, LS_0000019ade23d700_0_12;
LS_0000019ade23d700_1_4 .concat [ 4 0 0 0], LS_0000019ade23d700_0_16;
L_0000019ade23d700 .concat [ 16 4 0 0], LS_0000019ade23d700_1_0, LS_0000019ade23d700_1_4;
L_0000019ade23d3e0 .part L_0000019ade23ce40, 25, 7;
L_0000019ade23d8e0 .part L_0000019ade23ce40, 7, 5;
L_0000019ade23c8a0 .concat [ 5 7 20 0], L_0000019ade23d8e0, L_0000019ade23d3e0, L_0000019ade23d700;
L_0000019ade23c080 .part L_0000019ade23ce40, 31, 1;
LS_0000019ade23d7a0_0_0 .concat [ 1 1 1 1], L_0000019ade23c080, L_0000019ade23c080, L_0000019ade23c080, L_0000019ade23c080;
LS_0000019ade23d7a0_0_4 .concat [ 1 1 1 1], L_0000019ade23c080, L_0000019ade23c080, L_0000019ade23c080, L_0000019ade23c080;
LS_0000019ade23d7a0_0_8 .concat [ 1 1 1 1], L_0000019ade23c080, L_0000019ade23c080, L_0000019ade23c080, L_0000019ade23c080;
LS_0000019ade23d7a0_0_12 .concat [ 1 1 1 1], L_0000019ade23c080, L_0000019ade23c080, L_0000019ade23c080, L_0000019ade23c080;
LS_0000019ade23d7a0_0_16 .concat [ 1 1 1 0], L_0000019ade23c080, L_0000019ade23c080, L_0000019ade23c080;
LS_0000019ade23d7a0_1_0 .concat [ 4 4 4 4], LS_0000019ade23d7a0_0_0, LS_0000019ade23d7a0_0_4, LS_0000019ade23d7a0_0_8, LS_0000019ade23d7a0_0_12;
LS_0000019ade23d7a0_1_4 .concat [ 3 0 0 0], LS_0000019ade23d7a0_0_16;
L_0000019ade23d7a0 .concat [ 16 3 0 0], LS_0000019ade23d7a0_1_0, LS_0000019ade23d7a0_1_4;
L_0000019ade23c4e0 .part L_0000019ade23ce40, 31, 1;
L_0000019ade23d480 .part L_0000019ade23ce40, 7, 1;
L_0000019ade23dfc0 .part L_0000019ade23ce40, 25, 6;
L_0000019ade23c940 .part L_0000019ade23ce40, 8, 4;
LS_0000019ade23d160_0_0 .concat [ 1 4 6 1], L_0000019ade243f38, L_0000019ade23c940, L_0000019ade23dfc0, L_0000019ade23d480;
LS_0000019ade23d160_0_4 .concat [ 1 19 0 0], L_0000019ade23c4e0, L_0000019ade23d7a0;
L_0000019ade23d160 .concat [ 12 20 0 0], LS_0000019ade23d160_0_0, LS_0000019ade23d160_0_4;
L_0000019ade23c120 .part L_0000019ade23ce40, 12, 20;
L_0000019ade23cf80 .concat [ 12 20 0 0], L_0000019ade243f80, L_0000019ade23c120;
L_0000019ade23d840 .part L_0000019ade23ce40, 31, 1;
LS_0000019ade23c1c0_0_0 .concat [ 1 1 1 1], L_0000019ade23d840, L_0000019ade23d840, L_0000019ade23d840, L_0000019ade23d840;
LS_0000019ade23c1c0_0_4 .concat [ 1 1 1 1], L_0000019ade23d840, L_0000019ade23d840, L_0000019ade23d840, L_0000019ade23d840;
LS_0000019ade23c1c0_0_8 .concat [ 1 1 1 0], L_0000019ade23d840, L_0000019ade23d840, L_0000019ade23d840;
L_0000019ade23c1c0 .concat [ 4 4 3 0], LS_0000019ade23c1c0_0_0, LS_0000019ade23c1c0_0_4, LS_0000019ade23c1c0_0_8;
L_0000019ade23c620 .part L_0000019ade23ce40, 31, 1;
L_0000019ade23dd40 .part L_0000019ade23ce40, 12, 8;
L_0000019ade23d980 .part L_0000019ade23ce40, 20, 1;
L_0000019ade23dde0 .part L_0000019ade23ce40, 21, 10;
LS_0000019ade23c9e0_0_0 .concat [ 1 10 1 8], L_0000019ade243fc8, L_0000019ade23dde0, L_0000019ade23d980, L_0000019ade23dd40;
LS_0000019ade23c9e0_0_4 .concat [ 1 11 0 0], L_0000019ade23c620, L_0000019ade23c1c0;
L_0000019ade23c9e0 .concat [ 20 12 0 0], LS_0000019ade23c9e0_0_0, LS_0000019ade23c9e0_0_4;
L_0000019ade23da20 .part L_0000019ade23ce40, 20, 12;
L_0000019ade23cc60 .part L_0000019ade23ce40, 15, 5;
L_0000019ade23c260 .concat [ 5 27 0 0], L_0000019ade23cc60, L_0000019ade244010;
L_0000019ade23ca80 .cmp/ne 32, L_0000019ade23ce40, L_0000019ade244058;
L_0000019ade23dca0 .part v0000019ade2281b0_0, 3, 1;
L_0000019ade23cb20 .part v0000019ade229fb0_0, 11, 1;
L_0000019ade23de80 .part v0000019ade228250_0, 11, 1;
L_0000019ade23cd00 .part v0000019ade2281b0_0, 3, 1;
L_0000019ade23cee0 .part v0000019ade229fb0_0, 3, 1;
L_0000019ade23df20 .part v0000019ade228250_0, 3, 1;
L_0000019ade23c440 .part v0000019ade2281b0_0, 3, 1;
L_0000019ade23d020 .part v0000019ade229fb0_0, 7, 1;
L_0000019ade23d0c0 .part v0000019ade228250_0, 7, 1;
L_0000019ade23d200 .part v0000019ade18ea40_0, 0, 16;
L_0000019ade2409a0 .cmp/ne 2, v0000019ade228c50_0, L_0000019ade2440a0;
L_0000019ade2402c0 .cmp/ne 5, v0000019ade2286b0_0, L_0000019ade2440e8;
L_0000019ade23d2a0 .cmp/eq 2, v0000019ade228c50_0, L_0000019ade244130;
L_0000019ade240040 .functor MUXZ 32, v0000019ade22a190_0, L_0000019ade1bbff0, L_0000019ade23d2a0, C4<>;
L_0000019ade23e6a0 .cmp/eq 5, v0000019ade2286b0_0, L_0000019ade23d660;
L_0000019ade23fe60 .cmp/ne 5, L_0000019ade23d660, L_0000019ade244178;
L_0000019ade23faa0 .functor MUXZ 32, v0000019ade146ed0_0, L_0000019ade240040, L_0000019ade1bc300, C4<>;
L_0000019ade23eb00 .cmp/eq 5, v0000019ade2286b0_0, L_0000019ade23db60;
L_0000019ade23f500 .cmp/ne 5, L_0000019ade23db60, L_0000019ade2441c0;
L_0000019ade23e2e0 .functor MUXZ 32, v0000019ade146070_0, L_0000019ade240040, L_0000019ade1bc840, C4<>;
L_0000019ade23f280 .cmp/eq 2, v0000019ade228c50_0, L_0000019ade244208;
L_0000019ade240540 .cmp/eq 12, v0000019ade228570_0, L_0000019ade23da20;
L_0000019ade240400 .cmp/eq 2, v0000019ade228c50_0, L_0000019ade244250;
L_0000019ade2400e0 .cmp/eq 12, v0000019ade228570_0, L_0000019ade244298;
L_0000019ade23ff00 .functor MUXZ 32, v0000019ade22a4b0_0, v0000019ade229f10_0, L_0000019ade1bcae0, C4<>;
L_0000019ade23ee20 .cmp/eq 7, L_0000019ade23d5c0, L_0000019ade2442e0;
L_0000019ade23fc80 .cmp/eq 7, L_0000019ade23d5c0, L_0000019ade244328;
L_0000019ade23fdc0 .cmp/eq 7, L_0000019ade23d5c0, L_0000019ade244370;
S_0000019ade09c480 .scope function.vec4.s32, "GetCSR" "GetCSR" 4 216, 4 216 0, S_0000019ade0cd270;
 .timescale -9 -12;
; Variable GetCSR is vec4 return value of scope S_0000019ade09c480
v0000019ade1c04a0_0 .var "addr", 11 0;
TD_TopLayer.cpu.GetCSR ;
    %load/vec4 v0000019ade1c04a0_0;
    %dup/vec4;
    %pushi/vec4 768, 0, 12;
    %cmp/u;
    %jmp/1 T_0.0, 6;
    %dup/vec4;
    %pushi/vec4 769, 0, 12;
    %cmp/u;
    %jmp/1 T_0.1, 6;
    %dup/vec4;
    %pushi/vec4 772, 0, 12;
    %cmp/u;
    %jmp/1 T_0.2, 6;
    %dup/vec4;
    %pushi/vec4 773, 0, 12;
    %cmp/u;
    %jmp/1 T_0.3, 6;
    %dup/vec4;
    %pushi/vec4 832, 0, 12;
    %cmp/u;
    %jmp/1 T_0.4, 6;
    %dup/vec4;
    %pushi/vec4 833, 0, 12;
    %cmp/u;
    %jmp/1 T_0.5, 6;
    %dup/vec4;
    %pushi/vec4 834, 0, 12;
    %cmp/u;
    %jmp/1 T_0.6, 6;
    %dup/vec4;
    %pushi/vec4 835, 0, 12;
    %cmp/u;
    %jmp/1 T_0.7, 6;
    %dup/vec4;
    %pushi/vec4 836, 0, 12;
    %cmp/u;
    %jmp/1 T_0.8, 6;
    %dup/vec4;
    %pushi/vec4 3072, 0, 12;
    %cmp/u;
    %jmp/1 T_0.9, 6;
    %dup/vec4;
    %pushi/vec4 3074, 0, 12;
    %cmp/u;
    %jmp/1 T_0.10, 6;
    %dup/vec4;
    %pushi/vec4 3200, 0, 12;
    %cmp/u;
    %jmp/1 T_0.11, 6;
    %dup/vec4;
    %pushi/vec4 3202, 0, 12;
    %cmp/u;
    %jmp/1 T_0.12, 6;
    %pushi/vec4 0, 0, 32;
    %ret/vec4 0, 0, 32;  Assign to GetCSR (store_vec4_to_lval)
    %jmp T_0.14;
T_0.0 ;
    %load/vec4 v0000019ade2281b0_0;
    %ret/vec4 0, 0, 32;  Assign to GetCSR (store_vec4_to_lval)
    %jmp T_0.14;
T_0.1 ;
    %load/vec4 v0000019ade229790_0;
    %ret/vec4 0, 0, 32;  Assign to GetCSR (store_vec4_to_lval)
    %jmp T_0.14;
T_0.2 ;
    %load/vec4 v0000019ade229fb0_0;
    %ret/vec4 0, 0, 32;  Assign to GetCSR (store_vec4_to_lval)
    %jmp T_0.14;
T_0.3 ;
    %load/vec4 v0000019ade228b10_0;
    %ret/vec4 0, 0, 32;  Assign to GetCSR (store_vec4_to_lval)
    %jmp T_0.14;
T_0.4 ;
    %load/vec4 v0000019ade22a7d0_0;
    %ret/vec4 0, 0, 32;  Assign to GetCSR (store_vec4_to_lval)
    %jmp T_0.14;
T_0.5 ;
    %load/vec4 v0000019ade22a4b0_0;
    %ret/vec4 0, 0, 32;  Assign to GetCSR (store_vec4_to_lval)
    %jmp T_0.14;
T_0.6 ;
    %load/vec4 v0000019ade22a730_0;
    %ret/vec4 0, 0, 32;  Assign to GetCSR (store_vec4_to_lval)
    %jmp T_0.14;
T_0.7 ;
    %load/vec4 v0000019ade2282f0_0;
    %ret/vec4 0, 0, 32;  Assign to GetCSR (store_vec4_to_lval)
    %jmp T_0.14;
T_0.8 ;
    %load/vec4 v0000019ade228250_0;
    %ret/vec4 0, 0, 32;  Assign to GetCSR (store_vec4_to_lval)
    %jmp T_0.14;
T_0.9 ;
    %load/vec4 v0000019ade21f620_0;
    %parti/s 32, 0, 2;
    %ret/vec4 0, 0, 32;  Assign to GetCSR (store_vec4_to_lval)
    %jmp T_0.14;
T_0.10 ;
    %load/vec4 v0000019ade21e860_0;
    %parti/s 32, 0, 2;
    %ret/vec4 0, 0, 32;  Assign to GetCSR (store_vec4_to_lval)
    %jmp T_0.14;
T_0.11 ;
    %load/vec4 v0000019ade21f620_0;
    %parti/s 32, 32, 7;
    %ret/vec4 0, 0, 32;  Assign to GetCSR (store_vec4_to_lval)
    %jmp T_0.14;
T_0.12 ;
    %load/vec4 v0000019ade21e860_0;
    %parti/s 32, 32, 7;
    %ret/vec4 0, 0, 32;  Assign to GetCSR (store_vec4_to_lval)
    %jmp T_0.14;
T_0.14 ;
    %pop/vec4 1;
    %end;
S_0000019ade09c610 .scope task, "SetCSR" "SetCSR" 4 238, 4 238 0, S_0000019ade0cd270;
 .timescale -9 -12;
v0000019ade1c1800_0 .var "addr", 11 0;
v0000019ade1bfdc0_0 .var "value", 31 0;
TD_TopLayer.cpu.SetCSR ;
    %load/vec4 v0000019ade1c1800_0;
    %dup/vec4;
    %pushi/vec4 768, 0, 12;
    %cmp/u;
    %jmp/1 T_1.15, 6;
    %dup/vec4;
    %pushi/vec4 772, 0, 12;
    %cmp/u;
    %jmp/1 T_1.16, 6;
    %dup/vec4;
    %pushi/vec4 773, 0, 12;
    %cmp/u;
    %jmp/1 T_1.17, 6;
    %dup/vec4;
    %pushi/vec4 832, 0, 12;
    %cmp/u;
    %jmp/1 T_1.18, 6;
    %dup/vec4;
    %pushi/vec4 833, 0, 12;
    %cmp/u;
    %jmp/1 T_1.19, 6;
    %dup/vec4;
    %pushi/vec4 834, 0, 12;
    %cmp/u;
    %jmp/1 T_1.20, 6;
    %dup/vec4;
    %pushi/vec4 835, 0, 12;
    %cmp/u;
    %jmp/1 T_1.21, 6;
    %dup/vec4;
    %pushi/vec4 836, 0, 12;
    %cmp/u;
    %jmp/1 T_1.22, 6;
    %jmp T_1.24;
T_1.15 ;
    %load/vec4 v0000019ade1bfdc0_0;
    %assign/vec4 v0000019ade2281b0_0, 0;
    %jmp T_1.24;
T_1.16 ;
    %load/vec4 v0000019ade1bfdc0_0;
    %assign/vec4 v0000019ade229fb0_0, 0;
    %jmp T_1.24;
T_1.17 ;
    %load/vec4 v0000019ade1bfdc0_0;
    %assign/vec4 v0000019ade228b10_0, 0;
    %jmp T_1.24;
T_1.18 ;
    %load/vec4 v0000019ade1bfdc0_0;
    %assign/vec4 v0000019ade22a7d0_0, 0;
    %jmp T_1.24;
T_1.19 ;
    %load/vec4 v0000019ade1bfdc0_0;
    %assign/vec4 v0000019ade22a4b0_0, 0;
    %jmp T_1.24;
T_1.20 ;
    %load/vec4 v0000019ade1bfdc0_0;
    %assign/vec4 v0000019ade22a730_0, 0;
    %jmp T_1.24;
T_1.21 ;
    %load/vec4 v0000019ade1bfdc0_0;
    %assign/vec4 v0000019ade2282f0_0, 0;
    %jmp T_1.24;
T_1.22 ;
    %load/vec4 v0000019ade1bfdc0_0;
    %assign/vec4 v0000019ade228250_0, 0;
    %jmp T_1.24;
T_1.24 ;
    %pop/vec4 1;
    %end;
S_0000019ade03e010 .scope module, "alu" "ALU" 4 205, 5 2 0, S_0000019ade0cd270;
 .timescale -9 -12;
    .port_info 0 /INPUT 4 "alu_control";
    .port_info 1 /INPUT 32 "operand_a";
    .port_info 2 /INPUT 32 "operand_b";
    .port_info 3 /OUTPUT 32 "alu_result";
L_0000019ade1bcb50 .functor BUFZ 32, v0000019ade229010_0, C4<00000000000000000000000000000000>, C4<00000000000000000000000000000000>, C4<00000000000000000000000000000000>;
L_0000019ade1bcbc0 .functor BUFZ 32, v0000019ade22a550_0, C4<00000000000000000000000000000000>, C4<00000000000000000000000000000000>, C4<00000000000000000000000000000000>;
v0000019ade1c1b20_0 .net "alu_control", 3 0, v0000019ade21fe40_0;  1 drivers
v0000019ade1bfe60_0 .var "alu_result", 31 0;
v0000019ade1c0540_0 .net "operand_a", 31 0, v0000019ade229010_0;  1 drivers
v0000019ade1c02c0_0 .net "operand_b", 31 0, v0000019ade22a550_0;  1 drivers
v0000019ade1c0cc0_0 .net/s "signed_a", 31 0, L_0000019ade1bcb50;  1 drivers
v0000019ade1c0d60_0 .net/s "signed_b", 31 0, L_0000019ade1bcbc0;  1 drivers
E_0000019ade168c30/0 .event anyedge, v0000019ade1c1b20_0, v0000019ade1c0540_0, v0000019ade1c02c0_0, v0000019ade1c0cc0_0;
E_0000019ade168c30/1 .event anyedge, v0000019ade1c0d60_0;
E_0000019ade168c30 .event/or E_0000019ade168c30/0, E_0000019ade168c30/1;
S_0000019ade03e1a0 .scope module, "registry" "Registry" 4 184, 6 3 0, S_0000019ade0cd270;
 .timescale -9 -12;
    .port_info 0 /INPUT 1 "clk";
    .port_info 1 /INPUT 1 "rst";
    .port_info 2 /INPUT 5 "rs1_addr";
    .port_info 3 /INPUT 5 "rs2_addr";
    .port_info 4 /INPUT 5 "rd_addr";
    .port_info 5 /INPUT 32 "rd_data";
    .port_info 6 /INPUT 1 "reg_write_enable";
    .port_info 7 /OUTPUT 32 "rs1_data";
    .port_info 8 /OUTPUT 32 "rs2_data";
v0000019ade1c0720_0 .net "clk", 0 0, o0000019ade1cbf78;  alias, 0 drivers
v0000019ade145990_0 .net "rd_addr", 4 0, v0000019ade1a2a90_0;  1 drivers
v0000019ade147330_0 .net "rd_data", 31 0, v0000019ade1a3850_0;  1 drivers
v0000019ade146e30_0 .net "reg_write_enable", 0 0, v0000019ade1a23b0_0;  1 drivers
v0000019ade145d50 .array "registers", 0 31, 31 0;
v0000019ade147150_0 .net "rs1_addr", 4 0, v0000019ade2295b0_0;  1 drivers
v0000019ade146ed0_0 .var "rs1_data", 31 0;
v0000019ade145e90_0 .net "rs2_addr", 4 0, v0000019ade229970_0;  1 drivers
v0000019ade146070_0 .var "rs2_data", 31 0;
v0000019ade1464d0_0 .net "rst", 0 0, o0000019ade1cccf8;  alias, 0 drivers
E_0000019ade169670 .event posedge, v0000019ade1464d0_0, v0000019ade1c1080_0;
v0000019ade145d50_0 .array/port v0000019ade145d50, 0;
v0000019ade145d50_1 .array/port v0000019ade145d50, 1;
v0000019ade145d50_2 .array/port v0000019ade145d50, 2;
E_0000019ade169d30/0 .event anyedge, v0000019ade147150_0, v0000019ade145d50_0, v0000019ade145d50_1, v0000019ade145d50_2;
v0000019ade145d50_3 .array/port v0000019ade145d50, 3;
v0000019ade145d50_4 .array/port v0000019ade145d50, 4;
v0000019ade145d50_5 .array/port v0000019ade145d50, 5;
v0000019ade145d50_6 .array/port v0000019ade145d50, 6;
E_0000019ade169d30/1 .event anyedge, v0000019ade145d50_3, v0000019ade145d50_4, v0000019ade145d50_5, v0000019ade145d50_6;
v0000019ade145d50_7 .array/port v0000019ade145d50, 7;
v0000019ade145d50_8 .array/port v0000019ade145d50, 8;
v0000019ade145d50_9 .array/port v0000019ade145d50, 9;
v0000019ade145d50_10 .array/port v0000019ade145d50, 10;
E_0000019ade169d30/2 .event anyedge, v0000019ade145d50_7, v0000019ade145d50_8, v0000019ade145d50_9, v0000019ade145d50_10;
v0000019ade145d50_11 .array/port v0000019ade145d50, 11;
v0000019ade145d50_12 .array/port v0000019ade145d50, 12;
v0000019ade145d50_13 .array/port v0000019ade145d50, 13;
v0000019ade145d50_14 .array/port v0000019ade145d50, 14;
E_0000019ade169d30/3 .event anyedge, v0000019ade145d50_11, v0000019ade145d50_12, v0000019ade145d50_13, v0000019ade145d50_14;
v0000019ade145d50_15 .array/port v0000019ade145d50, 15;
v0000019ade145d50_16 .array/port v0000019ade145d50, 16;
v0000019ade145d50_17 .array/port v0000019ade145d50, 17;
v0000019ade145d50_18 .array/port v0000019ade145d50, 18;
E_0000019ade169d30/4 .event anyedge, v0000019ade145d50_15, v0000019ade145d50_16, v0000019ade145d50_17, v0000019ade145d50_18;
v0000019ade145d50_19 .array/port v0000019ade145d50, 19;
v0000019ade145d50_20 .array/port v0000019ade145d50, 20;
v0000019ade145d50_21 .array/port v0000019ade145d50, 21;
v0000019ade145d50_22 .array/port v0000019ade145d50, 22;
E_0000019ade169d30/5 .event anyedge, v0000019ade145d50_19, v0000019ade145d50_20, v0000019ade145d50_21, v0000019ade145d50_22;
v0000019ade145d50_23 .array/port v0000019ade145d50, 23;
v0000019ade145d50_24 .array/port v0000019ade145d50, 24;
v0000019ade145d50_25 .array/port v0000019ade145d50, 25;
v0000019ade145d50_26 .array/port v0000019ade145d50, 26;
E_0000019ade169d30/6 .event anyedge, v0000019ade145d50_23, v0000019ade145d50_24, v0000019ade145d50_25, v0000019ade145d50_26;
v0000019ade145d50_27 .array/port v0000019ade145d50, 27;
v0000019ade145d50_28 .array/port v0000019ade145d50, 28;
v0000019ade145d50_29 .array/port v0000019ade145d50, 29;
v0000019ade145d50_30 .array/port v0000019ade145d50, 30;
E_0000019ade169d30/7 .event anyedge, v0000019ade145d50_27, v0000019ade145d50_28, v0000019ade145d50_29, v0000019ade145d50_30;
v0000019ade145d50_31 .array/port v0000019ade145d50, 31;
E_0000019ade169d30/8 .event anyedge, v0000019ade145d50_31, v0000019ade145e90_0;
E_0000019ade169d30 .event/or E_0000019ade169d30/0, E_0000019ade169d30/1, E_0000019ade169d30/2, E_0000019ade169d30/3, E_0000019ade169d30/4, E_0000019ade169d30/5, E_0000019ade169d30/6, E_0000019ade169d30/7, E_0000019ade169d30/8;
S_0000019ade092ab0 .scope begin, "rst_loop" "rst_loop" 6 24, 6 24 0, S_0000019ade03e1a0;
 .timescale -9 -12;
v0000019ade1c0e00_0 .var/i "i", 31 0;
S_0000019ade092c40 .scope module, "gpio_bank" "GPIO" 2 194, 7 27 0, S_0000019ade0b1390;
 .timescale -9 -12;
    .port_info 0 /INPUT 1 "clk";
    .port_info 1 /INPUT 1 "rst";
    .port_info 2 /INPUT 32 "pin_in";
    .port_info 3 /OUTPUT 32 "pin_out";
    .port_info 4 /INPUT 4 "waddr";
    .port_info 5 /INPUT 1 "we";
    .port_info 6 /INPUT 32 "wdata";
    .port_info 7 /INPUT 4 "raddr";
    .port_info 8 /OUTPUT 32 "rdata";
    .port_info 9 /OUTPUT 1 "irq";
P_0000019ade0027a0 .param/l "SLOT_CLR" 1 7 50, C4<0100>;
P_0000019ade0027d8 .param/l "SLOT_DATA_IN" 1 7 46, C4<0000>;
P_0000019ade002810 .param/l "SLOT_DATA_OUT" 1 7 47, C4<0001>;
P_0000019ade002848 .param/l "SLOT_DIR" 1 7 48, C4<0010>;
P_0000019ade002880 .param/l "SLOT_INT_ENABLE" 1 7 51, C4<0101>;
P_0000019ade0028b8 .param/l "SLOT_INT_FALL_EN" 1 7 53, C4<0111>;
P_0000019ade0028f0 .param/l "SLOT_INT_PENDING" 1 7 54, C4<1000>;
P_0000019ade002928 .param/l "SLOT_INT_RISE_EN" 1 7 52, C4<0110>;
P_0000019ade002960 .param/l "SLOT_SET" 1 7 49, C4<0011>;
P_0000019ade002998 .param/l "WIDTH" 0 7 28, +C4<00000000000000000000000000100000>;
L_0000019ade1bd8e0 .functor NOT 32, v0000019ade22be50_0, C4<00000000000000000000000000000000>, C4<00000000000000000000000000000000>, C4<00000000000000000000000000000000>;
L_0000019ade1bd950 .functor AND 32, v0000019ade22b270_0, L_0000019ade1bd8e0, C4<11111111111111111111111111111111>, C4<11111111111111111111111111111111>;
L_0000019ade158010 .functor NOT 32, v0000019ade22b270_0, C4<00000000000000000000000000000000>, C4<00000000000000000000000000000000>, C4<00000000000000000000000000000000>;
L_0000019ade158080 .functor AND 32, L_0000019ade158010, v0000019ade22be50_0, C4<11111111111111111111111111111111>, C4<11111111111111111111111111111111>;
L_0000019ade156950 .functor AND 32, v0000019ade22bdb0_0, L_0000019ade1bd950, C4<11111111111111111111111111111111>, C4<11111111111111111111111111111111>;
L_0000019ade156cd0 .functor AND 32, v0000019ade22acd0_0, L_0000019ade158080, C4<11111111111111111111111111111111>, C4<11111111111111111111111111111111>;
L_0000019ade156f00 .functor OR 32, L_0000019ade156950, L_0000019ade156cd0, C4<00000000000000000000000000000000>, C4<00000000000000000000000000000000>;
L_0000019ade1578a0 .functor AND 32, v0000019ade22bd10_0, L_0000019ade156f00, C4<11111111111111111111111111111111>, C4<11111111111111111111111111111111>;
L_0000019ade1572f0 .functor AND 32, v0000019ade147510_0, v0000019ade229470_0, C4<11111111111111111111111111111111>, C4<11111111111111111111111111111111>;
L_0000019ade157600 .functor AND 1, L_0000019ade1bdaa0, L_0000019ade23e740, C4<1>, C4<1>;
L_0000019ade1562c0 .functor BUFZ 32, v0000019ade2293d0_0, C4<00000000000000000000000000000000>, C4<00000000000000000000000000000000>, C4<00000000000000000000000000000000>;
v0000019ade22a050_0 .net *"_ivl_0", 31 0, L_0000019ade1bd8e0;  1 drivers
v0000019ade22a410_0 .net *"_ivl_10", 31 0, L_0000019ade156cd0;  1 drivers
v0000019ade229330_0 .net *"_ivl_12", 31 0, L_0000019ade156f00;  1 drivers
L_0000019ade244568 .functor BUFT 1, C4<1000>, C4<0>, C4<0>, C4<0>;
v0000019ade228d90_0 .net/2u *"_ivl_18", 3 0, L_0000019ade244568;  1 drivers
v0000019ade228e30_0 .net *"_ivl_20", 0 0, L_0000019ade23e740;  1 drivers
v0000019ade228ed0_0 .net *"_ivl_23", 0 0, L_0000019ade157600;  1 drivers
L_0000019ade2445b0 .functor BUFT 1, C4<00000000000000000000000000000000>, C4<0>, C4<0>, C4<0>;
v0000019ade22a0f0_0 .net/2u *"_ivl_24", 31 0, L_0000019ade2445b0;  1 drivers
v0000019ade22a230_0 .net *"_ivl_4", 31 0, L_0000019ade158010;  1 drivers
v0000019ade2291f0_0 .net *"_ivl_8", 31 0, L_0000019ade156950;  1 drivers
v0000019ade229290_0 .net "clk", 0 0, o0000019ade1cbf78;  alias, 0 drivers
v0000019ade2293d0_0 .var "data_out", 31 0;
v0000019ade229470_0 .var "dir", 31 0;
v0000019ade22b810_0 .net "edge_fire", 31 0, L_0000019ade1578a0;  1 drivers
v0000019ade22b450_0 .net "falling_edge", 31 0, L_0000019ade158080;  1 drivers
v0000019ade22bd10_0 .var "int_enable", 31 0;
v0000019ade22acd0_0 .var "int_fall_en", 31 0;
v0000019ade22b130_0 .var "int_pending", 31 0;
v0000019ade22bdb0_0 .var "int_rise_en", 31 0;
v0000019ade22b3b0_0 .net "irq", 0 0, L_0000019ade240180;  alias, 1 drivers
v0000019ade22b950_0 .net "pending_clear", 31 0, L_0000019ade23eba0;  1 drivers
v0000019ade22aff0_0 .net "pin_in", 31 0, o0000019ade1cf158;  alias, 0 drivers
v0000019ade22aaf0_0 .net "pin_out", 31 0, L_0000019ade1562c0;  alias, 1 drivers
v0000019ade22a9b0_0 .net "raddr", 3 0, L_0000019ade23f5a0;  alias, 1 drivers
v0000019ade22bc70_0 .var "rdata", 31 0;
v0000019ade22ae10_0 .net "rising_edge", 31 0, L_0000019ade1bd950;  1 drivers
v0000019ade22b1d0_0 .net "rst", 0 0, o0000019ade1cccf8;  alias, 0 drivers
v0000019ade22aeb0_0 .var "sync0", 31 0;
v0000019ade22b270_0 .var "sync1", 31 0;
v0000019ade22be50_0 .var "sync1_d", 31 0;
v0000019ade22b090_0 .net "waddr", 3 0, L_0000019ade23ed80;  alias, 1 drivers
v0000019ade22ad70_0 .net "wdata", 31 0, v0000019ade147510_0;  alias, 1 drivers
v0000019ade22b4f0_0 .net "we", 0 0, L_0000019ade1bdaa0;  alias, 1 drivers
v0000019ade22b9f0_0 .net "write_mask", 31 0, L_0000019ade1572f0;  1 drivers
E_0000019ade1699b0/0 .event anyedge, v0000019ade22a9b0_0, v0000019ade22b270_0, v0000019ade2293d0_0, v0000019ade229470_0;
E_0000019ade1699b0/1 .event anyedge, v0000019ade22bd10_0, v0000019ade22bdb0_0, v0000019ade22acd0_0, v0000019ade22b130_0;
E_0000019ade1699b0 .event/or E_0000019ade1699b0/0, E_0000019ade1699b0/1;
L_0000019ade23e740 .cmp/eq 4, L_0000019ade23ed80, L_0000019ade244568;
L_0000019ade23eba0 .functor MUXZ 32, L_0000019ade2445b0, v0000019ade147510_0, L_0000019ade157600, C4<>;
L_0000019ade240180 .reduce/or v0000019ade22b130_0;
S_0000019ade22c830 .scope module, "uart0" "UART" 2 206, 8 22 0, S_0000019ade0b1390;
 .timescale -9 -12;
    .port_info 0 /INPUT 1 "clk";
    .port_info 1 /INPUT 1 "rst";
    .port_info 2 /INPUT 1 "rx";
    .port_info 3 /OUTPUT 1 "tx";
    .port_info 4 /INPUT 1 "wr_en";
    .port_info 5 /INPUT 8 "wr_data";
    .port_info 6 /INPUT 1 "rd_data_en";
    .port_info 7 /INPUT 1 "ier_wr_en";
    .port_info 8 /INPUT 3 "ier_wr_data";
    .port_info 9 /INPUT 2 "reg_sel";
    .port_info 10 /OUTPUT 32 "rdata";
    .port_info 11 /OUTPUT 1 "irq";
P_0000019ade22c9c0 .param/l "CLKS_PER_BIT" 0 8 23, +C4<00000000000000000000000000010000>;
P_0000019ade22c9f8 .param/l "RX_DATA" 1 8 71, C4<10>;
P_0000019ade22ca30 .param/l "RX_IDLE" 1 8 71, C4<00>;
P_0000019ade22ca68 .param/l "RX_START" 1 8 71, C4<01>;
P_0000019ade22caa0 .param/l "RX_STOP" 1 8 71, C4<11>;
P_0000019ade22cad8 .param/l "TX_DATA" 1 8 62, C4<10>;
P_0000019ade22cb10 .param/l "TX_IDLE" 1 8 62, C4<00>;
P_0000019ade22cb48 .param/l "TX_START" 1 8 62, C4<01>;
P_0000019ade22cb80 .param/l "TX_STOP" 1 8 62, C4<11>;
L_0000019ade156560 .functor AND 1, L_0000019ade240900, L_0000019ade240720, C4<1>, C4<1>;
L_0000019ade0e32f0 .functor AND 1, L_0000019ade23f0a0, L_0000019ade240a40, C4<1>, C4<1>;
L_0000019ade0e33d0 .functor AND 1, L_0000019ade0e32f0, L_0000019ade23f000, C4<1>, C4<1>;
L_0000019ade0a3f60 .functor BUFZ 8, L_0000019ade23fa00, C4<00000000>, C4<00000000>, C4<00000000>;
L_0000019ade29dd70 .functor AND 1, L_0000019ade23ef60, L_0000019ade23fbe0, C4<1>, C4<1>;
L_0000019ade29dad0 .functor AND 1, L_0000019ade2407c0, L_0000019ade23e380, C4<1>, C4<1>;
L_0000019ade29c3a0 .functor AND 1, L_0000019ade23e420, L_0000019ade29dd70, C4<1>, C4<1>;
L_0000019ade29d670 .functor OR 1, L_0000019ade29dad0, L_0000019ade29c3a0, C4<0>, C4<0>;
L_0000019ade29cb80 .functor AND 1, L_0000019ade23ea60, L_0000019ade23e920, C4<1>, C4<1>;
L_0000019ade29dde0 .functor OR 1, L_0000019ade29d670, L_0000019ade29cb80, C4<0>, C4<0>;
L_0000019ade2445f8 .functor BUFT 1, C4<1000>, C4<0>, C4<0>, C4<0>;
v0000019ade22b8b0_0 .net/2u *"_ivl_0", 3 0, L_0000019ade2445f8;  1 drivers
v0000019ade22b6d0_0 .net *"_ivl_100", 0 0, L_0000019ade29cb80;  1 drivers
L_0000019ade2446d0 .functor BUFT 1, C4<0000>, C4<0>, C4<0>, C4<0>;
v0000019ade22b310_0 .net/2u *"_ivl_12", 3 0, L_0000019ade2446d0;  1 drivers
L_0000019ade244718 .functor BUFT 1, C4<00>, C4<0>, C4<0>, C4<0>;
v0000019ade22a870_0 .net/2u *"_ivl_16", 1 0, L_0000019ade244718;  1 drivers
v0000019ade22af50_0 .net *"_ivl_18", 0 0, L_0000019ade240900;  1 drivers
v0000019ade22b590_0 .net *"_ivl_21", 0 0, L_0000019ade240720;  1 drivers
L_0000019ade244760 .functor BUFT 1, C4<11>, C4<0>, C4<0>, C4<0>;
v0000019ade22bb30_0 .net/2u *"_ivl_24", 1 0, L_0000019ade244760;  1 drivers
v0000019ade22b770_0 .net *"_ivl_26", 0 0, L_0000019ade23f0a0;  1 drivers
v0000019ade22b630_0 .net *"_ivl_28", 31 0, L_0000019ade23e9c0;  1 drivers
L_0000019ade2447a8 .functor BUFT 1, C4<0000000000000000>, C4<0>, C4<0>, C4<0>;
v0000019ade22ba90_0 .net *"_ivl_31", 15 0, L_0000019ade2447a8;  1 drivers
L_0000019ade2447f0 .functor BUFT 1, C4<00000000000000000000000000001111>, C4<0>, C4<0>, C4<0>;
v0000019ade22bbd0_0 .net/2u *"_ivl_32", 31 0, L_0000019ade2447f0;  1 drivers
v0000019ade22bef0_0 .net *"_ivl_34", 0 0, L_0000019ade240a40;  1 drivers
v0000019ade22aa50_0 .net *"_ivl_37", 0 0, L_0000019ade0e32f0;  1 drivers
v0000019ade22a910_0 .net *"_ivl_39", 0 0, L_0000019ade23f000;  1 drivers
L_0000019ade244640 .functor BUFT 1, C4<0000>, C4<0>, C4<0>, C4<0>;
v0000019ade22ab90_0 .net/2u *"_ivl_4", 3 0, L_0000019ade244640;  1 drivers
v0000019ade22ac30_0 .net *"_ivl_44", 7 0, L_0000019ade23fa00;  1 drivers
v0000019ade22cc20_0 .net *"_ivl_46", 4 0, L_0000019ade23f6e0;  1 drivers
L_0000019ade244838 .functor BUFT 1, C4<00>, C4<0>, C4<0>, C4<0>;
v0000019ade22ede0_0 .net *"_ivl_49", 1 0, L_0000019ade244838;  1 drivers
L_0000019ade244880 .functor BUFT 1, C4<00>, C4<0>, C4<0>, C4<0>;
v0000019ade22ee80_0 .net/2u *"_ivl_52", 1 0, L_0000019ade244880;  1 drivers
v0000019ade22e0c0_0 .net *"_ivl_54", 0 0, L_0000019ade23fbe0;  1 drivers
L_0000019ade2448c8 .functor BUFT 1, C4<0000000000000000000000000000>, C4<0>, C4<0>, C4<0>;
v0000019ade22ef20_0 .net/2u *"_ivl_58", 27 0, L_0000019ade2448c8;  1 drivers
v0000019ade22e3e0_0 .net *"_ivl_61", 0 0, L_0000019ade23ec40;  1 drivers
v0000019ade22efc0_0 .net *"_ivl_63", 0 0, L_0000019ade2405e0;  1 drivers
L_0000019ade244910 .functor BUFT 1, C4<00000000000000000000000000000>, C4<0>, C4<0>, C4<0>;
v0000019ade22dbc0_0 .net/2u *"_ivl_66", 28 0, L_0000019ade244910;  1 drivers
L_0000019ade244958 .functor BUFT 1, C4<01>, C4<0>, C4<0>, C4<0>;
v0000019ade22ed40_0 .net/2u *"_ivl_70", 1 0, L_0000019ade244958;  1 drivers
v0000019ade22ccc0_0 .net *"_ivl_72", 0 0, L_0000019ade23ece0;  1 drivers
L_0000019ade2449a0 .functor BUFT 1, C4<10>, C4<0>, C4<0>, C4<0>;
v0000019ade22cfe0_0 .net/2u *"_ivl_74", 1 0, L_0000019ade2449a0;  1 drivers
v0000019ade22e7a0_0 .net *"_ivl_76", 0 0, L_0000019ade23f820;  1 drivers
L_0000019ade2449e8 .functor BUFT 1, C4<000000000000000000000000>, C4<0>, C4<0>, C4<0>;
v0000019ade22d6c0_0 .net/2u *"_ivl_78", 23 0, L_0000019ade2449e8;  1 drivers
L_0000019ade244688 .functor BUFT 1, C4<1000>, C4<0>, C4<0>, C4<0>;
v0000019ade22e5c0_0 .net/2u *"_ivl_8", 3 0, L_0000019ade244688;  1 drivers
v0000019ade22d440_0 .net *"_ivl_80", 31 0, L_0000019ade23f140;  1 drivers
v0000019ade22da80_0 .net *"_ivl_82", 31 0, L_0000019ade23f460;  1 drivers
v0000019ade22dee0_0 .net *"_ivl_87", 0 0, L_0000019ade2407c0;  1 drivers
v0000019ade22df80_0 .net *"_ivl_89", 0 0, L_0000019ade23e380;  1 drivers
v0000019ade22d120_0 .net *"_ivl_90", 0 0, L_0000019ade29dad0;  1 drivers
v0000019ade22e480_0 .net *"_ivl_93", 0 0, L_0000019ade23e420;  1 drivers
v0000019ade22e2a0_0 .net *"_ivl_94", 0 0, L_0000019ade29c3a0;  1 drivers
v0000019ade22cf40_0 .net *"_ivl_96", 0 0, L_0000019ade29d670;  1 drivers
v0000019ade22d260_0 .net *"_ivl_99", 0 0, L_0000019ade23ea60;  1 drivers
v0000019ade22cd60_0 .net "clk", 0 0, o0000019ade1cbf78;  alias, 0 drivers
v0000019ade22e700_0 .var "ier", 2 0;
v0000019ade22eca0_0 .net "ier_word", 31 0, L_0000019ade23e600;  1 drivers
v0000019ade22f060_0 .net "ier_wr_data", 2 0, L_0000019ade2a6fc0;  1 drivers
v0000019ade22d080_0 .net "ier_wr_en", 0 0, L_0000019ade29dc90;  1 drivers
v0000019ade22d4e0_0 .net "irq", 0 0, L_0000019ade29dde0;  alias, 1 drivers
v0000019ade22d760_0 .net "rd_data_en", 0 0, L_0000019ade29c410;  1 drivers
v0000019ade22f100_0 .net "rdata", 31 0, L_0000019ade23f640;  alias, 1 drivers
v0000019ade22f2e0_0 .net "reg_sel", 1 0, L_0000019ade240220;  alias, 1 drivers
v0000019ade22f1a0_0 .net "rst", 0 0, o0000019ade1cccf8;  alias, 0 drivers
v0000019ade22e8e0_0 .net "rx", 0 0, L_0000019ade23e4c0;  1 drivers
v0000019ade22db20_0 .var "rx_baud", 15 0;
v0000019ade22e160_0 .var "rx_bit", 2 0;
v0000019ade22e840_0 .var "rx_cnt", 3 0;
v0000019ade22e340_0 .net "rx_empty", 0 0, L_0000019ade23f3c0;  1 drivers
v0000019ade22de40_0 .net "rx_full", 0 0, L_0000019ade23e920;  1 drivers
v0000019ade22d1c0_0 .net "rx_head", 7 0, L_0000019ade0a3f60;  1 drivers
v0000019ade22e200_0 .net "rx_push", 0 0, L_0000019ade0e33d0;  1 drivers
v0000019ade22d580_0 .var "rx_rd", 2 0;
v0000019ade22f240_0 .var "rx_s1", 0 0;
v0000019ade22d620_0 .var "rx_s2", 0 0;
v0000019ade22e020_0 .var "rx_shift", 7 0;
v0000019ade22f380_0 .var "rx_state", 1 0;
v0000019ade22e520_0 .var "rx_wr", 2 0;
v0000019ade22e980 .array "rxbuf", 7 0, 7 0;
v0000019ade22ce00_0 .net "status", 31 0, L_0000019ade240680;  1 drivers
v0000019ade22cea0_0 .net "tx", 0 0, v0000019ade22d940_0;  1 drivers
v0000019ade22d8a0_0 .var "tx_baud", 15 0;
v0000019ade22e660_0 .var "tx_bit", 2 0;
v0000019ade22d300_0 .var "tx_cnt", 3 0;
v0000019ade22d3a0_0 .net "tx_empty", 0 0, L_0000019ade23ef60;  1 drivers
v0000019ade22d800_0 .net "tx_full", 0 0, L_0000019ade240360;  1 drivers
v0000019ade22ea20_0 .net "tx_idle_empty", 0 0, L_0000019ade29dd70;  1 drivers
v0000019ade22d940_0 .var "tx_line", 0 0;
v0000019ade22dc60_0 .net "tx_pop", 0 0, L_0000019ade156560;  1 drivers
v0000019ade22d9e0_0 .var "tx_rd", 2 0;
v0000019ade22dd00_0 .var "tx_shift", 7 0;
v0000019ade22dda0_0 .var "tx_state", 1 0;
v0000019ade22eac0_0 .var "tx_wr", 2 0;
v0000019ade22eb60 .array "txbuf", 7 0, 7 0;
v0000019ade22ec00_0 .net "wr_data", 7 0, L_0000019ade23e7e0;  1 drivers
v0000019ade2300a0_0 .net "wr_en", 0 0, L_0000019ade29d750;  1 drivers
L_0000019ade240360 .cmp/eq 4, v0000019ade22d300_0, L_0000019ade2445f8;
L_0000019ade23ef60 .cmp/eq 4, v0000019ade22d300_0, L_0000019ade244640;
L_0000019ade23e920 .cmp/eq 4, v0000019ade22e840_0, L_0000019ade244688;
L_0000019ade23f3c0 .cmp/eq 4, v0000019ade22e840_0, L_0000019ade2446d0;
L_0000019ade240900 .cmp/eq 2, v0000019ade22dda0_0, L_0000019ade244718;
L_0000019ade240720 .reduce/nor L_0000019ade23ef60;
L_0000019ade23f0a0 .cmp/eq 2, v0000019ade22f380_0, L_0000019ade244760;
L_0000019ade23e9c0 .concat [ 16 16 0 0], v0000019ade22db20_0, L_0000019ade2447a8;
L_0000019ade240a40 .cmp/eq 32, L_0000019ade23e9c0, L_0000019ade2447f0;
L_0000019ade23f000 .reduce/nor L_0000019ade23e920;
L_0000019ade23fa00 .array/port v0000019ade22e980, L_0000019ade23f6e0;
L_0000019ade23f6e0 .concat [ 3 2 0 0], v0000019ade22d580_0, L_0000019ade244838;
L_0000019ade23fbe0 .cmp/eq 2, v0000019ade22dda0_0, L_0000019ade244880;
L_0000019ade23ec40 .reduce/nor L_0000019ade23f3c0;
L_0000019ade2405e0 .reduce/nor L_0000019ade240360;
LS_0000019ade240680_0_0 .concat [ 1 1 1 1], L_0000019ade2405e0, L_0000019ade29dd70, L_0000019ade23ec40, L_0000019ade23e920;
LS_0000019ade240680_0_4 .concat [ 28 0 0 0], L_0000019ade2448c8;
L_0000019ade240680 .concat [ 4 28 0 0], LS_0000019ade240680_0_0, LS_0000019ade240680_0_4;
L_0000019ade23e600 .concat [ 3 29 0 0], v0000019ade22e700_0, L_0000019ade244910;
L_0000019ade23ece0 .cmp/eq 2, L_0000019ade240220, L_0000019ade244958;
L_0000019ade23f820 .cmp/eq 2, L_0000019ade240220, L_0000019ade2449a0;
L_0000019ade23f140 .concat [ 8 24 0 0], L_0000019ade0a3f60, L_0000019ade2449e8;
L_0000019ade23f460 .functor MUXZ 32, L_0000019ade23f140, L_0000019ade23e600, L_0000019ade23f820, C4<>;
L_0000019ade23f640 .functor MUXZ 32, L_0000019ade23f460, L_0000019ade240680, L_0000019ade23ece0, C4<>;
L_0000019ade2407c0 .part v0000019ade22e700_0, 0, 1;
L_0000019ade23e380 .reduce/nor L_0000019ade23f3c0;
L_0000019ade23e420 .part v0000019ade22e700_0, 1, 1;
L_0000019ade23ea60 .part v0000019ade22e700_0, 2, 1;
S_0000019ade230bd0 .scope module, "uart1" "UART" 2 213, 8 22 0, S_0000019ade0b1390;
 .timescale -9 -12;
    .port_info 0 /INPUT 1 "clk";
    .port_info 1 /INPUT 1 "rst";
    .port_info 2 /INPUT 1 "rx";
    .port_info 3 /OUTPUT 1 "tx";
    .port_info 4 /INPUT 1 "wr_en";
    .port_info 5 /INPUT 8 "wr_data";
    .port_info 6 /INPUT 1 "rd_data_en";
    .port_info 7 /INPUT 1 "ier_wr_en";
    .port_info 8 /INPUT 3 "ier_wr_data";
    .port_info 9 /INPUT 2 "reg_sel";
    .port_info 10 /OUTPUT 32 "rdata";
    .port_info 11 /OUTPUT 1 "irq";
P_0000019ade2311f0 .param/l "CLKS_PER_BIT" 0 8 23, +C4<00000000000000000000000000010000>;
P_0000019ade231228 .param/l "RX_DATA" 1 8 71, C4<10>;
P_0000019ade231260 .param/l "RX_IDLE" 1 8 71, C4<00>;
P_0000019ade231298 .param/l "RX_START" 1 8 71, C4<01>;
P_0000019ade2312d0 .param/l "RX_STOP" 1 8 71, C4<11>;
P_0000019ade231308 .param/l "TX_DATA" 1 8 62, C4<10>;
P_0000019ade231340 .param/l "TX_IDLE" 1 8 62, C4<00>;
P_0000019ade231378 .param/l "TX_START" 1 8 62, C4<01>;
P_0000019ade2313b0 .param/l "TX_STOP" 1 8 62, C4<11>;
L_0000019ade29cbf0 .functor AND 1, L_0000019ade2a5a80, L_0000019ade2a76a0, C4<1>, C4<1>;
L_0000019ade29ce20 .functor AND 1, L_0000019ade2a7ce0, L_0000019ade2a7740, C4<1>, C4<1>;
L_0000019ade29d6e0 .functor AND 1, L_0000019ade29ce20, L_0000019ade2a7380, C4<1>, C4<1>;
L_0000019ade29cb10 .functor BUFZ 8, L_0000019ade2a7d80, C4<00000000>, C4<00000000>, C4<00000000>;
L_0000019ade29d520 .functor AND 1, L_0000019ade2a6ac0, L_0000019ade2a6840, C4<1>, C4<1>;
L_0000019ade29d7c0 .functor AND 1, L_0000019ade2a6ca0, L_0000019ade2a5bc0, C4<1>, C4<1>;
L_0000019ade29db40 .functor AND 1, L_0000019ade2a7920, L_0000019ade29d520, C4<1>, C4<1>;
L_0000019ade29caa0 .functor OR 1, L_0000019ade29d7c0, L_0000019ade29db40, C4<0>, C4<0>;
L_0000019ade29c480 .functor AND 1, L_0000019ade2a6020, L_0000019ade2a5ee0, C4<1>, C4<1>;
L_0000019ade29d600 .functor OR 1, L_0000019ade29caa0, L_0000019ade29c480, C4<0>, C4<0>;
L_0000019ade244b08 .functor BUFT 1, C4<1000>, C4<0>, C4<0>, C4<0>;
v0000019ade22fa60_0 .net/2u *"_ivl_0", 3 0, L_0000019ade244b08;  1 drivers
v0000019ade22f740_0 .net *"_ivl_100", 0 0, L_0000019ade29c480;  1 drivers
L_0000019ade244be0 .functor BUFT 1, C4<0000>, C4<0>, C4<0>, C4<0>;
v0000019ade22f420_0 .net/2u *"_ivl_12", 3 0, L_0000019ade244be0;  1 drivers
L_0000019ade244c28 .functor BUFT 1, C4<00>, C4<0>, C4<0>, C4<0>;
v0000019ade22ff60_0 .net/2u *"_ivl_16", 1 0, L_0000019ade244c28;  1 drivers
v0000019ade230000_0 .net *"_ivl_18", 0 0, L_0000019ade2a5a80;  1 drivers
v0000019ade22fec0_0 .net *"_ivl_21", 0 0, L_0000019ade2a76a0;  1 drivers
L_0000019ade244c70 .functor BUFT 1, C4<11>, C4<0>, C4<0>, C4<0>;
v0000019ade230280_0 .net/2u *"_ivl_24", 1 0, L_0000019ade244c70;  1 drivers
v0000019ade2301e0_0 .net *"_ivl_26", 0 0, L_0000019ade2a7ce0;  1 drivers
v0000019ade2303c0_0 .net *"_ivl_28", 31 0, L_0000019ade2a67a0;  1 drivers
L_0000019ade244cb8 .functor BUFT 1, C4<0000000000000000>, C4<0>, C4<0>, C4<0>;
v0000019ade22f880_0 .net *"_ivl_31", 15 0, L_0000019ade244cb8;  1 drivers
L_0000019ade244d00 .functor BUFT 1, C4<00000000000000000000000000001111>, C4<0>, C4<0>, C4<0>;
v0000019ade22f4c0_0 .net/2u *"_ivl_32", 31 0, L_0000019ade244d00;  1 drivers
v0000019ade230140_0 .net *"_ivl_34", 0 0, L_0000019ade2a7740;  1 drivers
v0000019ade230820_0 .net *"_ivl_37", 0 0, L_0000019ade29ce20;  1 drivers
v0000019ade230320_0 .net *"_ivl_39", 0 0, L_0000019ade2a7380;  1 drivers
L_0000019ade244b50 .functor BUFT 1, C4<0000>, C4<0>, C4<0>, C4<0>;
v0000019ade230460_0 .net/2u *"_ivl_4", 3 0, L_0000019ade244b50;  1 drivers
v0000019ade230500_0 .net *"_ivl_44", 7 0, L_0000019ade2a7d80;  1 drivers
v0000019ade22fba0_0 .net *"_ivl_46", 4 0, L_0000019ade2a81e0;  1 drivers
L_0000019ade244d48 .functor BUFT 1, C4<00>, C4<0>, C4<0>, C4<0>;
v0000019ade2305a0_0 .net *"_ivl_49", 1 0, L_0000019ade244d48;  1 drivers
L_0000019ade244d90 .functor BUFT 1, C4<00>, C4<0>, C4<0>, C4<0>;
v0000019ade22f7e0_0 .net/2u *"_ivl_52", 1 0, L_0000019ade244d90;  1 drivers
v0000019ade230640_0 .net *"_ivl_54", 0 0, L_0000019ade2a6840;  1 drivers
L_0000019ade244dd8 .functor BUFT 1, C4<0000000000000000000000000000>, C4<0>, C4<0>, C4<0>;
v0000019ade2308c0_0 .net/2u *"_ivl_58", 27 0, L_0000019ade244dd8;  1 drivers
v0000019ade22f560_0 .net *"_ivl_61", 0 0, L_0000019ade2a7e20;  1 drivers
v0000019ade2306e0_0 .net *"_ivl_63", 0 0, L_0000019ade2a7060;  1 drivers
L_0000019ade244e20 .functor BUFT 1, C4<00000000000000000000000000000>, C4<0>, C4<0>, C4<0>;
v0000019ade22f600_0 .net/2u *"_ivl_66", 28 0, L_0000019ade244e20;  1 drivers
L_0000019ade244e68 .functor BUFT 1, C4<01>, C4<0>, C4<0>, C4<0>;
v0000019ade230780_0 .net/2u *"_ivl_70", 1 0, L_0000019ade244e68;  1 drivers
v0000019ade230960_0 .net *"_ivl_72", 0 0, L_0000019ade2a60c0;  1 drivers
L_0000019ade244eb0 .functor BUFT 1, C4<10>, C4<0>, C4<0>, C4<0>;
v0000019ade230a00_0 .net/2u *"_ivl_74", 1 0, L_0000019ade244eb0;  1 drivers
v0000019ade230aa0_0 .net *"_ivl_76", 0 0, L_0000019ade2a6c00;  1 drivers
L_0000019ade244ef8 .functor BUFT 1, C4<000000000000000000000000>, C4<0>, C4<0>, C4<0>;
v0000019ade22f6a0_0 .net/2u *"_ivl_78", 23 0, L_0000019ade244ef8;  1 drivers
L_0000019ade244b98 .functor BUFT 1, C4<1000>, C4<0>, C4<0>, C4<0>;
v0000019ade22f920_0 .net/2u *"_ivl_8", 3 0, L_0000019ade244b98;  1 drivers
v0000019ade22f9c0_0 .net *"_ivl_80", 31 0, L_0000019ade2a7880;  1 drivers
v0000019ade22fb00_0 .net *"_ivl_82", 31 0, L_0000019ade2a5b20;  1 drivers
v0000019ade22fc40_0 .net *"_ivl_87", 0 0, L_0000019ade2a6ca0;  1 drivers
v0000019ade22fd80_0 .net *"_ivl_89", 0 0, L_0000019ade2a5bc0;  1 drivers
v0000019ade22fce0_0 .net *"_ivl_90", 0 0, L_0000019ade29d7c0;  1 drivers
v0000019ade22fe20_0 .net *"_ivl_93", 0 0, L_0000019ade2a7920;  1 drivers
v0000019ade232600_0 .net *"_ivl_94", 0 0, L_0000019ade29db40;  1 drivers
v0000019ade2338c0_0 .net *"_ivl_96", 0 0, L_0000019ade29caa0;  1 drivers
v0000019ade232d80_0 .net *"_ivl_99", 0 0, L_0000019ade2a6020;  1 drivers
v0000019ade2331e0_0 .net "clk", 0 0, o0000019ade1cbf78;  alias, 0 drivers
v0000019ade233140_0 .var "ier", 2 0;
v0000019ade232560_0 .net "ier_word", 31 0, L_0000019ade2a77e0;  1 drivers
v0000019ade233280_0 .net "ier_wr_data", 2 0, L_0000019ade2a7a60;  1 drivers
v0000019ade233c80_0 .net "ier_wr_en", 0 0, L_0000019ade29de50;  1 drivers
v0000019ade2326a0_0 .net "irq", 0 0, L_0000019ade29d600;  alias, 1 drivers
v0000019ade233320_0 .net "rd_data_en", 0 0, L_0000019ade29d280;  1 drivers
v0000019ade233aa0_0 .net "rdata", 31 0, L_0000019ade2a7ec0;  alias, 1 drivers
v0000019ade232a60_0 .net "reg_sel", 1 0, L_0000019ade240220;  alias, 1 drivers
v0000019ade2333c0_0 .net "rst", 0 0, o0000019ade1cccf8;  alias, 0 drivers
v0000019ade232380_0 .net "rx", 0 0, L_0000019ade2a80a0;  1 drivers
v0000019ade232420_0 .var "rx_baud", 15 0;
v0000019ade233b40_0 .var "rx_bit", 2 0;
v0000019ade2330a0_0 .var "rx_cnt", 3 0;
v0000019ade233d20_0 .net "rx_empty", 0 0, L_0000019ade2a6700;  1 drivers
v0000019ade233dc0_0 .net "rx_full", 0 0, L_0000019ade2a5ee0;  1 drivers
v0000019ade232740_0 .net "rx_head", 7 0, L_0000019ade29cb10;  1 drivers
v0000019ade232ec0_0 .net "rx_push", 0 0, L_0000019ade29d6e0;  1 drivers
v0000019ade2327e0_0 .var "rx_rd", 2 0;
v0000019ade233be0_0 .var "rx_s1", 0 0;
v0000019ade233500_0 .var "rx_s2", 0 0;
v0000019ade233460_0 .var "rx_shift", 7 0;
v0000019ade232ce0_0 .var "rx_state", 1 0;
v0000019ade232880_0 .var "rx_wr", 2 0;
v0000019ade2335a0 .array "rxbuf", 7 0, 7 0;
v0000019ade231840_0 .net "status", 31 0, L_0000019ade2a6e80;  1 drivers
v0000019ade232c40_0 .net "tx", 0 0, v0000019ade232e20_0;  1 drivers
v0000019ade231660_0 .var "tx_baud", 15 0;
v0000019ade231700_0 .var "tx_bit", 2 0;
v0000019ade2317a0_0 .var "tx_cnt", 3 0;
v0000019ade2318e0_0 .net "tx_empty", 0 0, L_0000019ade2a6ac0;  1 drivers
v0000019ade233640_0 .net "tx_full", 0 0, L_0000019ade2a7600;  1 drivers
v0000019ade2336e0_0 .net "tx_idle_empty", 0 0, L_0000019ade29d520;  1 drivers
v0000019ade232e20_0 .var "tx_line", 0 0;
v0000019ade233780_0 .net "tx_pop", 0 0, L_0000019ade29cbf0;  1 drivers
v0000019ade231980_0 .var "tx_rd", 2 0;
v0000019ade2324c0_0 .var "tx_shift", 7 0;
v0000019ade232060_0 .var "tx_state", 1 0;
v0000019ade231e80_0 .var "tx_wr", 2 0;
v0000019ade232920 .array "txbuf", 7 0, 7 0;
v0000019ade2329c0_0 .net "wr_data", 7 0, L_0000019ade2a5c60;  1 drivers
v0000019ade232100_0 .net "wr_en", 0 0, L_0000019ade29c560;  1 drivers
L_0000019ade2a7600 .cmp/eq 4, v0000019ade2317a0_0, L_0000019ade244b08;
L_0000019ade2a6ac0 .cmp/eq 4, v0000019ade2317a0_0, L_0000019ade244b50;
L_0000019ade2a5ee0 .cmp/eq 4, v0000019ade2330a0_0, L_0000019ade244b98;
L_0000019ade2a6700 .cmp/eq 4, v0000019ade2330a0_0, L_0000019ade244be0;
L_0000019ade2a5a80 .cmp/eq 2, v0000019ade232060_0, L_0000019ade244c28;
L_0000019ade2a76a0 .reduce/nor L_0000019ade2a6ac0;
L_0000019ade2a7ce0 .cmp/eq 2, v0000019ade232ce0_0, L_0000019ade244c70;
L_0000019ade2a67a0 .concat [ 16 16 0 0], v0000019ade232420_0, L_0000019ade244cb8;
L_0000019ade2a7740 .cmp/eq 32, L_0000019ade2a67a0, L_0000019ade244d00;
L_0000019ade2a7380 .reduce/nor L_0000019ade2a5ee0;
L_0000019ade2a7d80 .array/port v0000019ade2335a0, L_0000019ade2a81e0;
L_0000019ade2a81e0 .concat [ 3 2 0 0], v0000019ade2327e0_0, L_0000019ade244d48;
L_0000019ade2a6840 .cmp/eq 2, v0000019ade232060_0, L_0000019ade244d90;
L_0000019ade2a7e20 .reduce/nor L_0000019ade2a6700;
L_0000019ade2a7060 .reduce/nor L_0000019ade2a7600;
LS_0000019ade2a6e80_0_0 .concat [ 1 1 1 1], L_0000019ade2a7060, L_0000019ade29d520, L_0000019ade2a7e20, L_0000019ade2a5ee0;
LS_0000019ade2a6e80_0_4 .concat [ 28 0 0 0], L_0000019ade244dd8;
L_0000019ade2a6e80 .concat [ 4 28 0 0], LS_0000019ade2a6e80_0_0, LS_0000019ade2a6e80_0_4;
L_0000019ade2a77e0 .concat [ 3 29 0 0], v0000019ade233140_0, L_0000019ade244e20;
L_0000019ade2a60c0 .cmp/eq 2, L_0000019ade240220, L_0000019ade244e68;
L_0000019ade2a6c00 .cmp/eq 2, L_0000019ade240220, L_0000019ade244eb0;
L_0000019ade2a7880 .concat [ 8 24 0 0], L_0000019ade29cb10, L_0000019ade244ef8;
L_0000019ade2a5b20 .functor MUXZ 32, L_0000019ade2a7880, L_0000019ade2a77e0, L_0000019ade2a6c00, C4<>;
L_0000019ade2a7ec0 .functor MUXZ 32, L_0000019ade2a5b20, L_0000019ade2a6e80, L_0000019ade2a60c0, C4<>;
L_0000019ade2a6ca0 .part v0000019ade233140_0, 0, 1;
L_0000019ade2a5bc0 .reduce/nor L_0000019ade2a6700;
L_0000019ade2a7920 .part v0000019ade233140_0, 1, 1;
L_0000019ade2a6020 .part v0000019ade233140_0, 2, 1;
S_0000019ade2313f0 .scope module, "uart2" "UART" 2 220, 8 22 0, S_0000019ade0b1390;
 .timescale -9 -12;
    .port_info 0 /INPUT 1 "clk";
    .port_info 1 /INPUT 1 "rst";
    .port_info 2 /INPUT 1 "rx";
    .port_info 3 /OUTPUT 1 "tx";
    .port_info 4 /INPUT 1 "wr_en";
    .port_info 5 /INPUT 8 "wr_data";
    .port_info 6 /INPUT 1 "rd_data_en";
    .port_info 7 /INPUT 1 "ier_wr_en";
    .port_info 8 /INPUT 3 "ier_wr_data";
    .port_info 9 /INPUT 2 "reg_sel";
    .port_info 10 /OUTPUT 32 "rdata";
    .port_info 11 /OUTPUT 1 "irq";
P_0000019ade235a20 .param/l "CLKS_PER_BIT" 0 8 23, +C4<00000000000000000000000000010000>;
P_0000019ade235a58 .param/l "RX_DATA" 1 8 71, C4<10>;
P_0000019ade235a90 .param/l "RX_IDLE" 1 8 71, C4<00>;
P_0000019ade235ac8 .param/l "RX_START" 1 8 71, C4<01>;
P_0000019ade235b00 .param/l "RX_STOP" 1 8 71, C4<11>;
P_0000019ade235b38 .param/l "TX_DATA" 1 8 62, C4<10>;
P_0000019ade235b70 .param/l "TX_IDLE" 1 8 62, C4<00>;
P_0000019ade235ba8 .param/l "TX_START" 1 8 62, C4<01>;
P_0000019ade235be0 .param/l "TX_STOP" 1 8 62, C4<11>;
L_0000019ade29dc20 .functor AND 1, L_0000019ade2a5f80, L_0000019ade2a6d40, C4<1>, C4<1>;
L_0000019ade29d830 .functor AND 1, L_0000019ade2a5da0, L_0000019ade2a72e0, C4<1>, C4<1>;
L_0000019ade29dec0 .functor AND 1, L_0000019ade29d830, L_0000019ade2a7f60, C4<1>, C4<1>;
L_0000019ade29d590 .functor BUFZ 8, L_0000019ade2a7ba0, C4<00000000>, C4<00000000>, C4<00000000>;
L_0000019ade29ccd0 .functor AND 1, L_0000019ade2a8140, L_0000019ade2a63e0, C4<1>, C4<1>;
L_0000019ade29d1a0 .functor AND 1, L_0000019ade2a7420, L_0000019ade2a6de0, C4<1>, C4<1>;
L_0000019ade29d8a0 .functor AND 1, L_0000019ade2a6520, L_0000019ade29ccd0, C4<1>, C4<1>;
L_0000019ade29c950 .functor OR 1, L_0000019ade29d1a0, L_0000019ade29d8a0, C4<0>, C4<0>;
L_0000019ade29cd40 .functor AND 1, L_0000019ade2a65c0, L_0000019ade2a7b00, C4<1>, C4<1>;
L_0000019ade29c8e0 .functor OR 1, L_0000019ade29c950, L_0000019ade29cd40, C4<0>, C4<0>;
L_0000019ade245018 .functor BUFT 1, C4<1000>, C4<0>, C4<0>, C4<0>;
v0000019ade232b00_0 .net/2u *"_ivl_0", 3 0, L_0000019ade245018;  1 drivers
v0000019ade231a20_0 .net *"_ivl_100", 0 0, L_0000019ade29cd40;  1 drivers
L_0000019ade2450f0 .functor BUFT 1, C4<0000>, C4<0>, C4<0>, C4<0>;
v0000019ade231ac0_0 .net/2u *"_ivl_12", 3 0, L_0000019ade2450f0;  1 drivers
L_0000019ade245138 .functor BUFT 1, C4<00>, C4<0>, C4<0>, C4<0>;
v0000019ade232ba0_0 .net/2u *"_ivl_16", 1 0, L_0000019ade245138;  1 drivers
v0000019ade232f60_0 .net *"_ivl_18", 0 0, L_0000019ade2a5f80;  1 drivers
v0000019ade231f20_0 .net *"_ivl_21", 0 0, L_0000019ade2a6d40;  1 drivers
L_0000019ade245180 .functor BUFT 1, C4<11>, C4<0>, C4<0>, C4<0>;
v0000019ade231b60_0 .net/2u *"_ivl_24", 1 0, L_0000019ade245180;  1 drivers
v0000019ade231fc0_0 .net *"_ivl_26", 0 0, L_0000019ade2a5da0;  1 drivers
v0000019ade233000_0 .net *"_ivl_28", 31 0, L_0000019ade2a68e0;  1 drivers
L_0000019ade2451c8 .functor BUFT 1, C4<0000000000000000>, C4<0>, C4<0>, C4<0>;
v0000019ade233a00_0 .net *"_ivl_31", 15 0, L_0000019ade2451c8;  1 drivers
L_0000019ade245210 .functor BUFT 1, C4<00000000000000000000000000001111>, C4<0>, C4<0>, C4<0>;
v0000019ade231c00_0 .net/2u *"_ivl_32", 31 0, L_0000019ade245210;  1 drivers
v0000019ade2321a0_0 .net *"_ivl_34", 0 0, L_0000019ade2a72e0;  1 drivers
v0000019ade233820_0 .net *"_ivl_37", 0 0, L_0000019ade29d830;  1 drivers
v0000019ade231ca0_0 .net *"_ivl_39", 0 0, L_0000019ade2a7f60;  1 drivers
L_0000019ade245060 .functor BUFT 1, C4<0000>, C4<0>, C4<0>, C4<0>;
v0000019ade2322e0_0 .net/2u *"_ivl_4", 3 0, L_0000019ade245060;  1 drivers
v0000019ade233960_0 .net *"_ivl_44", 7 0, L_0000019ade2a7ba0;  1 drivers
v0000019ade231d40_0 .net *"_ivl_46", 4 0, L_0000019ade2a7240;  1 drivers
L_0000019ade245258 .functor BUFT 1, C4<00>, C4<0>, C4<0>, C4<0>;
v0000019ade231de0_0 .net *"_ivl_49", 1 0, L_0000019ade245258;  1 drivers
L_0000019ade2452a0 .functor BUFT 1, C4<00>, C4<0>, C4<0>, C4<0>;
v0000019ade232240_0 .net/2u *"_ivl_52", 1 0, L_0000019ade2452a0;  1 drivers
v0000019ade234a40_0 .net *"_ivl_54", 0 0, L_0000019ade2a63e0;  1 drivers
L_0000019ade2452e8 .functor BUFT 1, C4<0000000000000000000000000000>, C4<0>, C4<0>, C4<0>;
v0000019ade234ae0_0 .net/2u *"_ivl_58", 27 0, L_0000019ade2452e8;  1 drivers
v0000019ade235120_0 .net *"_ivl_61", 0 0, L_0000019ade2a7c40;  1 drivers
v0000019ade235440_0 .net *"_ivl_63", 0 0, L_0000019ade2a62a0;  1 drivers
L_0000019ade245330 .functor BUFT 1, C4<00000000000000000000000000000>, C4<0>, C4<0>, C4<0>;
v0000019ade234720_0 .net/2u *"_ivl_66", 28 0, L_0000019ade245330;  1 drivers
L_0000019ade245378 .functor BUFT 1, C4<01>, C4<0>, C4<0>, C4<0>;
v0000019ade235300_0 .net/2u *"_ivl_70", 1 0, L_0000019ade245378;  1 drivers
v0000019ade234cc0_0 .net *"_ivl_72", 0 0, L_0000019ade2a5e40;  1 drivers
L_0000019ade2453c0 .functor BUFT 1, C4<10>, C4<0>, C4<0>, C4<0>;
v0000019ade234d60_0 .net/2u *"_ivl_74", 1 0, L_0000019ade2453c0;  1 drivers
v0000019ade234540_0 .net *"_ivl_76", 0 0, L_0000019ade2a8000;  1 drivers
L_0000019ade245408 .functor BUFT 1, C4<000000000000000000000000>, C4<0>, C4<0>, C4<0>;
v0000019ade234b80_0 .net/2u *"_ivl_78", 23 0, L_0000019ade245408;  1 drivers
L_0000019ade2450a8 .functor BUFT 1, C4<1000>, C4<0>, C4<0>, C4<0>;
v0000019ade2345e0_0 .net/2u *"_ivl_8", 3 0, L_0000019ade2450a8;  1 drivers
v0000019ade234180_0 .net *"_ivl_80", 31 0, L_0000019ade2a6160;  1 drivers
v0000019ade234ea0_0 .net *"_ivl_82", 31 0, L_0000019ade2a6200;  1 drivers
v0000019ade2354e0_0 .net *"_ivl_87", 0 0, L_0000019ade2a7420;  1 drivers
v0000019ade233fa0_0 .net *"_ivl_89", 0 0, L_0000019ade2a6de0;  1 drivers
v0000019ade234c20_0 .net *"_ivl_90", 0 0, L_0000019ade29d1a0;  1 drivers
v0000019ade234860_0 .net *"_ivl_93", 0 0, L_0000019ade2a6520;  1 drivers
v0000019ade2353a0_0 .net *"_ivl_94", 0 0, L_0000019ade29d8a0;  1 drivers
v0000019ade234f40_0 .net *"_ivl_96", 0 0, L_0000019ade29c950;  1 drivers
v0000019ade234e00_0 .net *"_ivl_99", 0 0, L_0000019ade2a65c0;  1 drivers
v0000019ade2347c0_0 .net "clk", 0 0, o0000019ade1cbf78;  alias, 0 drivers
v0000019ade2340e0_0 .var "ier", 2 0;
v0000019ade235260_0 .net "ier_word", 31 0, L_0000019ade2a6f20;  1 drivers
v0000019ade234fe0_0 .net "ier_wr_data", 2 0, L_0000019ade2a86e0;  1 drivers
v0000019ade233e60_0 .net "ier_wr_en", 0 0, L_0000019ade29c330;  1 drivers
v0000019ade235080_0 .net "irq", 0 0, L_0000019ade29c8e0;  alias, 1 drivers
v0000019ade2351c0_0 .net "rd_data_en", 0 0, L_0000019ade29c790;  1 drivers
v0000019ade233f00_0 .net "rdata", 31 0, L_0000019ade2a6340;  alias, 1 drivers
v0000019ade234040_0 .net "reg_sel", 1 0, L_0000019ade240220;  alias, 1 drivers
v0000019ade234900_0 .net "rst", 0 0, o0000019ade1cccf8;  alias, 0 drivers
v0000019ade234220_0 .net "rx", 0 0, L_0000019ade2a74c0;  1 drivers
v0000019ade2342c0_0 .var "rx_baud", 15 0;
v0000019ade234360_0 .var "rx_bit", 2 0;
v0000019ade234400_0 .var "rx_cnt", 3 0;
v0000019ade2344a0_0 .net "rx_empty", 0 0, L_0000019ade2a6b60;  1 drivers
v0000019ade234680_0 .net "rx_full", 0 0, L_0000019ade2a7b00;  1 drivers
v0000019ade2349a0_0 .net "rx_head", 7 0, L_0000019ade29d590;  1 drivers
v0000019ade239270_0 .net "rx_push", 0 0, L_0000019ade29dec0;  1 drivers
v0000019ade239090_0 .var "rx_rd", 2 0;
v0000019ade238eb0_0 .var "rx_s1", 0 0;
v0000019ade239590_0 .var "rx_s2", 0 0;
v0000019ade2387d0_0 .var "rx_shift", 7 0;
v0000019ade239130_0 .var "rx_state", 1 0;
v0000019ade238f50_0 .var "rx_wr", 2 0;
v0000019ade2396d0 .array "rxbuf", 7 0, 7 0;
v0000019ade2399f0_0 .net "status", 31 0, L_0000019ade2a6980;  1 drivers
v0000019ade239310_0 .net "tx", 0 0, v0000019ade238a50_0;  1 drivers
v0000019ade239a90_0 .var "tx_baud", 15 0;
v0000019ade2393b0_0 .var "tx_bit", 2 0;
v0000019ade239770_0 .var "tx_cnt", 3 0;
v0000019ade238730_0 .net "tx_empty", 0 0, L_0000019ade2a8140;  1 drivers
v0000019ade238b90_0 .net "tx_full", 0 0, L_0000019ade2a71a0;  1 drivers
v0000019ade238690_0 .net "tx_idle_empty", 0 0, L_0000019ade29ccd0;  1 drivers
v0000019ade238a50_0 .var "tx_line", 0 0;
v0000019ade238ff0_0 .net "tx_pop", 0 0, L_0000019ade29dc20;  1 drivers
v0000019ade238e10_0 .var "tx_rd", 2 0;
v0000019ade2391d0_0 .var "tx_shift", 7 0;
v0000019ade238c30_0 .var "tx_state", 1 0;
v0000019ade2394f0_0 .var "tx_wr", 2 0;
v0000019ade238870 .array "txbuf", 7 0, 7 0;
v0000019ade239b30_0 .net "wr_data", 7 0, L_0000019ade2a6a20;  1 drivers
v0000019ade238af0_0 .net "wr_en", 0 0, L_0000019ade29cfe0;  1 drivers
L_0000019ade2a71a0 .cmp/eq 4, v0000019ade239770_0, L_0000019ade245018;
L_0000019ade2a8140 .cmp/eq 4, v0000019ade239770_0, L_0000019ade245060;
L_0000019ade2a7b00 .cmp/eq 4, v0000019ade234400_0, L_0000019ade2450a8;
L_0000019ade2a6b60 .cmp/eq 4, v0000019ade234400_0, L_0000019ade2450f0;
L_0000019ade2a5f80 .cmp/eq 2, v0000019ade238c30_0, L_0000019ade245138;
L_0000019ade2a6d40 .reduce/nor L_0000019ade2a8140;
L_0000019ade2a5da0 .cmp/eq 2, v0000019ade239130_0, L_0000019ade245180;
L_0000019ade2a68e0 .concat [ 16 16 0 0], v0000019ade2342c0_0, L_0000019ade2451c8;
L_0000019ade2a72e0 .cmp/eq 32, L_0000019ade2a68e0, L_0000019ade245210;
L_0000019ade2a7f60 .reduce/nor L_0000019ade2a7b00;
L_0000019ade2a7ba0 .array/port v0000019ade2396d0, L_0000019ade2a7240;
L_0000019ade2a7240 .concat [ 3 2 0 0], v0000019ade239090_0, L_0000019ade245258;
L_0000019ade2a63e0 .cmp/eq 2, v0000019ade238c30_0, L_0000019ade2452a0;
L_0000019ade2a7c40 .reduce/nor L_0000019ade2a6b60;
L_0000019ade2a62a0 .reduce/nor L_0000019ade2a71a0;
LS_0000019ade2a6980_0_0 .concat [ 1 1 1 1], L_0000019ade2a62a0, L_0000019ade29ccd0, L_0000019ade2a7c40, L_0000019ade2a7b00;
LS_0000019ade2a6980_0_4 .concat [ 28 0 0 0], L_0000019ade2452e8;
L_0000019ade2a6980 .concat [ 4 28 0 0], LS_0000019ade2a6980_0_0, LS_0000019ade2a6980_0_4;
L_0000019ade2a6f20 .concat [ 3 29 0 0], v0000019ade2340e0_0, L_0000019ade245330;
L_0000019ade2a5e40 .cmp/eq 2, L_0000019ade240220, L_0000019ade245378;
L_0000019ade2a8000 .cmp/eq 2, L_0000019ade240220, L_0000019ade2453c0;
L_0000019ade2a6160 .concat [ 8 24 0 0], L_0000019ade29d590, L_0000019ade245408;
L_0000019ade2a6200 .functor MUXZ 32, L_0000019ade2a6160, L_0000019ade2a6f20, L_0000019ade2a8000, C4<>;
L_0000019ade2a6340 .functor MUXZ 32, L_0000019ade2a6200, L_0000019ade2a6980, L_0000019ade2a5e40, C4<>;
L_0000019ade2a7420 .part v0000019ade2340e0_0, 0, 1;
L_0000019ade2a6de0 .reduce/nor L_0000019ade2a6b60;
L_0000019ade2a6520 .part v0000019ade2340e0_0, 1, 1;
L_0000019ade2a65c0 .part v0000019ade2340e0_0, 2, 1;
S_0000019ade235c20 .scope module, "uart3" "UART" 2 227, 8 22 0, S_0000019ade0b1390;
 .timescale -9 -12;
    .port_info 0 /INPUT 1 "clk";
    .port_info 1 /INPUT 1 "rst";
    .port_info 2 /INPUT 1 "rx";
    .port_info 3 /OUTPUT 1 "tx";
    .port_info 4 /INPUT 1 "wr_en";
    .port_info 5 /INPUT 8 "wr_data";
    .port_info 6 /INPUT 1 "rd_data_en";
    .port_info 7 /INPUT 1 "ier_wr_en";
    .port_info 8 /INPUT 3 "ier_wr_data";
    .port_info 9 /INPUT 2 "reg_sel";
    .port_info 10 /OUTPUT 32 "rdata";
    .port_info 11 /OUTPUT 1 "irq";
P_0000019ade23a250 .param/l "CLKS_PER_BIT" 0 8 23, +C4<00000000000000000000000000010000>;
P_0000019ade23a288 .param/l "RX_DATA" 1 8 71, C4<10>;
P_0000019ade23a2c0 .param/l "RX_IDLE" 1 8 71, C4<00>;
P_0000019ade23a2f8 .param/l "RX_START" 1 8 71, C4<01>;
P_0000019ade23a330 .param/l "RX_STOP" 1 8 71, C4<11>;
P_0000019ade23a368 .param/l "TX_DATA" 1 8 62, C4<10>;
P_0000019ade23a3a0 .param/l "TX_IDLE" 1 8 62, C4<00>;
P_0000019ade23a3d8 .param/l "TX_START" 1 8 62, C4<01>;
P_0000019ade23a410 .param/l "TX_STOP" 1 8 62, C4<11>;
L_0000019ade29c9c0 .functor AND 1, L_0000019ade2a8820, L_0000019ade2a83c0, C4<1>, C4<1>;
L_0000019ade29dbb0 .functor AND 1, L_0000019ade2a8460, L_0000019ade2a85a0, C4<1>, C4<1>;
L_0000019ade29cdb0 .functor AND 1, L_0000019ade29dbb0, L_0000019ade2a2600, C4<1>, C4<1>;
L_0000019ade29cf00 .functor BUFZ 8, L_0000019ade2a2ec0, C4<00000000>, C4<00000000>, C4<00000000>;
L_0000019ade29c5d0 .functor AND 1, L_0000019ade2a8780, L_0000019ade2a24c0, C4<1>, C4<1>;
L_0000019ade29d910 .functor AND 1, L_0000019ade2a2b00, L_0000019ade2a2060, C4<1>, C4<1>;
L_0000019ade29d980 .functor AND 1, L_0000019ade2a2ce0, L_0000019ade29c5d0, C4<1>, C4<1>;
L_0000019ade29ce90 .functor OR 1, L_0000019ade29d910, L_0000019ade29d980, C4<0>, C4<0>;
L_0000019ade29d3d0 .functor AND 1, L_0000019ade2a0b20, L_0000019ade2a8280, C4<1>, C4<1>;
L_0000019ade29ca30 .functor OR 1, L_0000019ade29ce90, L_0000019ade29d3d0, C4<0>, C4<0>;
L_0000019ade245528 .functor BUFT 1, C4<1000>, C4<0>, C4<0>, C4<0>;
v0000019ade238910_0 .net/2u *"_ivl_0", 3 0, L_0000019ade245528;  1 drivers
v0000019ade239950_0 .net *"_ivl_100", 0 0, L_0000019ade29d3d0;  1 drivers
L_0000019ade245600 .functor BUFT 1, C4<0000>, C4<0>, C4<0>, C4<0>;
v0000019ade239450_0 .net/2u *"_ivl_12", 3 0, L_0000019ade245600;  1 drivers
L_0000019ade245648 .functor BUFT 1, C4<00>, C4<0>, C4<0>, C4<0>;
v0000019ade2389b0_0 .net/2u *"_ivl_16", 1 0, L_0000019ade245648;  1 drivers
v0000019ade239bd0_0 .net *"_ivl_18", 0 0, L_0000019ade2a8820;  1 drivers
v0000019ade239d10_0 .net *"_ivl_21", 0 0, L_0000019ade2a83c0;  1 drivers
L_0000019ade245690 .functor BUFT 1, C4<11>, C4<0>, C4<0>, C4<0>;
v0000019ade239c70_0 .net/2u *"_ivl_24", 1 0, L_0000019ade245690;  1 drivers
v0000019ade238cd0_0 .net *"_ivl_26", 0 0, L_0000019ade2a8460;  1 drivers
v0000019ade2398b0_0 .net *"_ivl_28", 31 0, L_0000019ade2a8500;  1 drivers
L_0000019ade2456d8 .functor BUFT 1, C4<0000000000000000>, C4<0>, C4<0>, C4<0>;
v0000019ade239810_0 .net *"_ivl_31", 15 0, L_0000019ade2456d8;  1 drivers
L_0000019ade245720 .functor BUFT 1, C4<00000000000000000000000000001111>, C4<0>, C4<0>, C4<0>;
v0000019ade239630_0 .net/2u *"_ivl_32", 31 0, L_0000019ade245720;  1 drivers
v0000019ade238d70_0 .net *"_ivl_34", 0 0, L_0000019ade2a85a0;  1 drivers
v0000019ade2369d0_0 .net *"_ivl_37", 0 0, L_0000019ade29dbb0;  1 drivers
v0000019ade238190_0 .net *"_ivl_39", 0 0, L_0000019ade2a2600;  1 drivers
L_0000019ade245570 .functor BUFT 1, C4<0000>, C4<0>, C4<0>, C4<0>;
v0000019ade237790_0 .net/2u *"_ivl_4", 3 0, L_0000019ade245570;  1 drivers
v0000019ade236250_0 .net *"_ivl_44", 7 0, L_0000019ade2a2ec0;  1 drivers
v0000019ade237a10_0 .net *"_ivl_46", 4 0, L_0000019ade2a1e80;  1 drivers
L_0000019ade245768 .functor BUFT 1, C4<00>, C4<0>, C4<0>, C4<0>;
v0000019ade2373d0_0 .net *"_ivl_49", 1 0, L_0000019ade245768;  1 drivers
L_0000019ade2457b0 .functor BUFT 1, C4<00>, C4<0>, C4<0>, C4<0>;
v0000019ade237ab0_0 .net/2u *"_ivl_52", 1 0, L_0000019ade2457b0;  1 drivers
v0000019ade237510_0 .net *"_ivl_54", 0 0, L_0000019ade2a24c0;  1 drivers
L_0000019ade2457f8 .functor BUFT 1, C4<0000000000000000000000000000>, C4<0>, C4<0>, C4<0>;
v0000019ade2370b0_0 .net/2u *"_ivl_58", 27 0, L_0000019ade2457f8;  1 drivers
v0000019ade236ed0_0 .net *"_ivl_61", 0 0, L_0000019ade2a1520;  1 drivers
v0000019ade237470_0 .net *"_ivl_63", 0 0, L_0000019ade2a2f60;  1 drivers
L_0000019ade245840 .functor BUFT 1, C4<00000000000000000000000000000>, C4<0>, C4<0>, C4<0>;
v0000019ade2366b0_0 .net/2u *"_ivl_66", 28 0, L_0000019ade245840;  1 drivers
L_0000019ade245888 .functor BUFT 1, C4<01>, C4<0>, C4<0>, C4<0>;
v0000019ade2380f0_0 .net/2u *"_ivl_70", 1 0, L_0000019ade245888;  1 drivers
v0000019ade236890_0 .net *"_ivl_72", 0 0, L_0000019ade2a3140;  1 drivers
L_0000019ade2458d0 .functor BUFT 1, C4<10>, C4<0>, C4<0>, C4<0>;
v0000019ade236a70_0 .net/2u *"_ivl_74", 1 0, L_0000019ade2458d0;  1 drivers
v0000019ade238230_0 .net *"_ivl_76", 0 0, L_0000019ade2a17a0;  1 drivers
L_0000019ade245918 .functor BUFT 1, C4<000000000000000000000000>, C4<0>, C4<0>, C4<0>;
v0000019ade237150_0 .net/2u *"_ivl_78", 23 0, L_0000019ade245918;  1 drivers
L_0000019ade2455b8 .functor BUFT 1, C4<1000>, C4<0>, C4<0>, C4<0>;
v0000019ade237b50_0 .net/2u *"_ivl_8", 3 0, L_0000019ade2455b8;  1 drivers
v0000019ade237bf0_0 .net *"_ivl_80", 31 0, L_0000019ade2a2a60;  1 drivers
v0000019ade237970_0 .net *"_ivl_82", 31 0, L_0000019ade2a0bc0;  1 drivers
v0000019ade2361b0_0 .net *"_ivl_87", 0 0, L_0000019ade2a2b00;  1 drivers
v0000019ade236930_0 .net *"_ivl_89", 0 0, L_0000019ade2a2060;  1 drivers
v0000019ade2382d0_0 .net *"_ivl_90", 0 0, L_0000019ade29d910;  1 drivers
v0000019ade2375b0_0 .net *"_ivl_93", 0 0, L_0000019ade2a2ce0;  1 drivers
v0000019ade237c90_0 .net *"_ivl_94", 0 0, L_0000019ade29d980;  1 drivers
v0000019ade237330_0 .net *"_ivl_96", 0 0, L_0000019ade29ce90;  1 drivers
v0000019ade238370_0 .net *"_ivl_99", 0 0, L_0000019ade2a0b20;  1 drivers
v0000019ade236610_0 .net "clk", 0 0, o0000019ade1cbf78;  alias, 0 drivers
v0000019ade2384b0_0 .var "ier", 2 0;
v0000019ade237d30_0 .net "ier_word", 31 0, L_0000019ade2a2880;  1 drivers
v0000019ade238410_0 .net "ier_wr_data", 2 0, L_0000019ade2a27e0;  1 drivers
v0000019ade237290_0 .net "ier_wr_en", 0 0, L_0000019ade29c870;  1 drivers
v0000019ade237dd0_0 .net "irq", 0 0, L_0000019ade29ca30;  alias, 1 drivers
v0000019ade236b10_0 .net "rd_data_en", 0 0, L_0000019ade29d9f0;  1 drivers
v0000019ade237650_0 .net "rdata", 31 0, L_0000019ade2a29c0;  alias, 1 drivers
v0000019ade236bb0_0 .net "reg_sel", 1 0, L_0000019ade240220;  alias, 1 drivers
v0000019ade2362f0_0 .net "rst", 0 0, o0000019ade1cccf8;  alias, 0 drivers
v0000019ade236430_0 .net "rx", 0 0, L_0000019ade2a1660;  1 drivers
v0000019ade238550_0 .var "rx_baud", 15 0;
v0000019ade236c50_0 .var "rx_bit", 2 0;
v0000019ade236e30_0 .var "rx_cnt", 3 0;
v0000019ade2376f0_0 .net "rx_empty", 0 0, L_0000019ade2a88c0;  1 drivers
v0000019ade236d90_0 .net "rx_full", 0 0, L_0000019ade2a8280;  1 drivers
v0000019ade237f10_0 .net "rx_head", 7 0, L_0000019ade29cf00;  1 drivers
v0000019ade237e70_0 .net "rx_push", 0 0, L_0000019ade29cdb0;  1 drivers
v0000019ade237fb0_0 .var "rx_rd", 2 0;
v0000019ade237830_0 .var "rx_s1", 0 0;
v0000019ade2378d0_0 .var "rx_s2", 0 0;
v0000019ade236390_0 .var "rx_shift", 7 0;
v0000019ade2385f0_0 .var "rx_state", 1 0;
v0000019ade238050_0 .var "rx_wr", 2 0;
v0000019ade235e90 .array "rxbuf", 7 0, 7 0;
v0000019ade235f30_0 .net "status", 31 0, L_0000019ade2a2740;  1 drivers
v0000019ade236cf0_0 .net "tx", 0 0, v0000019ade236f70_0;  1 drivers
v0000019ade2364d0_0 .var "tx_baud", 15 0;
v0000019ade235fd0_0 .var "tx_bit", 2 0;
v0000019ade236070_0 .var "tx_cnt", 3 0;
v0000019ade236110_0 .net "tx_empty", 0 0, L_0000019ade2a8780;  1 drivers
v0000019ade236570_0 .net "tx_full", 0 0, L_0000019ade2a8960;  1 drivers
v0000019ade236750_0 .net "tx_idle_empty", 0 0, L_0000019ade29c5d0;  1 drivers
v0000019ade236f70_0 .var "tx_line", 0 0;
v0000019ade2367f0_0 .net "tx_pop", 0 0, L_0000019ade29c9c0;  1 drivers
v0000019ade237010_0 .var "tx_rd", 2 0;
v0000019ade2371f0_0 .var "tx_shift", 7 0;
v0000019ade2427a0_0 .var "tx_state", 1 0;
v0000019ade2422a0_0 .var "tx_wr", 2 0;
v0000019ade242840 .array "txbuf", 7 0, 7 0;
v0000019ade242a20_0 .net "wr_data", 7 0, L_0000019ade2a0da0;  1 drivers
v0000019ade241da0_0 .net "wr_en", 0 0, L_0000019ade29c640;  1 drivers
L_0000019ade2a8960 .cmp/eq 4, v0000019ade236070_0, L_0000019ade245528;
L_0000019ade2a8780 .cmp/eq 4, v0000019ade236070_0, L_0000019ade245570;
L_0000019ade2a8280 .cmp/eq 4, v0000019ade236e30_0, L_0000019ade2455b8;
L_0000019ade2a88c0 .cmp/eq 4, v0000019ade236e30_0, L_0000019ade245600;
L_0000019ade2a8820 .cmp/eq 2, v0000019ade2427a0_0, L_0000019ade245648;
L_0000019ade2a83c0 .reduce/nor L_0000019ade2a8780;
L_0000019ade2a8460 .cmp/eq 2, v0000019ade2385f0_0, L_0000019ade245690;
L_0000019ade2a8500 .concat [ 16 16 0 0], v0000019ade238550_0, L_0000019ade2456d8;
L_0000019ade2a85a0 .cmp/eq 32, L_0000019ade2a8500, L_0000019ade245720;
L_0000019ade2a2600 .reduce/nor L_0000019ade2a8280;
L_0000019ade2a2ec0 .array/port v0000019ade235e90, L_0000019ade2a1e80;
L_0000019ade2a1e80 .concat [ 3 2 0 0], v0000019ade237fb0_0, L_0000019ade245768;
L_0000019ade2a24c0 .cmp/eq 2, v0000019ade2427a0_0, L_0000019ade2457b0;
L_0000019ade2a1520 .reduce/nor L_0000019ade2a88c0;
L_0000019ade2a2f60 .reduce/nor L_0000019ade2a8960;
LS_0000019ade2a2740_0_0 .concat [ 1 1 1 1], L_0000019ade2a2f60, L_0000019ade29c5d0, L_0000019ade2a1520, L_0000019ade2a8280;
LS_0000019ade2a2740_0_4 .concat [ 28 0 0 0], L_0000019ade2457f8;
L_0000019ade2a2740 .concat [ 4 28 0 0], LS_0000019ade2a2740_0_0, LS_0000019ade2a2740_0_4;
L_0000019ade2a2880 .concat [ 3 29 0 0], v0000019ade2384b0_0, L_0000019ade245840;
L_0000019ade2a3140 .cmp/eq 2, L_0000019ade240220, L_0000019ade245888;
L_0000019ade2a17a0 .cmp/eq 2, L_0000019ade240220, L_0000019ade2458d0;
L_0000019ade2a2a60 .concat [ 8 24 0 0], L_0000019ade29cf00, L_0000019ade245918;
L_0000019ade2a0bc0 .functor MUXZ 32, L_0000019ade2a2a60, L_0000019ade2a2880, L_0000019ade2a17a0, C4<>;
L_0000019ade2a29c0 .functor MUXZ 32, L_0000019ade2a0bc0, L_0000019ade2a2740, L_0000019ade2a3140, C4<>;
L_0000019ade2a2b00 .part v0000019ade2384b0_0, 0, 1;
L_0000019ade2a2060 .reduce/nor L_0000019ade2a88c0;
L_0000019ade2a2ce0 .part v0000019ade2384b0_0, 1, 1;
L_0000019ade2a0b20 .part v0000019ade2384b0_0, 2, 1;
    .scope S_0000019ade03e1a0;
T_2 ;
    %wait E_0000019ade169d30;
    %load/vec4 v0000019ade147150_0;
    %pad/u 7;
    %ix/vec4 4;
    %load/vec4a v0000019ade145d50, 4;
    %store/vec4 v0000019ade146ed0_0, 0, 32;
    %load/vec4 v0000019ade145e90_0;
    %pad/u 7;
    %ix/vec4 4;
    %load/vec4a v0000019ade145d50, 4;
    %store/vec4 v0000019ade146070_0, 0, 32;
    %jmp T_2;
    .thread T_2, $push;
    .scope S_0000019ade03e1a0;
T_3 ;
    %wait E_0000019ade169670;
    %load/vec4 v0000019ade1464d0_0;
    %flag_set/vec4 8;
    %jmp/0xz  T_3.0, 8;
    %fork t_1, S_0000019ade092ab0;
    %jmp t_0;
    .scope S_0000019ade092ab0;
t_1 ;
    %pushi/vec4 0, 0, 32;
    %store/vec4 v0000019ade1c0e00_0, 0, 32;
T_3.2 ;
    %load/vec4 v0000019ade1c0e00_0;
    %cmpi/s 32, 0, 32;
    %jmp/0xz T_3.3, 5;
    %pushi/vec4 0, 0, 32;
    %ix/getv/s 3, v0000019ade1c0e00_0;
    %ix/load 4, 0, 0; Constant delay
    %assign/vec4/a/d v0000019ade145d50, 0, 4;
    %load/vec4 v0000019ade1c0e00_0;
    %addi 1, 0, 32;
    %store/vec4 v0000019ade1c0e00_0, 0, 32;
    %jmp T_3.2;
T_3.3 ;
    %end;
    .scope S_0000019ade03e1a0;
t_0 %join;
    %jmp T_3.1;
T_3.0 ;
    %load/vec4 v0000019ade146e30_0;
    %flag_set/vec4 9;
    %flag_get/vec4 9;
    %jmp/0 T_3.6, 9;
    %load/vec4 v0000019ade145990_0;
    %pushi/vec4 0, 0, 5;
    %cmp/ne;
    %flag_get/vec4 4;
    %and;
T_3.6;
    %flag_set/vec4 8;
    %jmp/0xz  T_3.4, 8;
    %load/vec4 v0000019ade147330_0;
    %load/vec4 v0000019ade145990_0;
    %pad/u 7;
    %ix/vec4 3;
    %ix/load 4, 0, 0; Constant delay
    %assign/vec4/a/d v0000019ade145d50, 0, 4;
T_3.4 ;
T_3.1 ;
    %jmp T_3;
    .thread T_3;
    .scope S_0000019ade03e010;
T_4 ;
    %wait E_0000019ade168c30;
    %load/vec4 v0000019ade1c1b20_0;
    %dup/vec4;
    %pushi/vec4 0, 0, 4;
    %cmp/u;
    %jmp/1 T_4.0, 6;
    %dup/vec4;
    %pushi/vec4 1, 0, 4;
    %cmp/u;
    %jmp/1 T_4.1, 6;
    %dup/vec4;
    %pushi/vec4 2, 0, 4;
    %cmp/u;
    %jmp/1 T_4.2, 6;
    %dup/vec4;
    %pushi/vec4 3, 0, 4;
    %cmp/u;
    %jmp/1 T_4.3, 6;
    %dup/vec4;
    %pushi/vec4 4, 0, 4;
    %cmp/u;
    %jmp/1 T_4.4, 6;
    %dup/vec4;
    %pushi/vec4 5, 0, 4;
    %cmp/u;
    %jmp/1 T_4.5, 6;
    %dup/vec4;
    %pushi/vec4 6, 0, 4;
    %cmp/u;
    %jmp/1 T_4.6, 6;
    %dup/vec4;
    %pushi/vec4 7, 0, 4;
    %cmp/u;
    %jmp/1 T_4.7, 6;
    %dup/vec4;
    %pushi/vec4 8, 0, 4;
    %cmp/u;
    %jmp/1 T_4.8, 6;
    %dup/vec4;
    %pushi/vec4 13, 0, 4;
    %cmp/u;
    %jmp/1 T_4.9, 6;
    %pushi/vec4 0, 0, 32;
    %store/vec4 v0000019ade1bfe60_0, 0, 32;
    %jmp T_4.11;
T_4.0 ;
    %load/vec4 v0000019ade1c0540_0;
    %load/vec4 v0000019ade1c02c0_0;
    %add;
    %store/vec4 v0000019ade1bfe60_0, 0, 32;
    %jmp T_4.11;
T_4.1 ;
    %load/vec4 v0000019ade1c0540_0;
    %load/vec4 v0000019ade1c02c0_0;
    %parti/s 5, 0, 2;
    %ix/vec4 4;
    %shiftl 4;
    %store/vec4 v0000019ade1bfe60_0, 0, 32;
    %jmp T_4.11;
T_4.2 ;
    %load/vec4 v0000019ade1c0cc0_0;
    %load/vec4 v0000019ade1c0d60_0;
    %cmp/s;
    %jmp/0xz  T_4.12, 5;
    %pushi/vec4 1, 0, 32;
    %store/vec4 v0000019ade1bfe60_0, 0, 32;
    %jmp T_4.13;
T_4.12 ;
    %pushi/vec4 0, 0, 32;
    %store/vec4 v0000019ade1bfe60_0, 0, 32;
T_4.13 ;
    %jmp T_4.11;
T_4.3 ;
    %load/vec4 v0000019ade1c0540_0;
    %load/vec4 v0000019ade1c02c0_0;
    %cmp/u;
    %jmp/0xz  T_4.14, 5;
    %pushi/vec4 1, 0, 32;
    %store/vec4 v0000019ade1bfe60_0, 0, 32;
    %jmp T_4.15;
T_4.14 ;
    %pushi/vec4 0, 0, 32;
    %store/vec4 v0000019ade1bfe60_0, 0, 32;
T_4.15 ;
    %jmp T_4.11;
T_4.4 ;
    %load/vec4 v0000019ade1c0540_0;
    %load/vec4 v0000019ade1c02c0_0;
    %xor;
    %store/vec4 v0000019ade1bfe60_0, 0, 32;
    %jmp T_4.11;
T_4.5 ;
    %load/vec4 v0000019ade1c0540_0;
    %load/vec4 v0000019ade1c02c0_0;
    %parti/s 5, 0, 2;
    %ix/vec4 4;
    %shiftr 4;
    %store/vec4 v0000019ade1bfe60_0, 0, 32;
    %jmp T_4.11;
T_4.6 ;
    %load/vec4 v0000019ade1c0540_0;
    %load/vec4 v0000019ade1c02c0_0;
    %or;
    %store/vec4 v0000019ade1bfe60_0, 0, 32;
    %jmp T_4.11;
T_4.7 ;
    %load/vec4 v0000019ade1c0540_0;
    %load/vec4 v0000019ade1c02c0_0;
    %and;
    %store/vec4 v0000019ade1bfe60_0, 0, 32;
    %jmp T_4.11;
T_4.8 ;
    %load/vec4 v0000019ade1c0540_0;
    %load/vec4 v0000019ade1c02c0_0;
    %sub;
    %store/vec4 v0000019ade1bfe60_0, 0, 32;
    %jmp T_4.11;
T_4.9 ;
    %load/vec4 v0000019ade1c0cc0_0;
    %load/vec4 v0000019ade1c02c0_0;
    %parti/s 5, 0, 2;
    %ix/vec4 4;
    %shiftr/s 4;
    %store/vec4 v0000019ade1bfe60_0, 0, 32;
    %jmp T_4.11;
T_4.11 ;
    %pop/vec4 1;
    %jmp T_4;
    .thread T_4, $push;
    .scope S_0000019ade0cd270;
T_5 ;
    %wait E_0000019ade1688b0;
    %load/vec4 v0000019ade21e360_0;
    %dup/vec4;
    %pushi/vec4 0, 0, 3;
    %cmp/u;
    %jmp/1 T_5.0, 6;
    %dup/vec4;
    %pushi/vec4 1, 0, 3;
    %cmp/u;
    %jmp/1 T_5.1, 6;
    %dup/vec4;
    %pushi/vec4 4, 0, 3;
    %cmp/u;
    %jmp/1 T_5.2, 6;
    %dup/vec4;
    %pushi/vec4 5, 0, 3;
    %cmp/u;
    %jmp/1 T_5.3, 6;
    %dup/vec4;
    %pushi/vec4 6, 0, 3;
    %cmp/u;
    %jmp/1 T_5.4, 6;
    %dup/vec4;
    %pushi/vec4 7, 0, 3;
    %cmp/u;
    %jmp/1 T_5.5, 6;
    %pushi/vec4 0, 0, 1;
    %store/vec4 v0000019ade21f120_0, 0, 1;
    %jmp T_5.7;
T_5.0 ;
    %load/vec4 v0000019ade229b50_0;
    %load/vec4 v0000019ade229bf0_0;
    %cmp/e;
    %flag_get/vec4 4;
    %store/vec4 v0000019ade21f120_0, 0, 1;
    %jmp T_5.7;
T_5.1 ;
    %load/vec4 v0000019ade229b50_0;
    %load/vec4 v0000019ade229bf0_0;
    %cmp/ne;
    %flag_get/vec4 4;
    %store/vec4 v0000019ade21f120_0, 0, 1;
    %jmp T_5.7;
T_5.2 ;
    %load/vec4 v0000019ade229b50_0;
    %load/vec4 v0000019ade229bf0_0;
    %cmp/s;
    %flag_get/vec4 5;
    %store/vec4 v0000019ade21f120_0, 0, 1;
    %jmp T_5.7;
T_5.3 ;
    %load/vec4 v0000019ade229bf0_0;
    %load/vec4 v0000019ade229b50_0;
    %cmp/s;
    %flag_get/vec4 4;
    %flag_get/vec4 5;
    %or;
    %store/vec4 v0000019ade21f120_0, 0, 1;
    %jmp T_5.7;
T_5.4 ;
    %load/vec4 v0000019ade229b50_0;
    %load/vec4 v0000019ade229bf0_0;
    %cmp/u;
    %flag_get/vec4 5;
    %store/vec4 v0000019ade21f120_0, 0, 1;
    %jmp T_5.7;
T_5.5 ;
    %load/vec4 v0000019ade229bf0_0;
    %load/vec4 v0000019ade229b50_0;
    %cmp/u;
    %flag_get/vec4 4;
    %flag_get/vec4 5;
    %or;
    %store/vec4 v0000019ade21f120_0, 0, 1;
    %jmp T_5.7;
T_5.7 ;
    %pop/vec4 1;
    %jmp T_5;
    .thread T_5, $push;
    .scope S_0000019ade0cd270;
T_6 ;
    %wait E_0000019ade168730;
    %pushi/vec4 0, 0, 32;
    %store/vec4 v0000019ade228750_0, 0, 32;
    %pushi/vec4 0, 0, 32;
    %store/vec4 v0000019ade2290b0_0, 0, 32;
    %load/vec4 v0000019ade21eae0_0;
    %flag_set/vec4 8;
    %jmp/0xz  T_6.0, 8;
    %load/vec4 v0000019ade21e900_0;
    %flag_set/vec4 8;
    %jmp/0xz  T_6.2, 8;
    %pushi/vec4 2147483659, 0, 32;
    %store/vec4 v0000019ade228750_0, 0, 32;
    %jmp T_6.3;
T_6.2 ;
    %load/vec4 v0000019ade228610_0;
    %flag_set/vec4 8;
    %jmp/0xz  T_6.4, 8;
    %pushi/vec4 2147483651, 0, 32;
    %store/vec4 v0000019ade228750_0, 0, 32;
    %jmp T_6.5;
T_6.4 ;
    %pushi/vec4 2147483655, 0, 32;
    %store/vec4 v0000019ade228750_0, 0, 32;
T_6.5 ;
T_6.3 ;
    %jmp T_6.1;
T_6.0 ;
    %load/vec4 v0000019ade21eea0_0;
    %flag_set/vec4 8;
    %jmp/0xz  T_6.6, 8;
    %pushi/vec4 11, 0, 32;
    %store/vec4 v0000019ade228750_0, 0, 32;
    %jmp T_6.7;
T_6.6 ;
    %load/vec4 v0000019ade21e2c0_0;
    %flag_set/vec4 8;
    %jmp/0xz  T_6.8, 8;
    %pushi/vec4 3, 0, 32;
    %store/vec4 v0000019ade228750_0, 0, 32;
    %load/vec4 v0000019ade18ef40_0;
    %store/vec4 v0000019ade2290b0_0, 0, 32;
    %jmp T_6.9;
T_6.8 ;
    %pushi/vec4 2, 0, 32;
    %store/vec4 v0000019ade228750_0, 0, 32;
    %load/vec4 v0000019ade1470b0_0;
    %store/vec4 v0000019ade2290b0_0, 0, 32;
T_6.9 ;
T_6.7 ;
T_6.1 ;
    %jmp T_6;
    .thread T_6, $push;
    .scope S_0000019ade0cd270;
T_7 ;
    %wait E_0000019ade1684b0;
    %load/vec4 v0000019ade22a5f0_0;
    %store/vec4 v0000019ade2295b0_0, 0, 5;
    %load/vec4 v0000019ade229dd0_0;
    %store/vec4 v0000019ade229970_0, 0, 5;
    %pushi/vec4 0, 0, 32;
    %store/vec4 v0000019ade229010_0, 0, 32;
    %pushi/vec4 0, 0, 32;
    %store/vec4 v0000019ade22a550_0, 0, 32;
    %pushi/vec4 0, 0, 4;
    %store/vec4 v0000019ade21fe40_0, 0, 4;
    %pushi/vec4 0, 0, 32;
    %store/vec4 v0000019ade18d500_0, 0, 32;
    %pushi/vec4 0, 0, 32;
    %store/vec4 v0000019ade18dfa0_0, 0, 32;
    %pushi/vec4 0, 0, 32;
    %store/vec4 v0000019ade21e220_0, 0, 32;
    %load/vec4 v0000019ade18ea40_0;
    %addi 4, 0, 32;
    %store/vec4 v0000019ade2298d0_0, 0, 32;
    %pushi/vec4 3, 0, 2;
    %store/vec4 v0000019ade228bb0_0, 0, 2;
    %pushi/vec4 0, 0, 32;
    %store/vec4 v0000019ade17e540_0, 0, 32;
    %pushi/vec4 0, 0, 32;
    %store/vec4 v0000019ade17df00_0, 0, 32;
    %pushi/vec4 0, 0, 32;
    %store/vec4 v0000019ade147510_0, 0, 32;
    %pushi/vec4 7, 0, 3;
    %store/vec4 v0000019ade17de60_0, 0, 3;
    %pushi/vec4 7, 0, 3;
    %store/vec4 v0000019ade17d320_0, 0, 3;
    %pushi/vec4 0, 0, 1;
    %store/vec4 v0000019ade21eea0_0, 0, 1;
    %pushi/vec4 0, 0, 1;
    %store/vec4 v0000019ade21e2c0_0, 0, 1;
    %pushi/vec4 0, 0, 1;
    %store/vec4 v0000019ade21efe0_0, 0, 1;
    %pushi/vec4 0, 0, 1;
    %store/vec4 v0000019ade229a10_0, 0, 1;
    %pushi/vec4 0, 0, 1;
    %store/vec4 v0000019ade229d30_0, 0, 1;
    %pushi/vec4 0, 0, 1;
    %store/vec4 v0000019ade228390_0, 0, 1;
    %load/vec4 v0000019ade22a370_0;
    %dup/vec4;
    %pushi/vec4 55, 0, 7;
    %cmp/u;
    %jmp/1 T_7.0, 6;
    %dup/vec4;
    %pushi/vec4 23, 0, 7;
    %cmp/u;
    %jmp/1 T_7.1, 6;
    %dup/vec4;
    %pushi/vec4 111, 0, 7;
    %cmp/u;
    %jmp/1 T_7.2, 6;
    %dup/vec4;
    %pushi/vec4 103, 0, 7;
    %cmp/u;
    %jmp/1 T_7.3, 6;
    %dup/vec4;
    %pushi/vec4 99, 0, 7;
    %cmp/u;
    %jmp/1 T_7.4, 6;
    %dup/vec4;
    %pushi/vec4 3, 0, 7;
    %cmp/u;
    %jmp/1 T_7.5, 6;
    %dup/vec4;
    %pushi/vec4 35, 0, 7;
    %cmp/u;
    %jmp/1 T_7.6, 6;
    %dup/vec4;
    %pushi/vec4 19, 0, 7;
    %cmp/u;
    %jmp/1 T_7.7, 6;
    %dup/vec4;
    %pushi/vec4 51, 0, 7;
    %cmp/u;
    %jmp/1 T_7.8, 6;
    %dup/vec4;
    %pushi/vec4 15, 0, 7;
    %cmp/u;
    %jmp/1 T_7.9, 6;
    %dup/vec4;
    %pushi/vec4 115, 0, 7;
    %cmp/u;
    %jmp/1 T_7.10, 6;
    %pushi/vec4 3, 0, 2;
    %store/vec4 v0000019ade228bb0_0, 0, 2;
    %pushi/vec4 1, 0, 1;
    %store/vec4 v0000019ade21efe0_0, 0, 1;
    %jmp T_7.12;
T_7.0 ;
    %load/vec4 v0000019ade21e5e0_0;
    %store/vec4 v0000019ade18d500_0, 0, 32;
    %pushi/vec4 0, 0, 2;
    %store/vec4 v0000019ade228bb0_0, 0, 2;
    %jmp T_7.12;
T_7.1 ;
    %load/vec4 v0000019ade18ef40_0;
    %load/vec4 v0000019ade21e5e0_0;
    %add;
    %store/vec4 v0000019ade18d500_0, 0, 32;
    %pushi/vec4 0, 0, 2;
    %store/vec4 v0000019ade228bb0_0, 0, 2;
    %jmp T_7.12;
T_7.2 ;
    %load/vec4 v0000019ade18ef40_0;
    %addi 4, 0, 32;
    %store/vec4 v0000019ade18d500_0, 0, 32;
    %load/vec4 v0000019ade18ef40_0;
    %load/vec4 v0000019ade21f8a0_0;
    %add;
    %store/vec4 v0000019ade2298d0_0, 0, 32;
    %pushi/vec4 0, 0, 2;
    %store/vec4 v0000019ade228bb0_0, 0, 2;
    %jmp T_7.12;
T_7.3 ;
    %load/vec4 v0000019ade18ef40_0;
    %addi 4, 0, 32;
    %store/vec4 v0000019ade18d500_0, 0, 32;
    %load/vec4 v0000019ade229b50_0;
    %load/vec4 v0000019ade21f3a0_0;
    %add;
    %pushi/vec4 4294967294, 0, 32;
    %and;
    %store/vec4 v0000019ade2298d0_0, 0, 32;
    %pushi/vec4 0, 0, 2;
    %store/vec4 v0000019ade228bb0_0, 0, 2;
    %jmp T_7.12;
T_7.4 ;
    %load/vec4 v0000019ade21f120_0;
    %flag_set/vec4 8;
    %jmp/0xz  T_7.13, 8;
    %load/vec4 v0000019ade18ef40_0;
    %load/vec4 v0000019ade21f300_0;
    %add;
    %store/vec4 v0000019ade2298d0_0, 0, 32;
T_7.13 ;
    %pushi/vec4 3, 0, 2;
    %store/vec4 v0000019ade228bb0_0, 0, 2;
    %jmp T_7.12;
T_7.5 ;
    %load/vec4 v0000019ade229b50_0;
    %store/vec4 v0000019ade229010_0, 0, 32;
    %load/vec4 v0000019ade21f3a0_0;
    %store/vec4 v0000019ade22a550_0, 0, 32;
    %pushi/vec4 0, 0, 4;
    %store/vec4 v0000019ade21fe40_0, 0, 4;
    %load/vec4 v0000019ade21f6c0_0;
    %store/vec4 v0000019ade17e540_0, 0, 32;
    %load/vec4 v0000019ade21e360_0;
    %store/vec4 v0000019ade17de60_0, 0, 3;
    %pushi/vec4 2, 0, 2;
    %store/vec4 v0000019ade228bb0_0, 0, 2;
    %jmp T_7.12;
T_7.6 ;
    %load/vec4 v0000019ade229b50_0;
    %store/vec4 v0000019ade229010_0, 0, 32;
    %load/vec4 v0000019ade21e540_0;
    %store/vec4 v0000019ade22a550_0, 0, 32;
    %pushi/vec4 0, 0, 4;
    %store/vec4 v0000019ade21fe40_0, 0, 4;
    %load/vec4 v0000019ade21f6c0_0;
    %store/vec4 v0000019ade17df00_0, 0, 32;
    %load/vec4 v0000019ade229bf0_0;
    %store/vec4 v0000019ade147510_0, 0, 32;
    %load/vec4 v0000019ade21e360_0;
    %store/vec4 v0000019ade17d320_0, 0, 3;
    %pushi/vec4 3, 0, 2;
    %store/vec4 v0000019ade228bb0_0, 0, 2;
    %jmp T_7.12;
T_7.7 ;
    %load/vec4 v0000019ade229b50_0;
    %store/vec4 v0000019ade229010_0, 0, 32;
    %load/vec4 v0000019ade21f3a0_0;
    %store/vec4 v0000019ade22a550_0, 0, 32;
    %load/vec4 v0000019ade21e360_0;
    %cmpi/e 5, 0, 3;
    %jmp/0xz  T_7.15, 4;
    %load/vec4 v0000019ade1470b0_0;
    %parti/s 1, 30, 6;
    %load/vec4 v0000019ade21e360_0;
    %concat/vec4; draw_concat_vec4
    %store/vec4 v0000019ade21fe40_0, 0, 4;
    %jmp T_7.16;
T_7.15 ;
    %pushi/vec4 0, 0, 1;
    %load/vec4 v0000019ade21e360_0;
    %concat/vec4; draw_concat_vec4
    %store/vec4 v0000019ade21fe40_0, 0, 4;
T_7.16 ;
    %load/vec4 v0000019ade21f6c0_0;
    %store/vec4 v0000019ade18d500_0, 0, 32;
    %pushi/vec4 0, 0, 2;
    %store/vec4 v0000019ade228bb0_0, 0, 2;
    %jmp T_7.12;
T_7.8 ;
    %load/vec4 v0000019ade229b50_0;
    %store/vec4 v0000019ade229010_0, 0, 32;
    %load/vec4 v0000019ade229bf0_0;
    %store/vec4 v0000019ade22a550_0, 0, 32;
    %load/vec4 v0000019ade1470b0_0;
    %parti/s 1, 30, 6;
    %load/vec4 v0000019ade21e360_0;
    %concat/vec4; draw_concat_vec4
    %store/vec4 v0000019ade21fe40_0, 0, 4;
    %load/vec4 v0000019ade21f6c0_0;
    %store/vec4 v0000019ade18d500_0, 0, 32;
    %pushi/vec4 0, 0, 2;
    %store/vec4 v0000019ade228bb0_0, 0, 2;
    %jmp T_7.12;
T_7.9 ;
    %pushi/vec4 3, 0, 2;
    %store/vec4 v0000019ade228bb0_0, 0, 2;
    %jmp T_7.12;
T_7.10 ;
    %load/vec4 v0000019ade21e360_0;
    %cmpi/e 0, 0, 3;
    %jmp/0xz  T_7.17, 4;
    %pushi/vec4 3, 0, 2;
    %store/vec4 v0000019ade228bb0_0, 0, 2;
    %load/vec4 v0000019ade1470b0_0;
    %parti/s 12, 20, 6;
    %cmpi/e 0, 0, 12;
    %jmp/0xz  T_7.19, 4;
    %pushi/vec4 1, 0, 1;
    %store/vec4 v0000019ade21eea0_0, 0, 1;
    %jmp T_7.20;
T_7.19 ;
    %load/vec4 v0000019ade1470b0_0;
    %parti/s 12, 20, 6;
    %cmpi/e 1, 0, 12;
    %jmp/0xz  T_7.21, 4;
    %pushi/vec4 1, 0, 1;
    %store/vec4 v0000019ade21e2c0_0, 0, 1;
    %jmp T_7.22;
T_7.21 ;
    %load/vec4 v0000019ade1470b0_0;
    %parti/s 12, 20, 6;
    %cmpi/e 770, 0, 12;
    %jmp/0xz  T_7.23, 4;
    %pushi/vec4 1, 0, 1;
    %store/vec4 v0000019ade229a10_0, 0, 1;
T_7.23 ;
T_7.22 ;
T_7.20 ;
    %jmp T_7.18;
T_7.17 ;
    %pushi/vec4 1, 0, 2;
    %store/vec4 v0000019ade228bb0_0, 0, 2;
    %load/vec4 v0000019ade21f760_0;
    %store/vec4 v0000019ade1c04a0_0, 0, 12;
    %callf/vec4 TD_TopLayer.cpu.GetCSR, S_0000019ade09c480;
    %store/vec4 v0000019ade21e220_0, 0, 32;
    %load/vec4 v0000019ade21e180_0;
    %flag_set/vec4 8;
    %jmp/0xz  T_7.25, 8;
    %load/vec4 v0000019ade21ee00_0;
    %store/vec4 v0000019ade21e220_0, 0, 32;
T_7.25 ;
    %load/vec4 v0000019ade21e220_0;
    %store/vec4 v0000019ade18d500_0, 0, 32;
    %load/vec4 v0000019ade21e360_0;
    %cmpi/e 1, 0, 3;
    %jmp/0xz  T_7.27, 4;
    %load/vec4 v0000019ade229b50_0;
    %store/vec4 v0000019ade18dfa0_0, 0, 32;
    %jmp T_7.28;
T_7.27 ;
    %load/vec4 v0000019ade21e360_0;
    %cmpi/e 2, 0, 3;
    %jmp/0xz  T_7.29, 4;
    %load/vec4 v0000019ade21e220_0;
    %load/vec4 v0000019ade229b50_0;
    %or;
    %store/vec4 v0000019ade18dfa0_0, 0, 32;
    %jmp T_7.30;
T_7.29 ;
    %load/vec4 v0000019ade21e360_0;
    %cmpi/e 3, 0, 3;
    %jmp/0xz  T_7.31, 4;
    %load/vec4 v0000019ade21e220_0;
    %load/vec4 v0000019ade229b50_0;
    %inv;
    %and;
    %store/vec4 v0000019ade18dfa0_0, 0, 32;
    %jmp T_7.32;
T_7.31 ;
    %load/vec4 v0000019ade21e360_0;
    %cmpi/e 5, 0, 3;
    %jmp/0xz  T_7.33, 4;
    %load/vec4 v0000019ade228cf0_0;
    %store/vec4 v0000019ade18dfa0_0, 0, 32;
    %jmp T_7.34;
T_7.33 ;
    %load/vec4 v0000019ade21e360_0;
    %cmpi/e 6, 0, 3;
    %jmp/0xz  T_7.35, 4;
    %load/vec4 v0000019ade21e220_0;
    %load/vec4 v0000019ade228cf0_0;
    %or;
    %store/vec4 v0000019ade18dfa0_0, 0, 32;
    %jmp T_7.36;
T_7.35 ;
    %load/vec4 v0000019ade21e360_0;
    %cmpi/e 7, 0, 3;
    %jmp/0xz  T_7.37, 4;
    %load/vec4 v0000019ade21e220_0;
    %load/vec4 v0000019ade228cf0_0;
    %inv;
    %and;
    %store/vec4 v0000019ade18dfa0_0, 0, 32;
    %jmp T_7.38;
T_7.37 ;
    %load/vec4 v0000019ade21e220_0;
    %store/vec4 v0000019ade18dfa0_0, 0, 32;
T_7.38 ;
T_7.36 ;
T_7.34 ;
T_7.32 ;
T_7.30 ;
T_7.28 ;
T_7.18 ;
    %jmp T_7.12;
T_7.12 ;
    %pop/vec4 1;
    %load/vec4 v0000019ade228890_0;
    %flag_set/vec4 8;
    %flag_get/vec4 8;
    %jmp/0 T_7.39, 8;
    %load/vec4 v0000019ade21eae0_0;
    %flag_set/vec4 8;
    %jmp/1 T_7.42, 8;
    %load/vec4 v0000019ade21eea0_0;
    %flag_set/vec4 9;
    %flag_or 8, 9;
T_7.42;
    %jmp/1 T_7.41, 8;
    %load/vec4 v0000019ade21e2c0_0;
    %flag_set/vec4 9;
    %flag_or 8, 9;
T_7.41;
    %flag_get/vec4 8;
    %jmp/1 T_7.40, 8;
    %load/vec4 v0000019ade21efe0_0;
    %or;
T_7.40;
    %and;
T_7.39;
    %store/vec4 v0000019ade229d30_0, 0, 1;
    %load/vec4 v0000019ade228890_0;
    %flag_set/vec4 8;
    %flag_get/vec4 8;
    %jmp/0 T_7.43, 8;
    %load/vec4 v0000019ade229a10_0;
    %and;
T_7.43;
    %store/vec4 v0000019ade228390_0, 0, 1;
    %load/vec4 v0000019ade229d30_0;
    %flag_set/vec4 8;
    %jmp/0xz  T_7.44, 8;
    %load/vec4 v0000019ade228b10_0;
    %parti/s 30, 2, 3;
    %concati/vec4 0, 0, 2;
    %store/vec4 v0000019ade2298d0_0, 0, 32;
    %pushi/vec4 3, 0, 2;
    %store/vec4 v0000019ade228bb0_0, 0, 2;
    %pushi/vec4 7, 0, 3;
    %store/vec4 v0000019ade17de60_0, 0, 3;
    %pushi/vec4 7, 0, 3;
    %store/vec4 v0000019ade17d320_0, 0, 3;
    %jmp T_7.45;
T_7.44 ;
    %load/vec4 v0000019ade228390_0;
    %flag_set/vec4 8;
    %jmp/0xz  T_7.46, 8;
    %load/vec4 v0000019ade229830_0;
    %store/vec4 v0000019ade2298d0_0, 0, 32;
    %pushi/vec4 3, 0, 2;
    %store/vec4 v0000019ade228bb0_0, 0, 2;
T_7.46 ;
T_7.45 ;
    %jmp T_7;
    .thread T_7, $push;
    .scope S_0000019ade0cd270;
T_8 ;
    %wait E_0000019ade169670;
    %load/vec4 v0000019ade229150_0;
    %flag_set/vec4 8;
    %jmp/0xz  T_8.0, 8;
    %pushi/vec4 0, 0, 32;
    %assign/vec4 v0000019ade18ea40_0, 0;
    %pushi/vec4 0, 0, 32;
    %assign/vec4 v0000019ade18ef40_0, 0;
    %pushi/vec4 0, 0, 1;
    %assign/vec4 v0000019ade21e720_0, 0;
    %pushi/vec4 0, 0, 64;
    %assign/vec4 v0000019ade21f620_0, 0;
    %pushi/vec4 0, 0, 64;
    %assign/vec4 v0000019ade21e860_0, 0;
    %pushi/vec4 0, 0, 32;
    %assign/vec4 v0000019ade22a190_0, 0;
    %pushi/vec4 0, 0, 5;
    %assign/vec4 v0000019ade2286b0_0, 0;
    %pushi/vec4 0, 0, 12;
    %assign/vec4 v0000019ade228570_0, 0;
    %pushi/vec4 0, 0, 32;
    %assign/vec4 v0000019ade229f10_0, 0;
    %pushi/vec4 3, 0, 2;
    %assign/vec4 v0000019ade228c50_0, 0;
    %jmp T_8.1;
T_8.0 ;
    %load/vec4 v0000019ade2298d0_0;
    %assign/vec4 v0000019ade18ea40_0, 0;
    %load/vec4 v0000019ade18ea40_0;
    %assign/vec4 v0000019ade18ef40_0, 0;
    %load/vec4 v0000019ade21f800_0;
    %assign/vec4 v0000019ade21e720_0, 0;
    %load/vec4 v0000019ade21f620_0;
    %addi 1, 0, 64;
    %assign/vec4 v0000019ade21f620_0, 0;
    %load/vec4 v0000019ade228890_0;
    %flag_set/vec4 9;
    %flag_get/vec4 9;
    %jmp/0 T_8.4, 9;
    %load/vec4 v0000019ade229d30_0;
    %nor/r;
    %and;
T_8.4;
    %flag_set/vec4 8;
    %jmp/0xz  T_8.2, 8;
    %load/vec4 v0000019ade21e860_0;
    %addi 1, 0, 64;
    %assign/vec4 v0000019ade21e860_0, 0;
T_8.2 ;
    %load/vec4 v0000019ade18d500_0;
    %assign/vec4 v0000019ade22a190_0, 0;
    %load/vec4 v0000019ade229e70_0;
    %assign/vec4 v0000019ade2286b0_0, 0;
    %load/vec4 v0000019ade21f760_0;
    %assign/vec4 v0000019ade228570_0, 0;
    %load/vec4 v0000019ade18dfa0_0;
    %assign/vec4 v0000019ade229f10_0, 0;
    %load/vec4 v0000019ade228bb0_0;
    %assign/vec4 v0000019ade228c50_0, 0;
T_8.1 ;
    %jmp T_8;
    .thread T_8;
    .scope S_0000019ade0cd270;
T_9 ;
    %wait E_0000019ade1691f0;
    %pushi/vec4 0, 0, 5;
    %store/vec4 v0000019ade1a2a90_0, 0, 5;
    %pushi/vec4 0, 0, 32;
    %store/vec4 v0000019ade1a3850_0, 0, 32;
    %pushi/vec4 0, 0, 1;
    %store/vec4 v0000019ade1a23b0_0, 0, 1;
    %load/vec4 v0000019ade228c50_0;
    %cmpi/e 0, 0, 2;
    %jmp/0xz  T_9.0, 4;
    %load/vec4 v0000019ade2286b0_0;
    %store/vec4 v0000019ade1a2a90_0, 0, 5;
    %load/vec4 v0000019ade22a190_0;
    %store/vec4 v0000019ade1a3850_0, 0, 32;
    %pushi/vec4 1, 0, 1;
    %store/vec4 v0000019ade1a23b0_0, 0, 1;
    %jmp T_9.1;
T_9.0 ;
    %load/vec4 v0000019ade228c50_0;
    %cmpi/e 1, 0, 2;
    %jmp/0xz  T_9.2, 4;
    %load/vec4 v0000019ade2286b0_0;
    %store/vec4 v0000019ade1a2a90_0, 0, 5;
    %load/vec4 v0000019ade22a190_0;
    %store/vec4 v0000019ade1a3850_0, 0, 32;
    %pushi/vec4 1, 0, 1;
    %store/vec4 v0000019ade1a23b0_0, 0, 1;
    %jmp T_9.3;
T_9.2 ;
    %load/vec4 v0000019ade228c50_0;
    %cmpi/e 2, 0, 2;
    %jmp/0xz  T_9.4, 4;
    %load/vec4 v0000019ade2286b0_0;
    %store/vec4 v0000019ade1a2a90_0, 0, 5;
    %load/vec4 v0000019ade17e0e0_0;
    %store/vec4 v0000019ade1a3850_0, 0, 32;
    %pushi/vec4 1, 0, 1;
    %store/vec4 v0000019ade1a23b0_0, 0, 1;
    %jmp T_9.5;
T_9.4 ;
    %pushi/vec4 0, 0, 1;
    %store/vec4 v0000019ade1a23b0_0, 0, 1;
T_9.5 ;
T_9.3 ;
T_9.1 ;
    %jmp T_9;
    .thread T_9, $push;
    .scope S_0000019ade0cd270;
T_10 ;
    %wait E_0000019ade169670;
    %load/vec4 v0000019ade229150_0;
    %flag_set/vec4 8;
    %jmp/0xz  T_10.0, 8;
    %pushi/vec4 0, 0, 32;
    %assign/vec4 v0000019ade2281b0_0, 0;
    %pushi/vec4 0, 0, 32;
    %assign/vec4 v0000019ade229fb0_0, 0;
    %pushi/vec4 0, 0, 32;
    %assign/vec4 v0000019ade228250_0, 0;
    %pushi/vec4 0, 0, 32;
    %assign/vec4 v0000019ade228b10_0, 0;
    %pushi/vec4 0, 0, 32;
    %assign/vec4 v0000019ade22a4b0_0, 0;
    %pushi/vec4 0, 0, 32;
    %assign/vec4 v0000019ade22a730_0, 0;
    %pushi/vec4 0, 0, 32;
    %assign/vec4 v0000019ade2282f0_0, 0;
    %pushi/vec4 0, 0, 32;
    %assign/vec4 v0000019ade22a7d0_0, 0;
    %jmp T_10.1;
T_10.0 ;
    %load/vec4 v0000019ade228c50_0;
    %cmpi/e 1, 0, 2;
    %jmp/0xz  T_10.2, 4;
    %load/vec4 v0000019ade228570_0;
    %store/vec4 v0000019ade1c1800_0, 0, 12;
    %load/vec4 v0000019ade229f10_0;
    %store/vec4 v0000019ade1bfdc0_0, 0, 32;
    %fork TD_TopLayer.cpu.SetCSR, S_0000019ade09c610;
    %join;
T_10.2 ;
    %load/vec4 v0000019ade229d30_0;
    %flag_set/vec4 8;
    %jmp/0xz  T_10.4, 8;
    %load/vec4 v0000019ade18ef40_0;
    %assign/vec4 v0000019ade22a4b0_0, 0;
    %load/vec4 v0000019ade228750_0;
    %assign/vec4 v0000019ade22a730_0, 0;
    %load/vec4 v0000019ade2290b0_0;
    %assign/vec4 v0000019ade2282f0_0, 0;
    %load/vec4 v0000019ade2281b0_0;
    %parti/s 1, 3, 3;
    %ix/load 4, 7, 0;
    %ix/load 5, 0, 0;
    %flag_set/imm 4, 0;
    %assign/vec4/off/d v0000019ade2281b0_0, 4, 5;
    %pushi/vec4 0, 0, 1;
    %ix/load 4, 3, 0;
    %ix/load 5, 0, 0;
    %flag_set/imm 4, 0;
    %assign/vec4/off/d v0000019ade2281b0_0, 4, 5;
    %pushi/vec4 3, 0, 2;
    %ix/load 4, 11, 0;
    %ix/load 5, 0, 0;
    %flag_set/imm 4, 0;
    %assign/vec4/off/d v0000019ade2281b0_0, 4, 5;
    %jmp T_10.5;
T_10.4 ;
    %load/vec4 v0000019ade228390_0;
    %flag_set/vec4 8;
    %jmp/0xz  T_10.6, 8;
    %load/vec4 v0000019ade2281b0_0;
    %parti/s 1, 7, 4;
    %ix/load 4, 3, 0;
    %ix/load 5, 0, 0;
    %flag_set/imm 4, 0;
    %assign/vec4/off/d v0000019ade2281b0_0, 4, 5;
    %pushi/vec4 1, 0, 1;
    %ix/load 4, 7, 0;
    %ix/load 5, 0, 0;
    %flag_set/imm 4, 0;
    %assign/vec4/off/d v0000019ade2281b0_0, 4, 5;
    %pushi/vec4 3, 0, 2;
    %ix/load 4, 11, 0;
    %ix/load 5, 0, 0;
    %flag_set/imm 4, 0;
    %assign/vec4/off/d v0000019ade2281b0_0, 4, 5;
T_10.6 ;
T_10.5 ;
T_10.1 ;
    %jmp T_10;
    .thread T_10;
    .scope S_0000019ade0cd0e0;
T_11 ;
    %wait E_0000019ade169130;
    %load/vec4 v0000019ade1c0b80_0;
    %cmpi/e 0, 0, 3;
    %jmp/0xz  T_11.0, 4;
    %load/vec4 v0000019ade1c1580_0;
    %parti/s 8, 0, 2;
    %load/vec4 v0000019ade1c1760_0;
    %pad/u 18;
    %ix/vec4 3;
    %ix/load 4, 0, 0; Constant delay
    %assign/vec4/a/d v0000019ade1c0040, 0, 4;
    %jmp T_11.1;
T_11.0 ;
    %load/vec4 v0000019ade1c0b80_0;
    %cmpi/e 1, 0, 3;
    %jmp/0xz  T_11.2, 4;
    %load/vec4 v0000019ade1c1580_0;
    %parti/s 8, 0, 2;
    %load/vec4 v0000019ade1c1760_0;
    %pad/u 18;
    %ix/vec4 3;
    %ix/load 4, 0, 0; Constant delay
    %assign/vec4/a/d v0000019ade1c0040, 0, 4;
    %load/vec4 v0000019ade1c1580_0;
    %parti/s 8, 8, 5;
    %load/vec4 v0000019ade1c1760_0;
    %pad/u 32;
    %addi 1, 0, 32;
    %ix/vec4 3;
    %ix/load 4, 0, 0; Constant delay
    %assign/vec4/a/d v0000019ade1c0040, 0, 4;
    %jmp T_11.3;
T_11.2 ;
    %load/vec4 v0000019ade1c0b80_0;
    %cmpi/e 2, 0, 3;
    %jmp/0xz  T_11.4, 4;
    %load/vec4 v0000019ade1c1580_0;
    %parti/s 8, 0, 2;
    %load/vec4 v0000019ade1c1760_0;
    %pad/u 18;
    %ix/vec4 3;
    %ix/load 4, 0, 0; Constant delay
    %assign/vec4/a/d v0000019ade1c0040, 0, 4;
    %load/vec4 v0000019ade1c1580_0;
    %parti/s 8, 8, 5;
    %load/vec4 v0000019ade1c1760_0;
    %pad/u 32;
    %addi 1, 0, 32;
    %ix/vec4 3;
    %ix/load 4, 0, 0; Constant delay
    %assign/vec4/a/d v0000019ade1c0040, 0, 4;
    %load/vec4 v0000019ade1c1580_0;
    %parti/s 8, 16, 6;
    %load/vec4 v0000019ade1c1760_0;
    %pad/u 32;
    %addi 2, 0, 32;
    %ix/vec4 3;
    %ix/load 4, 0, 0; Constant delay
    %assign/vec4/a/d v0000019ade1c0040, 0, 4;
    %load/vec4 v0000019ade1c1580_0;
    %parti/s 8, 24, 6;
    %load/vec4 v0000019ade1c1760_0;
    %pad/u 32;
    %addi 3, 0, 32;
    %ix/vec4 3;
    %ix/load 4, 0, 0; Constant delay
    %assign/vec4/a/d v0000019ade1c0040, 0, 4;
T_11.4 ;
T_11.3 ;
T_11.1 ;
    %jmp T_11;
    .thread T_11;
    .scope S_0000019ade0cd0e0;
T_12 ;
    %wait E_0000019ade169130;
    %load/vec4 v0000019ade1c16c0_0;
    %cmpi/e 0, 0, 3;
    %jmp/0xz  T_12.0, 4;
    %load/vec4 v0000019ade1c0900_0;
    %pad/u 18;
    %ix/vec4 4;
    %load/vec4a v0000019ade1c0040, 4;
    %parti/s 1, 7, 4;
    %replicate 24;
    %load/vec4 v0000019ade1c0900_0;
    %pad/u 18;
    %ix/vec4 4;
    %load/vec4a v0000019ade1c0040, 4;
    %concat/vec4; draw_concat_vec4
    %assign/vec4 v0000019ade1c1620_0, 0;
    %jmp T_12.1;
T_12.0 ;
    %load/vec4 v0000019ade1c16c0_0;
    %cmpi/e 1, 0, 3;
    %jmp/0xz  T_12.2, 4;
    %load/vec4 v0000019ade1c0900_0;
    %pad/u 32;
    %addi 1, 0, 32;
    %ix/vec4 4;
    %load/vec4a v0000019ade1c0040, 4;
    %parti/s 1, 7, 4;
    %replicate 16;
    %load/vec4 v0000019ade1c0900_0;
    %pad/u 32;
    %addi 1, 0, 32;
    %ix/vec4 4;
    %load/vec4a v0000019ade1c0040, 4;
    %concat/vec4; draw_concat_vec4
    %load/vec4 v0000019ade1c0900_0;
    %pad/u 18;
    %ix/vec4 4;
    %load/vec4a v0000019ade1c0040, 4;
    %concat/vec4; draw_concat_vec4
    %assign/vec4 v0000019ade1c1620_0, 0;
    %jmp T_12.3;
T_12.2 ;
    %load/vec4 v0000019ade1c16c0_0;
    %cmpi/e 2, 0, 3;
    %jmp/0xz  T_12.4, 4;
    %load/vec4 v0000019ade1c0900_0;
    %pad/u 32;
    %addi 3, 0, 32;
    %ix/vec4 4;
    %load/vec4a v0000019ade1c0040, 4;
    %load/vec4 v0000019ade1c0900_0;
    %pad/u 32;
    %addi 2, 0, 32;
    %ix/vec4 4;
    %load/vec4a v0000019ade1c0040, 4;
    %concat/vec4; draw_concat_vec4
    %load/vec4 v0000019ade1c0900_0;
    %pad/u 32;
    %addi 1, 0, 32;
    %ix/vec4 4;
    %load/vec4a v0000019ade1c0040, 4;
    %concat/vec4; draw_concat_vec4
    %load/vec4 v0000019ade1c0900_0;
    %pad/u 18;
    %ix/vec4 4;
    %load/vec4a v0000019ade1c0040, 4;
    %concat/vec4; draw_concat_vec4
    %assign/vec4 v0000019ade1c1620_0, 0;
    %jmp T_12.5;
T_12.4 ;
    %load/vec4 v0000019ade1c16c0_0;
    %cmpi/e 4, 0, 3;
    %jmp/0xz  T_12.6, 4;
    %pushi/vec4 0, 0, 24;
    %load/vec4 v0000019ade1c0900_0;
    %pad/u 18;
    %ix/vec4 4;
    %load/vec4a v0000019ade1c0040, 4;
    %concat/vec4; draw_concat_vec4
    %assign/vec4 v0000019ade1c1620_0, 0;
    %jmp T_12.7;
T_12.6 ;
    %load/vec4 v0000019ade1c16c0_0;
    %cmpi/e 5, 0, 3;
    %jmp/0xz  T_12.8, 4;
    %pushi/vec4 0, 0, 16;
    %load/vec4 v0000019ade1c0900_0;
    %pad/u 32;
    %addi 1, 0, 32;
    %ix/vec4 4;
    %load/vec4a v0000019ade1c0040, 4;
    %concat/vec4; draw_concat_vec4
    %load/vec4 v0000019ade1c0900_0;
    %pad/u 18;
    %ix/vec4 4;
    %load/vec4a v0000019ade1c0040, 4;
    %concat/vec4; draw_concat_vec4
    %assign/vec4 v0000019ade1c1620_0, 0;
    %jmp T_12.9;
T_12.8 ;
    %pushi/vec4 0, 0, 32;
    %assign/vec4 v0000019ade1c1620_0, 0;
T_12.9 ;
T_12.7 ;
T_12.5 ;
T_12.3 ;
T_12.1 ;
    %load/vec4 v0000019ade1c07c0_0;
    %pad/u 32;
    %addi 3, 0, 32;
    %ix/vec4 4;
    %load/vec4a v0000019ade1c0040, 4;
    %load/vec4 v0000019ade1c07c0_0;
    %pad/u 32;
    %addi 2, 0, 32;
    %ix/vec4 4;
    %load/vec4a v0000019ade1c0040, 4;
    %concat/vec4; draw_concat_vec4
    %load/vec4 v0000019ade1c07c0_0;
    %pad/u 32;
    %addi 1, 0, 32;
    %ix/vec4 4;
    %load/vec4a v0000019ade1c0040, 4;
    %concat/vec4; draw_concat_vec4
    %load/vec4 v0000019ade1c07c0_0;
    %pad/u 18;
    %ix/vec4 4;
    %load/vec4a v0000019ade1c0040, 4;
    %concat/vec4; draw_concat_vec4
    %assign/vec4 v0000019ade1c0860_0, 0;
    %jmp T_12;
    .thread T_12;
    .scope S_0000019ade092c40;
T_13 ;
    %wait E_0000019ade169670;
    %load/vec4 v0000019ade22b1d0_0;
    %flag_set/vec4 8;
    %jmp/0xz  T_13.0, 8;
    %pushi/vec4 0, 0, 32;
    %assign/vec4 v0000019ade22aeb0_0, 0;
    %pushi/vec4 0, 0, 32;
    %assign/vec4 v0000019ade22b270_0, 0;
    %pushi/vec4 0, 0, 32;
    %assign/vec4 v0000019ade22be50_0, 0;
    %jmp T_13.1;
T_13.0 ;
    %load/vec4 v0000019ade22aff0_0;
    %assign/vec4 v0000019ade22aeb0_0, 0;
    %load/vec4 v0000019ade22aeb0_0;
    %assign/vec4 v0000019ade22b270_0, 0;
    %load/vec4 v0000019ade22b270_0;
    %assign/vec4 v0000019ade22be50_0, 0;
T_13.1 ;
    %jmp T_13;
    .thread T_13;
    .scope S_0000019ade092c40;
T_14 ;
    %wait E_0000019ade169670;
    %load/vec4 v0000019ade22b1d0_0;
    %flag_set/vec4 8;
    %jmp/0xz  T_14.0, 8;
    %pushi/vec4 0, 0, 32;
    %assign/vec4 v0000019ade2293d0_0, 0;
    %pushi/vec4 0, 0, 32;
    %assign/vec4 v0000019ade229470_0, 0;
    %pushi/vec4 0, 0, 32;
    %assign/vec4 v0000019ade22bd10_0, 0;
    %pushi/vec4 0, 0, 32;
    %assign/vec4 v0000019ade22bdb0_0, 0;
    %pushi/vec4 0, 0, 32;
    %assign/vec4 v0000019ade22acd0_0, 0;
    %jmp T_14.1;
T_14.0 ;
    %load/vec4 v0000019ade22b4f0_0;
    %flag_set/vec4 8;
    %jmp/0xz  T_14.2, 8;
    %load/vec4 v0000019ade22b090_0;
    %dup/vec4;
    %pushi/vec4 1, 0, 4;
    %cmp/u;
    %jmp/1 T_14.4, 6;
    %dup/vec4;
    %pushi/vec4 2, 0, 4;
    %cmp/u;
    %jmp/1 T_14.5, 6;
    %dup/vec4;
    %pushi/vec4 3, 0, 4;
    %cmp/u;
    %jmp/1 T_14.6, 6;
    %dup/vec4;
    %pushi/vec4 4, 0, 4;
    %cmp/u;
    %jmp/1 T_14.7, 6;
    %dup/vec4;
    %pushi/vec4 5, 0, 4;
    %cmp/u;
    %jmp/1 T_14.8, 6;
    %dup/vec4;
    %pushi/vec4 6, 0, 4;
    %cmp/u;
    %jmp/1 T_14.9, 6;
    %dup/vec4;
    %pushi/vec4 7, 0, 4;
    %cmp/u;
    %jmp/1 T_14.10, 6;
    %jmp T_14.12;
T_14.4 ;
    %load/vec4 v0000019ade2293d0_0;
    %load/vec4 v0000019ade229470_0;
    %inv;
    %and;
    %load/vec4 v0000019ade22b9f0_0;
    %or;
    %assign/vec4 v0000019ade2293d0_0, 0;
    %jmp T_14.12;
T_14.5 ;
    %load/vec4 v0000019ade22ad70_0;
    %assign/vec4 v0000019ade229470_0, 0;
    %jmp T_14.12;
T_14.6 ;
    %load/vec4 v0000019ade2293d0_0;
    %load/vec4 v0000019ade22b9f0_0;
    %or;
    %assign/vec4 v0000019ade2293d0_0, 0;
    %jmp T_14.12;
T_14.7 ;
    %load/vec4 v0000019ade2293d0_0;
    %load/vec4 v0000019ade22b9f0_0;
    %inv;
    %and;
    %assign/vec4 v0000019ade2293d0_0, 0;
    %jmp T_14.12;
T_14.8 ;
    %load/vec4 v0000019ade22ad70_0;
    %assign/vec4 v0000019ade22bd10_0, 0;
    %jmp T_14.12;
T_14.9 ;
    %load/vec4 v0000019ade22ad70_0;
    %assign/vec4 v0000019ade22bdb0_0, 0;
    %jmp T_14.12;
T_14.10 ;
    %load/vec4 v0000019ade22ad70_0;
    %assign/vec4 v0000019ade22acd0_0, 0;
    %jmp T_14.12;
T_14.12 ;
    %pop/vec4 1;
T_14.2 ;
T_14.1 ;
    %jmp T_14;
    .thread T_14;
    .scope S_0000019ade092c40;
T_15 ;
    %wait E_0000019ade169670;
    %load/vec4 v0000019ade22b1d0_0;
    %flag_set/vec4 8;
    %jmp/0xz  T_15.0, 8;
    %pushi/vec4 0, 0, 32;
    %assign/vec4 v0000019ade22b130_0, 0;
    %jmp T_15.1;
T_15.0 ;
    %load/vec4 v0000019ade22b130_0;
    %load/vec4 v0000019ade22b950_0;
    %inv;
    %and;
    %load/vec4 v0000019ade22b810_0;
    %or;
    %assign/vec4 v0000019ade22b130_0, 0;
T_15.1 ;
    %jmp T_15;
    .thread T_15;
    .scope S_0000019ade092c40;
T_16 ;
    %wait E_0000019ade1699b0;
    %load/vec4 v0000019ade22a9b0_0;
    %dup/vec4;
    %pushi/vec4 0, 0, 4;
    %cmp/u;
    %jmp/1 T_16.0, 6;
    %dup/vec4;
    %pushi/vec4 1, 0, 4;
    %cmp/u;
    %jmp/1 T_16.1, 6;
    %dup/vec4;
    %pushi/vec4 2, 0, 4;
    %cmp/u;
    %jmp/1 T_16.2, 6;
    %dup/vec4;
    %pushi/vec4 5, 0, 4;
    %cmp/u;
    %jmp/1 T_16.3, 6;
    %dup/vec4;
    %pushi/vec4 6, 0, 4;
    %cmp/u;
    %jmp/1 T_16.4, 6;
    %dup/vec4;
    %pushi/vec4 7, 0, 4;
    %cmp/u;
    %jmp/1 T_16.5, 6;
    %dup/vec4;
    %pushi/vec4 8, 0, 4;
    %cmp/u;
    %jmp/1 T_16.6, 6;
    %pushi/vec4 0, 0, 32;
    %store/vec4 v0000019ade22bc70_0, 0, 32;
    %jmp T_16.8;
T_16.0 ;
    %load/vec4 v0000019ade22b270_0;
    %store/vec4 v0000019ade22bc70_0, 0, 32;
    %jmp T_16.8;
T_16.1 ;
    %load/vec4 v0000019ade2293d0_0;
    %store/vec4 v0000019ade22bc70_0, 0, 32;
    %jmp T_16.8;
T_16.2 ;
    %load/vec4 v0000019ade229470_0;
    %store/vec4 v0000019ade22bc70_0, 0, 32;
    %jmp T_16.8;
T_16.3 ;
    %load/vec4 v0000019ade22bd10_0;
    %store/vec4 v0000019ade22bc70_0, 0, 32;
    %jmp T_16.8;
T_16.4 ;
    %load/vec4 v0000019ade22bdb0_0;
    %store/vec4 v0000019ade22bc70_0, 0, 32;
    %jmp T_16.8;
T_16.5 ;
    %load/vec4 v0000019ade22acd0_0;
    %store/vec4 v0000019ade22bc70_0, 0, 32;
    %jmp T_16.8;
T_16.6 ;
    %load/vec4 v0000019ade22b130_0;
    %store/vec4 v0000019ade22bc70_0, 0, 32;
    %jmp T_16.8;
T_16.8 ;
    %pop/vec4 1;
    %jmp T_16;
    .thread T_16, $push;
    .scope S_0000019ade22c830;
T_17 ;
    %wait E_0000019ade169670;
    %load/vec4 v0000019ade22f1a0_0;
    %flag_set/vec4 8;
    %jmp/0xz  T_17.0, 8;
    %pushi/vec4 0, 0, 3;
    %assign/vec4 v0000019ade22e700_0, 0;
    %jmp T_17.1;
T_17.0 ;
    %load/vec4 v0000019ade22d080_0;
    %flag_set/vec4 8;
    %jmp/0xz  T_17.2, 8;
    %load/vec4 v0000019ade22f060_0;
    %assign/vec4 v0000019ade22e700_0, 0;
T_17.2 ;
T_17.1 ;
    %jmp T_17;
    .thread T_17;
    .scope S_0000019ade22c830;
T_18 ;
    %wait E_0000019ade169670;
    %load/vec4 v0000019ade22f1a0_0;
    %flag_set/vec4 8;
    %jmp/0xz  T_18.0, 8;
    %pushi/vec4 0, 0, 3;
    %assign/vec4 v0000019ade22eac0_0, 0;
    %pushi/vec4 0, 0, 3;
    %assign/vec4 v0000019ade22d9e0_0, 0;
    %pushi/vec4 0, 0, 4;
    %assign/vec4 v0000019ade22d300_0, 0;
    %pushi/vec4 0, 0, 3;
    %assign/vec4 v0000019ade22e520_0, 0;
    %pushi/vec4 0, 0, 3;
    %assign/vec4 v0000019ade22d580_0, 0;
    %pushi/vec4 0, 0, 4;
    %assign/vec4 v0000019ade22e840_0, 0;
    %pushi/vec4 0, 0, 2;
    %assign/vec4 v0000019ade22dda0_0, 0;
    %pushi/vec4 0, 0, 16;
    %assign/vec4 v0000019ade22d8a0_0, 0;
    %pushi/vec4 0, 0, 3;
    %assign/vec4 v0000019ade22e660_0, 0;
    %pushi/vec4 0, 0, 8;
    %assign/vec4 v0000019ade22dd00_0, 0;
    %pushi/vec4 1, 0, 1;
    %assign/vec4 v0000019ade22d940_0, 0;
    %pushi/vec4 0, 0, 2;
    %assign/vec4 v0000019ade22f380_0, 0;
    %pushi/vec4 0, 0, 16;
    %assign/vec4 v0000019ade22db20_0, 0;
    %pushi/vec4 0, 0, 3;
    %assign/vec4 v0000019ade22e160_0, 0;
    %pushi/vec4 0, 0, 8;
    %assign/vec4 v0000019ade22e020_0, 0;
    %pushi/vec4 1, 0, 1;
    %assign/vec4 v0000019ade22f240_0, 0;
    %pushi/vec4 1, 0, 1;
    %assign/vec4 v0000019ade22d620_0, 0;
    %jmp T_18.1;
T_18.0 ;
    %load/vec4 v0000019ade22e8e0_0;
    %assign/vec4 v0000019ade22f240_0, 0;
    %load/vec4 v0000019ade22f240_0;
    %assign/vec4 v0000019ade22d620_0, 0;
    %load/vec4 v0000019ade2300a0_0;
    %flag_set/vec4 9;
    %flag_get/vec4 9;
    %jmp/0 T_18.4, 9;
    %load/vec4 v0000019ade22d800_0;
    %nor/r;
    %and;
T_18.4;
    %flag_set/vec4 8;
    %jmp/0xz  T_18.2, 8;
    %load/vec4 v0000019ade22ec00_0;
    %load/vec4 v0000019ade22eac0_0;
    %pad/u 5;
    %ix/vec4 3;
    %ix/load 4, 0, 0; Constant delay
    %assign/vec4/a/d v0000019ade22eb60, 0, 4;
    %load/vec4 v0000019ade22eac0_0;
    %addi 1, 0, 3;
    %assign/vec4 v0000019ade22eac0_0, 0;
T_18.2 ;
    %load/vec4 v0000019ade2300a0_0;
    %flag_set/vec4 10;
    %flag_get/vec4 10;
    %jmp/0 T_18.8, 10;
    %load/vec4 v0000019ade22d800_0;
    %nor/r;
    %and;
T_18.8;
    %flag_set/vec4 9;
    %flag_get/vec4 9;
    %jmp/0 T_18.7, 9;
    %load/vec4 v0000019ade22dc60_0;
    %nor/r;
    %and;
T_18.7;
    %flag_set/vec4 8;
    %jmp/0xz  T_18.5, 8;
    %load/vec4 v0000019ade22d300_0;
    %addi 1, 0, 4;
    %assign/vec4 v0000019ade22d300_0, 0;
    %jmp T_18.6;
T_18.5 ;
    %load/vec4 v0000019ade2300a0_0;
    %flag_set/vec4 10;
    %flag_get/vec4 10;
    %jmp/0 T_18.12, 10;
    %load/vec4 v0000019ade22d800_0;
    %nor/r;
    %and;
T_18.12;
    %nor/r;
    %flag_set/vec4 9;
    %flag_get/vec4 9;
    %jmp/0 T_18.11, 9;
    %load/vec4 v0000019ade22dc60_0;
    %and;
T_18.11;
    %flag_set/vec4 8;
    %jmp/0xz  T_18.9, 8;
    %load/vec4 v0000019ade22d300_0;
    %subi 1, 0, 4;
    %assign/vec4 v0000019ade22d300_0, 0;
T_18.9 ;
T_18.6 ;
    %load/vec4 v0000019ade22dda0_0;
    %dup/vec4;
    %pushi/vec4 0, 0, 2;
    %cmp/u;
    %jmp/1 T_18.13, 6;
    %dup/vec4;
    %pushi/vec4 1, 0, 2;
    %cmp/u;
    %jmp/1 T_18.14, 6;
    %dup/vec4;
    %pushi/vec4 2, 0, 2;
    %cmp/u;
    %jmp/1 T_18.15, 6;
    %dup/vec4;
    %pushi/vec4 3, 0, 2;
    %cmp/u;
    %jmp/1 T_18.16, 6;
    %jmp T_18.17;
T_18.13 ;
    %pushi/vec4 1, 0, 1;
    %assign/vec4 v0000019ade22d940_0, 0;
    %pushi/vec4 0, 0, 16;
    %assign/vec4 v0000019ade22d8a0_0, 0;
    %pushi/vec4 0, 0, 3;
    %assign/vec4 v0000019ade22e660_0, 0;
    %load/vec4 v0000019ade22d3a0_0;
    %nor/r;
    %flag_set/vec4 8;
    %jmp/0xz  T_18.18, 8;
    %load/vec4 v0000019ade22d9e0_0;
    %pad/u 5;
    %ix/vec4 4;
    %load/vec4a v0000019ade22eb60, 4;
    %assign/vec4 v0000019ade22dd00_0, 0;
    %load/vec4 v0000019ade22d9e0_0;
    %addi 1, 0, 3;
    %assign/vec4 v0000019ade22d9e0_0, 0;
    %pushi/vec4 1, 0, 2;
    %assign/vec4 v0000019ade22dda0_0, 0;
T_18.18 ;
    %jmp T_18.17;
T_18.14 ;
    %pushi/vec4 0, 0, 1;
    %assign/vec4 v0000019ade22d940_0, 0;
    %load/vec4 v0000019ade22d8a0_0;
    %pad/u 32;
    %cmpi/e 15, 0, 32;
    %jmp/0xz  T_18.20, 4;
    %pushi/vec4 0, 0, 16;
    %assign/vec4 v0000019ade22d8a0_0, 0;
    %pushi/vec4 2, 0, 2;
    %assign/vec4 v0000019ade22dda0_0, 0;
    %jmp T_18.21;
T_18.20 ;
    %load/vec4 v0000019ade22d8a0_0;
    %addi 1, 0, 16;
    %assign/vec4 v0000019ade22d8a0_0, 0;
T_18.21 ;
    %jmp T_18.17;
T_18.15 ;
    %load/vec4 v0000019ade22dd00_0;
    %load/vec4 v0000019ade22e660_0;
    %part/u 1;
    %assign/vec4 v0000019ade22d940_0, 0;
    %load/vec4 v0000019ade22d8a0_0;
    %pad/u 32;
    %cmpi/e 15, 0, 32;
    %jmp/0xz  T_18.22, 4;
    %pushi/vec4 0, 0, 16;
    %assign/vec4 v0000019ade22d8a0_0, 0;
    %load/vec4 v0000019ade22e660_0;
    %cmpi/e 7, 0, 3;
    %jmp/0xz  T_18.24, 4;
    %pushi/vec4 3, 0, 2;
    %assign/vec4 v0000019ade22dda0_0, 0;
    %jmp T_18.25;
T_18.24 ;
    %load/vec4 v0000019ade22e660_0;
    %addi 1, 0, 3;
    %assign/vec4 v0000019ade22e660_0, 0;
T_18.25 ;
    %jmp T_18.23;
T_18.22 ;
    %load/vec4 v0000019ade22d8a0_0;
    %addi 1, 0, 16;
    %assign/vec4 v0000019ade22d8a0_0, 0;
T_18.23 ;
    %jmp T_18.17;
T_18.16 ;
    %pushi/vec4 1, 0, 1;
    %assign/vec4 v0000019ade22d940_0, 0;
    %load/vec4 v0000019ade22d8a0_0;
    %pad/u 32;
    %cmpi/e 15, 0, 32;
    %jmp/0xz  T_18.26, 4;
    %pushi/vec4 0, 0, 16;
    %assign/vec4 v0000019ade22d8a0_0, 0;
    %pushi/vec4 0, 0, 2;
    %assign/vec4 v0000019ade22dda0_0, 0;
    %jmp T_18.27;
T_18.26 ;
    %load/vec4 v0000019ade22d8a0_0;
    %addi 1, 0, 16;
    %assign/vec4 v0000019ade22d8a0_0, 0;
T_18.27 ;
    %jmp T_18.17;
T_18.17 ;
    %pop/vec4 1;
    %load/vec4 v0000019ade22f380_0;
    %dup/vec4;
    %pushi/vec4 0, 0, 2;
    %cmp/u;
    %jmp/1 T_18.28, 6;
    %dup/vec4;
    %pushi/vec4 1, 0, 2;
    %cmp/u;
    %jmp/1 T_18.29, 6;
    %dup/vec4;
    %pushi/vec4 2, 0, 2;
    %cmp/u;
    %jmp/1 T_18.30, 6;
    %dup/vec4;
    %pushi/vec4 3, 0, 2;
    %cmp/u;
    %jmp/1 T_18.31, 6;
    %jmp T_18.32;
T_18.28 ;
    %pushi/vec4 0, 0, 16;
    %assign/vec4 v0000019ade22db20_0, 0;
    %pushi/vec4 0, 0, 3;
    %assign/vec4 v0000019ade22e160_0, 0;
    %load/vec4 v0000019ade22d620_0;
    %cmpi/e 0, 0, 1;
    %jmp/0xz  T_18.33, 4;
    %pushi/vec4 1, 0, 2;
    %assign/vec4 v0000019ade22f380_0, 0;
T_18.33 ;
    %jmp T_18.32;
T_18.29 ;
    %load/vec4 v0000019ade22db20_0;
    %pad/u 32;
    %cmpi/e 7, 0, 32;
    %jmp/0xz  T_18.35, 4;
    %pushi/vec4 0, 0, 16;
    %assign/vec4 v0000019ade22db20_0, 0;
    %load/vec4 v0000019ade22d620_0;
    %cmpi/e 0, 0, 1;
    %jmp/0xz  T_18.37, 4;
    %pushi/vec4 2, 0, 2;
    %assign/vec4 v0000019ade22f380_0, 0;
    %jmp T_18.38;
T_18.37 ;
    %pushi/vec4 0, 0, 2;
    %assign/vec4 v0000019ade22f380_0, 0;
T_18.38 ;
    %jmp T_18.36;
T_18.35 ;
    %load/vec4 v0000019ade22db20_0;
    %addi 1, 0, 16;
    %assign/vec4 v0000019ade22db20_0, 0;
T_18.36 ;
    %jmp T_18.32;
T_18.30 ;
    %load/vec4 v0000019ade22db20_0;
    %pad/u 32;
    %cmpi/e 15, 0, 32;
    %jmp/0xz  T_18.39, 4;
    %pushi/vec4 0, 0, 16;
    %assign/vec4 v0000019ade22db20_0, 0;
    %load/vec4 v0000019ade22d620_0;
    %ix/load 5, 0, 0;
    %ix/getv 4, v0000019ade22e160_0;
    %assign/vec4/off/d v0000019ade22e020_0, 4, 5;
    %load/vec4 v0000019ade22e160_0;
    %cmpi/e 7, 0, 3;
    %jmp/0xz  T_18.41, 4;
    %pushi/vec4 3, 0, 2;
    %assign/vec4 v0000019ade22f380_0, 0;
    %jmp T_18.42;
T_18.41 ;
    %load/vec4 v0000019ade22e160_0;
    %addi 1, 0, 3;
    %assign/vec4 v0000019ade22e160_0, 0;
T_18.42 ;
    %jmp T_18.40;
T_18.39 ;
    %load/vec4 v0000019ade22db20_0;
    %addi 1, 0, 16;
    %assign/vec4 v0000019ade22db20_0, 0;
T_18.40 ;
    %jmp T_18.32;
T_18.31 ;
    %load/vec4 v0000019ade22db20_0;
    %pad/u 32;
    %cmpi/e 15, 0, 32;
    %jmp/0xz  T_18.43, 4;
    %pushi/vec4 0, 0, 16;
    %assign/vec4 v0000019ade22db20_0, 0;
    %pushi/vec4 0, 0, 2;
    %assign/vec4 v0000019ade22f380_0, 0;
    %jmp T_18.44;
T_18.43 ;
    %load/vec4 v0000019ade22db20_0;
    %addi 1, 0, 16;
    %assign/vec4 v0000019ade22db20_0, 0;
T_18.44 ;
    %jmp T_18.32;
T_18.32 ;
    %pop/vec4 1;
    %load/vec4 v0000019ade22e200_0;
    %flag_set/vec4 8;
    %jmp/0xz  T_18.45, 8;
    %load/vec4 v0000019ade22e020_0;
    %load/vec4 v0000019ade22e520_0;
    %pad/u 5;
    %ix/vec4 3;
    %ix/load 4, 0, 0; Constant delay
    %assign/vec4/a/d v0000019ade22e980, 0, 4;
    %load/vec4 v0000019ade22e520_0;
    %addi 1, 0, 3;
    %assign/vec4 v0000019ade22e520_0, 0;
T_18.45 ;
    %load/vec4 v0000019ade22e200_0;
    %flag_set/vec4 9;
    %flag_get/vec4 9;
    %jmp/0 T_18.49, 9;
    %load/vec4 v0000019ade22d760_0;
    %flag_set/vec4 9;
    %flag_get/vec4 9;
    %jmp/0 T_18.50, 9;
    %load/vec4 v0000019ade22e340_0;
    %nor/r;
    %and;
T_18.50;
    %nor/r;
    %and;
T_18.49;
    %flag_set/vec4 8;
    %jmp/0xz  T_18.47, 8;
    %load/vec4 v0000019ade22e840_0;
    %addi 1, 0, 4;
    %assign/vec4 v0000019ade22e840_0, 0;
    %jmp T_18.48;
T_18.47 ;
    %load/vec4 v0000019ade22e200_0;
    %nor/r;
    %flag_set/vec4 9;
    %flag_get/vec4 9;
    %jmp/0 T_18.53, 9;
    %load/vec4 v0000019ade22d760_0;
    %flag_set/vec4 9;
    %flag_get/vec4 9;
    %jmp/0 T_18.54, 9;
    %load/vec4 v0000019ade22e340_0;
    %nor/r;
    %and;
T_18.54;
    %and;
T_18.53;
    %flag_set/vec4 8;
    %jmp/0xz  T_18.51, 8;
    %load/vec4 v0000019ade22e840_0;
    %subi 1, 0, 4;
    %assign/vec4 v0000019ade22e840_0, 0;
T_18.51 ;
T_18.48 ;
    %load/vec4 v0000019ade22d760_0;
    %flag_set/vec4 9;
    %flag_get/vec4 9;
    %jmp/0 T_18.57, 9;
    %load/vec4 v0000019ade22e340_0;
    %nor/r;
    %and;
T_18.57;
    %flag_set/vec4 8;
    %jmp/0xz  T_18.55, 8;
    %load/vec4 v0000019ade22d580_0;
    %addi 1, 0, 3;
    %assign/vec4 v0000019ade22d580_0, 0;
T_18.55 ;
T_18.1 ;
    %jmp T_18;
    .thread T_18;
    .scope S_0000019ade230bd0;
T_19 ;
    %wait E_0000019ade169670;
    %load/vec4 v0000019ade2333c0_0;
    %flag_set/vec4 8;
    %jmp/0xz  T_19.0, 8;
    %pushi/vec4 0, 0, 3;
    %assign/vec4 v0000019ade233140_0, 0;
    %jmp T_19.1;
T_19.0 ;
    %load/vec4 v0000019ade233c80_0;
    %flag_set/vec4 8;
    %jmp/0xz  T_19.2, 8;
    %load/vec4 v0000019ade233280_0;
    %assign/vec4 v0000019ade233140_0, 0;
T_19.2 ;
T_19.1 ;
    %jmp T_19;
    .thread T_19;
    .scope S_0000019ade230bd0;
T_20 ;
    %wait E_0000019ade169670;
    %load/vec4 v0000019ade2333c0_0;
    %flag_set/vec4 8;
    %jmp/0xz  T_20.0, 8;
    %pushi/vec4 0, 0, 3;
    %assign/vec4 v0000019ade231e80_0, 0;
    %pushi/vec4 0, 0, 3;
    %assign/vec4 v0000019ade231980_0, 0;
    %pushi/vec4 0, 0, 4;
    %assign/vec4 v0000019ade2317a0_0, 0;
    %pushi/vec4 0, 0, 3;
    %assign/vec4 v0000019ade232880_0, 0;
    %pushi/vec4 0, 0, 3;
    %assign/vec4 v0000019ade2327e0_0, 0;
    %pushi/vec4 0, 0, 4;
    %assign/vec4 v0000019ade2330a0_0, 0;
    %pushi/vec4 0, 0, 2;
    %assign/vec4 v0000019ade232060_0, 0;
    %pushi/vec4 0, 0, 16;
    %assign/vec4 v0000019ade231660_0, 0;
    %pushi/vec4 0, 0, 3;
    %assign/vec4 v0000019ade231700_0, 0;
    %pushi/vec4 0, 0, 8;
    %assign/vec4 v0000019ade2324c0_0, 0;
    %pushi/vec4 1, 0, 1;
    %assign/vec4 v0000019ade232e20_0, 0;
    %pushi/vec4 0, 0, 2;
    %assign/vec4 v0000019ade232ce0_0, 0;
    %pushi/vec4 0, 0, 16;
    %assign/vec4 v0000019ade232420_0, 0;
    %pushi/vec4 0, 0, 3;
    %assign/vec4 v0000019ade233b40_0, 0;
    %pushi/vec4 0, 0, 8;
    %assign/vec4 v0000019ade233460_0, 0;
    %pushi/vec4 1, 0, 1;
    %assign/vec4 v0000019ade233be0_0, 0;
    %pushi/vec4 1, 0, 1;
    %assign/vec4 v0000019ade233500_0, 0;
    %jmp T_20.1;
T_20.0 ;
    %load/vec4 v0000019ade232380_0;
    %assign/vec4 v0000019ade233be0_0, 0;
    %load/vec4 v0000019ade233be0_0;
    %assign/vec4 v0000019ade233500_0, 0;
    %load/vec4 v0000019ade232100_0;
    %flag_set/vec4 9;
    %flag_get/vec4 9;
    %jmp/0 T_20.4, 9;
    %load/vec4 v0000019ade233640_0;
    %nor/r;
    %and;
T_20.4;
    %flag_set/vec4 8;
    %jmp/0xz  T_20.2, 8;
    %load/vec4 v0000019ade2329c0_0;
    %load/vec4 v0000019ade231e80_0;
    %pad/u 5;
    %ix/vec4 3;
    %ix/load 4, 0, 0; Constant delay
    %assign/vec4/a/d v0000019ade232920, 0, 4;
    %load/vec4 v0000019ade231e80_0;
    %addi 1, 0, 3;
    %assign/vec4 v0000019ade231e80_0, 0;
T_20.2 ;
    %load/vec4 v0000019ade232100_0;
    %flag_set/vec4 10;
    %flag_get/vec4 10;
    %jmp/0 T_20.8, 10;
    %load/vec4 v0000019ade233640_0;
    %nor/r;
    %and;
T_20.8;
    %flag_set/vec4 9;
    %flag_get/vec4 9;
    %jmp/0 T_20.7, 9;
    %load/vec4 v0000019ade233780_0;
    %nor/r;
    %and;
T_20.7;
    %flag_set/vec4 8;
    %jmp/0xz  T_20.5, 8;
    %load/vec4 v0000019ade2317a0_0;
    %addi 1, 0, 4;
    %assign/vec4 v0000019ade2317a0_0, 0;
    %jmp T_20.6;
T_20.5 ;
    %load/vec4 v0000019ade232100_0;
    %flag_set/vec4 10;
    %flag_get/vec4 10;
    %jmp/0 T_20.12, 10;
    %load/vec4 v0000019ade233640_0;
    %nor/r;
    %and;
T_20.12;
    %nor/r;
    %flag_set/vec4 9;
    %flag_get/vec4 9;
    %jmp/0 T_20.11, 9;
    %load/vec4 v0000019ade233780_0;
    %and;
T_20.11;
    %flag_set/vec4 8;
    %jmp/0xz  T_20.9, 8;
    %load/vec4 v0000019ade2317a0_0;
    %subi 1, 0, 4;
    %assign/vec4 v0000019ade2317a0_0, 0;
T_20.9 ;
T_20.6 ;
    %load/vec4 v0000019ade232060_0;
    %dup/vec4;
    %pushi/vec4 0, 0, 2;
    %cmp/u;
    %jmp/1 T_20.13, 6;
    %dup/vec4;
    %pushi/vec4 1, 0, 2;
    %cmp/u;
    %jmp/1 T_20.14, 6;
    %dup/vec4;
    %pushi/vec4 2, 0, 2;
    %cmp/u;
    %jmp/1 T_20.15, 6;
    %dup/vec4;
    %pushi/vec4 3, 0, 2;
    %cmp/u;
    %jmp/1 T_20.16, 6;
    %jmp T_20.17;
T_20.13 ;
    %pushi/vec4 1, 0, 1;
    %assign/vec4 v0000019ade232e20_0, 0;
    %pushi/vec4 0, 0, 16;
    %assign/vec4 v0000019ade231660_0, 0;
    %pushi/vec4 0, 0, 3;
    %assign/vec4 v0000019ade231700_0, 0;
    %load/vec4 v0000019ade2318e0_0;
    %nor/r;
    %flag_set/vec4 8;
    %jmp/0xz  T_20.18, 8;
    %load/vec4 v0000019ade231980_0;
    %pad/u 5;
    %ix/vec4 4;
    %load/vec4a v0000019ade232920, 4;
    %assign/vec4 v0000019ade2324c0_0, 0;
    %load/vec4 v0000019ade231980_0;
    %addi 1, 0, 3;
    %assign/vec4 v0000019ade231980_0, 0;
    %pushi/vec4 1, 0, 2;
    %assign/vec4 v0000019ade232060_0, 0;
T_20.18 ;
    %jmp T_20.17;
T_20.14 ;
    %pushi/vec4 0, 0, 1;
    %assign/vec4 v0000019ade232e20_0, 0;
    %load/vec4 v0000019ade231660_0;
    %pad/u 32;
    %cmpi/e 15, 0, 32;
    %jmp/0xz  T_20.20, 4;
    %pushi/vec4 0, 0, 16;
    %assign/vec4 v0000019ade231660_0, 0;
    %pushi/vec4 2, 0, 2;
    %assign/vec4 v0000019ade232060_0, 0;
    %jmp T_20.21;
T_20.20 ;
    %load/vec4 v0000019ade231660_0;
    %addi 1, 0, 16;
    %assign/vec4 v0000019ade231660_0, 0;
T_20.21 ;
    %jmp T_20.17;
T_20.15 ;
    %load/vec4 v0000019ade2324c0_0;
    %load/vec4 v0000019ade231700_0;
    %part/u 1;
    %assign/vec4 v0000019ade232e20_0, 0;
    %load/vec4 v0000019ade231660_0;
    %pad/u 32;
    %cmpi/e 15, 0, 32;
    %jmp/0xz  T_20.22, 4;
    %pushi/vec4 0, 0, 16;
    %assign/vec4 v0000019ade231660_0, 0;
    %load/vec4 v0000019ade231700_0;
    %cmpi/e 7, 0, 3;
    %jmp/0xz  T_20.24, 4;
    %pushi/vec4 3, 0, 2;
    %assign/vec4 v0000019ade232060_0, 0;
    %jmp T_20.25;
T_20.24 ;
    %load/vec4 v0000019ade231700_0;
    %addi 1, 0, 3;
    %assign/vec4 v0000019ade231700_0, 0;
T_20.25 ;
    %jmp T_20.23;
T_20.22 ;
    %load/vec4 v0000019ade231660_0;
    %addi 1, 0, 16;
    %assign/vec4 v0000019ade231660_0, 0;
T_20.23 ;
    %jmp T_20.17;
T_20.16 ;
    %pushi/vec4 1, 0, 1;
    %assign/vec4 v0000019ade232e20_0, 0;
    %load/vec4 v0000019ade231660_0;
    %pad/u 32;
    %cmpi/e 15, 0, 32;
    %jmp/0xz  T_20.26, 4;
    %pushi/vec4 0, 0, 16;
    %assign/vec4 v0000019ade231660_0, 0;
    %pushi/vec4 0, 0, 2;
    %assign/vec4 v0000019ade232060_0, 0;
    %jmp T_20.27;
T_20.26 ;
    %load/vec4 v0000019ade231660_0;
    %addi 1, 0, 16;
    %assign/vec4 v0000019ade231660_0, 0;
T_20.27 ;
    %jmp T_20.17;
T_20.17 ;
    %pop/vec4 1;
    %load/vec4 v0000019ade232ce0_0;
    %dup/vec4;
    %pushi/vec4 0, 0, 2;
    %cmp/u;
    %jmp/1 T_20.28, 6;
    %dup/vec4;
    %pushi/vec4 1, 0, 2;
    %cmp/u;
    %jmp/1 T_20.29, 6;
    %dup/vec4;
    %pushi/vec4 2, 0, 2;
    %cmp/u;
    %jmp/1 T_20.30, 6;
    %dup/vec4;
    %pushi/vec4 3, 0, 2;
    %cmp/u;
    %jmp/1 T_20.31, 6;
    %jmp T_20.32;
T_20.28 ;
    %pushi/vec4 0, 0, 16;
    %assign/vec4 v0000019ade232420_0, 0;
    %pushi/vec4 0, 0, 3;
    %assign/vec4 v0000019ade233b40_0, 0;
    %load/vec4 v0000019ade233500_0;
    %cmpi/e 0, 0, 1;
    %jmp/0xz  T_20.33, 4;
    %pushi/vec4 1, 0, 2;
    %assign/vec4 v0000019ade232ce0_0, 0;
T_20.33 ;
    %jmp T_20.32;
T_20.29 ;
    %load/vec4 v0000019ade232420_0;
    %pad/u 32;
    %cmpi/e 7, 0, 32;
    %jmp/0xz  T_20.35, 4;
    %pushi/vec4 0, 0, 16;
    %assign/vec4 v0000019ade232420_0, 0;
    %load/vec4 v0000019ade233500_0;
    %cmpi/e 0, 0, 1;
    %jmp/0xz  T_20.37, 4;
    %pushi/vec4 2, 0, 2;
    %assign/vec4 v0000019ade232ce0_0, 0;
    %jmp T_20.38;
T_20.37 ;
    %pushi/vec4 0, 0, 2;
    %assign/vec4 v0000019ade232ce0_0, 0;
T_20.38 ;
    %jmp T_20.36;
T_20.35 ;
    %load/vec4 v0000019ade232420_0;
    %addi 1, 0, 16;
    %assign/vec4 v0000019ade232420_0, 0;
T_20.36 ;
    %jmp T_20.32;
T_20.30 ;
    %load/vec4 v0000019ade232420_0;
    %pad/u 32;
    %cmpi/e 15, 0, 32;
    %jmp/0xz  T_20.39, 4;
    %pushi/vec4 0, 0, 16;
    %assign/vec4 v0000019ade232420_0, 0;
    %load/vec4 v0000019ade233500_0;
    %ix/load 5, 0, 0;
    %ix/getv 4, v0000019ade233b40_0;
    %assign/vec4/off/d v0000019ade233460_0, 4, 5;
    %load/vec4 v0000019ade233b40_0;
    %cmpi/e 7, 0, 3;
    %jmp/0xz  T_20.41, 4;
    %pushi/vec4 3, 0, 2;
    %assign/vec4 v0000019ade232ce0_0, 0;
    %jmp T_20.42;
T_20.41 ;
    %load/vec4 v0000019ade233b40_0;
    %addi 1, 0, 3;
    %assign/vec4 v0000019ade233b40_0, 0;
T_20.42 ;
    %jmp T_20.40;
T_20.39 ;
    %load/vec4 v0000019ade232420_0;
    %addi 1, 0, 16;
    %assign/vec4 v0000019ade232420_0, 0;
T_20.40 ;
    %jmp T_20.32;
T_20.31 ;
    %load/vec4 v0000019ade232420_0;
    %pad/u 32;
    %cmpi/e 15, 0, 32;
    %jmp/0xz  T_20.43, 4;
    %pushi/vec4 0, 0, 16;
    %assign/vec4 v0000019ade232420_0, 0;
    %pushi/vec4 0, 0, 2;
    %assign/vec4 v0000019ade232ce0_0, 0;
    %jmp T_20.44;
T_20.43 ;
    %load/vec4 v0000019ade232420_0;
    %addi 1, 0, 16;
    %assign/vec4 v0000019ade232420_0, 0;
T_20.44 ;
    %jmp T_20.32;
T_20.32 ;
    %pop/vec4 1;
    %load/vec4 v0000019ade232ec0_0;
    %flag_set/vec4 8;
    %jmp/0xz  T_20.45, 8;
    %load/vec4 v0000019ade233460_0;
    %load/vec4 v0000019ade232880_0;
    %pad/u 5;
    %ix/vec4 3;
    %ix/load 4, 0, 0; Constant delay
    %assign/vec4/a/d v0000019ade2335a0, 0, 4;
    %load/vec4 v0000019ade232880_0;
    %addi 1, 0, 3;
    %assign/vec4 v0000019ade232880_0, 0;
T_20.45 ;
    %load/vec4 v0000019ade232ec0_0;
    %flag_set/vec4 9;
    %flag_get/vec4 9;
    %jmp/0 T_20.49, 9;
    %load/vec4 v0000019ade233320_0;
    %flag_set/vec4 9;
    %flag_get/vec4 9;
    %jmp/0 T_20.50, 9;
    %load/vec4 v0000019ade233d20_0;
    %nor/r;
    %and;
T_20.50;
    %nor/r;
    %and;
T_20.49;
    %flag_set/vec4 8;
    %jmp/0xz  T_20.47, 8;
    %load/vec4 v0000019ade2330a0_0;
    %addi 1, 0, 4;
    %assign/vec4 v0000019ade2330a0_0, 0;
    %jmp T_20.48;
T_20.47 ;
    %load/vec4 v0000019ade232ec0_0;
    %nor/r;
    %flag_set/vec4 9;
    %flag_get/vec4 9;
    %jmp/0 T_20.53, 9;
    %load/vec4 v0000019ade233320_0;
    %flag_set/vec4 9;
    %flag_get/vec4 9;
    %jmp/0 T_20.54, 9;
    %load/vec4 v0000019ade233d20_0;
    %nor/r;
    %and;
T_20.54;
    %and;
T_20.53;
    %flag_set/vec4 8;
    %jmp/0xz  T_20.51, 8;
    %load/vec4 v0000019ade2330a0_0;
    %subi 1, 0, 4;
    %assign/vec4 v0000019ade2330a0_0, 0;
T_20.51 ;
T_20.48 ;
    %load/vec4 v0000019ade233320_0;
    %flag_set/vec4 9;
    %flag_get/vec4 9;
    %jmp/0 T_20.57, 9;
    %load/vec4 v0000019ade233d20_0;
    %nor/r;
    %and;
T_20.57;
    %flag_set/vec4 8;
    %jmp/0xz  T_20.55, 8;
    %load/vec4 v0000019ade2327e0_0;
    %addi 1, 0, 3;
    %assign/vec4 v0000019ade2327e0_0, 0;
T_20.55 ;
T_20.1 ;
    %jmp T_20;
    .thread T_20;
    .scope S_0000019ade2313f0;
T_21 ;
    %wait E_0000019ade169670;
    %load/vec4 v0000019ade234900_0;
    %flag_set/vec4 8;
    %jmp/0xz  T_21.0, 8;
    %pushi/vec4 0, 0, 3;
    %assign/vec4 v0000019ade2340e0_0, 0;
    %jmp T_21.1;
T_21.0 ;
    %load/vec4 v0000019ade233e60_0;
    %flag_set/vec4 8;
    %jmp/0xz  T_21.2, 8;
    %load/vec4 v0000019ade234fe0_0;
    %assign/vec4 v0000019ade2340e0_0, 0;
T_21.2 ;
T_21.1 ;
    %jmp T_21;
    .thread T_21;
    .scope S_0000019ade2313f0;
T_22 ;
    %wait E_0000019ade169670;
    %load/vec4 v0000019ade234900_0;
    %flag_set/vec4 8;
    %jmp/0xz  T_22.0, 8;
    %pushi/vec4 0, 0, 3;
    %assign/vec4 v0000019ade2394f0_0, 0;
    %pushi/vec4 0, 0, 3;
    %assign/vec4 v0000019ade238e10_0, 0;
    %pushi/vec4 0, 0, 4;
    %assign/vec4 v0000019ade239770_0, 0;
    %pushi/vec4 0, 0, 3;
    %assign/vec4 v0000019ade238f50_0, 0;
    %pushi/vec4 0, 0, 3;
    %assign/vec4 v0000019ade239090_0, 0;
    %pushi/vec4 0, 0, 4;
    %assign/vec4 v0000019ade234400_0, 0;
    %pushi/vec4 0, 0, 2;
    %assign/vec4 v0000019ade238c30_0, 0;
    %pushi/vec4 0, 0, 16;
    %assign/vec4 v0000019ade239a90_0, 0;
    %pushi/vec4 0, 0, 3;
    %assign/vec4 v0000019ade2393b0_0, 0;
    %pushi/vec4 0, 0, 8;
    %assign/vec4 v0000019ade2391d0_0, 0;
    %pushi/vec4 1, 0, 1;
    %assign/vec4 v0000019ade238a50_0, 0;
    %pushi/vec4 0, 0, 2;
    %assign/vec4 v0000019ade239130_0, 0;
    %pushi/vec4 0, 0, 16;
    %assign/vec4 v0000019ade2342c0_0, 0;
    %pushi/vec4 0, 0, 3;
    %assign/vec4 v0000019ade234360_0, 0;
    %pushi/vec4 0, 0, 8;
    %assign/vec4 v0000019ade2387d0_0, 0;
    %pushi/vec4 1, 0, 1;
    %assign/vec4 v0000019ade238eb0_0, 0;
    %pushi/vec4 1, 0, 1;
    %assign/vec4 v0000019ade239590_0, 0;
    %jmp T_22.1;
T_22.0 ;
    %load/vec4 v0000019ade234220_0;
    %assign/vec4 v0000019ade238eb0_0, 0;
    %load/vec4 v0000019ade238eb0_0;
    %assign/vec4 v0000019ade239590_0, 0;
    %load/vec4 v0000019ade238af0_0;
    %flag_set/vec4 9;
    %flag_get/vec4 9;
    %jmp/0 T_22.4, 9;
    %load/vec4 v0000019ade238b90_0;
    %nor/r;
    %and;
T_22.4;
    %flag_set/vec4 8;
    %jmp/0xz  T_22.2, 8;
    %load/vec4 v0000019ade239b30_0;
    %load/vec4 v0000019ade2394f0_0;
    %pad/u 5;
    %ix/vec4 3;
    %ix/load 4, 0, 0; Constant delay
    %assign/vec4/a/d v0000019ade238870, 0, 4;
    %load/vec4 v0000019ade2394f0_0;
    %addi 1, 0, 3;
    %assign/vec4 v0000019ade2394f0_0, 0;
T_22.2 ;
    %load/vec4 v0000019ade238af0_0;
    %flag_set/vec4 10;
    %flag_get/vec4 10;
    %jmp/0 T_22.8, 10;
    %load/vec4 v0000019ade238b90_0;
    %nor/r;
    %and;
T_22.8;
    %flag_set/vec4 9;
    %flag_get/vec4 9;
    %jmp/0 T_22.7, 9;
    %load/vec4 v0000019ade238ff0_0;
    %nor/r;
    %and;
T_22.7;
    %flag_set/vec4 8;
    %jmp/0xz  T_22.5, 8;
    %load/vec4 v0000019ade239770_0;
    %addi 1, 0, 4;
    %assign/vec4 v0000019ade239770_0, 0;
    %jmp T_22.6;
T_22.5 ;
    %load/vec4 v0000019ade238af0_0;
    %flag_set/vec4 10;
    %flag_get/vec4 10;
    %jmp/0 T_22.12, 10;
    %load/vec4 v0000019ade238b90_0;
    %nor/r;
    %and;
T_22.12;
    %nor/r;
    %flag_set/vec4 9;
    %flag_get/vec4 9;
    %jmp/0 T_22.11, 9;
    %load/vec4 v0000019ade238ff0_0;
    %and;
T_22.11;
    %flag_set/vec4 8;
    %jmp/0xz  T_22.9, 8;
    %load/vec4 v0000019ade239770_0;
    %subi 1, 0, 4;
    %assign/vec4 v0000019ade239770_0, 0;
T_22.9 ;
T_22.6 ;
    %load/vec4 v0000019ade238c30_0;
    %dup/vec4;
    %pushi/vec4 0, 0, 2;
    %cmp/u;
    %jmp/1 T_22.13, 6;
    %dup/vec4;
    %pushi/vec4 1, 0, 2;
    %cmp/u;
    %jmp/1 T_22.14, 6;
    %dup/vec4;
    %pushi/vec4 2, 0, 2;
    %cmp/u;
    %jmp/1 T_22.15, 6;
    %dup/vec4;
    %pushi/vec4 3, 0, 2;
    %cmp/u;
    %jmp/1 T_22.16, 6;
    %jmp T_22.17;
T_22.13 ;
    %pushi/vec4 1, 0, 1;
    %assign/vec4 v0000019ade238a50_0, 0;
    %pushi/vec4 0, 0, 16;
    %assign/vec4 v0000019ade239a90_0, 0;
    %pushi/vec4 0, 0, 3;
    %assign/vec4 v0000019ade2393b0_0, 0;
    %load/vec4 v0000019ade238730_0;
    %nor/r;
    %flag_set/vec4 8;
    %jmp/0xz  T_22.18, 8;
    %load/vec4 v0000019ade238e10_0;
    %pad/u 5;
    %ix/vec4 4;
    %load/vec4a v0000019ade238870, 4;
    %assign/vec4 v0000019ade2391d0_0, 0;
    %load/vec4 v0000019ade238e10_0;
    %addi 1, 0, 3;
    %assign/vec4 v0000019ade238e10_0, 0;
    %pushi/vec4 1, 0, 2;
    %assign/vec4 v0000019ade238c30_0, 0;
T_22.18 ;
    %jmp T_22.17;
T_22.14 ;
    %pushi/vec4 0, 0, 1;
    %assign/vec4 v0000019ade238a50_0, 0;
    %load/vec4 v0000019ade239a90_0;
    %pad/u 32;
    %cmpi/e 15, 0, 32;
    %jmp/0xz  T_22.20, 4;
    %pushi/vec4 0, 0, 16;
    %assign/vec4 v0000019ade239a90_0, 0;
    %pushi/vec4 2, 0, 2;
    %assign/vec4 v0000019ade238c30_0, 0;
    %jmp T_22.21;
T_22.20 ;
    %load/vec4 v0000019ade239a90_0;
    %addi 1, 0, 16;
    %assign/vec4 v0000019ade239a90_0, 0;
T_22.21 ;
    %jmp T_22.17;
T_22.15 ;
    %load/vec4 v0000019ade2391d0_0;
    %load/vec4 v0000019ade2393b0_0;
    %part/u 1;
    %assign/vec4 v0000019ade238a50_0, 0;
    %load/vec4 v0000019ade239a90_0;
    %pad/u 32;
    %cmpi/e 15, 0, 32;
    %jmp/0xz  T_22.22, 4;
    %pushi/vec4 0, 0, 16;
    %assign/vec4 v0000019ade239a90_0, 0;
    %load/vec4 v0000019ade2393b0_0;
    %cmpi/e 7, 0, 3;
    %jmp/0xz  T_22.24, 4;
    %pushi/vec4 3, 0, 2;
    %assign/vec4 v0000019ade238c30_0, 0;
    %jmp T_22.25;
T_22.24 ;
    %load/vec4 v0000019ade2393b0_0;
    %addi 1, 0, 3;
    %assign/vec4 v0000019ade2393b0_0, 0;
T_22.25 ;
    %jmp T_22.23;
T_22.22 ;
    %load/vec4 v0000019ade239a90_0;
    %addi 1, 0, 16;
    %assign/vec4 v0000019ade239a90_0, 0;
T_22.23 ;
    %jmp T_22.17;
T_22.16 ;
    %pushi/vec4 1, 0, 1;
    %assign/vec4 v0000019ade238a50_0, 0;
    %load/vec4 v0000019ade239a90_0;
    %pad/u 32;
    %cmpi/e 15, 0, 32;
    %jmp/0xz  T_22.26, 4;
    %pushi/vec4 0, 0, 16;
    %assign/vec4 v0000019ade239a90_0, 0;
    %pushi/vec4 0, 0, 2;
    %assign/vec4 v0000019ade238c30_0, 0;
    %jmp T_22.27;
T_22.26 ;
    %load/vec4 v0000019ade239a90_0;
    %addi 1, 0, 16;
    %assign/vec4 v0000019ade239a90_0, 0;
T_22.27 ;
    %jmp T_22.17;
T_22.17 ;
    %pop/vec4 1;
    %load/vec4 v0000019ade239130_0;
    %dup/vec4;
    %pushi/vec4 0, 0, 2;
    %cmp/u;
    %jmp/1 T_22.28, 6;
    %dup/vec4;
    %pushi/vec4 1, 0, 2;
    %cmp/u;
    %jmp/1 T_22.29, 6;
    %dup/vec4;
    %pushi/vec4 2, 0, 2;
    %cmp/u;
    %jmp/1 T_22.30, 6;
    %dup/vec4;
    %pushi/vec4 3, 0, 2;
    %cmp/u;
    %jmp/1 T_22.31, 6;
    %jmp T_22.32;
T_22.28 ;
    %pushi/vec4 0, 0, 16;
    %assign/vec4 v0000019ade2342c0_0, 0;
    %pushi/vec4 0, 0, 3;
    %assign/vec4 v0000019ade234360_0, 0;
    %load/vec4 v0000019ade239590_0;
    %cmpi/e 0, 0, 1;
    %jmp/0xz  T_22.33, 4;
    %pushi/vec4 1, 0, 2;
    %assign/vec4 v0000019ade239130_0, 0;
T_22.33 ;
    %jmp T_22.32;
T_22.29 ;
    %load/vec4 v0000019ade2342c0_0;
    %pad/u 32;
    %cmpi/e 7, 0, 32;
    %jmp/0xz  T_22.35, 4;
    %pushi/vec4 0, 0, 16;
    %assign/vec4 v0000019ade2342c0_0, 0;
    %load/vec4 v0000019ade239590_0;
    %cmpi/e 0, 0, 1;
    %jmp/0xz  T_22.37, 4;
    %pushi/vec4 2, 0, 2;
    %assign/vec4 v0000019ade239130_0, 0;
    %jmp T_22.38;
T_22.37 ;
    %pushi/vec4 0, 0, 2;
    %assign/vec4 v0000019ade239130_0, 0;
T_22.38 ;
    %jmp T_22.36;
T_22.35 ;
    %load/vec4 v0000019ade2342c0_0;
    %addi 1, 0, 16;
    %assign/vec4 v0000019ade2342c0_0, 0;
T_22.36 ;
    %jmp T_22.32;
T_22.30 ;
    %load/vec4 v0000019ade2342c0_0;
    %pad/u 32;
    %cmpi/e 15, 0, 32;
    %jmp/0xz  T_22.39, 4;
    %pushi/vec4 0, 0, 16;
    %assign/vec4 v0000019ade2342c0_0, 0;
    %load/vec4 v0000019ade239590_0;
    %ix/load 5, 0, 0;
    %ix/getv 4, v0000019ade234360_0;
    %assign/vec4/off/d v0000019ade2387d0_0, 4, 5;
    %load/vec4 v0000019ade234360_0;
    %cmpi/e 7, 0, 3;
    %jmp/0xz  T_22.41, 4;
    %pushi/vec4 3, 0, 2;
    %assign/vec4 v0000019ade239130_0, 0;
    %jmp T_22.42;
T_22.41 ;
    %load/vec4 v0000019ade234360_0;
    %addi 1, 0, 3;
    %assign/vec4 v0000019ade234360_0, 0;
T_22.42 ;
    %jmp T_22.40;
T_22.39 ;
    %load/vec4 v0000019ade2342c0_0;
    %addi 1, 0, 16;
    %assign/vec4 v0000019ade2342c0_0, 0;
T_22.40 ;
    %jmp T_22.32;
T_22.31 ;
    %load/vec4 v0000019ade2342c0_0;
    %pad/u 32;
    %cmpi/e 15, 0, 32;
    %jmp/0xz  T_22.43, 4;
    %pushi/vec4 0, 0, 16;
    %assign/vec4 v0000019ade2342c0_0, 0;
    %pushi/vec4 0, 0, 2;
    %assign/vec4 v0000019ade239130_0, 0;
    %jmp T_22.44;
T_22.43 ;
    %load/vec4 v0000019ade2342c0_0;
    %addi 1, 0, 16;
    %assign/vec4 v0000019ade2342c0_0, 0;
T_22.44 ;
    %jmp T_22.32;
T_22.32 ;
    %pop/vec4 1;
    %load/vec4 v0000019ade239270_0;
    %flag_set/vec4 8;
    %jmp/0xz  T_22.45, 8;
    %load/vec4 v0000019ade2387d0_0;
    %load/vec4 v0000019ade238f50_0;
    %pad/u 5;
    %ix/vec4 3;
    %ix/load 4, 0, 0; Constant delay
    %assign/vec4/a/d v0000019ade2396d0, 0, 4;
    %load/vec4 v0000019ade238f50_0;
    %addi 1, 0, 3;
    %assign/vec4 v0000019ade238f50_0, 0;
T_22.45 ;
    %load/vec4 v0000019ade239270_0;
    %flag_set/vec4 9;
    %flag_get/vec4 9;
    %jmp/0 T_22.49, 9;
    %load/vec4 v0000019ade2351c0_0;
    %flag_set/vec4 9;
    %flag_get/vec4 9;
    %jmp/0 T_22.50, 9;
    %load/vec4 v0000019ade2344a0_0;
    %nor/r;
    %and;
T_22.50;
    %nor/r;
    %and;
T_22.49;
    %flag_set/vec4 8;
    %jmp/0xz  T_22.47, 8;
    %load/vec4 v0000019ade234400_0;
    %addi 1, 0, 4;
    %assign/vec4 v0000019ade234400_0, 0;
    %jmp T_22.48;
T_22.47 ;
    %load/vec4 v0000019ade239270_0;
    %nor/r;
    %flag_set/vec4 9;
    %flag_get/vec4 9;
    %jmp/0 T_22.53, 9;
    %load/vec4 v0000019ade2351c0_0;
    %flag_set/vec4 9;
    %flag_get/vec4 9;
    %jmp/0 T_22.54, 9;
    %load/vec4 v0000019ade2344a0_0;
    %nor/r;
    %and;
T_22.54;
    %and;
T_22.53;
    %flag_set/vec4 8;
    %jmp/0xz  T_22.51, 8;
    %load/vec4 v0000019ade234400_0;
    %subi 1, 0, 4;
    %assign/vec4 v0000019ade234400_0, 0;
T_22.51 ;
T_22.48 ;
    %load/vec4 v0000019ade2351c0_0;
    %flag_set/vec4 9;
    %flag_get/vec4 9;
    %jmp/0 T_22.57, 9;
    %load/vec4 v0000019ade2344a0_0;
    %nor/r;
    %and;
T_22.57;
    %flag_set/vec4 8;
    %jmp/0xz  T_22.55, 8;
    %load/vec4 v0000019ade239090_0;
    %addi 1, 0, 3;
    %assign/vec4 v0000019ade239090_0, 0;
T_22.55 ;
T_22.1 ;
    %jmp T_22;
    .thread T_22;
    .scope S_0000019ade235c20;
T_23 ;
    %wait E_0000019ade169670;
    %load/vec4 v0000019ade2362f0_0;
    %flag_set/vec4 8;
    %jmp/0xz  T_23.0, 8;
    %pushi/vec4 0, 0, 3;
    %assign/vec4 v0000019ade2384b0_0, 0;
    %jmp T_23.1;
T_23.0 ;
    %load/vec4 v0000019ade237290_0;
    %flag_set/vec4 8;
    %jmp/0xz  T_23.2, 8;
    %load/vec4 v0000019ade238410_0;
    %assign/vec4 v0000019ade2384b0_0, 0;
T_23.2 ;
T_23.1 ;
    %jmp T_23;
    .thread T_23;
    .scope S_0000019ade235c20;
T_24 ;
    %wait E_0000019ade169670;
    %load/vec4 v0000019ade2362f0_0;
    %flag_set/vec4 8;
    %jmp/0xz  T_24.0, 8;
    %pushi/vec4 0, 0, 3;
    %assign/vec4 v0000019ade2422a0_0, 0;
    %pushi/vec4 0, 0, 3;
    %assign/vec4 v0000019ade237010_0, 0;
    %pushi/vec4 0, 0, 4;
    %assign/vec4 v0000019ade236070_0, 0;
    %pushi/vec4 0, 0, 3;
    %assign/vec4 v0000019ade238050_0, 0;
    %pushi/vec4 0, 0, 3;
    %assign/vec4 v0000019ade237fb0_0, 0;
    %pushi/vec4 0, 0, 4;
    %assign/vec4 v0000019ade236e30_0, 0;
    %pushi/vec4 0, 0, 2;
    %assign/vec4 v0000019ade2427a0_0, 0;
    %pushi/vec4 0, 0, 16;
    %assign/vec4 v0000019ade2364d0_0, 0;
    %pushi/vec4 0, 0, 3;
    %assign/vec4 v0000019ade235fd0_0, 0;
    %pushi/vec4 0, 0, 8;
    %assign/vec4 v0000019ade2371f0_0, 0;
    %pushi/vec4 1, 0, 1;
    %assign/vec4 v0000019ade236f70_0, 0;
    %pushi/vec4 0, 0, 2;
    %assign/vec4 v0000019ade2385f0_0, 0;
    %pushi/vec4 0, 0, 16;
    %assign/vec4 v0000019ade238550_0, 0;
    %pushi/vec4 0, 0, 3;
    %assign/vec4 v0000019ade236c50_0, 0;
    %pushi/vec4 0, 0, 8;
    %assign/vec4 v0000019ade236390_0, 0;
    %pushi/vec4 1, 0, 1;
    %assign/vec4 v0000019ade237830_0, 0;
    %pushi/vec4 1, 0, 1;
    %assign/vec4 v0000019ade2378d0_0, 0;
    %jmp T_24.1;
T_24.0 ;
    %load/vec4 v0000019ade236430_0;
    %assign/vec4 v0000019ade237830_0, 0;
    %load/vec4 v0000019ade237830_0;
    %assign/vec4 v0000019ade2378d0_0, 0;
    %load/vec4 v0000019ade241da0_0;
    %flag_set/vec4 9;
    %flag_get/vec4 9;
    %jmp/0 T_24.4, 9;
    %load/vec4 v0000019ade236570_0;
    %nor/r;
    %and;
T_24.4;
    %flag_set/vec4 8;
    %jmp/0xz  T_24.2, 8;
    %load/vec4 v0000019ade242a20_0;
    %load/vec4 v0000019ade2422a0_0;
    %pad/u 5;
    %ix/vec4 3;
    %ix/load 4, 0, 0; Constant delay
    %assign/vec4/a/d v0000019ade242840, 0, 4;
    %load/vec4 v0000019ade2422a0_0;
    %addi 1, 0, 3;
    %assign/vec4 v0000019ade2422a0_0, 0;
T_24.2 ;
    %load/vec4 v0000019ade241da0_0;
    %flag_set/vec4 10;
    %flag_get/vec4 10;
    %jmp/0 T_24.8, 10;
    %load/vec4 v0000019ade236570_0;
    %nor/r;
    %and;
T_24.8;
    %flag_set/vec4 9;
    %flag_get/vec4 9;
    %jmp/0 T_24.7, 9;
    %load/vec4 v0000019ade2367f0_0;
    %nor/r;
    %and;
T_24.7;
    %flag_set/vec4 8;
    %jmp/0xz  T_24.5, 8;
    %load/vec4 v0000019ade236070_0;
    %addi 1, 0, 4;
    %assign/vec4 v0000019ade236070_0, 0;
    %jmp T_24.6;
T_24.5 ;
    %load/vec4 v0000019ade241da0_0;
    %flag_set/vec4 10;
    %flag_get/vec4 10;
    %jmp/0 T_24.12, 10;
    %load/vec4 v0000019ade236570_0;
    %nor/r;
    %and;
T_24.12;
    %nor/r;
    %flag_set/vec4 9;
    %flag_get/vec4 9;
    %jmp/0 T_24.11, 9;
    %load/vec4 v0000019ade2367f0_0;
    %and;
T_24.11;
    %flag_set/vec4 8;
    %jmp/0xz  T_24.9, 8;
    %load/vec4 v0000019ade236070_0;
    %subi 1, 0, 4;
    %assign/vec4 v0000019ade236070_0, 0;
T_24.9 ;
T_24.6 ;
    %load/vec4 v0000019ade2427a0_0;
    %dup/vec4;
    %pushi/vec4 0, 0, 2;
    %cmp/u;
    %jmp/1 T_24.13, 6;
    %dup/vec4;
    %pushi/vec4 1, 0, 2;
    %cmp/u;
    %jmp/1 T_24.14, 6;
    %dup/vec4;
    %pushi/vec4 2, 0, 2;
    %cmp/u;
    %jmp/1 T_24.15, 6;
    %dup/vec4;
    %pushi/vec4 3, 0, 2;
    %cmp/u;
    %jmp/1 T_24.16, 6;
    %jmp T_24.17;
T_24.13 ;
    %pushi/vec4 1, 0, 1;
    %assign/vec4 v0000019ade236f70_0, 0;
    %pushi/vec4 0, 0, 16;
    %assign/vec4 v0000019ade2364d0_0, 0;
    %pushi/vec4 0, 0, 3;
    %assign/vec4 v0000019ade235fd0_0, 0;
    %load/vec4 v0000019ade236110_0;
    %nor/r;
    %flag_set/vec4 8;
    %jmp/0xz  T_24.18, 8;
    %load/vec4 v0000019ade237010_0;
    %pad/u 5;
    %ix/vec4 4;
    %load/vec4a v0000019ade242840, 4;
    %assign/vec4 v0000019ade2371f0_0, 0;
    %load/vec4 v0000019ade237010_0;
    %addi 1, 0, 3;
    %assign/vec4 v0000019ade237010_0, 0;
    %pushi/vec4 1, 0, 2;
    %assign/vec4 v0000019ade2427a0_0, 0;
T_24.18 ;
    %jmp T_24.17;
T_24.14 ;
    %pushi/vec4 0, 0, 1;
    %assign/vec4 v0000019ade236f70_0, 0;
    %load/vec4 v0000019ade2364d0_0;
    %pad/u 32;
    %cmpi/e 15, 0, 32;
    %jmp/0xz  T_24.20, 4;
    %pushi/vec4 0, 0, 16;
    %assign/vec4 v0000019ade2364d0_0, 0;
    %pushi/vec4 2, 0, 2;
    %assign/vec4 v0000019ade2427a0_0, 0;
    %jmp T_24.21;
T_24.20 ;
    %load/vec4 v0000019ade2364d0_0;
    %addi 1, 0, 16;
    %assign/vec4 v0000019ade2364d0_0, 0;
T_24.21 ;
    %jmp T_24.17;
T_24.15 ;
    %load/vec4 v0000019ade2371f0_0;
    %load/vec4 v0000019ade235fd0_0;
    %part/u 1;
    %assign/vec4 v0000019ade236f70_0, 0;
    %load/vec4 v0000019ade2364d0_0;
    %pad/u 32;
    %cmpi/e 15, 0, 32;
    %jmp/0xz  T_24.22, 4;
    %pushi/vec4 0, 0, 16;
    %assign/vec4 v0000019ade2364d0_0, 0;
    %load/vec4 v0000019ade235fd0_0;
    %cmpi/e 7, 0, 3;
    %jmp/0xz  T_24.24, 4;
    %pushi/vec4 3, 0, 2;
    %assign/vec4 v0000019ade2427a0_0, 0;
    %jmp T_24.25;
T_24.24 ;
    %load/vec4 v0000019ade235fd0_0;
    %addi 1, 0, 3;
    %assign/vec4 v0000019ade235fd0_0, 0;
T_24.25 ;
    %jmp T_24.23;
T_24.22 ;
    %load/vec4 v0000019ade2364d0_0;
    %addi 1, 0, 16;
    %assign/vec4 v0000019ade2364d0_0, 0;
T_24.23 ;
    %jmp T_24.17;
T_24.16 ;
    %pushi/vec4 1, 0, 1;
    %assign/vec4 v0000019ade236f70_0, 0;
    %load/vec4 v0000019ade2364d0_0;
    %pad/u 32;
    %cmpi/e 15, 0, 32;
    %jmp/0xz  T_24.26, 4;
    %pushi/vec4 0, 0, 16;
    %assign/vec4 v0000019ade2364d0_0, 0;
    %pushi/vec4 0, 0, 2;
    %assign/vec4 v0000019ade2427a0_0, 0;
    %jmp T_24.27;
T_24.26 ;
    %load/vec4 v0000019ade2364d0_0;
    %addi 1, 0, 16;
    %assign/vec4 v0000019ade2364d0_0, 0;
T_24.27 ;
    %jmp T_24.17;
T_24.17 ;
    %pop/vec4 1;
    %load/vec4 v0000019ade2385f0_0;
    %dup/vec4;
    %pushi/vec4 0, 0, 2;
    %cmp/u;
    %jmp/1 T_24.28, 6;
    %dup/vec4;
    %pushi/vec4 1, 0, 2;
    %cmp/u;
    %jmp/1 T_24.29, 6;
    %dup/vec4;
    %pushi/vec4 2, 0, 2;
    %cmp/u;
    %jmp/1 T_24.30, 6;
    %dup/vec4;
    %pushi/vec4 3, 0, 2;
    %cmp/u;
    %jmp/1 T_24.31, 6;
    %jmp T_24.32;
T_24.28 ;
    %pushi/vec4 0, 0, 16;
    %assign/vec4 v0000019ade238550_0, 0;
    %pushi/vec4 0, 0, 3;
    %assign/vec4 v0000019ade236c50_0, 0;
    %load/vec4 v0000019ade2378d0_0;
    %cmpi/e 0, 0, 1;
    %jmp/0xz  T_24.33, 4;
    %pushi/vec4 1, 0, 2;
    %assign/vec4 v0000019ade2385f0_0, 0;
T_24.33 ;
    %jmp T_24.32;
T_24.29 ;
    %load/vec4 v0000019ade238550_0;
    %pad/u 32;
    %cmpi/e 7, 0, 32;
    %jmp/0xz  T_24.35, 4;
    %pushi/vec4 0, 0, 16;
    %assign/vec4 v0000019ade238550_0, 0;
    %load/vec4 v0000019ade2378d0_0;
    %cmpi/e 0, 0, 1;
    %jmp/0xz  T_24.37, 4;
    %pushi/vec4 2, 0, 2;
    %assign/vec4 v0000019ade2385f0_0, 0;
    %jmp T_24.38;
T_24.37 ;
    %pushi/vec4 0, 0, 2;
    %assign/vec4 v0000019ade2385f0_0, 0;
T_24.38 ;
    %jmp T_24.36;
T_24.35 ;
    %load/vec4 v0000019ade238550_0;
    %addi 1, 0, 16;
    %assign/vec4 v0000019ade238550_0, 0;
T_24.36 ;
    %jmp T_24.32;
T_24.30 ;
    %load/vec4 v0000019ade238550_0;
    %pad/u 32;
    %cmpi/e 15, 0, 32;
    %jmp/0xz  T_24.39, 4;
    %pushi/vec4 0, 0, 16;
    %assign/vec4 v0000019ade238550_0, 0;
    %load/vec4 v0000019ade2378d0_0;
    %ix/load 5, 0, 0;
    %ix/getv 4, v0000019ade236c50_0;
    %assign/vec4/off/d v0000019ade236390_0, 4, 5;
    %load/vec4 v0000019ade236c50_0;
    %cmpi/e 7, 0, 3;
    %jmp/0xz  T_24.41, 4;
    %pushi/vec4 3, 0, 2;
    %assign/vec4 v0000019ade2385f0_0, 0;
    %jmp T_24.42;
T_24.41 ;
    %load/vec4 v0000019ade236c50_0;
    %addi 1, 0, 3;
    %assign/vec4 v0000019ade236c50_0, 0;
T_24.42 ;
    %jmp T_24.40;
T_24.39 ;
    %load/vec4 v0000019ade238550_0;
    %addi 1, 0, 16;
    %assign/vec4 v0000019ade238550_0, 0;
T_24.40 ;
    %jmp T_24.32;
T_24.31 ;
    %load/vec4 v0000019ade238550_0;
    %pad/u 32;
    %cmpi/e 15, 0, 32;
    %jmp/0xz  T_24.43, 4;
    %pushi/vec4 0, 0, 16;
    %assign/vec4 v0000019ade238550_0, 0;
    %pushi/vec4 0, 0, 2;
    %assign/vec4 v0000019ade2385f0_0, 0;
    %jmp T_24.44;
T_24.43 ;
    %load/vec4 v0000019ade238550_0;
    %addi 1, 0, 16;
    %assign/vec4 v0000019ade238550_0, 0;
T_24.44 ;
    %jmp T_24.32;
T_24.32 ;
    %pop/vec4 1;
    %load/vec4 v0000019ade237e70_0;
    %flag_set/vec4 8;
    %jmp/0xz  T_24.45, 8;
    %load/vec4 v0000019ade236390_0;
    %load/vec4 v0000019ade238050_0;
    %pad/u 5;
    %ix/vec4 3;
    %ix/load 4, 0, 0; Constant delay
    %assign/vec4/a/d v0000019ade235e90, 0, 4;
    %load/vec4 v0000019ade238050_0;
    %addi 1, 0, 3;
    %assign/vec4 v0000019ade238050_0, 0;
T_24.45 ;
    %load/vec4 v0000019ade237e70_0;
    %flag_set/vec4 9;
    %flag_get/vec4 9;
    %jmp/0 T_24.49, 9;
    %load/vec4 v0000019ade236b10_0;
    %flag_set/vec4 9;
    %flag_get/vec4 9;
    %jmp/0 T_24.50, 9;
    %load/vec4 v0000019ade2376f0_0;
    %nor/r;
    %and;
T_24.50;
    %nor/r;
    %and;
T_24.49;
    %flag_set/vec4 8;
    %jmp/0xz  T_24.47, 8;
    %load/vec4 v0000019ade236e30_0;
    %addi 1, 0, 4;
    %assign/vec4 v0000019ade236e30_0, 0;
    %jmp T_24.48;
T_24.47 ;
    %load/vec4 v0000019ade237e70_0;
    %nor/r;
    %flag_set/vec4 9;
    %flag_get/vec4 9;
    %jmp/0 T_24.53, 9;
    %load/vec4 v0000019ade236b10_0;
    %flag_set/vec4 9;
    %flag_get/vec4 9;
    %jmp/0 T_24.54, 9;
    %load/vec4 v0000019ade2376f0_0;
    %nor/r;
    %and;
T_24.54;
    %and;
T_24.53;
    %flag_set/vec4 8;
    %jmp/0xz  T_24.51, 8;
    %load/vec4 v0000019ade236e30_0;
    %subi 1, 0, 4;
    %assign/vec4 v0000019ade236e30_0, 0;
T_24.51 ;
T_24.48 ;
    %load/vec4 v0000019ade236b10_0;
    %flag_set/vec4 9;
    %flag_get/vec4 9;
    %jmp/0 T_24.57, 9;
    %load/vec4 v0000019ade2376f0_0;
    %nor/r;
    %and;
T_24.57;
    %flag_set/vec4 8;
    %jmp/0xz  T_24.55, 8;
    %load/vec4 v0000019ade237fb0_0;
    %addi 1, 0, 3;
    %assign/vec4 v0000019ade237fb0_0, 0;
T_24.55 ;
T_24.1 ;
    %jmp T_24;
    .thread T_24;
    .scope S_0000019ade0b1390;
T_25 ;
    %wait E_0000019ade169670;
    %load/vec4 v0000019ade23bc20_0;
    %flag_set/vec4 8;
    %jmp/0xz  T_25.0, 8;
    %pushi/vec4 0, 0, 64;
    %assign/vec4 v0000019ade243380_0, 0;
    %pushi/vec4 4294967295, 0, 32;
    %concati/vec4 4294967295, 0, 32;
    %assign/vec4 v0000019ade2436a0_0, 0;
    %pushi/vec4 0, 0, 1;
    %assign/vec4 v0000019ade243880_0, 0;
    %jmp T_25.1;
T_25.0 ;
    %load/vec4 v0000019ade243380_0;
    %addi 1, 0, 64;
    %assign/vec4 v0000019ade243380_0, 0;
    %load/vec4 v0000019ade2434c0_0;
    %flag_set/vec4 8;
    %jmp/0xz  T_25.2, 8;
    %load/vec4 v0000019ade2432e0_0;
    %dup/vec4;
    %pushi/vec4 49, 0, 6;
    %cmp/u;
    %jmp/1 T_25.4, 6;
    %dup/vec4;
    %pushi/vec4 50, 0, 6;
    %cmp/u;
    %jmp/1 T_25.5, 6;
    %dup/vec4;
    %pushi/vec4 51, 0, 6;
    %cmp/u;
    %jmp/1 T_25.6, 6;
    %dup/vec4;
    %pushi/vec4 52, 0, 6;
    %cmp/u;
    %jmp/1 T_25.7, 6;
    %dup/vec4;
    %pushi/vec4 48, 0, 6;
    %cmp/u;
    %jmp/1 T_25.8, 6;
    %jmp T_25.10;
T_25.4 ;
    %load/vec4 v0000019ade242200_0;
    %ix/load 4, 0, 0;
    %ix/load 5, 0, 0;
    %flag_set/imm 4, 0;
    %assign/vec4/off/d v0000019ade2436a0_0, 4, 5;
    %jmp T_25.10;
T_25.5 ;
    %load/vec4 v0000019ade242200_0;
    %ix/load 4, 32, 0;
    %ix/load 5, 0, 0;
    %flag_set/imm 4, 0;
    %assign/vec4/off/d v0000019ade2436a0_0, 4, 5;
    %jmp T_25.10;
T_25.6 ;
    %load/vec4 v0000019ade242200_0;
    %ix/load 4, 0, 0;
    %ix/load 5, 0, 0;
    %flag_set/imm 4, 0;
    %assign/vec4/off/d v0000019ade243380_0, 4, 5;
    %jmp T_25.10;
T_25.7 ;
    %load/vec4 v0000019ade242200_0;
    %ix/load 4, 32, 0;
    %ix/load 5, 0, 0;
    %flag_set/imm 4, 0;
    %assign/vec4/off/d v0000019ade243380_0, 4, 5;
    %jmp T_25.10;
T_25.8 ;
    %load/vec4 v0000019ade242200_0;
    %parti/s 1, 0, 2;
    %assign/vec4 v0000019ade243880_0, 0;
    %jmp T_25.10;
T_25.10 ;
    %pop/vec4 1;
T_25.2 ;
T_25.1 ;
    %jmp T_25;
    .thread T_25;
    .scope S_0000019ade0b1390;
T_26 ;
    %wait E_0000019ade168bf0;
    %load/vec4 v0000019ade2439c0_0;
    %cmpi/u 8, 0, 6;
    %flag_or 5, 4;
    %jmp/0xz  T_26.0, 5;
    %load/vec4 v0000019ade241e40_0;
    %store/vec4 v0000019ade243920_0, 0, 32;
    %jmp T_26.1;
T_26.0 ;
    %load/vec4 v0000019ade2439c0_0;
    %cmpi/u 16, 0, 6;
    %flag_inv 5; GE is !LT
    %flag_get/vec4 5;
    %jmp/0 T_26.4, 5;
    %load/vec4 v0000019ade2439c0_0;
    %cmpi/u 31, 0, 6;
    %flag_get/vec4 4;
    %flag_get/vec4 5;
    %or;
    %and;
T_26.4;
    %flag_set/vec4 8;
    %jmp/0xz  T_26.2, 8;
    %load/vec4 v0000019ade2439c0_0;
    %parti/s 4, 2, 3;
    %dup/vec4;
    %pushi/vec4 4, 0, 4;
    %cmp/u;
    %jmp/1 T_26.5, 6;
    %dup/vec4;
    %pushi/vec4 5, 0, 4;
    %cmp/u;
    %jmp/1 T_26.6, 6;
    %dup/vec4;
    %pushi/vec4 6, 0, 4;
    %cmp/u;
    %jmp/1 T_26.7, 6;
    %dup/vec4;
    %pushi/vec4 7, 0, 4;
    %cmp/u;
    %jmp/1 T_26.8, 6;
    %pushi/vec4 0, 0, 32;
    %store/vec4 v0000019ade243920_0, 0, 32;
    %jmp T_26.10;
T_26.5 ;
    %load/vec4 v0000019ade23e240_0;
    %store/vec4 v0000019ade243920_0, 0, 32;
    %jmp T_26.10;
T_26.6 ;
    %load/vec4 v0000019ade23cbc0_0;
    %store/vec4 v0000019ade243920_0, 0, 32;
    %jmp T_26.10;
T_26.7 ;
    %load/vec4 v0000019ade23e1a0_0;
    %store/vec4 v0000019ade243920_0, 0, 32;
    %jmp T_26.10;
T_26.8 ;
    %load/vec4 v0000019ade23d520_0;
    %store/vec4 v0000019ade243920_0, 0, 32;
    %jmp T_26.10;
T_26.10 ;
    %pop/vec4 1;
    %jmp T_26.3;
T_26.2 ;
    %load/vec4 v0000019ade2439c0_0;
    %cmpi/e 40, 0, 6;
    %jmp/0xz  T_26.11, 4;
    %load/vec4 v0000019ade2411c0_0;
    %store/vec4 v0000019ade243920_0, 0, 32;
    %jmp T_26.12;
T_26.11 ;
    %load/vec4 v0000019ade2439c0_0;
    %dup/vec4;
    %pushi/vec4 48, 0, 6;
    %cmp/u;
    %jmp/1 T_26.13, 6;
    %dup/vec4;
    %pushi/vec4 49, 0, 6;
    %cmp/u;
    %jmp/1 T_26.14, 6;
    %dup/vec4;
    %pushi/vec4 50, 0, 6;
    %cmp/u;
    %jmp/1 T_26.15, 6;
    %dup/vec4;
    %pushi/vec4 51, 0, 6;
    %cmp/u;
    %jmp/1 T_26.16, 6;
    %dup/vec4;
    %pushi/vec4 52, 0, 6;
    %cmp/u;
    %jmp/1 T_26.17, 6;
    %pushi/vec4 0, 0, 32;
    %store/vec4 v0000019ade243920_0, 0, 32;
    %jmp T_26.19;
T_26.13 ;
    %pushi/vec4 0, 0, 31;
    %load/vec4 v0000019ade243880_0;
    %concat/vec4; draw_concat_vec4
    %store/vec4 v0000019ade243920_0, 0, 32;
    %jmp T_26.19;
T_26.14 ;
    %load/vec4 v0000019ade2436a0_0;
    %parti/s 32, 0, 2;
    %store/vec4 v0000019ade243920_0, 0, 32;
    %jmp T_26.19;
T_26.15 ;
    %load/vec4 v0000019ade2436a0_0;
    %parti/s 32, 32, 7;
    %store/vec4 v0000019ade243920_0, 0, 32;
    %jmp T_26.19;
T_26.16 ;
    %load/vec4 v0000019ade243380_0;
    %parti/s 32, 0, 2;
    %store/vec4 v0000019ade243920_0, 0, 32;
    %jmp T_26.19;
T_26.17 ;
    %load/vec4 v0000019ade243380_0;
    %parti/s 32, 32, 7;
    %store/vec4 v0000019ade243920_0, 0, 32;
    %jmp T_26.19;
T_26.19 ;
    %pop/vec4 1;
T_26.12 ;
T_26.3 ;
T_26.1 ;
    %jmp T_26;
    .thread T_26, $push;
    .scope S_0000019ade0b1390;
T_27 ;
    %wait E_0000019ade169130;
    %load/vec4 v0000019ade243560_0;
    %assign/vec4 v0000019ade23c300_0, 0;
    %load/vec4 v0000019ade243920_0;
    %assign/vec4 v0000019ade243740_0, 0;
    %jmp T_27;
    .thread T_27;
# The file index is used to find the file name in the following table.
:file_names 9;
    "N/A";
    "<interactive>";
    "TopLayer.v";
    "./BRAM.v";
    "./CPU.v";
    "./ALU.v";
    "./Registry.v";
    "./GPIO.v";
    "./UART.v";
