#! /c/Source/iverilog-install/bin/vvp
:ivl_version "12.0 (devel)" "(s20150603-1539-g2693dd32b)";
:ivl_delay_selection "TYPICAL";
:vpi_time_precision - 12;
:vpi_module "C:\iverilog\lib\ivl\system.vpi";
:vpi_module "C:\iverilog\lib\ivl\vhdl_sys.vpi";
:vpi_module "C:\iverilog\lib\ivl\vhdl_textio.vpi";
:vpi_module "C:\iverilog\lib\ivl\v2005_math.vpi";
:vpi_module "C:\iverilog\lib\ivl\va_math.vpi";
S_000001b356610440 .scope module, "UART_tb" "UART_tb" 2 17;
 .timescale -9 -12;
P_000001b356546b70 .param/l "BITNS" 1 2 19, +C4<0000000000000000000000000000000000000000000000000000000001010000>;
P_000001b356546ba8 .param/l "CPB" 1 2 18, +C4<00000000000000000000000000001000>;
P_000001b356546be0 .param/l "IRQ_BYTE" 1 2 102, C4<10100101>;
P_000001b356546c18 .param/l "RX_BYTE" 1 2 88, C4<00111100>;
L_000001b356701930 .functor BUFT 1, C4<111>, C4<0>, C4<0>, C4<0>;
v000001b3566eae50_0 .net/2u *"_ivl_10", 2 0, L_000001b356701930;  1 drivers
L_000001b3567035e0 .functor BUFT 1, C4<111>, C4<0>, C4<0>, C4<0>;
v000001b3566ebfd0_0 .net/2u *"_ivl_18", 2 0, L_000001b3567035e0;  1 drivers
v000001b3566ea310_0 .net *"_ivl_21", 0 0, L_000001b356788d10;  1 drivers
L_000001b356705290 .functor BUFT 1, C4<111>, C4<0>, C4<0>, C4<0>;
v000001b3566ec2f0_0 .net/2u *"_ivl_28", 2 0, L_000001b356705290;  1 drivers
v000001b3566ec070_0 .var "clk", 0 0;
v000001b3566ebc10_0 .var/i "errors", 31 0;
v000001b3566eaef0_0 .var/i "i", 31 0;
v000001b3566eb2b0_0 .var/i "j", 31 0;
v000001b3566ec6b0_0 .var/i "k", 31 0;
v000001b3566ea270_0 .var/i "m", 31 0;
v000001b3566eabd0 .array "pirq", 3 0, 31 0;
v000001b3566ead10 .array "plp", 7 0, 31 0;
v000001b3566ea4f0 .array "prx", 5 0, 31 0;
v000001b3566ebe90 .array "ptx", 3 0, 31 0;
v000001b3566eb030_0 .var "rst", 0 0;
v000001b3566eb850_0 .var "rx_drive", 0 0;
v000001b3566ec750_0 .var "rx_drive_irq", 0 0;
v000001b3566ea950_0 .net "tx0", 0 0, L_000001b356792130;  1 drivers
v000001b3566eac70_0 .var "tx_decoded", 7 0;
v000001b3566eaf90_0 .var "tx_done", 0 0;
v000001b3566ec570_0 .net "tx_of_loop", 3 0, L_000001b356787c30;  1 drivers
v000001b3566eb990_0 .net "tx_of_tx", 3 0, L_000001b3566d4290;  1 drivers
E_000001b3565d76b0 .event negedge, v000001b3566ea950_0;
L_000001b356782230 .concat [ 1 3 0 0], v000001b3566eb850_0, L_000001b356701930;
L_000001b356788d10 .part L_000001b356787c30, 0, 1;
L_000001b3567890d0 .concat [ 1 3 0 0], L_000001b356788d10, L_000001b3567035e0;
L_000001b3567935d0 .concat [ 1 3 0 0], v000001b3566ec750_0, L_000001b356705290;
L_000001b356792130 .part L_000001b3566d4290, 0, 1;
S_000001b3561bbe70 .scope task, "LI" "LI" 2 70, 2 70 0, S_000001b356610440;
 .timescale -9 -12;
v000001b3565f69f0_0 .var/i "a", 31 0;
v000001b3565f6a90_0 .var "w", 31 0;
TD_UART_tb.LI ;
    %load/vec4 v000001b3565f6a90_0;
    %parti/s 8, 0, 2;
    %load/vec4 v000001b3565f69f0_0;
    %muli 4, 0, 32;
    %addi 0, 0, 32;
    %ix/vec4/s 4;
    %store/vec4a v000001b3565f64f0, 4, 0;
    %load/vec4 v000001b3565f6a90_0;
    %parti/s 8, 8, 5;
    %load/vec4 v000001b3565f69f0_0;
    %muli 4, 0, 32;
    %addi 1, 0, 32;
    %ix/vec4/s 4;
    %store/vec4a v000001b3565f64f0, 4, 0;
    %load/vec4 v000001b3565f6a90_0;
    %parti/s 8, 16, 6;
    %load/vec4 v000001b3565f69f0_0;
    %muli 4, 0, 32;
    %addi 2, 0, 32;
    %ix/vec4/s 4;
    %store/vec4a v000001b3565f64f0, 4, 0;
    %load/vec4 v000001b3565f6a90_0;
    %parti/s 8, 24, 6;
    %load/vec4 v000001b3565f69f0_0;
    %muli 4, 0, 32;
    %addi 3, 0, 32;
    %ix/vec4/s 4;
    %store/vec4a v000001b3565f64f0, 4, 0;
    %end;
S_000001b3561bc000 .scope task, "LL" "LL" 2 67, 2 67 0, S_000001b356610440;
 .timescale -9 -12;
v000001b3565f6270_0 .var/i "a", 31 0;
v000001b3565f4dd0_0 .var "w", 31 0;
TD_UART_tb.LL ;
    %load/vec4 v000001b3565f4dd0_0;
    %parti/s 8, 0, 2;
    %load/vec4 v000001b3565f6270_0;
    %muli 4, 0, 32;
    %addi 0, 0, 32;
    %ix/vec4/s 4;
    %store/vec4a v000001b35667a430, 4, 0;
    %load/vec4 v000001b3565f4dd0_0;
    %parti/s 8, 8, 5;
    %load/vec4 v000001b3565f6270_0;
    %muli 4, 0, 32;
    %addi 1, 0, 32;
    %ix/vec4/s 4;
    %store/vec4a v000001b35667a430, 4, 0;
    %load/vec4 v000001b3565f4dd0_0;
    %parti/s 8, 16, 6;
    %load/vec4 v000001b3565f6270_0;
    %muli 4, 0, 32;
    %addi 2, 0, 32;
    %ix/vec4/s 4;
    %store/vec4a v000001b35667a430, 4, 0;
    %load/vec4 v000001b3565f4dd0_0;
    %parti/s 8, 24, 6;
    %load/vec4 v000001b3565f6270_0;
    %muli 4, 0, 32;
    %addi 3, 0, 32;
    %ix/vec4/s 4;
    %store/vec4a v000001b35667a430, 4, 0;
    %end;
S_000001b356181390 .scope task, "LR" "LR" 2 64, 2 64 0, S_000001b356610440;
 .timescale -9 -12;
v000001b3565f5f50_0 .var/i "a", 31 0;
v000001b3565f6130_0 .var "w", 31 0;
TD_UART_tb.LR ;
    %load/vec4 v000001b3565f6130_0;
    %parti/s 8, 0, 2;
    %load/vec4 v000001b3565f5f50_0;
    %muli 4, 0, 32;
    %addi 0, 0, 32;
    %ix/vec4/s 4;
    %store/vec4a v000001b35669d5a0, 4, 0;
    %load/vec4 v000001b3565f6130_0;
    %parti/s 8, 8, 5;
    %load/vec4 v000001b3565f5f50_0;
    %muli 4, 0, 32;
    %addi 1, 0, 32;
    %ix/vec4/s 4;
    %store/vec4a v000001b35669d5a0, 4, 0;
    %load/vec4 v000001b3565f6130_0;
    %parti/s 8, 16, 6;
    %load/vec4 v000001b3565f5f50_0;
    %muli 4, 0, 32;
    %addi 2, 0, 32;
    %ix/vec4/s 4;
    %store/vec4a v000001b35669d5a0, 4, 0;
    %load/vec4 v000001b3565f6130_0;
    %parti/s 8, 24, 6;
    %load/vec4 v000001b3565f5f50_0;
    %muli 4, 0, 32;
    %addi 3, 0, 32;
    %ix/vec4/s 4;
    %store/vec4a v000001b35669d5a0, 4, 0;
    %end;
S_000001b356181520 .scope task, "LT" "LT" 2 61, 2 61 0, S_000001b356610440;
 .timescale -9 -12;
v000001b3565f63b0_0 .var/i "a", 31 0;
v000001b3565f6450_0 .var "w", 31 0;
TD_UART_tb.LT ;
    %load/vec4 v000001b3565f6450_0;
    %parti/s 8, 0, 2;
    %load/vec4 v000001b3565f63b0_0;
    %muli 4, 0, 32;
    %addi 0, 0, 32;
    %ix/vec4/s 4;
    %store/vec4a v000001b3566c7a00, 4, 0;
    %load/vec4 v000001b3565f6450_0;
    %parti/s 8, 8, 5;
    %load/vec4 v000001b3565f63b0_0;
    %muli 4, 0, 32;
    %addi 1, 0, 32;
    %ix/vec4/s 4;
    %store/vec4a v000001b3566c7a00, 4, 0;
    %load/vec4 v000001b3565f6450_0;
    %parti/s 8, 16, 6;
    %load/vec4 v000001b3565f63b0_0;
    %muli 4, 0, 32;
    %addi 2, 0, 32;
    %ix/vec4/s 4;
    %store/vec4a v000001b3566c7a00, 4, 0;
    %load/vec4 v000001b3565f6450_0;
    %parti/s 8, 24, 6;
    %load/vec4 v000001b3565f63b0_0;
    %muli 4, 0, 32;
    %addi 3, 0, 32;
    %ix/vec4/s 4;
    %store/vec4a v000001b3566c7a00, 4, 0;
    %end;
S_000001b35619d0e0 .scope module, "dut_irq" "TopLayer" 2 48, 3 44 0, S_000001b356610440;
 .timescale -9 -12;
    .port_info 0 /INPUT 1 "clk";
    .port_info 1 /INPUT 1 "rst";
    .port_info 2 /INPUT 1 "irq_external";
    .port_info 3 /INPUT 32 "gpio_in";
    .port_info 4 /OUTPUT 32 "gpio_out";
    .port_info 5 /INPUT 4 "uart_rx";
    .port_info 6 /OUTPUT 4 "uart_tx";
P_000001b35619d270 .param/l "CLINT_MSIP" 1 3 56, C4<110000>;
P_000001b35619d2a8 .param/l "CLINT_MTIMECMPH" 1 3 58, C4<110010>;
P_000001b35619d2e0 .param/l "CLINT_MTIMECMPL" 1 3 57, C4<110001>;
P_000001b35619d318 .param/l "CLINT_MTIMEH" 1 3 60, C4<110100>;
P_000001b35619d350 .param/l "CLINT_MTIMEL" 1 3 59, C4<110011>;
P_000001b35619d388 .param/l "CLKS_PER_BIT" 0 3 45, +C4<00000000000000000000000000001000>;
P_000001b35619d3c0 .param/l "IRQ_SOURCE_SLOT" 1 3 61, C4<101000>;
L_000001b356705200 .functor BUFT 1, C4<0>, C4<0>, C4<0>, C4<0>;
L_000001b3567a2450 .functor OR 1, L_000001b356705200, L_000001b35678ef30, C4<0>, C4<0>;
L_000001b3567a2a70 .functor OR 1, L_000001b3567a2450, L_000001b35679f5f0, C4<0>, C4<0>;
L_000001b3567a27d0 .functor OR 1, L_000001b3567a2a70, L_000001b3567aa140, C4<0>, C4<0>;
L_000001b3567a2a00 .functor OR 1, L_000001b3567a27d0, L_000001b3567a9b90, C4<0>, C4<0>;
L_000001b3567a23e0 .functor OR 1, L_000001b3567a2a00, L_000001b3567a97a0, C4<0>, C4<0>;
L_000001b35679f740 .functor AND 1, L_000001b35678f070, L_000001b35678ead0, C4<1>, C4<1>;
L_000001b35679f120 .functor AND 1, L_000001b35678e990, L_000001b35678d1d0, C4<1>, C4<1>;
L_000001b35679ecc0 .functor AND 1, L_000001b35679f740, L_000001b35678de50, C4<1>, C4<1>;
L_000001b35679f970 .functor AND 1, L_000001b35679f740, L_000001b35678ce10, C4<1>, C4<1>;
L_000001b35679f660 .functor AND 1, L_000001b35679f120, L_000001b35678cf50, C4<1>, C4<1>;
L_000001b35679f890 .functor AND 1, L_000001b35679f740, L_000001b35678d8b0, C4<1>, C4<1>;
L_000001b3567aa370 .functor AND 1, L_000001b35679f740, L_000001b356790a10, C4<1>, C4<1>;
L_000001b3567a9500 .functor AND 1, L_000001b35679f120, L_000001b356790650, C4<1>, C4<1>;
L_000001b3567aa8b0 .functor AND 1, L_000001b35679f740, L_000001b356790ab0, C4<1>, C4<1>;
L_000001b3567a9180 .functor AND 1, L_000001b35679f740, L_000001b3567900b0, C4<1>, C4<1>;
L_000001b3567aa1b0 .functor AND 1, L_000001b35679f120, L_000001b35678fcf0, C4<1>, C4<1>;
L_000001b3567aa4c0 .functor AND 1, L_000001b35679f740, L_000001b356790f10, C4<1>, C4<1>;
L_000001b3567a8d90 .functor AND 1, L_000001b35679f740, L_000001b3567930d0, C4<1>, C4<1>;
L_000001b3567a9d50 .functor AND 1, L_000001b35679f120, L_000001b356793df0, C4<1>, C4<1>;
L_000001b3567aa5a0 .functor AND 1, L_000001b35679f740, L_000001b356793490, C4<1>, C4<1>;
v000001b356675bb0_0 .net *"_ivl_0", 0 0, L_000001b3567a2450;  1 drivers
L_000001b356704750 .functor BUFT 1, C4<010110>, C4<0>, C4<0>, C4<0>;
v000001b3566770f0_0 .net/2u *"_ivl_102", 5 0, L_000001b356704750;  1 drivers
v000001b356677c30_0 .net *"_ivl_104", 0 0, L_000001b356790ab0;  1 drivers
v000001b356676ab0_0 .net *"_ivl_11", 23 0, L_000001b35678ae30;  1 drivers
L_000001b356704bd0 .functor BUFT 1, C4<011000>, C4<0>, C4<0>, C4<0>;
v000001b356676290_0 .net/2u *"_ivl_114", 5 0, L_000001b356704bd0;  1 drivers
v000001b356676330_0 .net *"_ivl_116", 0 0, L_000001b3567900b0;  1 drivers
L_000001b356703b38 .functor BUFT 1, C4<111111111111111111111111>, C4<0>, C4<0>, C4<0>;
v000001b3566765b0_0 .net/2u *"_ivl_12", 23 0, L_000001b356703b38;  1 drivers
L_000001b356704c18 .functor BUFT 1, C4<011000>, C4<0>, C4<0>, C4<0>;
v000001b3566766f0_0 .net/2u *"_ivl_122", 5 0, L_000001b356704c18;  1 drivers
v000001b356677550_0 .net *"_ivl_124", 0 0, L_000001b35678fcf0;  1 drivers
L_000001b356704c60 .functor BUFT 1, C4<011010>, C4<0>, C4<0>, C4<0>;
v000001b3566772d0_0 .net/2u *"_ivl_128", 5 0, L_000001b356704c60;  1 drivers
v000001b356676010_0 .net *"_ivl_130", 0 0, L_000001b356790f10;  1 drivers
L_000001b3567050e0 .functor BUFT 1, C4<011100>, C4<0>, C4<0>, C4<0>;
v000001b3566775f0_0 .net/2u *"_ivl_141", 5 0, L_000001b3567050e0;  1 drivers
v000001b356677d70_0 .net *"_ivl_143", 0 0, L_000001b3567930d0;  1 drivers
L_000001b356705128 .functor BUFT 1, C4<011100>, C4<0>, C4<0>, C4<0>;
v000001b356677690_0 .net/2u *"_ivl_149", 5 0, L_000001b356705128;  1 drivers
v000001b356676f10_0 .net *"_ivl_151", 0 0, L_000001b356793df0;  1 drivers
L_000001b356705170 .functor BUFT 1, C4<011110>, C4<0>, C4<0>, C4<0>;
v000001b3566779b0_0 .net/2u *"_ivl_155", 5 0, L_000001b356705170;  1 drivers
v000001b356676fb0_0 .net *"_ivl_157", 0 0, L_000001b356793490;  1 drivers
L_000001b3567051b8 .functor BUFT 1, C4<000000000000000000000000000>, C4<0>, C4<0>, C4<0>;
v000001b356676b50_0 .net/2u *"_ivl_163", 26 0, L_000001b3567051b8;  1 drivers
v000001b3566768d0_0 .net *"_ivl_17", 23 0, L_000001b35678efd0;  1 drivers
L_000001b356703b80 .functor BUFT 1, C4<111111111111111111111111>, C4<0>, C4<0>, C4<0>;
v000001b3566763d0_0 .net/2u *"_ivl_18", 23 0, L_000001b356703b80;  1 drivers
v000001b356677e10_0 .net *"_ivl_2", 0 0, L_000001b3567a2a70;  1 drivers
L_000001b356703bc8 .functor BUFT 1, C4<111>, C4<0>, C4<0>, C4<0>;
v000001b356676bf0_0 .net/2u *"_ivl_26", 2 0, L_000001b356703bc8;  1 drivers
v000001b356676970_0 .net *"_ivl_28", 0 0, L_000001b35678ead0;  1 drivers
L_000001b356703c10 .functor BUFT 1, C4<111>, C4<0>, C4<0>, C4<0>;
v000001b356677f50_0 .net/2u *"_ivl_32", 2 0, L_000001b356703c10;  1 drivers
v000001b356677370_0 .net *"_ivl_34", 0 0, L_000001b35678d1d0;  1 drivers
L_000001b356703c58 .functor BUFT 1, C4<111>, C4<0>, C4<0>, C4<0>;
v000001b356678310_0 .net/2u *"_ivl_38", 2 0, L_000001b356703c58;  1 drivers
v000001b356677410_0 .net *"_ivl_4", 0 0, L_000001b3567a27d0;  1 drivers
L_000001b356703ca0 .functor BUFT 1, C4<001000>, C4<0>, C4<0>, C4<0>;
v000001b3566774b0_0 .net/2u *"_ivl_48", 5 0, L_000001b356703ca0;  1 drivers
v000001b356675ed0_0 .net *"_ivl_50", 0 0, L_000001b35678de50;  1 drivers
v000001b356676790_0 .net *"_ivl_6", 0 0, L_000001b3567a2a00;  1 drivers
L_000001b3567041b0 .functor BUFT 1, C4<010000>, C4<0>, C4<0>, C4<0>;
v000001b356675cf0_0 .net/2u *"_ivl_62", 5 0, L_000001b3567041b0;  1 drivers
v000001b356677730_0 .net *"_ivl_64", 0 0, L_000001b35678ce10;  1 drivers
L_000001b3567041f8 .functor BUFT 1, C4<010000>, C4<0>, C4<0>, C4<0>;
v000001b356677eb0_0 .net/2u *"_ivl_70", 5 0, L_000001b3567041f8;  1 drivers
v000001b356677a50_0 .net *"_ivl_72", 0 0, L_000001b35678cf50;  1 drivers
L_000001b356704240 .functor BUFT 1, C4<010010>, C4<0>, C4<0>, C4<0>;
v000001b3566760b0_0 .net/2u *"_ivl_76", 5 0, L_000001b356704240;  1 drivers
v000001b356677ff0_0 .net *"_ivl_78", 0 0, L_000001b35678d8b0;  1 drivers
L_000001b3567046c0 .functor BUFT 1, C4<010100>, C4<0>, C4<0>, C4<0>;
v000001b356677190_0 .net/2u *"_ivl_88", 5 0, L_000001b3567046c0;  1 drivers
v000001b356675d90_0 .net *"_ivl_90", 0 0, L_000001b356790a10;  1 drivers
L_000001b356704708 .functor BUFT 1, C4<010100>, C4<0>, C4<0>, C4<0>;
v000001b356675e30_0 .net/2u *"_ivl_96", 5 0, L_000001b356704708;  1 drivers
v000001b356678090_0 .net *"_ivl_98", 0 0, L_000001b356790650;  1 drivers
v000001b356677050_0 .net "bram_data_out", 31 0, v000001b3565f5690_0;  1 drivers
v000001b356675f70_0 .net "bram_write_mode", 2 0, L_000001b35678eb70;  1 drivers
v000001b3566761f0_0 .net "clk", 0 0, v000001b3566ec070_0;  1 drivers
v000001b356676510_0 .net "cpu_irq_external", 0 0, L_000001b3567a23e0;  1 drivers
L_000001b356705248 .functor BUFT 1, C4<00000000000000000000000000000000>, C4<0>, C4<0>, C4<0>;
v000001b356676150_0 .net "gpio_in", 31 0, L_000001b356705248;  1 drivers
v000001b3566777d0_0 .net "gpio_irq", 0 0, L_000001b35678ef30;  1 drivers
v000001b356678130_0 .net "gpio_out", 31 0, L_000001b35679fdd0;  1 drivers
v000001b3566781d0_0 .net "gpio_raddr", 3 0, L_000001b35678d090;  1 drivers
v000001b356678270_0 .net "gpio_rdata", 31 0, v000001b3563fa470_0;  1 drivers
v000001b356676470_0 .net "gpio_waddr", 3 0, L_000001b35678cb90;  1 drivers
v000001b356676650_0 .net "gpio_we", 0 0, L_000001b35679ecc0;  1 drivers
v000001b356676a10_0 .net "irq_external", 0 0, L_000001b356705200;  1 drivers
v000001b356676d30_0 .net "irq_source_word", 31 0, L_000001b356793e90;  1 drivers
v000001b356676dd0_0 .net "mem_data_in", 31 0, v000001b3565f9330_0;  1 drivers
v000001b356676e70_0 .net "mem_data_out", 31 0, L_000001b356791c30;  1 drivers
v000001b356678b30_0 .net "mem_fetch_addr", 15 0, L_000001b35678b010;  1 drivers
v000001b35667a070_0 .net "mem_instruction", 31 0, v000001b3565f4650_0;  1 drivers
v000001b356678e50_0 .net "mem_read_addr", 31 0, v000001b3565f6c70_0;  1 drivers
v000001b356678a90_0 .net "mem_read_mode", 2 0, v000001b3565f7fd0_0;  1 drivers
v000001b356679cb0_0 .net "mem_write_addr", 31 0, v000001b3565f72b0_0;  1 drivers
v000001b3566792b0_0 .net "mem_write_mode", 2 0, v000001b3565f75d0_0;  1 drivers
v000001b356678ef0_0 .var "mmio_read_data", 31 0;
v000001b356678bd0_0 .var "mmio_read_data_q", 31 0;
v000001b356679490_0 .net "mmio_read_en", 0 0, L_000001b35679f120;  1 drivers
v000001b356679850_0 .net "mmio_read_slot", 5 0, L_000001b35678ddb0;  1 drivers
v000001b35667aa70_0 .net "mmio_write_en", 0 0, L_000001b35679f740;  1 drivers
v000001b356678590_0 .net "mmio_write_slot", 5 0, L_000001b35678edf0;  1 drivers
v000001b35667a110_0 .var "msip", 0 0;
v000001b3566783b0_0 .var "mtime", 63 0;
v000001b356679710_0 .var "mtimecmp", 63 0;
v000001b35667a390_0 .net "read_is_mmio", 0 0, L_000001b35678e990;  1 drivers
v000001b356678450_0 .var "read_was_mmio", 0 0;
v000001b356678630_0 .net "rst", 0 0, v000001b3566eb030_0;  1 drivers
v000001b3566797b0_0 .net "soft_int", 0 0, v000001b35667a110_0;  1 drivers
v000001b35667a1b0_0 .net "timer_int", 0 0, L_000001b3567933f0;  1 drivers
v000001b356679d50_0 .net "uart_irq0", 0 0, L_000001b35679f5f0;  1 drivers
v000001b356678f90_0 .net "uart_irq1", 0 0, L_000001b3567aa140;  1 drivers
v000001b35667a6b0_0 .net "uart_irq2", 0 0, L_000001b3567a9b90;  1 drivers
v000001b35667a250_0 .net "uart_irq3", 0 0, L_000001b3567a97a0;  1 drivers
v000001b356679ad0_0 .net "uart_rdata0", 31 0, L_000001b35678ec10;  1 drivers
v000001b356678810_0 .net "uart_rdata1", 31 0, L_000001b3567917d0;  1 drivers
v000001b356678c70_0 .net "uart_rdata2", 31 0, L_000001b356791870;  1 drivers
v000001b356679c10_0 .net "uart_rdata3", 31 0, L_000001b356791f50;  1 drivers
v000001b356679f30_0 .net "uart_reg_sel", 1 0, L_000001b35678f110;  1 drivers
v000001b35667a2f0_0 .net "uart_rx", 3 0, L_000001b3567935d0;  1 drivers
v000001b3566798f0_0 .net "uart_tx", 3 0, L_000001b356792ef0;  1 drivers
v000001b356679350_0 .net "write_is_mmio", 0 0, L_000001b35678f070;  1 drivers
E_000001b3565d7330/0 .event anyedge, v000001b356679850_0, v000001b3563fa470_0, v000001b356304770_0, v000001b35666e7a0_0;
E_000001b3565d7330/1 .event anyedge, v000001b356670f00_0, v000001b356675250_0, v000001b356676d30_0, v000001b35667a110_0;
E_000001b3565d7330/2 .event anyedge, v000001b356679710_0, v000001b3566783b0_0;
E_000001b3565d7330 .event/or E_000001b3565d7330/0, E_000001b3565d7330/1, E_000001b3565d7330/2;
L_000001b35678ae30 .part v000001b3565f6c70_0, 8, 24;
L_000001b35678e990 .cmp/eq 24, L_000001b35678ae30, L_000001b356703b38;
L_000001b35678efd0 .part v000001b3565f72b0_0, 8, 24;
L_000001b35678f070 .cmp/eq 24, L_000001b35678efd0, L_000001b356703b80;
L_000001b35678ddb0 .part v000001b3565f6c70_0, 2, 6;
L_000001b35678edf0 .part v000001b3565f72b0_0, 2, 6;
L_000001b35678ead0 .cmp/ne 3, v000001b3565f75d0_0, L_000001b356703bc8;
L_000001b35678d1d0 .cmp/ne 3, v000001b3565f7fd0_0, L_000001b356703c10;
L_000001b35678eb70 .functor MUXZ 3, v000001b3565f75d0_0, L_000001b356703c58, L_000001b35678f070, C4<>;
L_000001b35678d6d0 .part v000001b3565f72b0_0, 0, 16;
L_000001b35678ea30 .part v000001b3565f6c70_0, 0, 16;
L_000001b35678cb90 .part L_000001b35678edf0, 0, 4;
L_000001b35678de50 .cmp/ge 6, L_000001b356703ca0, L_000001b35678edf0;
L_000001b35678d090 .part L_000001b35678ddb0, 0, 4;
L_000001b35678f110 .part L_000001b35678ddb0, 0, 2;
L_000001b35678e030 .part L_000001b3567935d0, 0, 1;
L_000001b35678ce10 .cmp/eq 6, L_000001b35678edf0, L_000001b3567041b0;
L_000001b35678ceb0 .part v000001b3565f9330_0, 0, 8;
L_000001b35678cf50 .cmp/eq 6, L_000001b35678ddb0, L_000001b3567041f8;
L_000001b35678d8b0 .cmp/eq 6, L_000001b35678edf0, L_000001b356704240;
L_000001b35678e850 .part v000001b3565f9330_0, 0, 3;
L_000001b35678fbb0 .part L_000001b3567935d0, 1, 1;
L_000001b356790a10 .cmp/eq 6, L_000001b35678edf0, L_000001b3567046c0;
L_000001b356790c90 .part v000001b3565f9330_0, 0, 8;
L_000001b356790650 .cmp/eq 6, L_000001b35678ddb0, L_000001b356704708;
L_000001b356790ab0 .cmp/eq 6, L_000001b35678edf0, L_000001b356704750;
L_000001b35678f390 .part v000001b3565f9330_0, 0, 3;
L_000001b35678f6b0 .part L_000001b3567935d0, 2, 1;
L_000001b3567900b0 .cmp/eq 6, L_000001b35678edf0, L_000001b356704bd0;
L_000001b356790dd0 .part v000001b3565f9330_0, 0, 8;
L_000001b35678fcf0 .cmp/eq 6, L_000001b35678ddb0, L_000001b356704c18;
L_000001b356790f10 .cmp/eq 6, L_000001b35678edf0, L_000001b356704c60;
L_000001b356791910 .part v000001b3565f9330_0, 0, 3;
L_000001b356792450 .part L_000001b3567935d0, 3, 1;
L_000001b356792ef0 .concat8 [ 1 1 1 1], v000001b35666a740_0, v000001b35666f420_0, v000001b356670640_0, v000001b356676830_0;
L_000001b3567930d0 .cmp/eq 6, L_000001b35678edf0, L_000001b3567050e0;
L_000001b356792090 .part v000001b3565f9330_0, 0, 8;
L_000001b356793df0 .cmp/eq 6, L_000001b35678ddb0, L_000001b356705128;
L_000001b356793490 .cmp/eq 6, L_000001b35678edf0, L_000001b356705170;
L_000001b356792e50 .part v000001b3565f9330_0, 0, 3;
LS_000001b356793e90_0_0 .concat [ 1 1 1 1], L_000001b35678ef30, L_000001b35679f5f0, L_000001b3567aa140, L_000001b3567a9b90;
LS_000001b356793e90_0_4 .concat [ 1 27 0 0], L_000001b3567a97a0, L_000001b3567051b8;
L_000001b356793e90 .concat [ 4 28 0 0], LS_000001b356793e90_0_0, LS_000001b356793e90_0_4;
L_000001b3567933f0 .cmp/ge 64, v000001b3566783b0_0, v000001b356679710_0;
L_000001b356791c30 .functor MUXZ 32, v000001b3565f5690_0, v000001b356678bd0_0, v000001b356678450_0, C4<>;
S_000001b35616c480 .scope module, "bram" "BRAM" 3 107, 4 13 0, S_000001b35619d0e0;
 .timescale -9 -12;
    .port_info 0 /INPUT 1 "clk";
    .port_info 1 /INPUT 16 "write_addr";
    .port_info 2 /INPUT 16 "read_addr";
    .port_info 3 /INPUT 16 "fetch_addr";
    .port_info 4 /INPUT 32 "data_in";
    .port_info 5 /INPUT 3 "write_mode";
    .port_info 6 /INPUT 3 "read_mode";
    .port_info 7 /OUTPUT 32 "data_out";
    .port_info 8 /OUTPUT 32 "instruction_out";
v000001b3565f64f0 .array "Mem", 0 65535, 7 0;
v000001b3565f6590_0 .net "clk", 0 0, v000001b3566ec070_0;  alias, 1 drivers
v000001b3565f4470_0 .net "data_in", 31 0, v000001b3565f9330_0;  alias, 1 drivers
v000001b3565f5690_0 .var "data_out", 31 0;
v000001b3565f6630_0 .net "fetch_addr", 15 0, L_000001b35678b010;  alias, 1 drivers
v000001b3565f4650_0 .var "instruction_out", 31 0;
v000001b3565f6770_0 .net "read_addr", 15 0, L_000001b35678ea30;  1 drivers
v000001b3565f4830_0 .net "read_mode", 2 0, v000001b3565f7fd0_0;  alias, 1 drivers
v000001b3565f5730_0 .net "write_addr", 15 0, L_000001b35678d6d0;  1 drivers
v000001b3565f4b50_0 .net "write_mode", 2 0, L_000001b35678eb70;  alias, 1 drivers
E_000001b3565d7af0 .event posedge, v000001b3565f6590_0;
S_000001b35616c610 .scope module, "cpu" "CPU" 3 81, 5 10 0, S_000001b35619d0e0;
 .timescale -9 -12;
    .port_info 0 /INPUT 1 "clk";
    .port_info 1 /INPUT 1 "rst";
    .port_info 2 /INPUT 1 "irq_external";
    .port_info 3 /INPUT 1 "timer_int";
    .port_info 4 /INPUT 1 "soft_int";
    .port_info 5 /OUTPUT 16 "mem_fetch_addr";
    .port_info 6 /OUTPUT 32 "mem_read_addr";
    .port_info 7 /OUTPUT 32 "mem_write_addr";
    .port_info 8 /OUTPUT 32 "mem_data_in";
    .port_info 9 /OUTPUT 3 "mem_read_mode";
    .port_info 10 /OUTPUT 3 "mem_write_mode";
    .port_info 11 /INPUT 32 "mem_data_out";
    .port_info 12 /INPUT 32 "mem_instruction";
L_000001b3567a2840 .functor BUFZ 32, v000001b3565f4650_0, C4<00000000000000000000000000000000>, C4<00000000000000000000000000000000>, C4<00000000000000000000000000000000>;
L_000001b3567a0000 .functor BUFZ 32, L_000001b356791c30, C4<00000000000000000000000000000000>, C4<00000000000000000000000000000000>, C4<00000000000000000000000000000000>;
L_000001b35679ff90 .functor AND 1, L_000001b35678bd30, L_000001b35678a750, C4<1>, C4<1>;
L_000001b35679f040 .functor OR 1, L_000001b35678bdd0, L_000001b3567a23e0, C4<0>, C4<0>;
L_000001b35679f190 .functor AND 1, L_000001b35679ff90, L_000001b35679f040, C4<1>, C4<1>;
L_000001b3567a0700 .functor AND 1, L_000001b35678be70, L_000001b35678bf10, C4<1>, C4<1>;
L_000001b3567a0230 .functor OR 1, L_000001b35678b650, v000001b35667a110_0, C4<0>, C4<0>;
L_000001b35679f3c0 .functor AND 1, L_000001b3567a0700, L_000001b3567a0230, C4<1>, C4<1>;
L_000001b3567a05b0 .functor AND 1, L_000001b35678a890, L_000001b35678acf0, C4<1>, C4<1>;
L_000001b3567a04d0 .functor OR 1, L_000001b35678c910, L_000001b3567933f0, C4<0>, C4<0>;
L_000001b35679f7b0 .functor AND 1, L_000001b3567a05b0, L_000001b3567a04d0, C4<1>, C4<1>;
L_000001b3567a02a0 .functor OR 1, L_000001b35679f190, L_000001b35679f3c0, C4<0>, C4<0>;
L_000001b35679ec50 .functor OR 1, L_000001b3567a02a0, L_000001b35679f7b0, C4<0>, C4<0>;
L_000001b35679f2e0 .functor AND 1, L_000001b35678b330, L_000001b35678a9d0, C4<1>, C4<1>;
L_000001b35679ff20 .functor AND 1, L_000001b35679f2e0, L_000001b35678c4b0, C4<1>, C4<1>;
L_000001b35679fc80 .functor AND 1, L_000001b35679ff20, L_000001b35678a610, C4<1>, C4<1>;
L_000001b35679fba0 .functor AND 1, L_000001b35679f2e0, L_000001b35678b3d0, C4<1>, C4<1>;
L_000001b35679efd0 .functor AND 1, L_000001b35679fba0, L_000001b35678ab10, C4<1>, C4<1>;
L_000001b3567a0070 .functor AND 1, L_000001b35678b5b0, L_000001b35678b790, C4<1>, C4<1>;
L_000001b3567a0150 .functor BUFZ 32, v000001b3564f1740_0, C4<00000000000000000000000000000000>, C4<00000000000000000000000000000000>, C4<00000000000000000000000000000000>;
L_000001b3567a0310 .functor AND 1, L_000001b35678a390, L_000001b35678a430, C4<1>, C4<1>;
L_000001b35679fd60 .functor OR 1, v000001b3564f2dc0_0, v000001b3564f2aa0_0, C4<0>, C4<0>;
L_000001b35679f510 .functor OR 1, L_000001b35679fd60, L_000001b35678c690, C4<0>, C4<0>;
L_000001b35679f9e0 .functor OR 1, L_000001b35679f510, L_000001b35678a4d0, C4<0>, C4<0>;
L_000001b35679eda0 .functor AND 1, L_000001b35678ad90, v000001b3565fb310_0, C4<1>, C4<1>;
L_000001b35679f6d0 .functor OR 1, L_000001b35679f9e0, L_000001b35679eda0, C4<0>, C4<0>;
v000001b3565f8930_0 .net "BRAMInstruction", 31 0, L_000001b356789210;  1 drivers
v000001b3565f9330_0 .var "BRAM_data_in", 31 0;
v000001b3565f7cb0_0 .net "BRAM_data_out", 31 0, L_000001b3567a0000;  1 drivers
v000001b3565f7fd0_0 .var "BRAM_load_mode", 2 0;
v000001b3565f6c70_0 .var "BRAM_read_addr", 31 0;
v000001b3565f75d0_0 .var "BRAM_store_mode", 2 0;
v000001b3565f72b0_0 .var "BRAM_write_addr", 31 0;
v000001b3565f7670_0 .var "EX_csr_result", 31 0;
v000001b3565f90b0_0 .var "EX_result", 31 0;
v000001b3565f93d0_0 .net "IF_instruction", 31 0, L_000001b3567a2840;  1 drivers
v000001b3565f7710_0 .var "PC", 31 0;
v000001b3565f7850_0 .var "PC_decode", 31 0;
v000001b3565f8610_0 .var "WB_rd_addr", 4 0;
v000001b3565f8570_0 .var "WB_rd_data", 31 0;
v000001b3565f7170_0 .var "WB_write_enable", 0 0;
v000001b3565f8890_0 .net *"_ivl_100", 0 0, L_000001b35679f040;  1 drivers
v000001b3565f8e30_0 .net *"_ivl_105", 0 0, L_000001b35678be70;  1 drivers
v000001b3565f89d0_0 .net *"_ivl_107", 0 0, L_000001b35678bf10;  1 drivers
v000001b3565f8a70_0 .net *"_ivl_108", 0 0, L_000001b3567a0700;  1 drivers
v000001b3565f8110_0 .net *"_ivl_111", 0 0, L_000001b35678b650;  1 drivers
v000001b3565f7c10_0 .net *"_ivl_112", 0 0, L_000001b3567a0230;  1 drivers
v000001b3565f78f0_0 .net *"_ivl_117", 0 0, L_000001b35678a890;  1 drivers
v000001b3565f73f0_0 .net *"_ivl_119", 0 0, L_000001b35678acf0;  1 drivers
v000001b3565f8d90_0 .net *"_ivl_120", 0 0, L_000001b3567a05b0;  1 drivers
v000001b3565f7350_0 .net *"_ivl_123", 0 0, L_000001b35678c910;  1 drivers
v000001b3565f7530_0 .net *"_ivl_124", 0 0, L_000001b3567a04d0;  1 drivers
v000001b3565f8b10_0 .net *"_ivl_128", 0 0, L_000001b3567a02a0;  1 drivers
L_000001b356703820 .functor BUFT 1, C4<11>, C4<0>, C4<0>, C4<0>;
v000001b3565f8c50_0 .net/2u *"_ivl_144", 1 0, L_000001b356703820;  1 drivers
v000001b3565f7490_0 .net *"_ivl_146", 0 0, L_000001b35678b330;  1 drivers
L_000001b356703868 .functor BUFT 1, C4<00000>, C4<0>, C4<0>, C4<0>;
v000001b3565f6d10_0 .net/2u *"_ivl_148", 4 0, L_000001b356703868;  1 drivers
v000001b3565f7990_0 .net *"_ivl_150", 0 0, L_000001b35678a9d0;  1 drivers
L_000001b3567038b0 .functor BUFT 1, C4<10>, C4<0>, C4<0>, C4<0>;
v000001b3565f7e90_0 .net/2u *"_ivl_154", 1 0, L_000001b3567038b0;  1 drivers
v000001b3565f81b0_0 .net *"_ivl_156", 0 0, L_000001b35678bfb0;  1 drivers
v000001b3565f8cf0_0 .net *"_ivl_160", 0 0, L_000001b35678c4b0;  1 drivers
v000001b3565f7a30_0 .net *"_ivl_163", 0 0, L_000001b35679ff20;  1 drivers
L_000001b3567038f8 .functor BUFT 1, C4<00000>, C4<0>, C4<0>, C4<0>;
v000001b3565f91f0_0 .net/2u *"_ivl_164", 4 0, L_000001b3567038f8;  1 drivers
v000001b3565f6db0_0 .net *"_ivl_166", 0 0, L_000001b35678a610;  1 drivers
v000001b3565f6e50_0 .net *"_ivl_169", 0 0, L_000001b35679fc80;  1 drivers
v000001b3565f8ed0_0 .net *"_ivl_172", 0 0, L_000001b35678b3d0;  1 drivers
v000001b3565f7ad0_0 .net *"_ivl_175", 0 0, L_000001b35679fba0;  1 drivers
L_000001b356703940 .functor BUFT 1, C4<00000>, C4<0>, C4<0>, C4<0>;
v000001b3565f8f70_0 .net/2u *"_ivl_176", 4 0, L_000001b356703940;  1 drivers
v000001b3565f6f90_0 .net *"_ivl_178", 0 0, L_000001b35678ab10;  1 drivers
v000001b3565f9290_0 .net *"_ivl_181", 0 0, L_000001b35679efd0;  1 drivers
L_000001b356703988 .functor BUFT 1, C4<01>, C4<0>, C4<0>, C4<0>;
v000001b3565f7f30_0 .net/2u *"_ivl_184", 1 0, L_000001b356703988;  1 drivers
v000001b3565f7030_0 .net *"_ivl_186", 0 0, L_000001b35678b5b0;  1 drivers
v000001b3565f7b70_0 .net *"_ivl_188", 0 0, L_000001b35678b790;  1 drivers
L_000001b3567039d0 .functor BUFT 1, C4<01>, C4<0>, C4<0>, C4<0>;
v000001b3565f8250_0 .net/2u *"_ivl_194", 1 0, L_000001b3567039d0;  1 drivers
v000001b3565f82f0_0 .net *"_ivl_196", 0 0, L_000001b35678a390;  1 drivers
L_000001b356703a18 .functor BUFT 1, C4<001101000001>, C4<0>, C4<0>, C4<0>;
v000001b3565f9970_0 .net/2u *"_ivl_198", 11 0, L_000001b356703a18;  1 drivers
v000001b3565fae10_0 .net *"_ivl_200", 0 0, L_000001b35678a430;  1 drivers
v000001b3565f9dd0_0 .net *"_ivl_203", 0 0, L_000001b3567a0310;  1 drivers
v000001b3565fb4f0_0 .net *"_ivl_207", 0 0, L_000001b35679fd60;  1 drivers
L_000001b356703a60 .functor BUFT 1, C4<1101111>, C4<0>, C4<0>, C4<0>;
v000001b3565f9b50_0 .net/2u *"_ivl_208", 6 0, L_000001b356703a60;  1 drivers
v000001b3565fbbd0_0 .net *"_ivl_210", 0 0, L_000001b35678c690;  1 drivers
v000001b3565fb130_0 .net *"_ivl_213", 0 0, L_000001b35679f510;  1 drivers
L_000001b356703aa8 .functor BUFT 1, C4<1100111>, C4<0>, C4<0>, C4<0>;
v000001b3565fad70_0 .net/2u *"_ivl_214", 6 0, L_000001b356703aa8;  1 drivers
v000001b3565f9d30_0 .net *"_ivl_216", 0 0, L_000001b35678a4d0;  1 drivers
v000001b3565faeb0_0 .net *"_ivl_219", 0 0, L_000001b35679f9e0;  1 drivers
L_000001b356703af0 .functor BUFT 1, C4<1100011>, C4<0>, C4<0>, C4<0>;
v000001b3565fab90_0 .net/2u *"_ivl_220", 6 0, L_000001b356703af0;  1 drivers
v000001b3565fac30_0 .net *"_ivl_222", 0 0, L_000001b35678ad90;  1 drivers
v000001b3565fb450_0 .net *"_ivl_225", 0 0, L_000001b35679eda0;  1 drivers
v000001b3565f9bf0_0 .net *"_ivl_23", 0 0, L_000001b35678bbf0;  1 drivers
v000001b3565facd0_0 .net *"_ivl_24", 19 0, L_000001b35678abb0;  1 drivers
v000001b3565faff0_0 .net *"_ivl_27", 11 0, L_000001b35678bab0;  1 drivers
v000001b3565fb1d0_0 .net *"_ivl_31", 0 0, L_000001b35678a570;  1 drivers
v000001b3565fa870_0 .net *"_ivl_32", 19 0, L_000001b35678c7d0;  1 drivers
v000001b3565fa410_0 .net *"_ivl_35", 6 0, L_000001b35678b470;  1 drivers
v000001b3565fa0f0_0 .net *"_ivl_37", 4 0, L_000001b35678aa70;  1 drivers
L_000001b356703670 .functor BUFT 1, C4<00000000000000000000000000000000>, C4<0>, C4<0>, C4<0>;
v000001b3565f9c90_0 .net/2u *"_ivl_4", 31 0, L_000001b356703670;  1 drivers
v000001b3565fb590_0 .net *"_ivl_41", 0 0, L_000001b35678b1f0;  1 drivers
v000001b3565fa370_0 .net *"_ivl_42", 18 0, L_000001b35678b970;  1 drivers
v000001b3565fa230_0 .net *"_ivl_45", 0 0, L_000001b35678b6f0;  1 drivers
v000001b3565f9650_0 .net *"_ivl_47", 0 0, L_000001b35678c730;  1 drivers
v000001b3565fb810_0 .net *"_ivl_49", 5 0, L_000001b35678aed0;  1 drivers
v000001b3565f9a10_0 .net *"_ivl_51", 3 0, L_000001b35678a7f0;  1 drivers
L_000001b3567036b8 .functor BUFT 1, C4<0>, C4<0>, C4<0>, C4<0>;
v000001b3565f9790_0 .net/2u *"_ivl_52", 0 0, L_000001b3567036b8;  1 drivers
v000001b3565f9470_0 .net *"_ivl_57", 19 0, L_000001b35678c550;  1 drivers
L_000001b356703700 .functor BUFT 1, C4<000000000000>, C4<0>, C4<0>, C4<0>;
v000001b3565f9fb0_0 .net/2u *"_ivl_58", 11 0, L_000001b356703700;  1 drivers
v000001b3565f9510_0 .net *"_ivl_63", 0 0, L_000001b35678ba10;  1 drivers
v000001b3565faf50_0 .net *"_ivl_64", 10 0, L_000001b35678a2f0;  1 drivers
v000001b3565fb630_0 .net *"_ivl_67", 0 0, L_000001b35678c050;  1 drivers
v000001b3565fa7d0_0 .net *"_ivl_69", 7 0, L_000001b35678a930;  1 drivers
v000001b3565fa690_0 .net *"_ivl_71", 0 0, L_000001b35678b150;  1 drivers
v000001b3565fb6d0_0 .net *"_ivl_73", 9 0, L_000001b35678c2d0;  1 drivers
L_000001b356703748 .functor BUFT 1, C4<0>, C4<0>, C4<0>, C4<0>;
v000001b3565fa910_0 .net/2u *"_ivl_74", 0 0, L_000001b356703748;  1 drivers
L_000001b356703790 .functor BUFT 1, C4<000000000000000000000000000>, C4<0>, C4<0>, C4<0>;
v000001b3565fa190_0 .net/2u *"_ivl_80", 26 0, L_000001b356703790;  1 drivers
v000001b3565f9e70_0 .net *"_ivl_83", 4 0, L_000001b35678b290;  1 drivers
L_000001b3567037d8 .functor BUFT 1, C4<00000000000000000000000000000000>, C4<0>, C4<0>, C4<0>;
v000001b3565f9f10_0 .net/2u *"_ivl_88", 31 0, L_000001b3567037d8;  1 drivers
v000001b3565fa9b0_0 .net *"_ivl_93", 0 0, L_000001b35678bd30;  1 drivers
v000001b3565fa050_0 .net *"_ivl_95", 0 0, L_000001b35678a750;  1 drivers
v000001b3565fa2d0_0 .net *"_ivl_96", 0 0, L_000001b35679ff90;  1 drivers
v000001b3565fb090_0 .net *"_ivl_99", 0 0, L_000001b35678bdd0;  1 drivers
v000001b3565fb770_0 .var "alu_control", 3 0;
v000001b3565fb270_0 .net "alu_result", 31 0, v000001b3565f50f0_0;  1 drivers
v000001b3565fb310_0 .var "branch_taken", 0 0;
v000001b3565fb8b0_0 .net "clk", 0 0, v000001b3566ec070_0;  alias, 1 drivers
v000001b3565fb3b0_0 .net "csr_addr", 11 0, L_000001b35678c0f0;  1 drivers
v000001b3565fbb30_0 .net "csr_forward", 0 0, L_000001b3567a0070;  1 drivers
v000001b3565fb950_0 .net "csr_forward_data", 31 0, L_000001b3567a0150;  1 drivers
v000001b3565fa4b0_0 .var "csr_read_value", 31 0;
v000001b3565fa550_0 .var "cycle", 63 0;
v000001b3565fb9f0_0 .var "ebreak_instr", 0 0;
v000001b3565fba90_0 .var "ecall_instr", 0 0;
v000001b3565fa5f0_0 .net "flush", 0 0, L_000001b35679f6d0;  1 drivers
v000001b3565f9830_0 .var "flush_d", 0 0;
v000001b3565f95b0_0 .net "funct3", 2 0, L_000001b35678c870;  1 drivers
v000001b3565f96f0_0 .net "funct7", 6 0, L_000001b35678b830;  1 drivers
v000001b3565f9ab0_0 .var "illegal_instr", 0 0;
v000001b3565fa730_0 .net "imm_b", 31 0, L_000001b35678b510;  1 drivers
v000001b3565faa50_0 .net "imm_i", 31 0, L_000001b35678bc90;  1 drivers
v000001b3565faaf0_0 .net "imm_j", 31 0, L_000001b35678ac50;  1 drivers
v000001b3565f98d0_0 .net "imm_s", 31 0, L_000001b35678c9b0;  1 drivers
v000001b3565fc170_0 .net "imm_u", 31 0, L_000001b35678c5f0;  1 drivers
v000001b3565fc350_0 .var "instret", 63 0;
v000001b3565fbc70_0 .net "irq_ext", 0 0, L_000001b35679f190;  1 drivers
v000001b3565fbd10_0 .net "irq_external", 0 0, L_000001b3567a23e0;  alias, 1 drivers
v000001b3565fc2b0_0 .net "irq_ready", 0 0, L_000001b35679ec50;  1 drivers
v000001b3565fbdb0_0 .net "irq_soft", 0 0, L_000001b35679f3c0;  1 drivers
v000001b3565fbe50_0 .net "irq_timer", 0 0, L_000001b35679f7b0;  1 drivers
v000001b3565fbef0_0 .var "mcause", 31 0;
v000001b3565fbf90_0 .net "mem_data_in", 31 0, v000001b3565f9330_0;  alias, 1 drivers
v000001b3565fc030_0 .net "mem_data_out", 31 0, L_000001b356791c30;  alias, 1 drivers
v000001b3565fc0d0_0 .net "mem_fetch_addr", 15 0, L_000001b35678b010;  alias, 1 drivers
v000001b3565fc210_0 .net "mem_instruction", 31 0, v000001b3565f4650_0;  alias, 1 drivers
v000001b356556f10_0 .net "mem_read_addr", 31 0, v000001b3565f6c70_0;  alias, 1 drivers
v000001b356554cb0_0 .net "mem_read_mode", 2 0, v000001b3565f7fd0_0;  alias, 1 drivers
v000001b356557050_0 .net "mem_write_addr", 31 0, v000001b3565f72b0_0;  alias, 1 drivers
v000001b356556470_0 .net "mem_write_mode", 2 0, v000001b3565f75d0_0;  alias, 1 drivers
v000001b356555a70_0 .var "mepc", 31 0;
v000001b356555cf0_0 .net "mepc_forwarded", 31 0, L_000001b35678c410;  1 drivers
v000001b356555070_0 .var "mie", 31 0;
v000001b356555110_0 .var "mip", 31 0;
L_000001b356703628 .functor BUFT 1, C4<01000000000000000000000100000000>, C4<0>, C4<0>, C4<0>;
v000001b3565552f0_0 .net "misa", 31 0, L_000001b356703628;  1 drivers
v000001b356555610_0 .var "mret_instr", 0 0;
v000001b356551650_0 .var "mscratch", 31 0;
v000001b356550750_0 .var "mstatus", 31 0;
v000001b356550890_0 .var "mtval", 31 0;
v000001b356550930_0 .var "mtvec", 31 0;
v000001b356551a10_0 .var "next_PC", 31 0;
v000001b356551830_0 .net "opcode", 6 0, L_000001b356789350;  1 drivers
v000001b35654ff30_0 .var "operand_a", 31 0;
v000001b356551e70_0 .var "operand_a_addr", 4 0;
v000001b356550f70_0 .var "operand_b", 31 0;
v000001b3565509d0_0 .var "operand_b_addr", 4 0;
v000001b3565511f0_0 .net "rd_addr", 4 0, L_000001b35678b8d0;  1 drivers
v000001b356552910_0 .net "rs1_addr", 4 0, L_000001b35678c370;  1 drivers
v000001b3565524b0_0 .net "rs1_data", 31 0, v000001b3565f6ef0_0;  1 drivers
v000001b3565529b0_0 .net "rs1_data_fwd", 31 0, L_000001b35678c230;  1 drivers
v000001b356552c30_0 .net "rs2_addr", 4 0, L_000001b35678b0b0;  1 drivers
v000001b356553310_0 .net "rs2_data", 31 0, v000001b3565f8070_0;  1 drivers
v000001b3564f1a60_0 .net "rs2_data_fwd", 31 0, L_000001b35678af70;  1 drivers
v000001b3564f1d80_0 .net "rst", 0 0, v000001b3566eb030_0;  alias, 1 drivers
v000001b3564f1f60_0 .net "shamt", 4 0, L_000001b35678ca50;  1 drivers
v000001b3564f2820_0 .net "soft_int", 0 0, v000001b35667a110_0;  alias, 1 drivers
v000001b3564f2aa0_0 .var "take_mret", 0 0;
v000001b3564f2dc0_0 .var "take_trap", 0 0;
v000001b3564f30e0_0 .net "timer_int", 0 0, L_000001b3567933f0;  alias, 1 drivers
v000001b3564f3860_0 .var "toWB_Result_Reg", 31 0;
v000001b3564f3400_0 .var "toWB_csr_addr_Reg", 11 0;
v000001b3564f1740_0 .var "toWB_csr_data_Reg", 31 0;
v000001b3564ef760_0 .var "toWB_mode", 1 0;
v000001b3564f0980_0 .var "toWB_mode_Reg", 1 0;
v000001b3564f0de0_0 .var "toWB_rd_addr_Reg", 4 0;
v000001b3564f17e0_0 .var "trap_cause", 31 0;
v000001b3564efd00_0 .var "trap_tval", 31 0;
v000001b356495f40_0 .net "uimm", 31 0, L_000001b35678bb50;  1 drivers
v000001b356494fa0_0 .net "valid_instr", 0 0, L_000001b35678a6b0;  1 drivers
v000001b356494000_0 .net "wb_forward_data", 31 0, L_000001b35678c190;  1 drivers
v000001b356494a00_0 .net "wb_write_gpr", 0 0, L_000001b35679f2e0;  1 drivers
E_000001b3565d7e30 .event anyedge, v000001b3564f0980_0, v000001b3564f0de0_0, v000001b3564f3860_0, v000001b3565f7cb0_0;
E_000001b3565d7c30/0 .event anyedge, v000001b356552910_0, v000001b356552c30_0, v000001b3565f7710_0, v000001b356551830_0;
E_000001b3565d7c30/1 .event anyedge, v000001b3565fc170_0, v000001b3565f7850_0, v000001b3565faaf0_0, v000001b3565529b0_0;
E_000001b3565d7c30/2 .event anyedge, v000001b3565faa50_0, v000001b3565fb310_0, v000001b3565fa730_0, v000001b3565f50f0_0;
E_000001b3565d7c30/3 .event anyedge, v000001b3565f95b0_0, v000001b3565f98d0_0, v000001b3564f1a60_0, v000001b3565f8930_0;
E_000001b3565d7c30/4 .event anyedge, v000001b3565fb3b0_0, v000001b3565fbb30_0, v000001b3565fb950_0, v000001b3565fa4b0_0;
E_000001b3565d7c30/5 .event anyedge, v000001b356495f40_0, v000001b356494fa0_0, v000001b3565fc2b0_0, v000001b3565fba90_0;
E_000001b3565d7c30/6 .event anyedge, v000001b3565fb9f0_0, v000001b3565f9ab0_0, v000001b356555610_0, v000001b3564f2dc0_0;
E_000001b3565d7c30/7 .event anyedge, v000001b356550930_0, v000001b3564f2aa0_0, v000001b356555cf0_0;
E_000001b3565d7c30 .event/or E_000001b3565d7c30/0, E_000001b3565d7c30/1, E_000001b3565d7c30/2, E_000001b3565d7c30/3, E_000001b3565d7c30/4, E_000001b3565d7c30/5, E_000001b3565d7c30/6, E_000001b3565d7c30/7;
E_000001b3565d7f70/0 .event anyedge, v000001b3565fc2b0_0, v000001b3565fbc70_0, v000001b3565fbdb0_0, v000001b3565fba90_0;
E_000001b3565d7f70/1 .event anyedge, v000001b3565fb9f0_0, v000001b3565f7850_0, v000001b3565f8930_0;
E_000001b3565d7f70 .event/or E_000001b3565d7f70/0, E_000001b3565d7f70/1;
E_000001b3565d75f0 .event anyedge, v000001b3565f95b0_0, v000001b3565529b0_0, v000001b3564f1a60_0;
L_000001b356789210 .functor MUXZ 32, L_000001b3567a2840, L_000001b356703670, v000001b3565f9830_0, C4<>;
L_000001b356789350 .part L_000001b356789210, 0, 7;
L_000001b35678c870 .part L_000001b356789210, 12, 3;
L_000001b35678b830 .part L_000001b356789210, 25, 7;
L_000001b35678c370 .part L_000001b356789210, 15, 5;
L_000001b35678b0b0 .part L_000001b356789210, 20, 5;
L_000001b35678b8d0 .part L_000001b356789210, 7, 5;
L_000001b35678ca50 .part L_000001b356789210, 20, 5;
L_000001b35678bbf0 .part L_000001b356789210, 31, 1;
LS_000001b35678abb0_0_0 .concat [ 1 1 1 1], L_000001b35678bbf0, L_000001b35678bbf0, L_000001b35678bbf0, L_000001b35678bbf0;
LS_000001b35678abb0_0_4 .concat [ 1 1 1 1], L_000001b35678bbf0, L_000001b35678bbf0, L_000001b35678bbf0, L_000001b35678bbf0;
LS_000001b35678abb0_0_8 .concat [ 1 1 1 1], L_000001b35678bbf0, L_000001b35678bbf0, L_000001b35678bbf0, L_000001b35678bbf0;
LS_000001b35678abb0_0_12 .concat [ 1 1 1 1], L_000001b35678bbf0, L_000001b35678bbf0, L_000001b35678bbf0, L_000001b35678bbf0;
LS_000001b35678abb0_0_16 .concat [ 1 1 1 1], L_000001b35678bbf0, L_000001b35678bbf0, L_000001b35678bbf0, L_000001b35678bbf0;
LS_000001b35678abb0_1_0 .concat [ 4 4 4 4], LS_000001b35678abb0_0_0, LS_000001b35678abb0_0_4, LS_000001b35678abb0_0_8, LS_000001b35678abb0_0_12;
LS_000001b35678abb0_1_4 .concat [ 4 0 0 0], LS_000001b35678abb0_0_16;
L_000001b35678abb0 .concat [ 16 4 0 0], LS_000001b35678abb0_1_0, LS_000001b35678abb0_1_4;
L_000001b35678bab0 .part L_000001b356789210, 20, 12;
L_000001b35678bc90 .concat [ 12 20 0 0], L_000001b35678bab0, L_000001b35678abb0;
L_000001b35678a570 .part L_000001b356789210, 31, 1;
LS_000001b35678c7d0_0_0 .concat [ 1 1 1 1], L_000001b35678a570, L_000001b35678a570, L_000001b35678a570, L_000001b35678a570;
LS_000001b35678c7d0_0_4 .concat [ 1 1 1 1], L_000001b35678a570, L_000001b35678a570, L_000001b35678a570, L_000001b35678a570;
LS_000001b35678c7d0_0_8 .concat [ 1 1 1 1], L_000001b35678a570, L_000001b35678a570, L_000001b35678a570, L_000001b35678a570;
LS_000001b35678c7d0_0_12 .concat [ 1 1 1 1], L_000001b35678a570, L_000001b35678a570, L_000001b35678a570, L_000001b35678a570;
LS_000001b35678c7d0_0_16 .concat [ 1 1 1 1], L_000001b35678a570, L_000001b35678a570, L_000001b35678a570, L_000001b35678a570;
LS_000001b35678c7d0_1_0 .concat [ 4 4 4 4], LS_000001b35678c7d0_0_0, LS_000001b35678c7d0_0_4, LS_000001b35678c7d0_0_8, LS_000001b35678c7d0_0_12;
LS_000001b35678c7d0_1_4 .concat [ 4 0 0 0], LS_000001b35678c7d0_0_16;
L_000001b35678c7d0 .concat [ 16 4 0 0], LS_000001b35678c7d0_1_0, LS_000001b35678c7d0_1_4;
L_000001b35678b470 .part L_000001b356789210, 25, 7;
L_000001b35678aa70 .part L_000001b356789210, 7, 5;
L_000001b35678c9b0 .concat [ 5 7 20 0], L_000001b35678aa70, L_000001b35678b470, L_000001b35678c7d0;
L_000001b35678b1f0 .part L_000001b356789210, 31, 1;
LS_000001b35678b970_0_0 .concat [ 1 1 1 1], L_000001b35678b1f0, L_000001b35678b1f0, L_000001b35678b1f0, L_000001b35678b1f0;
LS_000001b35678b970_0_4 .concat [ 1 1 1 1], L_000001b35678b1f0, L_000001b35678b1f0, L_000001b35678b1f0, L_000001b35678b1f0;
LS_000001b35678b970_0_8 .concat [ 1 1 1 1], L_000001b35678b1f0, L_000001b35678b1f0, L_000001b35678b1f0, L_000001b35678b1f0;
LS_000001b35678b970_0_12 .concat [ 1 1 1 1], L_000001b35678b1f0, L_000001b35678b1f0, L_000001b35678b1f0, L_000001b35678b1f0;
LS_000001b35678b970_0_16 .concat [ 1 1 1 0], L_000001b35678b1f0, L_000001b35678b1f0, L_000001b35678b1f0;
LS_000001b35678b970_1_0 .concat [ 4 4 4 4], LS_000001b35678b970_0_0, LS_000001b35678b970_0_4, LS_000001b35678b970_0_8, LS_000001b35678b970_0_12;
LS_000001b35678b970_1_4 .concat [ 3 0 0 0], LS_000001b35678b970_0_16;
L_000001b35678b970 .concat [ 16 3 0 0], LS_000001b35678b970_1_0, LS_000001b35678b970_1_4;
L_000001b35678b6f0 .part L_000001b356789210, 31, 1;
L_000001b35678c730 .part L_000001b356789210, 7, 1;
L_000001b35678aed0 .part L_000001b356789210, 25, 6;
L_000001b35678a7f0 .part L_000001b356789210, 8, 4;
LS_000001b35678b510_0_0 .concat [ 1 4 6 1], L_000001b3567036b8, L_000001b35678a7f0, L_000001b35678aed0, L_000001b35678c730;
LS_000001b35678b510_0_4 .concat [ 1 19 0 0], L_000001b35678b6f0, L_000001b35678b970;
L_000001b35678b510 .concat [ 12 20 0 0], LS_000001b35678b510_0_0, LS_000001b35678b510_0_4;
L_000001b35678c550 .part L_000001b356789210, 12, 20;
L_000001b35678c5f0 .concat [ 12 20 0 0], L_000001b356703700, L_000001b35678c550;
L_000001b35678ba10 .part L_000001b356789210, 31, 1;
LS_000001b35678a2f0_0_0 .concat [ 1 1 1 1], L_000001b35678ba10, L_000001b35678ba10, L_000001b35678ba10, L_000001b35678ba10;
LS_000001b35678a2f0_0_4 .concat [ 1 1 1 1], L_000001b35678ba10, L_000001b35678ba10, L_000001b35678ba10, L_000001b35678ba10;
LS_000001b35678a2f0_0_8 .concat [ 1 1 1 0], L_000001b35678ba10, L_000001b35678ba10, L_000001b35678ba10;
L_000001b35678a2f0 .concat [ 4 4 3 0], LS_000001b35678a2f0_0_0, LS_000001b35678a2f0_0_4, LS_000001b35678a2f0_0_8;
L_000001b35678c050 .part L_000001b356789210, 31, 1;
L_000001b35678a930 .part L_000001b356789210, 12, 8;
L_000001b35678b150 .part L_000001b356789210, 20, 1;
L_000001b35678c2d0 .part L_000001b356789210, 21, 10;
LS_000001b35678ac50_0_0 .concat [ 1 10 1 8], L_000001b356703748, L_000001b35678c2d0, L_000001b35678b150, L_000001b35678a930;
LS_000001b35678ac50_0_4 .concat [ 1 11 0 0], L_000001b35678c050, L_000001b35678a2f0;
L_000001b35678ac50 .concat [ 20 12 0 0], LS_000001b35678ac50_0_0, LS_000001b35678ac50_0_4;
L_000001b35678c0f0 .part L_000001b356789210, 20, 12;
L_000001b35678b290 .part L_000001b356789210, 15, 5;
L_000001b35678bb50 .concat [ 5 27 0 0], L_000001b35678b290, L_000001b356703790;
L_000001b35678a6b0 .cmp/ne 32, L_000001b356789210, L_000001b3567037d8;
L_000001b35678bd30 .part v000001b356550750_0, 3, 1;
L_000001b35678a750 .part v000001b356555070_0, 11, 1;
L_000001b35678bdd0 .part v000001b356555110_0, 11, 1;
L_000001b35678be70 .part v000001b356550750_0, 3, 1;
L_000001b35678bf10 .part v000001b356555070_0, 3, 1;
L_000001b35678b650 .part v000001b356555110_0, 3, 1;
L_000001b35678a890 .part v000001b356550750_0, 3, 1;
L_000001b35678acf0 .part v000001b356555070_0, 7, 1;
L_000001b35678c910 .part v000001b356555110_0, 7, 1;
L_000001b35678b010 .part v000001b3565f7710_0, 0, 16;
L_000001b35678b330 .cmp/ne 2, v000001b3564f0980_0, L_000001b356703820;
L_000001b35678a9d0 .cmp/ne 5, v000001b3564f0de0_0, L_000001b356703868;
L_000001b35678bfb0 .cmp/eq 2, v000001b3564f0980_0, L_000001b3567038b0;
L_000001b35678c190 .functor MUXZ 32, v000001b3564f3860_0, L_000001b3567a0000, L_000001b35678bfb0, C4<>;
L_000001b35678c4b0 .cmp/eq 5, v000001b3564f0de0_0, L_000001b35678c370;
L_000001b35678a610 .cmp/ne 5, L_000001b35678c370, L_000001b3567038f8;
L_000001b35678c230 .functor MUXZ 32, v000001b3565f6ef0_0, L_000001b35678c190, L_000001b35679fc80, C4<>;
L_000001b35678b3d0 .cmp/eq 5, v000001b3564f0de0_0, L_000001b35678b0b0;
L_000001b35678ab10 .cmp/ne 5, L_000001b35678b0b0, L_000001b356703940;
L_000001b35678af70 .functor MUXZ 32, v000001b3565f8070_0, L_000001b35678c190, L_000001b35679efd0, C4<>;
L_000001b35678b5b0 .cmp/eq 2, v000001b3564f0980_0, L_000001b356703988;
L_000001b35678b790 .cmp/eq 12, v000001b3564f3400_0, L_000001b35678c0f0;
L_000001b35678a390 .cmp/eq 2, v000001b3564f0980_0, L_000001b3567039d0;
L_000001b35678a430 .cmp/eq 12, v000001b3564f3400_0, L_000001b356703a18;
L_000001b35678c410 .functor MUXZ 32, v000001b356555a70_0, v000001b3564f1740_0, L_000001b3567a0310, C4<>;
L_000001b35678c690 .cmp/eq 7, L_000001b356789350, L_000001b356703a60;
L_000001b35678a4d0 .cmp/eq 7, L_000001b356789350, L_000001b356703aa8;
L_000001b35678ad90 .cmp/eq 7, L_000001b356789350, L_000001b356703af0;
S_000001b35610e010 .scope function.vec4.s32, "GetCSR" "GetCSR" 5 216, 5 216 0, S_000001b35616c610;
 .timescale -9 -12;
; Variable GetCSR is vec4 return value of scope S_000001b35610e010
v000001b3565f4d30_0 .var "addr", 11 0;
TD_UART_tb.dut_irq.cpu.GetCSR ;
    %load/vec4 v000001b3565f4d30_0;
    %dup/vec4;
    %pushi/vec4 768, 0, 12;
    %cmp/u;
    %jmp/1 T_4.0, 6;
    %dup/vec4;
    %pushi/vec4 769, 0, 12;
    %cmp/u;
    %jmp/1 T_4.1, 6;
    %dup/vec4;
    %pushi/vec4 772, 0, 12;
    %cmp/u;
    %jmp/1 T_4.2, 6;
    %dup/vec4;
    %pushi/vec4 773, 0, 12;
    %cmp/u;
    %jmp/1 T_4.3, 6;
    %dup/vec4;
    %pushi/vec4 832, 0, 12;
    %cmp/u;
    %jmp/1 T_4.4, 6;
    %dup/vec4;
    %pushi/vec4 833, 0, 12;
    %cmp/u;
    %jmp/1 T_4.5, 6;
    %dup/vec4;
    %pushi/vec4 834, 0, 12;
    %cmp/u;
    %jmp/1 T_4.6, 6;
    %dup/vec4;
    %pushi/vec4 835, 0, 12;
    %cmp/u;
    %jmp/1 T_4.7, 6;
    %dup/vec4;
    %pushi/vec4 836, 0, 12;
    %cmp/u;
    %jmp/1 T_4.8, 6;
    %dup/vec4;
    %pushi/vec4 3072, 0, 12;
    %cmp/u;
    %jmp/1 T_4.9, 6;
    %dup/vec4;
    %pushi/vec4 3074, 0, 12;
    %cmp/u;
    %jmp/1 T_4.10, 6;
    %dup/vec4;
    %pushi/vec4 3200, 0, 12;
    %cmp/u;
    %jmp/1 T_4.11, 6;
    %dup/vec4;
    %pushi/vec4 3202, 0, 12;
    %cmp/u;
    %jmp/1 T_4.12, 6;
    %pushi/vec4 0, 0, 32;
    %ret/vec4 0, 0, 32;  Assign to GetCSR (store_vec4_to_lval)
    %jmp T_4.14;
T_4.0 ;
    %load/vec4 v000001b356550750_0;
    %ret/vec4 0, 0, 32;  Assign to GetCSR (store_vec4_to_lval)
    %jmp T_4.14;
T_4.1 ;
    %load/vec4 v000001b3565552f0_0;
    %ret/vec4 0, 0, 32;  Assign to GetCSR (store_vec4_to_lval)
    %jmp T_4.14;
T_4.2 ;
    %load/vec4 v000001b356555070_0;
    %ret/vec4 0, 0, 32;  Assign to GetCSR (store_vec4_to_lval)
    %jmp T_4.14;
T_4.3 ;
    %load/vec4 v000001b356550930_0;
    %ret/vec4 0, 0, 32;  Assign to GetCSR (store_vec4_to_lval)
    %jmp T_4.14;
T_4.4 ;
    %load/vec4 v000001b356551650_0;
    %ret/vec4 0, 0, 32;  Assign to GetCSR (store_vec4_to_lval)
    %jmp T_4.14;
T_4.5 ;
    %load/vec4 v000001b356555a70_0;
    %ret/vec4 0, 0, 32;  Assign to GetCSR (store_vec4_to_lval)
    %jmp T_4.14;
T_4.6 ;
    %load/vec4 v000001b3565fbef0_0;
    %ret/vec4 0, 0, 32;  Assign to GetCSR (store_vec4_to_lval)
    %jmp T_4.14;
T_4.7 ;
    %load/vec4 v000001b356550890_0;
    %ret/vec4 0, 0, 32;  Assign to GetCSR (store_vec4_to_lval)
    %jmp T_4.14;
T_4.8 ;
    %load/vec4 v000001b356555110_0;
    %ret/vec4 0, 0, 32;  Assign to GetCSR (store_vec4_to_lval)
    %jmp T_4.14;
T_4.9 ;
    %load/vec4 v000001b3565fa550_0;
    %parti/s 32, 0, 2;
    %ret/vec4 0, 0, 32;  Assign to GetCSR (store_vec4_to_lval)
    %jmp T_4.14;
T_4.10 ;
    %load/vec4 v000001b3565fc350_0;
    %parti/s 32, 0, 2;
    %ret/vec4 0, 0, 32;  Assign to GetCSR (store_vec4_to_lval)
    %jmp T_4.14;
T_4.11 ;
    %load/vec4 v000001b3565fa550_0;
    %parti/s 32, 32, 7;
    %ret/vec4 0, 0, 32;  Assign to GetCSR (store_vec4_to_lval)
    %jmp T_4.14;
T_4.12 ;
    %load/vec4 v000001b3565fc350_0;
    %parti/s 32, 32, 7;
    %ret/vec4 0, 0, 32;  Assign to GetCSR (store_vec4_to_lval)
    %jmp T_4.14;
T_4.14 ;
    %pop/vec4 1;
    %end;
S_000001b35610e1a0 .scope task, "SetCSR" "SetCSR" 5 238, 5 238 0, S_000001b35616c610;
 .timescale -9 -12;
v000001b3565f4e70_0 .var "addr", 11 0;
v000001b3565f4f10_0 .var "value", 31 0;
TD_UART_tb.dut_irq.cpu.SetCSR ;
    %load/vec4 v000001b3565f4e70_0;
    %dup/vec4;
    %pushi/vec4 768, 0, 12;
    %cmp/u;
    %jmp/1 T_5.15, 6;
    %dup/vec4;
    %pushi/vec4 772, 0, 12;
    %cmp/u;
    %jmp/1 T_5.16, 6;
    %dup/vec4;
    %pushi/vec4 773, 0, 12;
    %cmp/u;
    %jmp/1 T_5.17, 6;
    %dup/vec4;
    %pushi/vec4 832, 0, 12;
    %cmp/u;
    %jmp/1 T_5.18, 6;
    %dup/vec4;
    %pushi/vec4 833, 0, 12;
    %cmp/u;
    %jmp/1 T_5.19, 6;
    %dup/vec4;
    %pushi/vec4 834, 0, 12;
    %cmp/u;
    %jmp/1 T_5.20, 6;
    %dup/vec4;
    %pushi/vec4 835, 0, 12;
    %cmp/u;
    %jmp/1 T_5.21, 6;
    %dup/vec4;
    %pushi/vec4 836, 0, 12;
    %cmp/u;
    %jmp/1 T_5.22, 6;
    %jmp T_5.24;
T_5.15 ;
    %load/vec4 v000001b3565f4f10_0;
    %assign/vec4 v000001b356550750_0, 0;
    %jmp T_5.24;
T_5.16 ;
    %load/vec4 v000001b3565f4f10_0;
    %assign/vec4 v000001b356555070_0, 0;
    %jmp T_5.24;
T_5.17 ;
    %load/vec4 v000001b3565f4f10_0;
    %assign/vec4 v000001b356550930_0, 0;
    %jmp T_5.24;
T_5.18 ;
    %load/vec4 v000001b3565f4f10_0;
    %assign/vec4 v000001b356551650_0, 0;
    %jmp T_5.24;
T_5.19 ;
    %load/vec4 v000001b3565f4f10_0;
    %assign/vec4 v000001b356555a70_0, 0;
    %jmp T_5.24;
T_5.20 ;
    %load/vec4 v000001b3565f4f10_0;
    %assign/vec4 v000001b3565fbef0_0, 0;
    %jmp T_5.24;
T_5.21 ;
    %load/vec4 v000001b3565f4f10_0;
    %assign/vec4 v000001b356550890_0, 0;
    %jmp T_5.24;
T_5.22 ;
    %load/vec4 v000001b3565f4f10_0;
    %assign/vec4 v000001b356555110_0, 0;
    %jmp T_5.24;
T_5.24 ;
    %pop/vec4 1;
    %end;
S_000001b356162ab0 .scope module, "alu" "ALU" 5 205, 6 2 0, S_000001b35616c610;
 .timescale -9 -12;
    .port_info 0 /INPUT 4 "alu_control";
    .port_info 1 /INPUT 32 "operand_a";
    .port_info 2 /INPUT 32 "operand_b";
    .port_info 3 /OUTPUT 32 "alu_result";
L_000001b3567a00e0 .functor BUFZ 32, v000001b35654ff30_0, C4<00000000000000000000000000000000>, C4<00000000000000000000000000000000>, C4<00000000000000000000000000000000>;
L_000001b35679f4a0 .functor BUFZ 32, v000001b356550f70_0, C4<00000000000000000000000000000000>, C4<00000000000000000000000000000000>, C4<00000000000000000000000000000000>;
v000001b3565f4fb0_0 .net "alu_control", 3 0, v000001b3565fb770_0;  1 drivers
v000001b3565f50f0_0 .var "alu_result", 31 0;
v000001b3565f8390_0 .net "operand_a", 31 0, v000001b35654ff30_0;  1 drivers
v000001b3565f84d0_0 .net "operand_b", 31 0, v000001b356550f70_0;  1 drivers
v000001b3565f86b0_0 .net/s "signed_a", 31 0, L_000001b3567a00e0;  1 drivers
v000001b3565f77b0_0 .net/s "signed_b", 31 0, L_000001b35679f4a0;  1 drivers
E_000001b3565d77f0/0 .event anyedge, v000001b3565f4fb0_0, v000001b3565f8390_0, v000001b3565f84d0_0, v000001b3565f86b0_0;
E_000001b3565d77f0/1 .event anyedge, v000001b3565f77b0_0;
E_000001b3565d77f0 .event/or E_000001b3565d77f0/0, E_000001b3565d77f0/1;
S_000001b356162c40 .scope module, "registry" "Registry" 5 184, 7 3 0, S_000001b35616c610;
 .timescale -9 -12;
    .port_info 0 /INPUT 1 "clk";
    .port_info 1 /INPUT 1 "rst";
    .port_info 2 /INPUT 5 "rs1_addr";
    .port_info 3 /INPUT 5 "rs2_addr";
    .port_info 4 /INPUT 5 "rd_addr";
    .port_info 5 /INPUT 32 "rd_data";
    .port_info 6 /INPUT 1 "reg_write_enable";
    .port_info 7 /OUTPUT 32 "rs1_data";
    .port_info 8 /OUTPUT 32 "rs2_data";
v000001b3565f9150_0 .net "clk", 0 0, v000001b3566ec070_0;  alias, 1 drivers
v000001b3565f7210_0 .net "rd_addr", 4 0, v000001b3565f8610_0;  1 drivers
v000001b3565f7d50_0 .net "rd_data", 31 0, v000001b3565f8570_0;  1 drivers
v000001b3565f87f0_0 .net "reg_write_enable", 0 0, v000001b3565f7170_0;  1 drivers
v000001b3565f8750 .array "registers", 0 31, 31 0;
v000001b3565f9010_0 .net "rs1_addr", 4 0, v000001b356551e70_0;  1 drivers
v000001b3565f6ef0_0 .var "rs1_data", 31 0;
v000001b3565f7df0_0 .net "rs2_addr", 4 0, v000001b3565509d0_0;  1 drivers
v000001b3565f8070_0 .var "rs2_data", 31 0;
v000001b3565f70d0_0 .net "rst", 0 0, v000001b3566eb030_0;  alias, 1 drivers
E_000001b3565dacb0 .event posedge, v000001b3565f70d0_0, v000001b3565f6590_0;
v000001b3565f8750_0 .array/port v000001b3565f8750, 0;
v000001b3565f8750_1 .array/port v000001b3565f8750, 1;
v000001b3565f8750_2 .array/port v000001b3565f8750, 2;
E_000001b3565dad30/0 .event anyedge, v000001b3565f9010_0, v000001b3565f8750_0, v000001b3565f8750_1, v000001b3565f8750_2;
v000001b3565f8750_3 .array/port v000001b3565f8750, 3;
v000001b3565f8750_4 .array/port v000001b3565f8750, 4;
v000001b3565f8750_5 .array/port v000001b3565f8750, 5;
v000001b3565f8750_6 .array/port v000001b3565f8750, 6;
E_000001b3565dad30/1 .event anyedge, v000001b3565f8750_3, v000001b3565f8750_4, v000001b3565f8750_5, v000001b3565f8750_6;
v000001b3565f8750_7 .array/port v000001b3565f8750, 7;
v000001b3565f8750_8 .array/port v000001b3565f8750, 8;
v000001b3565f8750_9 .array/port v000001b3565f8750, 9;
v000001b3565f8750_10 .array/port v000001b3565f8750, 10;
E_000001b3565dad30/2 .event anyedge, v000001b3565f8750_7, v000001b3565f8750_8, v000001b3565f8750_9, v000001b3565f8750_10;
v000001b3565f8750_11 .array/port v000001b3565f8750, 11;
v000001b3565f8750_12 .array/port v000001b3565f8750, 12;
v000001b3565f8750_13 .array/port v000001b3565f8750, 13;
v000001b3565f8750_14 .array/port v000001b3565f8750, 14;
E_000001b3565dad30/3 .event anyedge, v000001b3565f8750_11, v000001b3565f8750_12, v000001b3565f8750_13, v000001b3565f8750_14;
v000001b3565f8750_15 .array/port v000001b3565f8750, 15;
v000001b3565f8750_16 .array/port v000001b3565f8750, 16;
v000001b3565f8750_17 .array/port v000001b3565f8750, 17;
v000001b3565f8750_18 .array/port v000001b3565f8750, 18;
E_000001b3565dad30/4 .event anyedge, v000001b3565f8750_15, v000001b3565f8750_16, v000001b3565f8750_17, v000001b3565f8750_18;
v000001b3565f8750_19 .array/port v000001b3565f8750, 19;
v000001b3565f8750_20 .array/port v000001b3565f8750, 20;
v000001b3565f8750_21 .array/port v000001b3565f8750, 21;
v000001b3565f8750_22 .array/port v000001b3565f8750, 22;
E_000001b3565dad30/5 .event anyedge, v000001b3565f8750_19, v000001b3565f8750_20, v000001b3565f8750_21, v000001b3565f8750_22;
v000001b3565f8750_23 .array/port v000001b3565f8750, 23;
v000001b3565f8750_24 .array/port v000001b3565f8750, 24;
v000001b3565f8750_25 .array/port v000001b3565f8750, 25;
v000001b3565f8750_26 .array/port v000001b3565f8750, 26;
E_000001b3565dad30/6 .event anyedge, v000001b3565f8750_23, v000001b3565f8750_24, v000001b3565f8750_25, v000001b3565f8750_26;
v000001b3565f8750_27 .array/port v000001b3565f8750, 27;
v000001b3565f8750_28 .array/port v000001b3565f8750, 28;
v000001b3565f8750_29 .array/port v000001b3565f8750, 29;
v000001b3565f8750_30 .array/port v000001b3565f8750, 30;
E_000001b3565dad30/7 .event anyedge, v000001b3565f8750_27, v000001b3565f8750_28, v000001b3565f8750_29, v000001b3565f8750_30;
v000001b3565f8750_31 .array/port v000001b3565f8750, 31;
E_000001b3565dad30/8 .event anyedge, v000001b3565f8750_31, v000001b3565f7df0_0;
E_000001b3565dad30 .event/or E_000001b3565dad30/0, E_000001b3565dad30/1, E_000001b3565dad30/2, E_000001b3565dad30/3, E_000001b3565dad30/4, E_000001b3565dad30/5, E_000001b3565dad30/6, E_000001b3565dad30/7, E_000001b3565dad30/8;
S_000001b35666a210 .scope begin, "rst_loop" "rst_loop" 7 24, 7 24 0, S_000001b356162c40;
 .timescale -9 -12;
v000001b3565f8430_0 .var/i "i", 31 0;
S_000001b35666a3a0 .scope module, "gpio_bank" "GPIO" 3 124, 8 27 0, S_000001b35619d0e0;
 .timescale -9 -12;
    .port_info 0 /INPUT 1 "clk";
    .port_info 1 /INPUT 1 "rst";
    .port_info 2 /INPUT 32 "pin_in";
    .port_info 3 /OUTPUT 32 "pin_out";
    .port_info 4 /INPUT 4 "waddr";
    .port_info 5 /INPUT 1 "we";
    .port_info 6 /INPUT 32 "wdata";
    .port_info 7 /INPUT 4 "raddr";
    .port_info 8 /OUTPUT 32 "rdata";
    .port_info 9 /OUTPUT 1 "irq";
P_000001b3561072a0 .param/l "SLOT_CLR" 1 8 50, C4<0100>;
P_000001b3561072d8 .param/l "SLOT_DATA_IN" 1 8 46, C4<0000>;
P_000001b356107310 .param/l "SLOT_DATA_OUT" 1 8 47, C4<0001>;
P_000001b356107348 .param/l "SLOT_DIR" 1 8 48, C4<0010>;
P_000001b356107380 .param/l "SLOT_INT_ENABLE" 1 8 51, C4<0101>;
P_000001b3561073b8 .param/l "SLOT_INT_FALL_EN" 1 8 53, C4<0111>;
P_000001b3561073f0 .param/l "SLOT_INT_PENDING" 1 8 54, C4<1000>;
P_000001b356107428 .param/l "SLOT_INT_RISE_EN" 1 8 52, C4<0110>;
P_000001b356107460 .param/l "SLOT_SET" 1 8 49, C4<0011>;
P_000001b356107498 .param/l "WIDTH" 0 8 28, +C4<00000000000000000000000000100000>;
L_000001b35679f820 .functor NOT 32, v000001b3563fb050_0, C4<00000000000000000000000000000000>, C4<00000000000000000000000000000000>, C4<00000000000000000000000000000000>;
L_000001b3567a0770 .functor AND 32, v000001b3563fadd0_0, L_000001b35679f820, C4<11111111111111111111111111111111>, C4<11111111111111111111111111111111>;
L_000001b35679fa50 .functor NOT 32, v000001b3563fadd0_0, C4<00000000000000000000000000000000>, C4<00000000000000000000000000000000>, C4<00000000000000000000000000000000>;
L_000001b35679fe40 .functor AND 32, L_000001b35679fa50, v000001b3563fb050_0, C4<11111111111111111111111111111111>, C4<11111111111111111111111111111111>;
L_000001b3567a01c0 .functor AND 32, v000001b3563eed80_0, L_000001b3567a0770, C4<11111111111111111111111111111111>, C4<11111111111111111111111111111111>;
L_000001b3567a0380 .functor AND 32, v000001b3563eece0_0, L_000001b35679fe40, C4<11111111111111111111111111111111>, C4<11111111111111111111111111111111>;
L_000001b35679ed30 .functor OR 32, L_000001b3567a01c0, L_000001b3567a0380, C4<00000000000000000000000000000000>, C4<00000000000000000000000000000000>;
L_000001b35679ee10 .functor AND 32, v000001b3563ee600_0, L_000001b35679ed30, C4<11111111111111111111111111111111>, C4<11111111111111111111111111111111>;
L_000001b35679f580 .functor AND 32, v000001b3565f9330_0, v000001b3563f0c20_0, C4<11111111111111111111111111111111>, C4<11111111111111111111111111111111>;
L_000001b3567a03f0 .functor AND 1, L_000001b35679ecc0, L_000001b35678d630, C4<1>, C4<1>;
L_000001b35679fdd0 .functor BUFZ 32, v000001b3563f0ae0_0, C4<00000000000000000000000000000000>, C4<00000000000000000000000000000000>, C4<00000000000000000000000000000000>;
v000001b356495fe0_0 .net *"_ivl_0", 31 0, L_000001b35679f820;  1 drivers
v000001b3564941e0_0 .net *"_ivl_10", 31 0, L_000001b3567a0380;  1 drivers
v000001b356495220_0 .net *"_ivl_12", 31 0, L_000001b35679ed30;  1 drivers
L_000001b356703ce8 .functor BUFT 1, C4<1000>, C4<0>, C4<0>, C4<0>;
v000001b356494820_0 .net/2u *"_ivl_18", 3 0, L_000001b356703ce8;  1 drivers
v000001b356494aa0_0 .net *"_ivl_20", 0 0, L_000001b35678d630;  1 drivers
v000001b3564957c0_0 .net *"_ivl_23", 0 0, L_000001b3567a03f0;  1 drivers
L_000001b356703d30 .functor BUFT 1, C4<00000000000000000000000000000000>, C4<0>, C4<0>, C4<0>;
v000001b356496b20_0 .net/2u *"_ivl_24", 31 0, L_000001b356703d30;  1 drivers
v000001b356496760_0 .net *"_ivl_4", 31 0, L_000001b35679fa50;  1 drivers
v000001b356497520_0 .net *"_ivl_8", 31 0, L_000001b3567a01c0;  1 drivers
v000001b356497660_0 .net "clk", 0 0, v000001b3566ec070_0;  alias, 1 drivers
v000001b3563f0ae0_0 .var "data_out", 31 0;
v000001b3563f0c20_0 .var "dir", 31 0;
v000001b3563ef5a0_0 .net "edge_fire", 31 0, L_000001b35679ee10;  1 drivers
v000001b3563ee6a0_0 .net "falling_edge", 31 0, L_000001b35679fe40;  1 drivers
v000001b3563ee600_0 .var "int_enable", 31 0;
v000001b3563eece0_0 .var "int_fall_en", 31 0;
v000001b3563ed8e0_0 .var "int_pending", 31 0;
v000001b3563eed80_0 .var "int_rise_en", 31 0;
v000001b3563ef320_0 .net "irq", 0 0, L_000001b35678ef30;  alias, 1 drivers
v000001b3563efaa0_0 .net "pending_clear", 31 0, L_000001b35678cc30;  1 drivers
v000001b3563ed700_0 .net "pin_in", 31 0, L_000001b356705248;  alias, 1 drivers
v000001b3563ed980_0 .net "pin_out", 31 0, L_000001b35679fdd0;  alias, 1 drivers
v000001b3563fac90_0 .net "raddr", 3 0, L_000001b35678d090;  alias, 1 drivers
v000001b3563fa470_0 .var "rdata", 31 0;
v000001b3563faab0_0 .net "rising_edge", 31 0, L_000001b3567a0770;  1 drivers
v000001b3563f8fd0_0 .net "rst", 0 0, v000001b3566eb030_0;  alias, 1 drivers
v000001b3563fad30_0 .var "sync0", 31 0;
v000001b3563fadd0_0 .var "sync1", 31 0;
v000001b3563fb050_0 .var "sync1_d", 31 0;
v000001b3563f8b70_0 .net "waddr", 3 0, L_000001b35678cb90;  alias, 1 drivers
v000001b3563fc810_0 .net "wdata", 31 0, v000001b3565f9330_0;  alias, 1 drivers
v000001b3563fc8b0_0 .net "we", 0 0, L_000001b35679ecc0;  alias, 1 drivers
v000001b3563fc1d0_0 .net "write_mask", 31 0, L_000001b35679f580;  1 drivers
E_000001b3565dad70/0 .event anyedge, v000001b3563fac90_0, v000001b3563fadd0_0, v000001b3563f0ae0_0, v000001b3563f0c20_0;
E_000001b3565dad70/1 .event anyedge, v000001b3563ee600_0, v000001b3563eed80_0, v000001b3563eece0_0, v000001b3563ed8e0_0;
E_000001b3565dad70 .event/or E_000001b3565dad70/0, E_000001b3565dad70/1;
L_000001b35678d630 .cmp/eq 4, L_000001b35678cb90, L_000001b356703ce8;
L_000001b35678cc30 .functor MUXZ 32, L_000001b356703d30, v000001b3565f9330_0, L_000001b3567a03f0, C4<>;
L_000001b35678ef30 .reduce/or v000001b3563ed8e0_0;
S_000001b35666a530 .scope module, "uart0" "UART" 3 136, 9 22 0, S_000001b35619d0e0;
 .timescale -9 -12;
    .port_info 0 /INPUT 1 "clk";
    .port_info 1 /INPUT 1 "rst";
    .port_info 2 /INPUT 1 "rx";
    .port_info 3 /OUTPUT 1 "tx";
    .port_info 4 /INPUT 1 "wr_en";
    .port_info 5 /INPUT 8 "wr_data";
    .port_info 6 /INPUT 1 "rd_data_en";
    .port_info 7 /INPUT 1 "ier_wr_en";
    .port_info 8 /INPUT 3 "ier_wr_data";
    .port_info 9 /INPUT 2 "reg_sel";
    .port_info 10 /OUTPUT 32 "rdata";
    .port_info 11 /OUTPUT 1 "irq";
P_000001b3560d27e0 .param/l "CLKS_PER_BIT" 0 9 23, +C4<00000000000000000000000000001000>;
P_000001b3560d2818 .param/l "RX_DATA" 1 9 71, C4<10>;
P_000001b3560d2850 .param/l "RX_IDLE" 1 9 71, C4<00>;
P_000001b3560d2888 .param/l "RX_START" 1 9 71, C4<01>;
P_000001b3560d28c0 .param/l "RX_STOP" 1 9 71, C4<11>;
P_000001b3560d28f8 .param/l "TX_DATA" 1 9 62, C4<10>;
P_000001b3560d2930 .param/l "TX_IDLE" 1 9 62, C4<00>;
P_000001b3560d2968 .param/l "TX_START" 1 9 62, C4<01>;
P_000001b3560d29a0 .param/l "TX_STOP" 1 9 62, C4<11>;
L_000001b35679ee80 .functor AND 1, L_000001b35678e3f0, L_000001b35678e490, C4<1>, C4<1>;
L_000001b35679eef0 .functor AND 1, L_000001b35678ee90, L_000001b35678e350, C4<1>, C4<1>;
L_000001b35679f200 .functor AND 1, L_000001b35679eef0, L_000001b35678d770, C4<1>, C4<1>;
L_000001b35679fc10 .functor BUFZ 8, L_000001b35678d810, C4<00000000>, C4<00000000>, C4<00000000>;
L_000001b35679ef60 .functor AND 1, L_000001b35678d450, L_000001b35678cff0, C4<1>, C4<1>;
L_000001b35679f0b0 .functor AND 1, L_000001b35678cd70, L_000001b35678e530, C4<1>, C4<1>;
L_000001b35679feb0 .functor AND 1, L_000001b35678df90, L_000001b35679ef60, C4<1>, C4<1>;
L_000001b35679f430 .functor OR 1, L_000001b35679f0b0, L_000001b35679feb0, C4<0>, C4<0>;
L_000001b35679f270 .functor AND 1, L_000001b35678dbd0, L_000001b35678e670, C4<1>, C4<1>;
L_000001b35679f5f0 .functor OR 1, L_000001b35679f430, L_000001b35679f270, C4<0>, C4<0>;
L_000001b356703d78 .functor BUFT 1, C4<1000>, C4<0>, C4<0>, C4<0>;
v000001b3563fb550_0 .net/2u *"_ivl_0", 3 0, L_000001b356703d78;  1 drivers
v000001b35630ddf0_0 .net *"_ivl_100", 0 0, L_000001b35679f270;  1 drivers
L_000001b356703e50 .functor BUFT 1, C4<0000>, C4<0>, C4<0>, C4<0>;
v000001b35630e1b0_0 .net/2u *"_ivl_12", 3 0, L_000001b356703e50;  1 drivers
L_000001b356703e98 .functor BUFT 1, C4<00>, C4<0>, C4<0>, C4<0>;
v000001b35630cb30_0 .net/2u *"_ivl_16", 1 0, L_000001b356703e98;  1 drivers
v000001b35630c450_0 .net *"_ivl_18", 0 0, L_000001b35678e3f0;  1 drivers
v000001b35630cc70_0 .net *"_ivl_21", 0 0, L_000001b35678e490;  1 drivers
L_000001b356703ee0 .functor BUFT 1, C4<11>, C4<0>, C4<0>, C4<0>;
v000001b35630c4f0_0 .net/2u *"_ivl_24", 1 0, L_000001b356703ee0;  1 drivers
v000001b35630dc10_0 .net *"_ivl_26", 0 0, L_000001b35678ee90;  1 drivers
v000001b35630cd10_0 .net *"_ivl_28", 31 0, L_000001b35678f250;  1 drivers
L_000001b356703f28 .functor BUFT 1, C4<0000000000000000>, C4<0>, C4<0>, C4<0>;
v000001b35630d030_0 .net *"_ivl_31", 15 0, L_000001b356703f28;  1 drivers
L_000001b356703f70 .functor BUFT 1, C4<00000000000000000000000000000111>, C4<0>, C4<0>, C4<0>;
v000001b35630d0d0_0 .net/2u *"_ivl_32", 31 0, L_000001b356703f70;  1 drivers
v000001b35630d350_0 .net *"_ivl_34", 0 0, L_000001b35678e350;  1 drivers
v000001b35630d5d0_0 .net *"_ivl_37", 0 0, L_000001b35679eef0;  1 drivers
v000001b356396420_0 .net *"_ivl_39", 0 0, L_000001b35678d770;  1 drivers
L_000001b356703dc0 .functor BUFT 1, C4<0000>, C4<0>, C4<0>, C4<0>;
v000001b356395980_0 .net/2u *"_ivl_4", 3 0, L_000001b356703dc0;  1 drivers
v000001b356397280_0 .net *"_ivl_44", 7 0, L_000001b35678d810;  1 drivers
v000001b356395c00_0 .net *"_ivl_46", 4 0, L_000001b35678d310;  1 drivers
L_000001b356703fb8 .functor BUFT 1, C4<00>, C4<0>, C4<0>, C4<0>;
v000001b356395d40_0 .net *"_ivl_49", 1 0, L_000001b356703fb8;  1 drivers
L_000001b356704000 .functor BUFT 1, C4<00>, C4<0>, C4<0>, C4<0>;
v000001b3563964c0_0 .net/2u *"_ivl_52", 1 0, L_000001b356704000;  1 drivers
v000001b356396740_0 .net *"_ivl_54", 0 0, L_000001b35678cff0;  1 drivers
L_000001b356704048 .functor BUFT 1, C4<0000000000000000000000000000>, C4<0>, C4<0>, C4<0>;
v000001b3563c62c0_0 .net/2u *"_ivl_58", 27 0, L_000001b356704048;  1 drivers
v000001b3563c58c0_0 .net *"_ivl_61", 0 0, L_000001b35678e710;  1 drivers
v000001b3563c5d20_0 .net *"_ivl_63", 0 0, L_000001b35678caf0;  1 drivers
L_000001b356704090 .functor BUFT 1, C4<00000000000000000000000000000>, C4<0>, C4<0>, C4<0>;
v000001b3563c6f40_0 .net/2u *"_ivl_66", 28 0, L_000001b356704090;  1 drivers
L_000001b3567040d8 .functor BUFT 1, C4<01>, C4<0>, C4<0>, C4<0>;
v000001b3563c6540_0 .net/2u *"_ivl_70", 1 0, L_000001b3567040d8;  1 drivers
v000001b3563c5140_0 .net *"_ivl_72", 0 0, L_000001b35678d130;  1 drivers
L_000001b356704120 .functor BUFT 1, C4<10>, C4<0>, C4<0>, C4<0>;
v000001b356466200_0 .net/2u *"_ivl_74", 1 0, L_000001b356704120;  1 drivers
v000001b356466e80_0 .net *"_ivl_76", 0 0, L_000001b35678dc70;  1 drivers
L_000001b356704168 .functor BUFT 1, C4<000000000000000000000000>, C4<0>, C4<0>, C4<0>;
v000001b356467740_0 .net/2u *"_ivl_78", 23 0, L_000001b356704168;  1 drivers
L_000001b356703e08 .functor BUFT 1, C4<1000>, C4<0>, C4<0>, C4<0>;
v000001b356467880_0 .net/2u *"_ivl_8", 3 0, L_000001b356703e08;  1 drivers
v000001b356467920_0 .net *"_ivl_80", 31 0, L_000001b35678d590;  1 drivers
v000001b356342930_0 .net *"_ivl_82", 31 0, L_000001b35678e8f0;  1 drivers
v000001b356341d50_0 .net *"_ivl_87", 0 0, L_000001b35678cd70;  1 drivers
v000001b356341fd0_0 .net *"_ivl_89", 0 0, L_000001b35678e530;  1 drivers
v000001b356342070_0 .net *"_ivl_90", 0 0, L_000001b35679f0b0;  1 drivers
v000001b356363230_0 .net *"_ivl_93", 0 0, L_000001b35678df90;  1 drivers
v000001b356363c30_0 .net *"_ivl_94", 0 0, L_000001b35679feb0;  1 drivers
v000001b3563649f0_0 .net *"_ivl_96", 0 0, L_000001b35679f430;  1 drivers
v000001b3563634b0_0 .net *"_ivl_99", 0 0, L_000001b35678dbd0;  1 drivers
v000001b35636dfd0_0 .net "clk", 0 0, v000001b3566ec070_0;  alias, 1 drivers
v000001b35636e250_0 .var "ier", 2 0;
v000001b35636e2f0_0 .net "ier_word", 31 0, L_000001b35678ccd0;  1 drivers
v000001b35636eed0_0 .net "ier_wr_data", 2 0, L_000001b35678e850;  1 drivers
v000001b3563a3140_0 .net "ier_wr_en", 0 0, L_000001b35679f890;  1 drivers
v000001b3563a3640_0 .net "irq", 0 0, L_000001b35679f5f0;  alias, 1 drivers
v000001b356303b90_0 .net "rd_data_en", 0 0, L_000001b35679f660;  1 drivers
v000001b356304770_0 .net "rdata", 31 0, L_000001b35678ec10;  alias, 1 drivers
v000001b35666c7c0_0 .net "reg_sel", 1 0, L_000001b35678f110;  alias, 1 drivers
v000001b35666b640_0 .net "rst", 0 0, v000001b3566eb030_0;  alias, 1 drivers
v000001b35666c860_0 .net "rx", 0 0, L_000001b35678e030;  1 drivers
v000001b35666ae20_0 .var "rx_baud", 15 0;
v000001b35666cea0_0 .var "rx_bit", 2 0;
v000001b35666b140_0 .var "rx_cnt", 3 0;
v000001b35666b280_0 .net "rx_empty", 0 0, L_000001b35678f1b0;  1 drivers
v000001b35666ca40_0 .net "rx_full", 0 0, L_000001b35678e670;  1 drivers
v000001b35666c400_0 .net "rx_head", 7 0, L_000001b35679fc10;  1 drivers
v000001b35666ccc0_0 .net "rx_push", 0 0, L_000001b35679f200;  1 drivers
v000001b35666aba0_0 .var "rx_rd", 2 0;
v000001b35666aec0_0 .var "rx_s1", 0 0;
v000001b35666c900_0 .var "rx_s2", 0 0;
v000001b35666c180_0 .var "rx_shift", 7 0;
v000001b35666baa0_0 .var "rx_state", 1 0;
v000001b35666cae0_0 .var "rx_wr", 2 0;
v000001b35666a9c0 .array "rxbuf", 7 0, 7 0;
v000001b35666b6e0_0 .net "status", 31 0, L_000001b35678d9f0;  1 drivers
v000001b35666b3c0_0 .net "tx", 0 0, v000001b35666a740_0;  1 drivers
v000001b35666b8c0_0 .var "tx_baud", 15 0;
v000001b35666b320_0 .var "tx_bit", 2 0;
v000001b35666bd20_0 .var "tx_cnt", 3 0;
v000001b35666c220_0 .net "tx_empty", 0 0, L_000001b35678d450;  1 drivers
v000001b35666ab00_0 .net "tx_full", 0 0, L_000001b35678def0;  1 drivers
v000001b35666c4a0_0 .net "tx_idle_empty", 0 0, L_000001b35679ef60;  1 drivers
v000001b35666a740_0 .var "tx_line", 0 0;
v000001b35666cc20_0 .net "tx_pop", 0 0, L_000001b35679ee80;  1 drivers
v000001b35666c2c0_0 .var "tx_rd", 2 0;
v000001b35666b780_0 .var "tx_shift", 7 0;
v000001b35666aa60_0 .var "tx_state", 1 0;
v000001b35666c360_0 .var "tx_wr", 2 0;
v000001b35666c5e0 .array "txbuf", 7 0, 7 0;
v000001b35666ac40_0 .net "wr_data", 7 0, L_000001b35678ceb0;  1 drivers
v000001b35666c720_0 .net "wr_en", 0 0, L_000001b35679f970;  1 drivers
L_000001b35678def0 .cmp/eq 4, v000001b35666bd20_0, L_000001b356703d78;
L_000001b35678d450 .cmp/eq 4, v000001b35666bd20_0, L_000001b356703dc0;
L_000001b35678e670 .cmp/eq 4, v000001b35666b140_0, L_000001b356703e08;
L_000001b35678f1b0 .cmp/eq 4, v000001b35666b140_0, L_000001b356703e50;
L_000001b35678e3f0 .cmp/eq 2, v000001b35666aa60_0, L_000001b356703e98;
L_000001b35678e490 .reduce/nor L_000001b35678d450;
L_000001b35678ee90 .cmp/eq 2, v000001b35666baa0_0, L_000001b356703ee0;
L_000001b35678f250 .concat [ 16 16 0 0], v000001b35666ae20_0, L_000001b356703f28;
L_000001b35678e350 .cmp/eq 32, L_000001b35678f250, L_000001b356703f70;
L_000001b35678d770 .reduce/nor L_000001b35678e670;
L_000001b35678d810 .array/port v000001b35666a9c0, L_000001b35678d310;
L_000001b35678d310 .concat [ 3 2 0 0], v000001b35666aba0_0, L_000001b356703fb8;
L_000001b35678cff0 .cmp/eq 2, v000001b35666aa60_0, L_000001b356704000;
L_000001b35678e710 .reduce/nor L_000001b35678f1b0;
L_000001b35678caf0 .reduce/nor L_000001b35678def0;
LS_000001b35678d9f0_0_0 .concat [ 1 1 1 1], L_000001b35678caf0, L_000001b35679ef60, L_000001b35678e710, L_000001b35678e670;
LS_000001b35678d9f0_0_4 .concat [ 28 0 0 0], L_000001b356704048;
L_000001b35678d9f0 .concat [ 4 28 0 0], LS_000001b35678d9f0_0_0, LS_000001b35678d9f0_0_4;
L_000001b35678ccd0 .concat [ 3 29 0 0], v000001b35636e250_0, L_000001b356704090;
L_000001b35678d130 .cmp/eq 2, L_000001b35678f110, L_000001b3567040d8;
L_000001b35678dc70 .cmp/eq 2, L_000001b35678f110, L_000001b356704120;
L_000001b35678d590 .concat [ 8 24 0 0], L_000001b35679fc10, L_000001b356704168;
L_000001b35678e8f0 .functor MUXZ 32, L_000001b35678d590, L_000001b35678ccd0, L_000001b35678dc70, C4<>;
L_000001b35678ec10 .functor MUXZ 32, L_000001b35678e8f0, L_000001b35678d9f0, L_000001b35678d130, C4<>;
L_000001b35678cd70 .part v000001b35636e250_0, 0, 1;
L_000001b35678e530 .reduce/nor L_000001b35678f1b0;
L_000001b35678df90 .part v000001b35636e250_0, 1, 1;
L_000001b35678dbd0 .part v000001b35636e250_0, 2, 1;
S_000001b356669d60 .scope module, "uart1" "UART" 3 143, 9 22 0, S_000001b35619d0e0;
 .timescale -9 -12;
    .port_info 0 /INPUT 1 "clk";
    .port_info 1 /INPUT 1 "rst";
    .port_info 2 /INPUT 1 "rx";
    .port_info 3 /OUTPUT 1 "tx";
    .port_info 4 /INPUT 1 "wr_en";
    .port_info 5 /INPUT 8 "wr_data";
    .port_info 6 /INPUT 1 "rd_data_en";
    .port_info 7 /INPUT 1 "ier_wr_en";
    .port_info 8 /INPUT 3 "ier_wr_data";
    .port_info 9 /INPUT 2 "reg_sel";
    .port_info 10 /OUTPUT 32 "rdata";
    .port_info 11 /OUTPUT 1 "irq";
P_000001b3560d29e0 .param/l "CLKS_PER_BIT" 0 9 23, +C4<00000000000000000000000000001000>;
P_000001b3560d2a18 .param/l "RX_DATA" 1 9 71, C4<10>;
P_000001b3560d2a50 .param/l "RX_IDLE" 1 9 71, C4<00>;
P_000001b3560d2a88 .param/l "RX_START" 1 9 71, C4<01>;
P_000001b3560d2ac0 .param/l "RX_STOP" 1 9 71, C4<11>;
P_000001b3560d2af8 .param/l "TX_DATA" 1 9 62, C4<10>;
P_000001b3560d2b30 .param/l "TX_IDLE" 1 9 62, C4<00>;
P_000001b3560d2b68 .param/l "TX_START" 1 9 62, C4<01>;
P_000001b3560d2ba0 .param/l "TX_STOP" 1 9 62, C4<11>;
L_000001b35679f900 .functor AND 1, L_000001b35678d4f0, L_000001b35678ecb0, C4<1>, C4<1>;
L_000001b35679fac0 .functor AND 1, L_000001b35678ed50, L_000001b35678da90, C4<1>, C4<1>;
L_000001b35679fb30 .functor AND 1, L_000001b35679fac0, L_000001b35678db30, C4<1>, C4<1>;
L_000001b3567a9030 .functor BUFZ 8, L_000001b35678dd10, C4<00000000>, C4<00000000>, C4<00000000>;
L_000001b3567a9c70 .functor AND 1, L_000001b35678e7b0, L_000001b35678e210, C4<1>, C4<1>;
L_000001b3567aa840 .functor AND 1, L_000001b356791370, L_000001b356790b50, C4<1>, C4<1>;
L_000001b3567a96c0 .functor AND 1, L_000001b356791190, L_000001b3567a9c70, C4<1>, C4<1>;
L_000001b3567a93b0 .functor OR 1, L_000001b3567aa840, L_000001b3567a96c0, C4<0>, C4<0>;
L_000001b3567a9b20 .functor AND 1, L_000001b356790e70, L_000001b35678d3b0, C4<1>, C4<1>;
L_000001b3567aa140 .functor OR 1, L_000001b3567a93b0, L_000001b3567a9b20, C4<0>, C4<0>;
L_000001b356704288 .functor BUFT 1, C4<1000>, C4<0>, C4<0>, C4<0>;
v000001b35666b500_0 .net/2u *"_ivl_0", 3 0, L_000001b356704288;  1 drivers
v000001b35666bbe0_0 .net *"_ivl_100", 0 0, L_000001b3567a9b20;  1 drivers
L_000001b356704360 .functor BUFT 1, C4<0000>, C4<0>, C4<0>, C4<0>;
v000001b35666bb40_0 .net/2u *"_ivl_12", 3 0, L_000001b356704360;  1 drivers
L_000001b3567043a8 .functor BUFT 1, C4<00>, C4<0>, C4<0>, C4<0>;
v000001b35666b0a0_0 .net/2u *"_ivl_16", 1 0, L_000001b3567043a8;  1 drivers
v000001b35666cb80_0 .net *"_ivl_18", 0 0, L_000001b35678d4f0;  1 drivers
v000001b35666cd60_0 .net *"_ivl_21", 0 0, L_000001b35678ecb0;  1 drivers
L_000001b3567043f0 .functor BUFT 1, C4<11>, C4<0>, C4<0>, C4<0>;
v000001b35666af60_0 .net/2u *"_ivl_24", 1 0, L_000001b3567043f0;  1 drivers
v000001b35666c040_0 .net *"_ivl_26", 0 0, L_000001b35678ed50;  1 drivers
v000001b35666b460_0 .net *"_ivl_28", 31 0, L_000001b35678d950;  1 drivers
L_000001b356704438 .functor BUFT 1, C4<0000000000000000>, C4<0>, C4<0>, C4<0>;
v000001b35666c540_0 .net *"_ivl_31", 15 0, L_000001b356704438;  1 drivers
L_000001b356704480 .functor BUFT 1, C4<00000000000000000000000000000111>, C4<0>, C4<0>, C4<0>;
v000001b35666ce00_0 .net/2u *"_ivl_32", 31 0, L_000001b356704480;  1 drivers
v000001b35666c9a0_0 .net *"_ivl_34", 0 0, L_000001b35678da90;  1 drivers
v000001b35666b000_0 .net *"_ivl_37", 0 0, L_000001b35679fac0;  1 drivers
v000001b35666a7e0_0 .net *"_ivl_39", 0 0, L_000001b35678db30;  1 drivers
L_000001b3567042d0 .functor BUFT 1, C4<0000>, C4<0>, C4<0>, C4<0>;
v000001b35666c680_0 .net/2u *"_ivl_4", 3 0, L_000001b3567042d0;  1 drivers
v000001b35666bc80_0 .net *"_ivl_44", 7 0, L_000001b35678dd10;  1 drivers
v000001b35666a880_0 .net *"_ivl_46", 4 0, L_000001b35678e170;  1 drivers
L_000001b3567044c8 .functor BUFT 1, C4<00>, C4<0>, C4<0>, C4<0>;
v000001b35666b5a0_0 .net *"_ivl_49", 1 0, L_000001b3567044c8;  1 drivers
L_000001b356704510 .functor BUFT 1, C4<00>, C4<0>, C4<0>, C4<0>;
v000001b35666b1e0_0 .net/2u *"_ivl_52", 1 0, L_000001b356704510;  1 drivers
v000001b35666b960_0 .net *"_ivl_54", 0 0, L_000001b35678e210;  1 drivers
L_000001b356704558 .functor BUFT 1, C4<0000000000000000000000000000>, C4<0>, C4<0>, C4<0>;
v000001b35666c0e0_0 .net/2u *"_ivl_58", 27 0, L_000001b356704558;  1 drivers
v000001b35666b820_0 .net *"_ivl_61", 0 0, L_000001b35678e2b0;  1 drivers
v000001b35666ba00_0 .net *"_ivl_63", 0 0, L_000001b35678e5d0;  1 drivers
L_000001b3567045a0 .functor BUFT 1, C4<00000000000000000000000000000>, C4<0>, C4<0>, C4<0>;
v000001b35666bdc0_0 .net/2u *"_ivl_66", 28 0, L_000001b3567045a0;  1 drivers
L_000001b3567045e8 .functor BUFT 1, C4<01>, C4<0>, C4<0>, C4<0>;
v000001b35666a920_0 .net/2u *"_ivl_70", 1 0, L_000001b3567045e8;  1 drivers
v000001b35666be60_0 .net *"_ivl_72", 0 0, L_000001b3567912d0;  1 drivers
L_000001b356704630 .functor BUFT 1, C4<10>, C4<0>, C4<0>, C4<0>;
v000001b35666ace0_0 .net/2u *"_ivl_74", 1 0, L_000001b356704630;  1 drivers
v000001b35666bf00_0 .net *"_ivl_76", 0 0, L_000001b356790bf0;  1 drivers
L_000001b356704678 .functor BUFT 1, C4<000000000000000000000000>, C4<0>, C4<0>, C4<0>;
v000001b35666ad80_0 .net/2u *"_ivl_78", 23 0, L_000001b356704678;  1 drivers
L_000001b356704318 .functor BUFT 1, C4<1000>, C4<0>, C4<0>, C4<0>;
v000001b35666bfa0_0 .net/2u *"_ivl_8", 3 0, L_000001b356704318;  1 drivers
v000001b35666da80_0 .net *"_ivl_80", 31 0, L_000001b356791550;  1 drivers
v000001b35666cfe0_0 .net *"_ivl_82", 31 0, L_000001b356790970;  1 drivers
v000001b35666e840_0 .net *"_ivl_87", 0 0, L_000001b356791370;  1 drivers
v000001b35666f100_0 .net *"_ivl_89", 0 0, L_000001b356790b50;  1 drivers
v000001b35666ed40_0 .net *"_ivl_90", 0 0, L_000001b3567aa840;  1 drivers
v000001b35666df80_0 .net *"_ivl_93", 0 0, L_000001b356791190;  1 drivers
v000001b35666d580_0 .net *"_ivl_94", 0 0, L_000001b3567a96c0;  1 drivers
v000001b35666d6c0_0 .net *"_ivl_96", 0 0, L_000001b3567a93b0;  1 drivers
v000001b35666d1c0_0 .net *"_ivl_99", 0 0, L_000001b356790e70;  1 drivers
v000001b35666f2e0_0 .net "clk", 0 0, v000001b3566ec070_0;  alias, 1 drivers
v000001b35666d8a0_0 .var "ier", 2 0;
v000001b35666d9e0_0 .net "ier_word", 31 0, L_000001b356791730;  1 drivers
v000001b35666e340_0 .net "ier_wr_data", 2 0, L_000001b35678f390;  1 drivers
v000001b35666d940_0 .net "ier_wr_en", 0 0, L_000001b3567aa8b0;  1 drivers
v000001b35666d260_0 .net "irq", 0 0, L_000001b3567aa140;  alias, 1 drivers
v000001b35666d080_0 .net "rd_data_en", 0 0, L_000001b3567a9500;  1 drivers
v000001b35666e7a0_0 .net "rdata", 31 0, L_000001b3567917d0;  alias, 1 drivers
v000001b35666ef20_0 .net "reg_sel", 1 0, L_000001b35678f110;  alias, 1 drivers
v000001b35666e660_0 .net "rst", 0 0, v000001b3566eb030_0;  alias, 1 drivers
v000001b35666f1a0_0 .net "rx", 0 0, L_000001b35678fbb0;  1 drivers
v000001b35666e8e0_0 .var "rx_baud", 15 0;
v000001b35666e980_0 .var "rx_bit", 2 0;
v000001b35666f600_0 .var "rx_cnt", 3 0;
v000001b35666d300_0 .net "rx_empty", 0 0, L_000001b35678e0d0;  1 drivers
v000001b35666db20_0 .net "rx_full", 0 0, L_000001b35678d3b0;  1 drivers
v000001b35666d3a0_0 .net "rx_head", 7 0, L_000001b3567a9030;  1 drivers
v000001b35666ea20_0 .net "rx_push", 0 0, L_000001b35679fb30;  1 drivers
v000001b35666ec00_0 .var "rx_rd", 2 0;
v000001b35666dbc0_0 .var "rx_s1", 0 0;
v000001b35666d440_0 .var "rx_s2", 0 0;
v000001b35666eb60_0 .var "rx_shift", 7 0;
v000001b35666e700_0 .var "rx_state", 1 0;
v000001b35666d620_0 .var "rx_wr", 2 0;
v000001b35666d4e0 .array "rxbuf", 7 0, 7 0;
v000001b35666d760_0 .net "status", 31 0, L_000001b3567906f0;  1 drivers
v000001b35666e020_0 .net "tx", 0 0, v000001b35666f420_0;  1 drivers
v000001b35666cf40_0 .var "tx_baud", 15 0;
v000001b35666dc60_0 .var "tx_bit", 2 0;
v000001b35666e3e0_0 .var "tx_cnt", 3 0;
v000001b35666f240_0 .net "tx_empty", 0 0, L_000001b35678e7b0;  1 drivers
v000001b35666de40_0 .net "tx_full", 0 0, L_000001b35678d270;  1 drivers
v000001b35666f380_0 .net "tx_idle_empty", 0 0, L_000001b3567a9c70;  1 drivers
v000001b35666f420_0 .var "tx_line", 0 0;
v000001b35666f6a0_0 .net "tx_pop", 0 0, L_000001b35679f900;  1 drivers
v000001b35666eca0_0 .var "tx_rd", 2 0;
v000001b35666d800_0 .var "tx_shift", 7 0;
v000001b35666f4c0_0 .var "tx_state", 1 0;
v000001b35666eac0_0 .var "tx_wr", 2 0;
v000001b35666ede0 .array "txbuf", 7 0, 7 0;
v000001b35666efc0_0 .net "wr_data", 7 0, L_000001b356790c90;  1 drivers
v000001b35666dd00_0 .net "wr_en", 0 0, L_000001b3567aa370;  1 drivers
L_000001b35678d270 .cmp/eq 4, v000001b35666e3e0_0, L_000001b356704288;
L_000001b35678e7b0 .cmp/eq 4, v000001b35666e3e0_0, L_000001b3567042d0;
L_000001b35678d3b0 .cmp/eq 4, v000001b35666f600_0, L_000001b356704318;
L_000001b35678e0d0 .cmp/eq 4, v000001b35666f600_0, L_000001b356704360;
L_000001b35678d4f0 .cmp/eq 2, v000001b35666f4c0_0, L_000001b3567043a8;
L_000001b35678ecb0 .reduce/nor L_000001b35678e7b0;
L_000001b35678ed50 .cmp/eq 2, v000001b35666e700_0, L_000001b3567043f0;
L_000001b35678d950 .concat [ 16 16 0 0], v000001b35666e8e0_0, L_000001b356704438;
L_000001b35678da90 .cmp/eq 32, L_000001b35678d950, L_000001b356704480;
L_000001b35678db30 .reduce/nor L_000001b35678d3b0;
L_000001b35678dd10 .array/port v000001b35666d4e0, L_000001b35678e170;
L_000001b35678e170 .concat [ 3 2 0 0], v000001b35666ec00_0, L_000001b3567044c8;
L_000001b35678e210 .cmp/eq 2, v000001b35666f4c0_0, L_000001b356704510;
L_000001b35678e2b0 .reduce/nor L_000001b35678e0d0;
L_000001b35678e5d0 .reduce/nor L_000001b35678d270;
LS_000001b3567906f0_0_0 .concat [ 1 1 1 1], L_000001b35678e5d0, L_000001b3567a9c70, L_000001b35678e2b0, L_000001b35678d3b0;
LS_000001b3567906f0_0_4 .concat [ 28 0 0 0], L_000001b356704558;
L_000001b3567906f0 .concat [ 4 28 0 0], LS_000001b3567906f0_0_0, LS_000001b3567906f0_0_4;
L_000001b356791730 .concat [ 3 29 0 0], v000001b35666d8a0_0, L_000001b3567045a0;
L_000001b3567912d0 .cmp/eq 2, L_000001b35678f110, L_000001b3567045e8;
L_000001b356790bf0 .cmp/eq 2, L_000001b35678f110, L_000001b356704630;
L_000001b356791550 .concat [ 8 24 0 0], L_000001b3567a9030, L_000001b356704678;
L_000001b356790970 .functor MUXZ 32, L_000001b356791550, L_000001b356791730, L_000001b356790bf0, C4<>;
L_000001b3567917d0 .functor MUXZ 32, L_000001b356790970, L_000001b3567906f0, L_000001b3567912d0, C4<>;
L_000001b356791370 .part v000001b35666d8a0_0, 0, 1;
L_000001b356790b50 .reduce/nor L_000001b35678e0d0;
L_000001b356791190 .part v000001b35666d8a0_0, 1, 1;
L_000001b356790e70 .part v000001b35666d8a0_0, 2, 1;
S_000001b3566698b0 .scope module, "uart2" "UART" 3 150, 9 22 0, S_000001b35619d0e0;
 .timescale -9 -12;
    .port_info 0 /INPUT 1 "clk";
    .port_info 1 /INPUT 1 "rst";
    .port_info 2 /INPUT 1 "rx";
    .port_info 3 /OUTPUT 1 "tx";
    .port_info 4 /INPUT 1 "wr_en";
    .port_info 5 /INPUT 8 "wr_data";
    .port_info 6 /INPUT 1 "rd_data_en";
    .port_info 7 /INPUT 1 "ier_wr_en";
    .port_info 8 /INPUT 3 "ier_wr_data";
    .port_info 9 /INPUT 2 "reg_sel";
    .port_info 10 /OUTPUT 32 "rdata";
    .port_info 11 /OUTPUT 1 "irq";
P_000001b3566726f0 .param/l "CLKS_PER_BIT" 0 9 23, +C4<00000000000000000000000000001000>;
P_000001b356672728 .param/l "RX_DATA" 1 9 71, C4<10>;
P_000001b356672760 .param/l "RX_IDLE" 1 9 71, C4<00>;
P_000001b356672798 .param/l "RX_START" 1 9 71, C4<01>;
P_000001b3566727d0 .param/l "RX_STOP" 1 9 71, C4<11>;
P_000001b356672808 .param/l "TX_DATA" 1 9 62, C4<10>;
P_000001b356672840 .param/l "TX_IDLE" 1 9 62, C4<00>;
P_000001b356672878 .param/l "TX_START" 1 9 62, C4<01>;
P_000001b3566728b0 .param/l "TX_STOP" 1 9 62, C4<11>;
L_000001b3567a8fc0 .functor AND 1, L_000001b3567919b0, L_000001b356791230, C4<1>, C4<1>;
L_000001b3567a9730 .functor AND 1, L_000001b356790470, L_000001b356791410, C4<1>, C4<1>;
L_000001b3567a9110 .functor AND 1, L_000001b3567a9730, L_000001b356790330, C4<1>, C4<1>;
L_000001b3567a9260 .functor BUFZ 8, L_000001b35678fc50, C4<00000000>, C4<00000000>, C4<00000000>;
L_000001b3567a8e70 .functor AND 1, L_000001b35678f750, L_000001b356790d30, C4<1>, C4<1>;
L_000001b3567aa3e0 .functor AND 1, L_000001b35678f2f0, L_000001b3567908d0, C4<1>, C4<1>;
L_000001b3567a9570 .functor AND 1, L_000001b35678f430, L_000001b3567a8e70, C4<1>, C4<1>;
L_000001b3567a9e30 .functor OR 1, L_000001b3567aa3e0, L_000001b3567a9570, C4<0>, C4<0>;
L_000001b3567aa610 .functor AND 1, L_000001b356791690, L_000001b35678f610, C4<1>, C4<1>;
L_000001b3567a9b90 .functor OR 1, L_000001b3567a9e30, L_000001b3567aa610, C4<0>, C4<0>;
L_000001b356704798 .functor BUFT 1, C4<1000>, C4<0>, C4<0>, C4<0>;
v000001b35666ee80_0 .net/2u *"_ivl_0", 3 0, L_000001b356704798;  1 drivers
v000001b35666d120_0 .net *"_ivl_100", 0 0, L_000001b3567aa610;  1 drivers
L_000001b356704870 .functor BUFT 1, C4<0000>, C4<0>, C4<0>, C4<0>;
v000001b35666e5c0_0 .net/2u *"_ivl_12", 3 0, L_000001b356704870;  1 drivers
L_000001b3567048b8 .functor BUFT 1, C4<00>, C4<0>, C4<0>, C4<0>;
v000001b35666f060_0 .net/2u *"_ivl_16", 1 0, L_000001b3567048b8;  1 drivers
v000001b35666e0c0_0 .net *"_ivl_18", 0 0, L_000001b3567919b0;  1 drivers
v000001b35666dda0_0 .net *"_ivl_21", 0 0, L_000001b356791230;  1 drivers
L_000001b356704900 .functor BUFT 1, C4<11>, C4<0>, C4<0>, C4<0>;
v000001b35666dee0_0 .net/2u *"_ivl_24", 1 0, L_000001b356704900;  1 drivers
v000001b35666f560_0 .net *"_ivl_26", 0 0, L_000001b356790470;  1 drivers
v000001b35666e160_0 .net *"_ivl_28", 31 0, L_000001b356790830;  1 drivers
L_000001b356704948 .functor BUFT 1, C4<0000000000000000>, C4<0>, C4<0>, C4<0>;
v000001b35666e480_0 .net *"_ivl_31", 15 0, L_000001b356704948;  1 drivers
L_000001b356704990 .functor BUFT 1, C4<00000000000000000000000000000111>, C4<0>, C4<0>, C4<0>;
v000001b35666e200_0 .net/2u *"_ivl_32", 31 0, L_000001b356704990;  1 drivers
v000001b35666e2a0_0 .net *"_ivl_34", 0 0, L_000001b356791410;  1 drivers
v000001b35666e520_0 .net *"_ivl_37", 0 0, L_000001b3567a9730;  1 drivers
v000001b35666f9c0_0 .net *"_ivl_39", 0 0, L_000001b356790330;  1 drivers
L_000001b3567047e0 .functor BUFT 1, C4<0000>, C4<0>, C4<0>, C4<0>;
v000001b35666f880_0 .net/2u *"_ivl_4", 3 0, L_000001b3567047e0;  1 drivers
v000001b356671cc0_0 .net *"_ivl_44", 7 0, L_000001b35678fc50;  1 drivers
v000001b3566712c0_0 .net *"_ivl_46", 4 0, L_000001b3567901f0;  1 drivers
L_000001b3567049d8 .functor BUFT 1, C4<00>, C4<0>, C4<0>, C4<0>;
v000001b3566719a0_0 .net *"_ivl_49", 1 0, L_000001b3567049d8;  1 drivers
L_000001b356704a20 .functor BUFT 1, C4<00>, C4<0>, C4<0>, C4<0>;
v000001b356671720_0 .net/2u *"_ivl_52", 1 0, L_000001b356704a20;  1 drivers
v000001b356671400_0 .net *"_ivl_54", 0 0, L_000001b356790d30;  1 drivers
L_000001b356704a68 .functor BUFT 1, C4<0000000000000000000000000000>, C4<0>, C4<0>, C4<0>;
v000001b356671e00_0 .net/2u *"_ivl_58", 27 0, L_000001b356704a68;  1 drivers
v000001b35666fa60_0 .net *"_ivl_61", 0 0, L_000001b35678f7f0;  1 drivers
v000001b3566701e0_0 .net *"_ivl_63", 0 0, L_000001b35678fb10;  1 drivers
L_000001b356704ab0 .functor BUFT 1, C4<00000000000000000000000000000>, C4<0>, C4<0>, C4<0>;
v000001b35666fb00_0 .net/2u *"_ivl_66", 28 0, L_000001b356704ab0;  1 drivers
L_000001b356704af8 .functor BUFT 1, C4<01>, C4<0>, C4<0>, C4<0>;
v000001b356671180_0 .net/2u *"_ivl_70", 1 0, L_000001b356704af8;  1 drivers
v000001b356671d60_0 .net *"_ivl_72", 0 0, L_000001b356790790;  1 drivers
L_000001b356704b40 .functor BUFT 1, C4<10>, C4<0>, C4<0>, C4<0>;
v000001b356670280_0 .net/2u *"_ivl_74", 1 0, L_000001b356704b40;  1 drivers
v000001b35666fe20_0 .net *"_ivl_76", 0 0, L_000001b3567914b0;  1 drivers
L_000001b356704b88 .functor BUFT 1, C4<000000000000000000000000>, C4<0>, C4<0>, C4<0>;
v000001b3566703c0_0 .net/2u *"_ivl_78", 23 0, L_000001b356704b88;  1 drivers
L_000001b356704828 .functor BUFT 1, C4<1000>, C4<0>, C4<0>, C4<0>;
v000001b35666f740_0 .net/2u *"_ivl_8", 3 0, L_000001b356704828;  1 drivers
v000001b356671c20_0 .net *"_ivl_80", 31 0, L_000001b35678f4d0;  1 drivers
v000001b35666fce0_0 .net *"_ivl_82", 31 0, L_000001b3567915f0;  1 drivers
v000001b356671ea0_0 .net *"_ivl_87", 0 0, L_000001b35678f2f0;  1 drivers
v000001b356670be0_0 .net *"_ivl_89", 0 0, L_000001b3567908d0;  1 drivers
v000001b356671360_0 .net *"_ivl_90", 0 0, L_000001b3567aa3e0;  1 drivers
v000001b35666f920_0 .net *"_ivl_93", 0 0, L_000001b35678f430;  1 drivers
v000001b3566714a0_0 .net *"_ivl_94", 0 0, L_000001b3567a9570;  1 drivers
v000001b3566708c0_0 .net *"_ivl_96", 0 0, L_000001b3567a9e30;  1 drivers
v000001b356671220_0 .net *"_ivl_99", 0 0, L_000001b356791690;  1 drivers
v000001b3566706e0_0 .net "clk", 0 0, v000001b3566ec070_0;  alias, 1 drivers
v000001b35666f7e0_0 .var "ier", 2 0;
v000001b356670aa0_0 .net "ier_word", 31 0, L_000001b356791050;  1 drivers
v000001b356670320_0 .net "ier_wr_data", 2 0, L_000001b356791910;  1 drivers
v000001b35666fc40_0 .net "ier_wr_en", 0 0, L_000001b3567aa4c0;  1 drivers
v000001b356671540_0 .net "irq", 0 0, L_000001b3567a9b90;  alias, 1 drivers
v000001b3566717c0_0 .net "rd_data_en", 0 0, L_000001b3567aa1b0;  1 drivers
v000001b356670f00_0 .net "rdata", 31 0, L_000001b356791870;  alias, 1 drivers
v000001b356671040_0 .net "reg_sel", 1 0, L_000001b35678f110;  alias, 1 drivers
v000001b35666fd80_0 .net "rst", 0 0, v000001b3566eb030_0;  alias, 1 drivers
v000001b356671ae0_0 .net "rx", 0 0, L_000001b35678f6b0;  1 drivers
v000001b356671a40_0 .var "rx_baud", 15 0;
v000001b35666fba0_0 .var "rx_bit", 2 0;
v000001b356670dc0_0 .var "rx_cnt", 3 0;
v000001b356671680_0 .net "rx_empty", 0 0, L_000001b35678f570;  1 drivers
v000001b35666fec0_0 .net "rx_full", 0 0, L_000001b35678f610;  1 drivers
v000001b35666ff60_0 .net "rx_head", 7 0, L_000001b3567a9260;  1 drivers
v000001b356670000_0 .net "rx_push", 0 0, L_000001b3567a9110;  1 drivers
v000001b3566700a0_0 .var "rx_rd", 2 0;
v000001b356670b40_0 .var "rx_s1", 0 0;
v000001b3566715e0_0 .var "rx_s2", 0 0;
v000001b3566710e0_0 .var "rx_shift", 7 0;
v000001b356670460_0 .var "rx_state", 1 0;
v000001b356670780_0 .var "rx_wr", 2 0;
v000001b356671b80 .array "rxbuf", 7 0, 7 0;
v000001b356670500_0 .net "status", 31 0, L_000001b356790fb0;  1 drivers
v000001b356670820_0 .net "tx", 0 0, v000001b356670640_0;  1 drivers
v000001b356671860_0 .var "tx_baud", 15 0;
v000001b3566705a0_0 .var "tx_bit", 2 0;
v000001b356670140_0 .var "tx_cnt", 3 0;
v000001b356670c80_0 .net "tx_empty", 0 0, L_000001b35678f750;  1 drivers
v000001b356670d20_0 .net "tx_full", 0 0, L_000001b356790290;  1 drivers
v000001b356671900_0 .net "tx_idle_empty", 0 0, L_000001b3567a8e70;  1 drivers
v000001b356670640_0 .var "tx_line", 0 0;
v000001b356670960_0 .net "tx_pop", 0 0, L_000001b3567a8fc0;  1 drivers
v000001b356670a00_0 .var "tx_rd", 2 0;
v000001b356670e60_0 .var "tx_shift", 7 0;
v000001b356670fa0_0 .var "tx_state", 1 0;
v000001b356672120_0 .var "tx_wr", 2 0;
v000001b3566723a0 .array "txbuf", 7 0, 7 0;
v000001b356672440_0 .net "wr_data", 7 0, L_000001b356790dd0;  1 drivers
v000001b3566724e0_0 .net "wr_en", 0 0, L_000001b3567a9180;  1 drivers
L_000001b356790290 .cmp/eq 4, v000001b356670140_0, L_000001b356704798;
L_000001b35678f750 .cmp/eq 4, v000001b356670140_0, L_000001b3567047e0;
L_000001b35678f610 .cmp/eq 4, v000001b356670dc0_0, L_000001b356704828;
L_000001b35678f570 .cmp/eq 4, v000001b356670dc0_0, L_000001b356704870;
L_000001b3567919b0 .cmp/eq 2, v000001b356670fa0_0, L_000001b3567048b8;
L_000001b356791230 .reduce/nor L_000001b35678f750;
L_000001b356790470 .cmp/eq 2, v000001b356670460_0, L_000001b356704900;
L_000001b356790830 .concat [ 16 16 0 0], v000001b356671a40_0, L_000001b356704948;
L_000001b356791410 .cmp/eq 32, L_000001b356790830, L_000001b356704990;
L_000001b356790330 .reduce/nor L_000001b35678f610;
L_000001b35678fc50 .array/port v000001b356671b80, L_000001b3567901f0;
L_000001b3567901f0 .concat [ 3 2 0 0], v000001b3566700a0_0, L_000001b3567049d8;
L_000001b356790d30 .cmp/eq 2, v000001b356670fa0_0, L_000001b356704a20;
L_000001b35678f7f0 .reduce/nor L_000001b35678f570;
L_000001b35678fb10 .reduce/nor L_000001b356790290;
LS_000001b356790fb0_0_0 .concat [ 1 1 1 1], L_000001b35678fb10, L_000001b3567a8e70, L_000001b35678f7f0, L_000001b35678f610;
LS_000001b356790fb0_0_4 .concat [ 28 0 0 0], L_000001b356704a68;
L_000001b356790fb0 .concat [ 4 28 0 0], LS_000001b356790fb0_0_0, LS_000001b356790fb0_0_4;
L_000001b356791050 .concat [ 3 29 0 0], v000001b35666f7e0_0, L_000001b356704ab0;
L_000001b356790790 .cmp/eq 2, L_000001b35678f110, L_000001b356704af8;
L_000001b3567914b0 .cmp/eq 2, L_000001b35678f110, L_000001b356704b40;
L_000001b35678f4d0 .concat [ 8 24 0 0], L_000001b3567a9260, L_000001b356704b88;
L_000001b3567915f0 .functor MUXZ 32, L_000001b35678f4d0, L_000001b356791050, L_000001b3567914b0, C4<>;
L_000001b356791870 .functor MUXZ 32, L_000001b3567915f0, L_000001b356790fb0, L_000001b356790790, C4<>;
L_000001b35678f2f0 .part v000001b35666f7e0_0, 0, 1;
L_000001b3567908d0 .reduce/nor L_000001b35678f570;
L_000001b35678f430 .part v000001b35666f7e0_0, 1, 1;
L_000001b356791690 .part v000001b35666f7e0_0, 2, 1;
S_000001b356669a40 .scope module, "uart3" "UART" 3 157, 9 22 0, S_000001b35619d0e0;
 .timescale -9 -12;
    .port_info 0 /INPUT 1 "clk";
    .port_info 1 /INPUT 1 "rst";
    .port_info 2 /INPUT 1 "rx";
    .port_info 3 /OUTPUT 1 "tx";
    .port_info 4 /INPUT 1 "wr_en";
    .port_info 5 /INPUT 8 "wr_data";
    .port_info 6 /INPUT 1 "rd_data_en";
    .port_info 7 /INPUT 1 "ier_wr_en";
    .port_info 8 /INPUT 3 "ier_wr_data";
    .port_info 9 /INPUT 2 "reg_sel";
    .port_info 10 /OUTPUT 32 "rdata";
    .port_info 11 /OUTPUT 1 "irq";
P_000001b356672d10 .param/l "CLKS_PER_BIT" 0 9 23, +C4<00000000000000000000000000001000>;
P_000001b356672d48 .param/l "RX_DATA" 1 9 71, C4<10>;
P_000001b356672d80 .param/l "RX_IDLE" 1 9 71, C4<00>;
P_000001b356672db8 .param/l "RX_START" 1 9 71, C4<01>;
P_000001b356672df0 .param/l "RX_STOP" 1 9 71, C4<11>;
P_000001b356672e28 .param/l "TX_DATA" 1 9 62, C4<10>;
P_000001b356672e60 .param/l "TX_IDLE" 1 9 62, C4<00>;
P_000001b356672e98 .param/l "TX_START" 1 9 62, C4<01>;
P_000001b356672ed0 .param/l "TX_STOP" 1 9 62, C4<11>;
L_000001b3567a95e0 .functor AND 1, L_000001b356791a50, L_000001b35678f890, C4<1>, C4<1>;
L_000001b3567a8d20 .functor AND 1, L_000001b35678f930, L_000001b35678fa70, C4<1>, C4<1>;
L_000001b3567a9880 .functor AND 1, L_000001b3567a8d20, L_000001b35678fd90, C4<1>, C4<1>;
L_000001b3567a9490 .functor BUFZ 8, L_000001b3567903d0, C4<00000000>, C4<00000000>, C4<00000000>;
L_000001b3567aa0d0 .functor AND 1, L_000001b3567910f0, L_000001b356790150, C4<1>, C4<1>;
L_000001b3567a9ce0 .functor AND 1, L_000001b356791b90, L_000001b356791af0, C4<1>, C4<1>;
L_000001b3567aa450 .functor AND 1, L_000001b356793850, L_000001b3567aa0d0, C4<1>, C4<1>;
L_000001b3567aa530 .functor OR 1, L_000001b3567a9ce0, L_000001b3567aa450, C4<0>, C4<0>;
L_000001b3567aa290 .functor AND 1, L_000001b356793c10, L_000001b35678fed0, C4<1>, C4<1>;
L_000001b3567a97a0 .functor OR 1, L_000001b3567aa530, L_000001b3567aa290, C4<0>, C4<0>;
L_000001b356704ca8 .functor BUFT 1, C4<1000>, C4<0>, C4<0>, C4<0>;
v000001b356671f40_0 .net/2u *"_ivl_0", 3 0, L_000001b356704ca8;  1 drivers
v000001b356672080_0 .net *"_ivl_100", 0 0, L_000001b3567aa290;  1 drivers
L_000001b356704d80 .functor BUFT 1, C4<0000>, C4<0>, C4<0>, C4<0>;
v000001b356672580_0 .net/2u *"_ivl_12", 3 0, L_000001b356704d80;  1 drivers
L_000001b356704dc8 .functor BUFT 1, C4<00>, C4<0>, C4<0>, C4<0>;
v000001b356672620_0 .net/2u *"_ivl_16", 1 0, L_000001b356704dc8;  1 drivers
v000001b356671fe0_0 .net *"_ivl_18", 0 0, L_000001b356791a50;  1 drivers
v000001b3566721c0_0 .net *"_ivl_21", 0 0, L_000001b35678f890;  1 drivers
L_000001b356704e10 .functor BUFT 1, C4<11>, C4<0>, C4<0>, C4<0>;
v000001b356672260_0 .net/2u *"_ivl_24", 1 0, L_000001b356704e10;  1 drivers
v000001b356672300_0 .net *"_ivl_26", 0 0, L_000001b35678f930;  1 drivers
v000001b356675b10_0 .net *"_ivl_28", 31 0, L_000001b35678f9d0;  1 drivers
L_000001b356704e58 .functor BUFT 1, C4<0000000000000000>, C4<0>, C4<0>, C4<0>;
v000001b3566740d0_0 .net *"_ivl_31", 15 0, L_000001b356704e58;  1 drivers
L_000001b356704ea0 .functor BUFT 1, C4<00000000000000000000000000000111>, C4<0>, C4<0>, C4<0>;
v000001b356673d10_0 .net/2u *"_ivl_32", 31 0, L_000001b356704ea0;  1 drivers
v000001b356673e50_0 .net *"_ivl_34", 0 0, L_000001b35678fa70;  1 drivers
v000001b3566751b0_0 .net *"_ivl_37", 0 0, L_000001b3567a8d20;  1 drivers
v000001b3566739f0_0 .net *"_ivl_39", 0 0, L_000001b35678fd90;  1 drivers
L_000001b356704cf0 .functor BUFT 1, C4<0000>, C4<0>, C4<0>, C4<0>;
v000001b356673db0_0 .net/2u *"_ivl_4", 3 0, L_000001b356704cf0;  1 drivers
v000001b356673ef0_0 .net *"_ivl_44", 7 0, L_000001b3567903d0;  1 drivers
v000001b356674c10_0 .net *"_ivl_46", 4 0, L_000001b35678ff70;  1 drivers
L_000001b356704ee8 .functor BUFT 1, C4<00>, C4<0>, C4<0>, C4<0>;
v000001b356674f30_0 .net *"_ivl_49", 1 0, L_000001b356704ee8;  1 drivers
L_000001b356704f30 .functor BUFT 1, C4<00>, C4<0>, C4<0>, C4<0>;
v000001b356674d50_0 .net/2u *"_ivl_52", 1 0, L_000001b356704f30;  1 drivers
v000001b356674cb0_0 .net *"_ivl_54", 0 0, L_000001b356790150;  1 drivers
L_000001b356704f78 .functor BUFT 1, C4<0000000000000000000000000000>, C4<0>, C4<0>, C4<0>;
v000001b3566733b0_0 .net/2u *"_ivl_58", 27 0, L_000001b356704f78;  1 drivers
v000001b356675570_0 .net *"_ivl_61", 0 0, L_000001b356790510;  1 drivers
v000001b356673f90_0 .net *"_ivl_63", 0 0, L_000001b3567905b0;  1 drivers
L_000001b356704fc0 .functor BUFT 1, C4<00000000000000000000000000000>, C4<0>, C4<0>, C4<0>;
v000001b3566736d0_0 .net/2u *"_ivl_66", 28 0, L_000001b356704fc0;  1 drivers
L_000001b356705008 .functor BUFT 1, C4<01>, C4<0>, C4<0>, C4<0>;
v000001b356675750_0 .net/2u *"_ivl_70", 1 0, L_000001b356705008;  1 drivers
v000001b356673b30_0 .net *"_ivl_72", 0 0, L_000001b356792c70;  1 drivers
L_000001b356705050 .functor BUFT 1, C4<10>, C4<0>, C4<0>, C4<0>;
v000001b3566752f0_0 .net/2u *"_ivl_74", 1 0, L_000001b356705050;  1 drivers
v000001b356674210_0 .net *"_ivl_76", 0 0, L_000001b356793ad0;  1 drivers
L_000001b356705098 .functor BUFT 1, C4<000000000000000000000000>, C4<0>, C4<0>, C4<0>;
v000001b356674e90_0 .net/2u *"_ivl_78", 23 0, L_000001b356705098;  1 drivers
L_000001b356704d38 .functor BUFT 1, C4<1000>, C4<0>, C4<0>, C4<0>;
v000001b356674fd0_0 .net/2u *"_ivl_8", 3 0, L_000001b356704d38;  1 drivers
v000001b356674ad0_0 .net *"_ivl_80", 31 0, L_000001b356791e10;  1 drivers
v000001b356673a90_0 .net *"_ivl_82", 31 0, L_000001b356791ff0;  1 drivers
v000001b356673810_0 .net *"_ivl_87", 0 0, L_000001b356791b90;  1 drivers
v000001b356674030_0 .net *"_ivl_89", 0 0, L_000001b356791af0;  1 drivers
v000001b356674490_0 .net *"_ivl_90", 0 0, L_000001b3567a9ce0;  1 drivers
v000001b356674990_0 .net *"_ivl_93", 0 0, L_000001b356793850;  1 drivers
v000001b356674df0_0 .net *"_ivl_94", 0 0, L_000001b3567aa450;  1 drivers
v000001b356675a70_0 .net *"_ivl_96", 0 0, L_000001b3567aa530;  1 drivers
v000001b356673450_0 .net *"_ivl_99", 0 0, L_000001b356793c10;  1 drivers
v000001b356674710_0 .net "clk", 0 0, v000001b3566ec070_0;  alias, 1 drivers
v000001b356675070_0 .var "ier", 2 0;
v000001b356674350_0 .net "ier_word", 31 0, L_000001b356793530;  1 drivers
v000001b356673630_0 .net "ier_wr_data", 2 0, L_000001b356792e50;  1 drivers
v000001b356675110_0 .net "ier_wr_en", 0 0, L_000001b3567aa5a0;  1 drivers
v000001b356673590_0 .net "irq", 0 0, L_000001b3567a97a0;  alias, 1 drivers
v000001b3566738b0_0 .net "rd_data_en", 0 0, L_000001b3567a9d50;  1 drivers
v000001b356675250_0 .net "rdata", 31 0, L_000001b356791f50;  alias, 1 drivers
v000001b356675890_0 .net "reg_sel", 1 0, L_000001b35678f110;  alias, 1 drivers
v000001b356673950_0 .net "rst", 0 0, v000001b3566eb030_0;  alias, 1 drivers
v000001b3566757f0_0 .net "rx", 0 0, L_000001b356792450;  1 drivers
v000001b356675390_0 .var "rx_baud", 15 0;
v000001b356675930_0 .var "rx_bit", 2 0;
v000001b356673770_0 .var "rx_cnt", 3 0;
v000001b356674530_0 .net "rx_empty", 0 0, L_000001b356790010;  1 drivers
v000001b356674a30_0 .net "rx_full", 0 0, L_000001b35678fed0;  1 drivers
v000001b356674170_0 .net "rx_head", 7 0, L_000001b3567a9490;  1 drivers
v000001b356673bd0_0 .net "rx_push", 0 0, L_000001b3567a9880;  1 drivers
v000001b3566759d0_0 .var "rx_rd", 2 0;
v000001b3566734f0_0 .var "rx_s1", 0 0;
v000001b356673c70_0 .var "rx_s2", 0 0;
v000001b356675430_0 .var "rx_shift", 7 0;
v000001b3566754d0_0 .var "rx_state", 1 0;
v000001b356675610_0 .var "rx_wr", 2 0;
v000001b3566756b0 .array "rxbuf", 7 0, 7 0;
v000001b3566742b0_0 .net "status", 31 0, L_000001b356792310;  1 drivers
v000001b3566743f0_0 .net "tx", 0 0, v000001b356676830_0;  1 drivers
v000001b3566745d0_0 .var "tx_baud", 15 0;
v000001b356674670_0 .var "tx_bit", 2 0;
v000001b3566747b0_0 .var "tx_cnt", 3 0;
v000001b356674850_0 .net "tx_empty", 0 0, L_000001b3567910f0;  1 drivers
v000001b3566748f0_0 .net "tx_full", 0 0, L_000001b35678fe30;  1 drivers
v000001b356674b70_0 .net "tx_idle_empty", 0 0, L_000001b3567aa0d0;  1 drivers
v000001b356676830_0 .var "tx_line", 0 0;
v000001b356676c90_0 .net "tx_pop", 0 0, L_000001b3567a95e0;  1 drivers
v000001b356677230_0 .var "tx_rd", 2 0;
v000001b356677af0_0 .var "tx_shift", 7 0;
v000001b356677910_0 .var "tx_state", 1 0;
v000001b356677cd0_0 .var "tx_wr", 2 0;
v000001b356675c50 .array "txbuf", 7 0, 7 0;
v000001b356677b90_0 .net "wr_data", 7 0, L_000001b356792090;  1 drivers
v000001b356677870_0 .net "wr_en", 0 0, L_000001b3567a8d90;  1 drivers
L_000001b35678fe30 .cmp/eq 4, v000001b3566747b0_0, L_000001b356704ca8;
L_000001b3567910f0 .cmp/eq 4, v000001b3566747b0_0, L_000001b356704cf0;
L_000001b35678fed0 .cmp/eq 4, v000001b356673770_0, L_000001b356704d38;
L_000001b356790010 .cmp/eq 4, v000001b356673770_0, L_000001b356704d80;
L_000001b356791a50 .cmp/eq 2, v000001b356677910_0, L_000001b356704dc8;
L_000001b35678f890 .reduce/nor L_000001b3567910f0;
L_000001b35678f930 .cmp/eq 2, v000001b3566754d0_0, L_000001b356704e10;
L_000001b35678f9d0 .concat [ 16 16 0 0], v000001b356675390_0, L_000001b356704e58;
L_000001b35678fa70 .cmp/eq 32, L_000001b35678f9d0, L_000001b356704ea0;
L_000001b35678fd90 .reduce/nor L_000001b35678fed0;
L_000001b3567903d0 .array/port v000001b3566756b0, L_000001b35678ff70;
L_000001b35678ff70 .concat [ 3 2 0 0], v000001b3566759d0_0, L_000001b356704ee8;
L_000001b356790150 .cmp/eq 2, v000001b356677910_0, L_000001b356704f30;
L_000001b356790510 .reduce/nor L_000001b356790010;
L_000001b3567905b0 .reduce/nor L_000001b35678fe30;
LS_000001b356792310_0_0 .concat [ 1 1 1 1], L_000001b3567905b0, L_000001b3567aa0d0, L_000001b356790510, L_000001b35678fed0;
LS_000001b356792310_0_4 .concat [ 28 0 0 0], L_000001b356704f78;
L_000001b356792310 .concat [ 4 28 0 0], LS_000001b356792310_0_0, LS_000001b356792310_0_4;
L_000001b356793530 .concat [ 3 29 0 0], v000001b356675070_0, L_000001b356704fc0;
L_000001b356792c70 .cmp/eq 2, L_000001b35678f110, L_000001b356705008;
L_000001b356793ad0 .cmp/eq 2, L_000001b35678f110, L_000001b356705050;
L_000001b356791e10 .concat [ 8 24 0 0], L_000001b3567a9490, L_000001b356705098;
L_000001b356791ff0 .functor MUXZ 32, L_000001b356791e10, L_000001b356793530, L_000001b356793ad0, C4<>;
L_000001b356791f50 .functor MUXZ 32, L_000001b356791ff0, L_000001b356792310, L_000001b356792c70, C4<>;
L_000001b356791b90 .part v000001b356675070_0, 0, 1;
L_000001b356791af0 .reduce/nor L_000001b356790010;
L_000001b356793850 .part v000001b356675070_0, 1, 1;
L_000001b356793c10 .part v000001b356675070_0, 2, 1;
S_000001b356669ef0 .scope module, "dut_loop" "TopLayer" 2 41, 3 44 0, S_000001b356610440;
 .timescale -9 -12;
    .port_info 0 /INPUT 1 "clk";
    .port_info 1 /INPUT 1 "rst";
    .port_info 2 /INPUT 1 "irq_external";
    .port_info 3 /INPUT 32 "gpio_in";
    .port_info 4 /OUTPUT 32 "gpio_out";
    .port_info 5 /INPUT 4 "uart_rx";
    .port_info 6 /OUTPUT 4 "uart_tx";
P_000001b356669bd0 .param/l "CLINT_MSIP" 1 3 56, C4<110000>;
P_000001b356669c08 .param/l "CLINT_MTIMECMPH" 1 3 58, C4<110010>;
P_000001b356669c40 .param/l "CLINT_MTIMECMPL" 1 3 57, C4<110001>;
P_000001b356669c78 .param/l "CLINT_MTIMEH" 1 3 60, C4<110100>;
P_000001b356669cb0 .param/l "CLINT_MTIMEL" 1 3 59, C4<110011>;
P_000001b356669ce8 .param/l "CLKS_PER_BIT" 0 3 45, +C4<00000000000000000000000000001000>;
P_000001b356669d20 .param/l "IRQ_SOURCE_SLOT" 1 3 61, C4<101000>;
L_000001b356703550 .functor BUFT 1, C4<0>, C4<0>, C4<0>, C4<0>;
L_000001b356758a20 .functor OR 1, L_000001b356703550, L_000001b356784f30, C4<0>, C4<0>;
L_000001b3567599e0 .functor OR 1, L_000001b356758a20, L_000001b3567a1810, C4<0>, C4<0>;
L_000001b3567597b0 .functor OR 1, L_000001b3567599e0, L_000001b3567a0a10, C4<0>, C4<0>;
L_000001b356759820 .functor OR 1, L_000001b3567597b0, L_000001b3567a0e70, C4<0>, C4<0>;
L_000001b356759c10 .functor OR 1, L_000001b356759820, L_000001b3567a2530, C4<0>, C4<0>;
L_000001b3567a1180 .functor AND 1, L_000001b356782c30, L_000001b356784c10, C4<1>, C4<1>;
L_000001b3567a19d0 .functor AND 1, L_000001b356785250, L_000001b356784cb0, C4<1>, C4<1>;
L_000001b3567a2220 .functor AND 1, L_000001b3567a1180, L_000001b356783130, C4<1>, C4<1>;
L_000001b3567a1b20 .functor AND 1, L_000001b3567a1180, L_000001b3567879b0, C4<1>, C4<1>;
L_000001b3567a1e30 .functor AND 1, L_000001b3567a19d0, L_000001b356786470, C4<1>, C4<1>;
L_000001b3567a0bd0 .functor AND 1, L_000001b3567a1180, L_000001b356786650, C4<1>, C4<1>;
L_000001b3567a07e0 .functor AND 1, L_000001b3567a1180, L_000001b356787690, C4<1>, C4<1>;
L_000001b3567a13b0 .functor AND 1, L_000001b3567a19d0, L_000001b356787730, C4<1>, C4<1>;
L_000001b3567a0930 .functor AND 1, L_000001b3567a1180, L_000001b356785430, C4<1>, C4<1>;
L_000001b3567a0ee0 .functor AND 1, L_000001b3567a1180, L_000001b3567886d0, C4<1>, C4<1>;
L_000001b3567a0f50 .functor AND 1, L_000001b3567a19d0, L_000001b356788b30, C4<1>, C4<1>;
L_000001b3567a1730 .functor AND 1, L_000001b3567a1180, L_000001b356788450, C4<1>, C4<1>;
L_000001b3567a25a0 .functor AND 1, L_000001b3567a1180, L_000001b356788130, C4<1>, C4<1>;
L_000001b3567a2610 .functor AND 1, L_000001b3567a19d0, L_000001b3567884f0, C4<1>, C4<1>;
L_000001b3567a2680 .functor AND 1, L_000001b3567a1180, L_000001b3567881d0, C4<1>, C4<1>;
v000001b356698aa0_0 .net *"_ivl_0", 0 0, L_000001b356758a20;  1 drivers
L_000001b356702aa0 .functor BUFT 1, C4<010110>, C4<0>, C4<0>, C4<0>;
v000001b3566994a0_0 .net/2u *"_ivl_102", 5 0, L_000001b356702aa0;  1 drivers
v000001b356699540_0 .net *"_ivl_104", 0 0, L_000001b356785430;  1 drivers
v000001b35669a8a0_0 .net *"_ivl_11", 23 0, L_000001b356783090;  1 drivers
L_000001b356702f20 .functor BUFT 1, C4<011000>, C4<0>, C4<0>, C4<0>;
v000001b35669a4e0_0 .net/2u *"_ivl_114", 5 0, L_000001b356702f20;  1 drivers
v000001b356699860_0 .net *"_ivl_116", 0 0, L_000001b3567886d0;  1 drivers
L_000001b356701e88 .functor BUFT 1, C4<111111111111111111111111>, C4<0>, C4<0>, C4<0>;
v000001b35669a580_0 .net/2u *"_ivl_12", 23 0, L_000001b356701e88;  1 drivers
L_000001b356702f68 .functor BUFT 1, C4<011000>, C4<0>, C4<0>, C4<0>;
v000001b35669ad00_0 .net/2u *"_ivl_122", 5 0, L_000001b356702f68;  1 drivers
v000001b35669a800_0 .net *"_ivl_124", 0 0, L_000001b356788b30;  1 drivers
L_000001b356702fb0 .functor BUFT 1, C4<011010>, C4<0>, C4<0>, C4<0>;
v000001b35669aee0_0 .net/2u *"_ivl_128", 5 0, L_000001b356702fb0;  1 drivers
v000001b35669b160_0 .net *"_ivl_130", 0 0, L_000001b356788450;  1 drivers
L_000001b356703430 .functor BUFT 1, C4<011100>, C4<0>, C4<0>, C4<0>;
v000001b35669a620_0 .net/2u *"_ivl_141", 5 0, L_000001b356703430;  1 drivers
v000001b356698b40_0 .net *"_ivl_143", 0 0, L_000001b356788130;  1 drivers
L_000001b356703478 .functor BUFT 1, C4<011100>, C4<0>, C4<0>, C4<0>;
v000001b35669a6c0_0 .net/2u *"_ivl_149", 5 0, L_000001b356703478;  1 drivers
v000001b356699900_0 .net *"_ivl_151", 0 0, L_000001b3567884f0;  1 drivers
L_000001b3567034c0 .functor BUFT 1, C4<011110>, C4<0>, C4<0>, C4<0>;
v000001b356698e60_0 .net/2u *"_ivl_155", 5 0, L_000001b3567034c0;  1 drivers
v000001b35669a760_0 .net *"_ivl_157", 0 0, L_000001b3567881d0;  1 drivers
L_000001b356703508 .functor BUFT 1, C4<000000000000000000000000000>, C4<0>, C4<0>, C4<0>;
v000001b356698f00_0 .net/2u *"_ivl_163", 26 0, L_000001b356703508;  1 drivers
v000001b35669a940_0 .net *"_ivl_17", 23 0, L_000001b356784350;  1 drivers
L_000001b356701ed0 .functor BUFT 1, C4<111111111111111111111111>, C4<0>, C4<0>, C4<0>;
v000001b356699d60_0 .net/2u *"_ivl_18", 23 0, L_000001b356701ed0;  1 drivers
v000001b35669a9e0_0 .net *"_ivl_2", 0 0, L_000001b3567599e0;  1 drivers
L_000001b356701f18 .functor BUFT 1, C4<111>, C4<0>, C4<0>, C4<0>;
v000001b356699360_0 .net/2u *"_ivl_26", 2 0, L_000001b356701f18;  1 drivers
v000001b356699040_0 .net *"_ivl_28", 0 0, L_000001b356784c10;  1 drivers
L_000001b356701f60 .functor BUFT 1, C4<111>, C4<0>, C4<0>, C4<0>;
v000001b356699400_0 .net/2u *"_ivl_32", 2 0, L_000001b356701f60;  1 drivers
v000001b356699b80_0 .net *"_ivl_34", 0 0, L_000001b356784cb0;  1 drivers
L_000001b356701fa8 .functor BUFT 1, C4<111>, C4<0>, C4<0>, C4<0>;
v000001b356699f40_0 .net/2u *"_ivl_38", 2 0, L_000001b356701fa8;  1 drivers
v000001b356698be0_0 .net *"_ivl_4", 0 0, L_000001b3567597b0;  1 drivers
L_000001b356701ff0 .functor BUFT 1, C4<001000>, C4<0>, C4<0>, C4<0>;
v000001b356699a40_0 .net/2u *"_ivl_48", 5 0, L_000001b356701ff0;  1 drivers
v000001b356699fe0_0 .net *"_ivl_50", 0 0, L_000001b356783130;  1 drivers
v000001b356699cc0_0 .net *"_ivl_6", 0 0, L_000001b356759820;  1 drivers
L_000001b356702500 .functor BUFT 1, C4<010000>, C4<0>, C4<0>, C4<0>;
v000001b356699ae0_0 .net/2u *"_ivl_62", 5 0, L_000001b356702500;  1 drivers
v000001b356699e00_0 .net *"_ivl_64", 0 0, L_000001b3567879b0;  1 drivers
L_000001b356702548 .functor BUFT 1, C4<010000>, C4<0>, C4<0>, C4<0>;
v000001b35669a080_0 .net/2u *"_ivl_70", 5 0, L_000001b356702548;  1 drivers
v000001b35669bde0_0 .net *"_ivl_72", 0 0, L_000001b356786470;  1 drivers
L_000001b356702590 .functor BUFT 1, C4<010010>, C4<0>, C4<0>, C4<0>;
v000001b35669d6e0_0 .net/2u *"_ivl_76", 5 0, L_000001b356702590;  1 drivers
v000001b35669b7a0_0 .net *"_ivl_78", 0 0, L_000001b356786650;  1 drivers
L_000001b356702a10 .functor BUFT 1, C4<010100>, C4<0>, C4<0>, C4<0>;
v000001b35669d000_0 .net/2u *"_ivl_88", 5 0, L_000001b356702a10;  1 drivers
v000001b35669d780_0 .net *"_ivl_90", 0 0, L_000001b356787690;  1 drivers
L_000001b356702a58 .functor BUFT 1, C4<010100>, C4<0>, C4<0>, C4<0>;
v000001b35669b660_0 .net/2u *"_ivl_96", 5 0, L_000001b356702a58;  1 drivers
v000001b35669cce0_0 .net *"_ivl_98", 0 0, L_000001b356787730;  1 drivers
v000001b35669b8e0_0 .net "bram_data_out", 31 0, v000001b35667ab10_0;  1 drivers
v000001b35669ca60_0 .net "bram_write_mode", 2 0, L_000001b3567843f0;  1 drivers
v000001b35669b840_0 .net "clk", 0 0, v000001b3566ec070_0;  alias, 1 drivers
v000001b35669c560_0 .net "cpu_irq_external", 0 0, L_000001b356759c10;  1 drivers
L_000001b356703598 .functor BUFT 1, C4<00000000000000000000000000000000>, C4<0>, C4<0>, C4<0>;
v000001b35669cba0_0 .net "gpio_in", 31 0, L_000001b356703598;  1 drivers
v000001b35669c1a0_0 .net "gpio_irq", 0 0, L_000001b356784f30;  1 drivers
v000001b35669d820_0 .net "gpio_out", 31 0, L_000001b3567a0850;  1 drivers
v000001b35669b980_0 .net "gpio_raddr", 3 0, L_000001b356782d70;  1 drivers
v000001b35669d8c0_0 .net "gpio_rdata", 31 0, v000001b356683030_0;  1 drivers
v000001b35669c740_0 .net "gpio_waddr", 3 0, L_000001b356783810;  1 drivers
v000001b35669d960_0 .net "gpio_we", 0 0, L_000001b3567a2220;  1 drivers
v000001b35669b480_0 .net "irq_external", 0 0, L_000001b356703550;  1 drivers
v000001b35669da00_0 .net "irq_source_word", 31 0, L_000001b3567889f0;  1 drivers
v000001b35669b2a0_0 .net "mem_data_in", 31 0, v000001b35667b470_0;  1 drivers
v000001b35669b340_0 .net "mem_data_out", 31 0, L_000001b356788a90;  1 drivers
v000001b35669c6a0_0 .net "mem_fetch_addr", 15 0, L_000001b356783bd0;  1 drivers
v000001b35669b520_0 .net "mem_instruction", 31 0, v000001b356678d10_0;  1 drivers
v000001b35669b5c0_0 .net "mem_read_addr", 31 0, v000001b35667ac50_0;  1 drivers
v000001b35669b3e0_0 .net "mem_read_mode", 2 0, v000001b35667d130_0;  1 drivers
v000001b35669ba20_0 .net "mem_write_addr", 31 0, v000001b35667c230_0;  1 drivers
v000001b35669bb60_0 .net "mem_write_mode", 2 0, v000001b35667abb0_0;  1 drivers
v000001b35669cb00_0 .var "mmio_read_data", 31 0;
v000001b35669cc40_0 .var "mmio_read_data_q", 31 0;
v000001b35669bac0_0 .net "mmio_read_en", 0 0, L_000001b3567a19d0;  1 drivers
v000001b35669b700_0 .net "mmio_read_slot", 5 0, L_000001b356783db0;  1 drivers
v000001b35669bf20_0 .net "mmio_write_en", 0 0, L_000001b3567a1180;  1 drivers
v000001b35669c380_0 .net "mmio_write_slot", 5 0, L_000001b356782cd0;  1 drivers
v000001b35669c7e0_0 .var "msip", 0 0;
v000001b35669d1e0_0 .var "mtime", 63 0;
v000001b35669d0a0_0 .var "mtimecmp", 63 0;
v000001b35669d3c0_0 .net "read_is_mmio", 0 0, L_000001b356785250;  1 drivers
v000001b35669bc00_0 .var "read_was_mmio", 0 0;
v000001b35669be80_0 .net "rst", 0 0, v000001b3566eb030_0;  alias, 1 drivers
v000001b35669d280_0 .net "soft_int", 0 0, v000001b35669c7e0_0;  1 drivers
v000001b35669bfc0_0 .net "timer_int", 0 0, L_000001b356788c70;  1 drivers
v000001b35669cd80_0 .net "uart_irq0", 0 0, L_000001b3567a1810;  1 drivers
v000001b35669d460_0 .net "uart_irq1", 0 0, L_000001b3567a0a10;  1 drivers
v000001b35669c060_0 .net "uart_irq2", 0 0, L_000001b3567a0e70;  1 drivers
v000001b35669d140_0 .net "uart_irq3", 0 0, L_000001b3567a2530;  1 drivers
v000001b35669bca0_0 .net "uart_rdata0", 31 0, L_000001b356786330;  1 drivers
v000001b35669c600_0 .net "uart_rdata1", 31 0, L_000001b3567870f0;  1 drivers
v000001b35669bd40_0 .net "uart_rdata2", 31 0, L_000001b356789530;  1 drivers
v000001b35669c100_0 .net "uart_rdata3", 31 0, L_000001b356787f50;  1 drivers
v000001b35669c880_0 .net "uart_reg_sel", 1 0, L_000001b356782e10;  1 drivers
v000001b35669d500_0 .net "uart_rx", 3 0, L_000001b3567890d0;  1 drivers
v000001b35669d320_0 .net "uart_tx", 3 0, L_000001b356787c30;  alias, 1 drivers
v000001b35669c240_0 .net "write_is_mmio", 0 0, L_000001b356782c30;  1 drivers
E_000001b3565da230/0 .event anyedge, v000001b35669b700_0, v000001b356683030_0, v000001b35669dc80_0, v000001b3566a1420_0;
E_000001b3565da230/1 .event anyedge, v000001b3566a6ba0_0, v000001b3566a80e0_0, v000001b35669da00_0, v000001b35669c7e0_0;
E_000001b3565da230/2 .event anyedge, v000001b35669d0a0_0, v000001b35669d1e0_0;
E_000001b3565da230 .event/or E_000001b3565da230/0, E_000001b3565da230/1, E_000001b3565da230/2;
L_000001b356783090 .part v000001b35667ac50_0, 8, 24;
L_000001b356785250 .cmp/eq 24, L_000001b356783090, L_000001b356701e88;
L_000001b356784350 .part v000001b35667c230_0, 8, 24;
L_000001b356782c30 .cmp/eq 24, L_000001b356784350, L_000001b356701ed0;
L_000001b356783db0 .part v000001b35667ac50_0, 2, 6;
L_000001b356782cd0 .part v000001b35667c230_0, 2, 6;
L_000001b356784c10 .cmp/ne 3, v000001b35667abb0_0, L_000001b356701f18;
L_000001b356784cb0 .cmp/ne 3, v000001b35667d130_0, L_000001b356701f60;
L_000001b3567843f0 .functor MUXZ 3, v000001b35667abb0_0, L_000001b356701fa8, L_000001b356782c30, C4<>;
L_000001b356784d50 .part v000001b35667c230_0, 0, 16;
L_000001b356783590 .part v000001b35667ac50_0, 0, 16;
L_000001b356783810 .part L_000001b356782cd0, 0, 4;
L_000001b356783130 .cmp/ge 6, L_000001b356701ff0, L_000001b356782cd0;
L_000001b356782d70 .part L_000001b356783db0, 0, 4;
L_000001b356782e10 .part L_000001b356783db0, 0, 2;
L_000001b356785e30 .part L_000001b3567890d0, 0, 1;
L_000001b3567879b0 .cmp/eq 6, L_000001b356782cd0, L_000001b356702500;
L_000001b356787a50 .part v000001b35667b470_0, 0, 8;
L_000001b356786470 .cmp/eq 6, L_000001b356783db0, L_000001b356702548;
L_000001b356786650 .cmp/eq 6, L_000001b356782cd0, L_000001b356702590;
L_000001b356786b50 .part v000001b35667b470_0, 0, 3;
L_000001b356787370 .part L_000001b3567890d0, 1, 1;
L_000001b356787690 .cmp/eq 6, L_000001b356782cd0, L_000001b356702a10;
L_000001b356787550 .part v000001b35667b470_0, 0, 8;
L_000001b356787730 .cmp/eq 6, L_000001b356783db0, L_000001b356702a58;
L_000001b356785430 .cmp/eq 6, L_000001b356782cd0, L_000001b356702aa0;
L_000001b3567854d0 .part v000001b35667b470_0, 0, 3;
L_000001b356787b90 .part L_000001b3567890d0, 2, 1;
L_000001b3567886d0 .cmp/eq 6, L_000001b356782cd0, L_000001b356702f20;
L_000001b356788810 .part v000001b35667b470_0, 0, 8;
L_000001b356788b30 .cmp/eq 6, L_000001b356783db0, L_000001b356702f68;
L_000001b356788450 .cmp/eq 6, L_000001b356782cd0, L_000001b356702fb0;
L_000001b356789710 .part v000001b35667b470_0, 0, 3;
L_000001b356788270 .part L_000001b3567890d0, 3, 1;
L_000001b356787c30 .concat8 [ 1 1 1 1], v000001b35669eb80_0, v000001b3566a4a80_0, v000001b3566a5700_0, v000001b356698c80_0;
L_000001b356788130 .cmp/eq 6, L_000001b356782cd0, L_000001b356703430;
L_000001b3567883b0 .part v000001b35667b470_0, 0, 8;
L_000001b3567884f0 .cmp/eq 6, L_000001b356783db0, L_000001b356703478;
L_000001b3567881d0 .cmp/eq 6, L_000001b356782cd0, L_000001b3567034c0;
L_000001b356788950 .part v000001b35667b470_0, 0, 3;
LS_000001b3567889f0_0_0 .concat [ 1 1 1 1], L_000001b356784f30, L_000001b3567a1810, L_000001b3567a0a10, L_000001b3567a0e70;
LS_000001b3567889f0_0_4 .concat [ 1 27 0 0], L_000001b3567a2530, L_000001b356703508;
L_000001b3567889f0 .concat [ 4 28 0 0], LS_000001b3567889f0_0_0, LS_000001b3567889f0_0_4;
L_000001b356788c70 .cmp/ge 64, v000001b35669d1e0_0, v000001b35669d0a0_0;
L_000001b356788a90 .functor MUXZ 32, v000001b35667ab10_0, v000001b35669cc40_0, v000001b35669bc00_0, C4<>;
S_000001b35666a080 .scope module, "bram" "BRAM" 3 107, 4 13 0, S_000001b356669ef0;
 .timescale -9 -12;
    .port_info 0 /INPUT 1 "clk";
    .port_info 1 /INPUT 16 "write_addr";
    .port_info 2 /INPUT 16 "read_addr";
    .port_info 3 /INPUT 16 "fetch_addr";
    .port_info 4 /INPUT 32 "data_in";
    .port_info 5 /INPUT 3 "write_mode";
    .port_info 6 /INPUT 3 "read_mode";
    .port_info 7 /OUTPUT 32 "data_out";
    .port_info 8 /OUTPUT 32 "instruction_out";
v000001b35667a430 .array "Mem", 0 65535, 7 0;
v000001b35667a4d0_0 .net "clk", 0 0, v000001b3566ec070_0;  alias, 1 drivers
v000001b35667a570_0 .net "data_in", 31 0, v000001b35667b470_0;  alias, 1 drivers
v000001b35667ab10_0 .var "data_out", 31 0;
v000001b3566786d0_0 .net "fetch_addr", 15 0, L_000001b356783bd0;  alias, 1 drivers
v000001b356678d10_0 .var "instruction_out", 31 0;
v000001b356679030_0 .net "read_addr", 15 0, L_000001b356783590;  1 drivers
v000001b356679990_0 .net "read_mode", 2 0, v000001b35667d130_0;  alias, 1 drivers
v000001b356678db0_0 .net "write_addr", 15 0, L_000001b356784d50;  1 drivers
v000001b3566784f0_0 .net "write_mode", 2 0, L_000001b3567843f0;  alias, 1 drivers
S_000001b356669720 .scope module, "cpu" "CPU" 3 81, 5 10 0, S_000001b356669ef0;
 .timescale -9 -12;
    .port_info 0 /INPUT 1 "clk";
    .port_info 1 /INPUT 1 "rst";
    .port_info 2 /INPUT 1 "irq_external";
    .port_info 3 /INPUT 1 "timer_int";
    .port_info 4 /INPUT 1 "soft_int";
    .port_info 5 /OUTPUT 16 "mem_fetch_addr";
    .port_info 6 /OUTPUT 32 "mem_read_addr";
    .port_info 7 /OUTPUT 32 "mem_write_addr";
    .port_info 8 /OUTPUT 32 "mem_data_in";
    .port_info 9 /OUTPUT 3 "mem_read_mode";
    .port_info 10 /OUTPUT 3 "mem_write_mode";
    .port_info 11 /INPUT 32 "mem_data_out";
    .port_info 12 /INPUT 32 "mem_instruction";
L_000001b356758a90 .functor BUFZ 32, v000001b356678d10_0, C4<00000000000000000000000000000000>, C4<00000000000000000000000000000000>, C4<00000000000000000000000000000000>;
L_000001b356758e80 .functor BUFZ 32, L_000001b356788a90, C4<00000000000000000000000000000000>, C4<00000000000000000000000000000000>, C4<00000000000000000000000000000000>;
L_000001b356758b70 .functor AND 1, L_000001b356785070, L_000001b3567836d0, C4<1>, C4<1>;
L_000001b356759970 .functor OR 1, L_000001b356783f90, L_000001b356759c10, C4<0>, C4<0>;
L_000001b356759ac0 .functor AND 1, L_000001b356758b70, L_000001b356759970, C4<1>, C4<1>;
L_000001b356759e40 .functor AND 1, L_000001b356782ff0, L_000001b356783c70, C4<1>, C4<1>;
L_000001b356759190 .functor OR 1, L_000001b356783310, v000001b35669c7e0_0, C4<0>, C4<0>;
L_000001b356758c50 .functor AND 1, L_000001b356759e40, L_000001b356759190, C4<1>, C4<1>;
L_000001b356758ef0 .functor AND 1, L_000001b356782af0, L_000001b356784fd0, C4<1>, C4<1>;
L_000001b356758fd0 .functor OR 1, L_000001b356784a30, L_000001b356788c70, C4<0>, C4<0>;
L_000001b356759040 .functor AND 1, L_000001b356758ef0, L_000001b356758fd0, C4<1>, C4<1>;
L_000001b356759200 .functor OR 1, L_000001b356759ac0, L_000001b356758c50, C4<0>, C4<0>;
L_000001b35675a770 .functor OR 1, L_000001b356759200, L_000001b356759040, C4<0>, C4<0>;
L_000001b35675a5b0 .functor AND 1, L_000001b356783b30, L_000001b3567838b0, C4<1>, C4<1>;
L_000001b35675a380 .functor AND 1, L_000001b35675a5b0, L_000001b3567848f0, C4<1>, C4<1>;
L_000001b35675a7e0 .functor AND 1, L_000001b35675a380, L_000001b356785110, C4<1>, C4<1>;
L_000001b35675a230 .functor AND 1, L_000001b35675a5b0, L_000001b356784df0, C4<1>, C4<1>;
L_000001b35675a1c0 .functor AND 1, L_000001b35675a230, L_000001b356783270, C4<1>, C4<1>;
L_000001b35675a3f0 .functor AND 1, L_000001b356784030, L_000001b3567842b0, C4<1>, C4<1>;
L_000001b35675a4d0 .functor BUFZ 32, v000001b35667fcf0_0, C4<00000000000000000000000000000000>, C4<00000000000000000000000000000000>, C4<00000000000000000000000000000000>;
L_000001b35675a2a0 .functor AND 1, L_000001b356783d10, L_000001b3567851b0, C4<1>, C4<1>;
L_000001b35675a690 .functor OR 1, v000001b356680650_0, v000001b356681050_0, C4<0>, C4<0>;
L_000001b35675a700 .functor OR 1, L_000001b35675a690, L_000001b356784ad0, C4<0>, C4<0>;
L_000001b3567a1500 .functor OR 1, L_000001b35675a700, L_000001b356784990, C4<0>, C4<0>;
L_000001b3567a11f0 .functor AND 1, L_000001b356784b70, v000001b35667f110_0, C4<1>, C4<1>;
L_000001b3567a1030 .functor OR 1, L_000001b3567a1500, L_000001b3567a11f0, C4<0>, C4<0>;
v000001b35667ca50_0 .net "BRAMInstruction", 31 0, L_000001b356780430;  1 drivers
v000001b35667b470_0 .var "BRAM_data_in", 31 0;
v000001b35667b010_0 .net "BRAM_data_out", 31 0, L_000001b356758e80;  1 drivers
v000001b35667d130_0 .var "BRAM_load_mode", 2 0;
v000001b35667ac50_0 .var "BRAM_read_addr", 31 0;
v000001b35667abb0_0 .var "BRAM_store_mode", 2 0;
v000001b35667c230_0 .var "BRAM_write_addr", 31 0;
v000001b35667caf0_0 .var "EX_csr_result", 31 0;
v000001b35667c910_0 .var "EX_result", 31 0;
v000001b35667acf0_0 .net "IF_instruction", 31 0, L_000001b356758a90;  1 drivers
v000001b35667b790_0 .var "PC", 31 0;
v000001b35667b8d0_0 .var "PC_decode", 31 0;
v000001b35667c4b0_0 .var "WB_rd_addr", 4 0;
v000001b35667b830_0 .var "WB_rd_data", 31 0;
v000001b35667bbf0_0 .var "WB_write_enable", 0 0;
v000001b35667cb90_0 .net *"_ivl_100", 0 0, L_000001b356759970;  1 drivers
v000001b35667b970_0 .net *"_ivl_105", 0 0, L_000001b356782ff0;  1 drivers
v000001b35667c050_0 .net *"_ivl_107", 0 0, L_000001b356783c70;  1 drivers
v000001b35667b650_0 .net *"_ivl_108", 0 0, L_000001b356759e40;  1 drivers
v000001b35667cc30_0 .net *"_ivl_111", 0 0, L_000001b356783310;  1 drivers
v000001b35667bab0_0 .net *"_ivl_112", 0 0, L_000001b356759190;  1 drivers
v000001b35667b290_0 .net *"_ivl_117", 0 0, L_000001b356782af0;  1 drivers
v000001b35667d310_0 .net *"_ivl_119", 0 0, L_000001b356784fd0;  1 drivers
v000001b35667b5b0_0 .net *"_ivl_120", 0 0, L_000001b356758ef0;  1 drivers
v000001b35667b6f0_0 .net *"_ivl_123", 0 0, L_000001b356784a30;  1 drivers
v000001b35667c550_0 .net *"_ivl_124", 0 0, L_000001b356758fd0;  1 drivers
v000001b35667c2d0_0 .net *"_ivl_128", 0 0, L_000001b356759200;  1 drivers
L_000001b356701b70 .functor BUFT 1, C4<11>, C4<0>, C4<0>, C4<0>;
v000001b35667b0b0_0 .net/2u *"_ivl_144", 1 0, L_000001b356701b70;  1 drivers
v000001b35667b330_0 .net *"_ivl_146", 0 0, L_000001b356783b30;  1 drivers
L_000001b356701bb8 .functor BUFT 1, C4<00000>, C4<0>, C4<0>, C4<0>;
v000001b35667cd70_0 .net/2u *"_ivl_148", 4 0, L_000001b356701bb8;  1 drivers
v000001b35667ae30_0 .net *"_ivl_150", 0 0, L_000001b3567838b0;  1 drivers
L_000001b356701c00 .functor BUFT 1, C4<10>, C4<0>, C4<0>, C4<0>;
v000001b35667bf10_0 .net/2u *"_ivl_154", 1 0, L_000001b356701c00;  1 drivers
v000001b35667ceb0_0 .net *"_ivl_156", 0 0, L_000001b356784850;  1 drivers
v000001b35667bfb0_0 .net *"_ivl_160", 0 0, L_000001b3567848f0;  1 drivers
v000001b35667ba10_0 .net *"_ivl_163", 0 0, L_000001b35675a380;  1 drivers
L_000001b356701c48 .functor BUFT 1, C4<00000>, C4<0>, C4<0>, C4<0>;
v000001b35667b1f0_0 .net/2u *"_ivl_164", 4 0, L_000001b356701c48;  1 drivers
v000001b35667c9b0_0 .net *"_ivl_166", 0 0, L_000001b356785110;  1 drivers
v000001b35667b3d0_0 .net *"_ivl_169", 0 0, L_000001b35675a7e0;  1 drivers
v000001b35667bb50_0 .net *"_ivl_172", 0 0, L_000001b356784df0;  1 drivers
v000001b35667bc90_0 .net *"_ivl_175", 0 0, L_000001b35675a230;  1 drivers
L_000001b356701c90 .functor BUFT 1, C4<00000>, C4<0>, C4<0>, C4<0>;
v000001b35667bd30_0 .net/2u *"_ivl_176", 4 0, L_000001b356701c90;  1 drivers
v000001b35667bdd0_0 .net *"_ivl_178", 0 0, L_000001b356783270;  1 drivers
v000001b35667cf50_0 .net *"_ivl_181", 0 0, L_000001b35675a1c0;  1 drivers
L_000001b356701cd8 .functor BUFT 1, C4<01>, C4<0>, C4<0>, C4<0>;
v000001b35667c7d0_0 .net/2u *"_ivl_184", 1 0, L_000001b356701cd8;  1 drivers
v000001b35667ad90_0 .net *"_ivl_186", 0 0, L_000001b356784030;  1 drivers
v000001b35667b150_0 .net *"_ivl_188", 0 0, L_000001b3567842b0;  1 drivers
L_000001b356701d20 .functor BUFT 1, C4<01>, C4<0>, C4<0>, C4<0>;
v000001b35667cff0_0 .net/2u *"_ivl_194", 1 0, L_000001b356701d20;  1 drivers
v000001b35667be70_0 .net *"_ivl_196", 0 0, L_000001b356783d10;  1 drivers
L_000001b356701d68 .functor BUFT 1, C4<001101000001>, C4<0>, C4<0>, C4<0>;
v000001b35667aed0_0 .net/2u *"_ivl_198", 11 0, L_000001b356701d68;  1 drivers
v000001b35667b510_0 .net *"_ivl_200", 0 0, L_000001b3567851b0;  1 drivers
v000001b35667af70_0 .net *"_ivl_203", 0 0, L_000001b35675a2a0;  1 drivers
v000001b35667c0f0_0 .net *"_ivl_207", 0 0, L_000001b35675a690;  1 drivers
L_000001b356701db0 .functor BUFT 1, C4<1101111>, C4<0>, C4<0>, C4<0>;
v000001b35667c370_0 .net/2u *"_ivl_208", 6 0, L_000001b356701db0;  1 drivers
v000001b35667d090_0 .net *"_ivl_210", 0 0, L_000001b356784ad0;  1 drivers
v000001b35667c190_0 .net *"_ivl_213", 0 0, L_000001b35675a700;  1 drivers
L_000001b356701df8 .functor BUFT 1, C4<1100111>, C4<0>, C4<0>, C4<0>;
v000001b35667ccd0_0 .net/2u *"_ivl_214", 6 0, L_000001b356701df8;  1 drivers
v000001b35667c410_0 .net *"_ivl_216", 0 0, L_000001b356784990;  1 drivers
v000001b35667d1d0_0 .net *"_ivl_219", 0 0, L_000001b3567a1500;  1 drivers
L_000001b356701e40 .functor BUFT 1, C4<1100011>, C4<0>, C4<0>, C4<0>;
v000001b35667c690_0 .net/2u *"_ivl_220", 6 0, L_000001b356701e40;  1 drivers
v000001b35667c730_0 .net *"_ivl_222", 0 0, L_000001b356784b70;  1 drivers
v000001b35667d270_0 .net *"_ivl_225", 0 0, L_000001b3567a11f0;  1 drivers
v000001b35667c870_0 .net *"_ivl_23", 0 0, L_000001b3567807f0;  1 drivers
v000001b35667ce10_0 .net *"_ivl_24", 19 0, L_000001b356781650;  1 drivers
v000001b35667d9f0_0 .net *"_ivl_27", 11 0, L_000001b3567824b0;  1 drivers
v000001b35667f390_0 .net *"_ivl_31", 0 0, L_000001b356782550;  1 drivers
v000001b35667d4f0_0 .net *"_ivl_32", 19 0, L_000001b356780b10;  1 drivers
v000001b35667f930_0 .net *"_ivl_35", 6 0, L_000001b356780bb0;  1 drivers
v000001b35667ef30_0 .net *"_ivl_37", 4 0, L_000001b356780cf0;  1 drivers
L_000001b3567019c0 .functor BUFT 1, C4<00000000000000000000000000000000>, C4<0>, C4<0>, C4<0>;
v000001b35667ed50_0 .net/2u *"_ivl_4", 31 0, L_000001b3567019c0;  1 drivers
v000001b35667ec10_0 .net *"_ivl_41", 0 0, L_000001b356781010;  1 drivers
v000001b35667edf0_0 .net *"_ivl_42", 18 0, L_000001b356781330;  1 drivers
v000001b35667fa70_0 .net *"_ivl_45", 0 0, L_000001b356781150;  1 drivers
v000001b35667d6d0_0 .net *"_ivl_47", 0 0, L_000001b3567813d0;  1 drivers
v000001b35667f750_0 .net *"_ivl_49", 5 0, L_000001b356781470;  1 drivers
v000001b35667db30_0 .net *"_ivl_51", 3 0, L_000001b356781510;  1 drivers
L_000001b356701a08 .functor BUFT 1, C4<0>, C4<0>, C4<0>, C4<0>;
v000001b35667da90_0 .net/2u *"_ivl_52", 0 0, L_000001b356701a08;  1 drivers
v000001b35667eb70_0 .net *"_ivl_57", 19 0, L_000001b356781970;  1 drivers
L_000001b356701a50 .functor BUFT 1, C4<000000000000>, C4<0>, C4<0>, C4<0>;
v000001b35667d950_0 .net/2u *"_ivl_58", 11 0, L_000001b356701a50;  1 drivers
v000001b35667ecb0_0 .net *"_ivl_63", 0 0, L_000001b356781f10;  1 drivers
v000001b35667e2b0_0 .net *"_ivl_64", 10 0, L_000001b356784710;  1 drivers
v000001b35667def0_0 .net *"_ivl_67", 0 0, L_000001b3567831d0;  1 drivers
v000001b35667dbd0_0 .net *"_ivl_69", 7 0, L_000001b3567834f0;  1 drivers
v000001b35667e490_0 .net *"_ivl_71", 0 0, L_000001b356782f50;  1 drivers
v000001b35667e990_0 .net *"_ivl_73", 9 0, L_000001b3567833b0;  1 drivers
L_000001b356701a98 .functor BUFT 1, C4<0>, C4<0>, C4<0>, C4<0>;
v000001b35667e530_0 .net/2u *"_ivl_74", 0 0, L_000001b356701a98;  1 drivers
L_000001b356701ae0 .functor BUFT 1, C4<000000000000000000000000000>, C4<0>, C4<0>, C4<0>;
v000001b35667ea30_0 .net/2u *"_ivl_80", 26 0, L_000001b356701ae0;  1 drivers
v000001b35667ee90_0 .net *"_ivl_83", 4 0, L_000001b356784530;  1 drivers
L_000001b356701b28 .functor BUFT 1, C4<00000000000000000000000000000000>, C4<0>, C4<0>, C4<0>;
v000001b35667fb10_0 .net/2u *"_ivl_88", 31 0, L_000001b356701b28;  1 drivers
v000001b35667d3b0_0 .net *"_ivl_93", 0 0, L_000001b356785070;  1 drivers
v000001b35667e710_0 .net *"_ivl_95", 0 0, L_000001b3567836d0;  1 drivers
v000001b35667f430_0 .net *"_ivl_96", 0 0, L_000001b356758b70;  1 drivers
v000001b35667e170_0 .net *"_ivl_99", 0 0, L_000001b356783f90;  1 drivers
v000001b35667e7b0_0 .var "alu_control", 3 0;
v000001b35667f250_0 .net "alu_result", 31 0, v000001b356679530_0;  1 drivers
v000001b35667f110_0 .var "branch_taken", 0 0;
v000001b35667f4d0_0 .net "clk", 0 0, v000001b3566ec070_0;  alias, 1 drivers
v000001b35667f890_0 .net "csr_addr", 11 0, L_000001b356783770;  1 drivers
v000001b35667f7f0_0 .net "csr_forward", 0 0, L_000001b35675a3f0;  1 drivers
v000001b35667efd0_0 .net "csr_forward_data", 31 0, L_000001b35675a4d0;  1 drivers
v000001b35667f9d0_0 .var "csr_read_value", 31 0;
v000001b35667d630_0 .var "cycle", 63 0;
v000001b35667e5d0_0 .var "ebreak_instr", 0 0;
v000001b35667ead0_0 .var "ecall_instr", 0 0;
v000001b35667df90_0 .net "flush", 0 0, L_000001b3567a1030;  1 drivers
v000001b35667f570_0 .var "flush_d", 0 0;
v000001b35667f1b0_0 .net "funct3", 2 0, L_000001b356780a70;  1 drivers
v000001b35667f610_0 .net "funct7", 6 0, L_000001b356780750;  1 drivers
v000001b35667d450_0 .var "illegal_instr", 0 0;
v000001b35667f6b0_0 .net "imm_b", 31 0, L_000001b3567815b0;  1 drivers
v000001b35667f070_0 .net "imm_i", 31 0, L_000001b3567818d0;  1 drivers
v000001b35667d590_0 .net "imm_j", 31 0, L_000001b3567847b0;  1 drivers
v000001b35667d770_0 .net "imm_s", 31 0, L_000001b356780f70;  1 drivers
v000001b35667d810_0 .net "imm_u", 31 0, L_000001b356781e70;  1 drivers
v000001b35667e850_0 .var "instret", 63 0;
v000001b35667d8b0_0 .net "irq_ext", 0 0, L_000001b356759ac0;  1 drivers
v000001b35667e8f0_0 .net "irq_external", 0 0, L_000001b356759c10;  alias, 1 drivers
v000001b35667f2f0_0 .net "irq_ready", 0 0, L_000001b35675a770;  1 drivers
v000001b35667dc70_0 .net "irq_soft", 0 0, L_000001b356758c50;  1 drivers
v000001b35667dd10_0 .net "irq_timer", 0 0, L_000001b356759040;  1 drivers
v000001b35667ddb0_0 .var "mcause", 31 0;
v000001b35667de50_0 .net "mem_data_in", 31 0, v000001b35667b470_0;  alias, 1 drivers
v000001b35667e030_0 .net "mem_data_out", 31 0, L_000001b356788a90;  alias, 1 drivers
v000001b35667e0d0_0 .net "mem_fetch_addr", 15 0, L_000001b356783bd0;  alias, 1 drivers
v000001b35667e210_0 .net "mem_instruction", 31 0, v000001b356678d10_0;  alias, 1 drivers
v000001b35667e350_0 .net "mem_read_addr", 31 0, v000001b35667ac50_0;  alias, 1 drivers
v000001b35667e3f0_0 .net "mem_read_mode", 2 0, v000001b35667d130_0;  alias, 1 drivers
v000001b35667e670_0 .net "mem_write_addr", 31 0, v000001b35667c230_0;  alias, 1 drivers
v000001b356681550_0 .net "mem_write_mode", 2 0, v000001b35667abb0_0;  alias, 1 drivers
v000001b356681d70_0 .var "mepc", 31 0;
v000001b35667fe30_0 .net "mepc_forwarded", 31 0, L_000001b356782eb0;  1 drivers
v000001b356682090_0 .var "mie", 31 0;
v000001b3566806f0_0 .var "mip", 31 0;
L_000001b356701978 .functor BUFT 1, C4<01000000000000000000000100000000>, C4<0>, C4<0>, C4<0>;
v000001b356680a10_0 .net "misa", 31 0, L_000001b356701978;  1 drivers
v000001b356680330_0 .var "mret_instr", 0 0;
v000001b356681910_0 .var "mscratch", 31 0;
v000001b3566815f0_0 .var "mstatus", 31 0;
v000001b356680bf0_0 .var "mtval", 31 0;
v000001b356680ab0_0 .var "mtvec", 31 0;
v000001b356680fb0_0 .var "next_PC", 31 0;
v000001b3566817d0_0 .net "opcode", 6 0, L_000001b356781dd0;  1 drivers
v000001b356682310_0 .var "operand_a", 31 0;
v000001b356681230_0 .var "operand_a_addr", 4 0;
v000001b356681410_0 .var "operand_b", 31 0;
v000001b35667fed0_0 .var "operand_b_addr", 4 0;
v000001b356680150_0 .net "rd_addr", 4 0, L_000001b3567804d0;  1 drivers
v000001b3566801f0_0 .net "rs1_addr", 4 0, L_000001b3567802f0;  1 drivers
v000001b3566812d0_0 .net "rs1_data", 31 0, v000001b356679fd0_0;  1 drivers
v000001b356681f50_0 .net "rs1_data_fwd", 31 0, L_000001b3567845d0;  1 drivers
v000001b356680010_0 .net "rs2_addr", 4 0, L_000001b356781790;  1 drivers
v000001b356681b90_0 .net "rs2_data", 31 0, v000001b3566795d0_0;  1 drivers
v000001b356682130_0 .net "rs2_data_fwd", 31 0, L_000001b356782b90;  1 drivers
v000001b356681eb0_0 .net "rst", 0 0, v000001b3566eb030_0;  alias, 1 drivers
v000001b35667ff70_0 .net "shamt", 4 0, L_000001b3567806b0;  1 drivers
v000001b356681ff0_0 .net "soft_int", 0 0, v000001b35669c7e0_0;  alias, 1 drivers
v000001b356681050_0 .var "take_mret", 0 0;
v000001b356680650_0 .var "take_trap", 0 0;
v000001b3566819b0_0 .net "timer_int", 0 0, L_000001b356788c70;  alias, 1 drivers
v000001b356680290_0 .var "toWB_Result_Reg", 31 0;
v000001b356681c30_0 .var "toWB_csr_addr_Reg", 11 0;
v000001b35667fcf0_0 .var "toWB_csr_data_Reg", 31 0;
v000001b3566821d0_0 .var "toWB_mode", 1 0;
v000001b356681730_0 .var "toWB_mode_Reg", 1 0;
v000001b356681690_0 .var "toWB_rd_addr_Reg", 4 0;
v000001b3566814b0_0 .var "trap_cause", 31 0;
v000001b356681870_0 .var "trap_tval", 31 0;
v000001b356682270_0 .net "uimm", 31 0, L_000001b356784670;  1 drivers
v000001b3566800b0_0 .net "valid_instr", 0 0, L_000001b356784210;  1 drivers
v000001b356680790_0 .net "wb_forward_data", 31 0, L_000001b356783ef0;  1 drivers
v000001b356680830_0 .net "wb_write_gpr", 0 0, L_000001b35675a5b0;  1 drivers
E_000001b3565db0f0 .event anyedge, v000001b356681730_0, v000001b356681690_0, v000001b356680290_0, v000001b35667b010_0;
E_000001b3565da2b0/0 .event anyedge, v000001b3566801f0_0, v000001b356680010_0, v000001b35667b790_0, v000001b3566817d0_0;
E_000001b3565da2b0/1 .event anyedge, v000001b35667d810_0, v000001b35667b8d0_0, v000001b35667d590_0, v000001b356681f50_0;
E_000001b3565da2b0/2 .event anyedge, v000001b35667f070_0, v000001b35667f110_0, v000001b35667f6b0_0, v000001b356679530_0;
E_000001b3565da2b0/3 .event anyedge, v000001b35667f1b0_0, v000001b35667d770_0, v000001b356682130_0, v000001b35667ca50_0;
E_000001b3565da2b0/4 .event anyedge, v000001b35667f890_0, v000001b35667f7f0_0, v000001b35667efd0_0, v000001b35667f9d0_0;
E_000001b3565da2b0/5 .event anyedge, v000001b356682270_0, v000001b3566800b0_0, v000001b35667f2f0_0, v000001b35667ead0_0;
E_000001b3565da2b0/6 .event anyedge, v000001b35667e5d0_0, v000001b35667d450_0, v000001b356680330_0, v000001b356680650_0;
E_000001b3565da2b0/7 .event anyedge, v000001b356680ab0_0, v000001b356681050_0, v000001b35667fe30_0;
E_000001b3565da2b0 .event/or E_000001b3565da2b0/0, E_000001b3565da2b0/1, E_000001b3565da2b0/2, E_000001b3565da2b0/3, E_000001b3565da2b0/4, E_000001b3565da2b0/5, E_000001b3565da2b0/6, E_000001b3565da2b0/7;
E_000001b3565da5f0/0 .event anyedge, v000001b35667f2f0_0, v000001b35667d8b0_0, v000001b35667dc70_0, v000001b35667ead0_0;
E_000001b3565da5f0/1 .event anyedge, v000001b35667e5d0_0, v000001b35667b8d0_0, v000001b35667ca50_0;
E_000001b3565da5f0 .event/or E_000001b3565da5f0/0, E_000001b3565da5f0/1;
E_000001b3565da630 .event anyedge, v000001b35667f1b0_0, v000001b356681f50_0, v000001b356682130_0;
L_000001b356780430 .functor MUXZ 32, L_000001b356758a90, L_000001b3567019c0, v000001b35667f570_0, C4<>;
L_000001b356781dd0 .part L_000001b356780430, 0, 7;
L_000001b356780a70 .part L_000001b356780430, 12, 3;
L_000001b356780750 .part L_000001b356780430, 25, 7;
L_000001b3567802f0 .part L_000001b356780430, 15, 5;
L_000001b356781790 .part L_000001b356780430, 20, 5;
L_000001b3567804d0 .part L_000001b356780430, 7, 5;
L_000001b3567806b0 .part L_000001b356780430, 20, 5;
L_000001b3567807f0 .part L_000001b356780430, 31, 1;
LS_000001b356781650_0_0 .concat [ 1 1 1 1], L_000001b3567807f0, L_000001b3567807f0, L_000001b3567807f0, L_000001b3567807f0;
LS_000001b356781650_0_4 .concat [ 1 1 1 1], L_000001b3567807f0, L_000001b3567807f0, L_000001b3567807f0, L_000001b3567807f0;
LS_000001b356781650_0_8 .concat [ 1 1 1 1], L_000001b3567807f0, L_000001b3567807f0, L_000001b3567807f0, L_000001b3567807f0;
LS_000001b356781650_0_12 .concat [ 1 1 1 1], L_000001b3567807f0, L_000001b3567807f0, L_000001b3567807f0, L_000001b3567807f0;
LS_000001b356781650_0_16 .concat [ 1 1 1 1], L_000001b3567807f0, L_000001b3567807f0, L_000001b3567807f0, L_000001b3567807f0;
LS_000001b356781650_1_0 .concat [ 4 4 4 4], LS_000001b356781650_0_0, LS_000001b356781650_0_4, LS_000001b356781650_0_8, LS_000001b356781650_0_12;
LS_000001b356781650_1_4 .concat [ 4 0 0 0], LS_000001b356781650_0_16;
L_000001b356781650 .concat [ 16 4 0 0], LS_000001b356781650_1_0, LS_000001b356781650_1_4;
L_000001b3567824b0 .part L_000001b356780430, 20, 12;
L_000001b3567818d0 .concat [ 12 20 0 0], L_000001b3567824b0, L_000001b356781650;
L_000001b356782550 .part L_000001b356780430, 31, 1;
LS_000001b356780b10_0_0 .concat [ 1 1 1 1], L_000001b356782550, L_000001b356782550, L_000001b356782550, L_000001b356782550;
LS_000001b356780b10_0_4 .concat [ 1 1 1 1], L_000001b356782550, L_000001b356782550, L_000001b356782550, L_000001b356782550;
LS_000001b356780b10_0_8 .concat [ 1 1 1 1], L_000001b356782550, L_000001b356782550, L_000001b356782550, L_000001b356782550;
LS_000001b356780b10_0_12 .concat [ 1 1 1 1], L_000001b356782550, L_000001b356782550, L_000001b356782550, L_000001b356782550;
LS_000001b356780b10_0_16 .concat [ 1 1 1 1], L_000001b356782550, L_000001b356782550, L_000001b356782550, L_000001b356782550;
LS_000001b356780b10_1_0 .concat [ 4 4 4 4], LS_000001b356780b10_0_0, LS_000001b356780b10_0_4, LS_000001b356780b10_0_8, LS_000001b356780b10_0_12;
LS_000001b356780b10_1_4 .concat [ 4 0 0 0], LS_000001b356780b10_0_16;
L_000001b356780b10 .concat [ 16 4 0 0], LS_000001b356780b10_1_0, LS_000001b356780b10_1_4;
L_000001b356780bb0 .part L_000001b356780430, 25, 7;
L_000001b356780cf0 .part L_000001b356780430, 7, 5;
L_000001b356780f70 .concat [ 5 7 20 0], L_000001b356780cf0, L_000001b356780bb0, L_000001b356780b10;
L_000001b356781010 .part L_000001b356780430, 31, 1;
LS_000001b356781330_0_0 .concat [ 1 1 1 1], L_000001b356781010, L_000001b356781010, L_000001b356781010, L_000001b356781010;
LS_000001b356781330_0_4 .concat [ 1 1 1 1], L_000001b356781010, L_000001b356781010, L_000001b356781010, L_000001b356781010;
LS_000001b356781330_0_8 .concat [ 1 1 1 1], L_000001b356781010, L_000001b356781010, L_000001b356781010, L_000001b356781010;
LS_000001b356781330_0_12 .concat [ 1 1 1 1], L_000001b356781010, L_000001b356781010, L_000001b356781010, L_000001b356781010;
LS_000001b356781330_0_16 .concat [ 1 1 1 0], L_000001b356781010, L_000001b356781010, L_000001b356781010;
LS_000001b356781330_1_0 .concat [ 4 4 4 4], LS_000001b356781330_0_0, LS_000001b356781330_0_4, LS_000001b356781330_0_8, LS_000001b356781330_0_12;
LS_000001b356781330_1_4 .concat [ 3 0 0 0], LS_000001b356781330_0_16;
L_000001b356781330 .concat [ 16 3 0 0], LS_000001b356781330_1_0, LS_000001b356781330_1_4;
L_000001b356781150 .part L_000001b356780430, 31, 1;
L_000001b3567813d0 .part L_000001b356780430, 7, 1;
L_000001b356781470 .part L_000001b356780430, 25, 6;
L_000001b356781510 .part L_000001b356780430, 8, 4;
LS_000001b3567815b0_0_0 .concat [ 1 4 6 1], L_000001b356701a08, L_000001b356781510, L_000001b356781470, L_000001b3567813d0;
LS_000001b3567815b0_0_4 .concat [ 1 19 0 0], L_000001b356781150, L_000001b356781330;
L_000001b3567815b0 .concat [ 12 20 0 0], LS_000001b3567815b0_0_0, LS_000001b3567815b0_0_4;
L_000001b356781970 .part L_000001b356780430, 12, 20;
L_000001b356781e70 .concat [ 12 20 0 0], L_000001b356701a50, L_000001b356781970;
L_000001b356781f10 .part L_000001b356780430, 31, 1;
LS_000001b356784710_0_0 .concat [ 1 1 1 1], L_000001b356781f10, L_000001b356781f10, L_000001b356781f10, L_000001b356781f10;
LS_000001b356784710_0_4 .concat [ 1 1 1 1], L_000001b356781f10, L_000001b356781f10, L_000001b356781f10, L_000001b356781f10;
LS_000001b356784710_0_8 .concat [ 1 1 1 0], L_000001b356781f10, L_000001b356781f10, L_000001b356781f10;
L_000001b356784710 .concat [ 4 4 3 0], LS_000001b356784710_0_0, LS_000001b356784710_0_4, LS_000001b356784710_0_8;
L_000001b3567831d0 .part L_000001b356780430, 31, 1;
L_000001b3567834f0 .part L_000001b356780430, 12, 8;
L_000001b356782f50 .part L_000001b356780430, 20, 1;
L_000001b3567833b0 .part L_000001b356780430, 21, 10;
LS_000001b3567847b0_0_0 .concat [ 1 10 1 8], L_000001b356701a98, L_000001b3567833b0, L_000001b356782f50, L_000001b3567834f0;
LS_000001b3567847b0_0_4 .concat [ 1 11 0 0], L_000001b3567831d0, L_000001b356784710;
L_000001b3567847b0 .concat [ 20 12 0 0], LS_000001b3567847b0_0_0, LS_000001b3567847b0_0_4;
L_000001b356783770 .part L_000001b356780430, 20, 12;
L_000001b356784530 .part L_000001b356780430, 15, 5;
L_000001b356784670 .concat [ 5 27 0 0], L_000001b356784530, L_000001b356701ae0;
L_000001b356784210 .cmp/ne 32, L_000001b356780430, L_000001b356701b28;
L_000001b356785070 .part v000001b3566815f0_0, 3, 1;
L_000001b3567836d0 .part v000001b356682090_0, 11, 1;
L_000001b356783f90 .part v000001b3566806f0_0, 11, 1;
L_000001b356782ff0 .part v000001b3566815f0_0, 3, 1;
L_000001b356783c70 .part v000001b356682090_0, 3, 1;
L_000001b356783310 .part v000001b3566806f0_0, 3, 1;
L_000001b356782af0 .part v000001b3566815f0_0, 3, 1;
L_000001b356784fd0 .part v000001b356682090_0, 7, 1;
L_000001b356784a30 .part v000001b3566806f0_0, 7, 1;
L_000001b356783bd0 .part v000001b35667b790_0, 0, 16;
L_000001b356783b30 .cmp/ne 2, v000001b356681730_0, L_000001b356701b70;
L_000001b3567838b0 .cmp/ne 5, v000001b356681690_0, L_000001b356701bb8;
L_000001b356784850 .cmp/eq 2, v000001b356681730_0, L_000001b356701c00;
L_000001b356783ef0 .functor MUXZ 32, v000001b356680290_0, L_000001b356758e80, L_000001b356784850, C4<>;
L_000001b3567848f0 .cmp/eq 5, v000001b356681690_0, L_000001b3567802f0;
L_000001b356785110 .cmp/ne 5, L_000001b3567802f0, L_000001b356701c48;
L_000001b3567845d0 .functor MUXZ 32, v000001b356679fd0_0, L_000001b356783ef0, L_000001b35675a7e0, C4<>;
L_000001b356784df0 .cmp/eq 5, v000001b356681690_0, L_000001b356781790;
L_000001b356783270 .cmp/ne 5, L_000001b356781790, L_000001b356701c90;
L_000001b356782b90 .functor MUXZ 32, v000001b3566795d0_0, L_000001b356783ef0, L_000001b35675a1c0, C4<>;
L_000001b356784030 .cmp/eq 2, v000001b356681730_0, L_000001b356701cd8;
L_000001b3567842b0 .cmp/eq 12, v000001b356681c30_0, L_000001b356783770;
L_000001b356783d10 .cmp/eq 2, v000001b356681730_0, L_000001b356701d20;
L_000001b3567851b0 .cmp/eq 12, v000001b356681c30_0, L_000001b356701d68;
L_000001b356782eb0 .functor MUXZ 32, v000001b356681d70_0, v000001b35667fcf0_0, L_000001b35675a2a0, C4<>;
L_000001b356784ad0 .cmp/eq 7, L_000001b356781dd0, L_000001b356701db0;
L_000001b356784990 .cmp/eq 7, L_000001b356781dd0, L_000001b356701df8;
L_000001b356784b70 .cmp/eq 7, L_000001b356781dd0, L_000001b356701e40;
S_000001b356684270 .scope function.vec4.s32, "GetCSR" "GetCSR" 5 216, 5 216 0, S_000001b356669720;
 .timescale -9 -12;
; Variable GetCSR is vec4 return value of scope S_000001b356684270
v000001b356679670_0 .var "addr", 11 0;
TD_UART_tb.dut_loop.cpu.GetCSR ;
    %load/vec4 v000001b356679670_0;
    %dup/vec4;
    %pushi/vec4 768, 0, 12;
    %cmp/u;
    %jmp/1 T_6.25, 6;
    %dup/vec4;
    %pushi/vec4 769, 0, 12;
    %cmp/u;
    %jmp/1 T_6.26, 6;
    %dup/vec4;
    %pushi/vec4 772, 0, 12;
    %cmp/u;
    %jmp/1 T_6.27, 6;
    %dup/vec4;
    %pushi/vec4 773, 0, 12;
    %cmp/u;
    %jmp/1 T_6.28, 6;
    %dup/vec4;
    %pushi/vec4 832, 0, 12;
    %cmp/u;
    %jmp/1 T_6.29, 6;
    %dup/vec4;
    %pushi/vec4 833, 0, 12;
    %cmp/u;
    %jmp/1 T_6.30, 6;
    %dup/vec4;
    %pushi/vec4 834, 0, 12;
    %cmp/u;
    %jmp/1 T_6.31, 6;
    %dup/vec4;
    %pushi/vec4 835, 0, 12;
    %cmp/u;
    %jmp/1 T_6.32, 6;
    %dup/vec4;
    %pushi/vec4 836, 0, 12;
    %cmp/u;
    %jmp/1 T_6.33, 6;
    %dup/vec4;
    %pushi/vec4 3072, 0, 12;
    %cmp/u;
    %jmp/1 T_6.34, 6;
    %dup/vec4;
    %pushi/vec4 3074, 0, 12;
    %cmp/u;
    %jmp/1 T_6.35, 6;
    %dup/vec4;
    %pushi/vec4 3200, 0, 12;
    %cmp/u;
    %jmp/1 T_6.36, 6;
    %dup/vec4;
    %pushi/vec4 3202, 0, 12;
    %cmp/u;
    %jmp/1 T_6.37, 6;
    %pushi/vec4 0, 0, 32;
    %ret/vec4 0, 0, 32;  Assign to GetCSR (store_vec4_to_lval)
    %jmp T_6.39;
T_6.25 ;
    %load/vec4 v000001b3566815f0_0;
    %ret/vec4 0, 0, 32;  Assign to GetCSR (store_vec4_to_lval)
    %jmp T_6.39;
T_6.26 ;
    %load/vec4 v000001b356680a10_0;
    %ret/vec4 0, 0, 32;  Assign to GetCSR (store_vec4_to_lval)
    %jmp T_6.39;
T_6.27 ;
    %load/vec4 v000001b356682090_0;
    %ret/vec4 0, 0, 32;  Assign to GetCSR (store_vec4_to_lval)
    %jmp T_6.39;
T_6.28 ;
    %load/vec4 v000001b356680ab0_0;
    %ret/vec4 0, 0, 32;  Assign to GetCSR (store_vec4_to_lval)
    %jmp T_6.39;
T_6.29 ;
    %load/vec4 v000001b356681910_0;
    %ret/vec4 0, 0, 32;  Assign to GetCSR (store_vec4_to_lval)
    %jmp T_6.39;
T_6.30 ;
    %load/vec4 v000001b356681d70_0;
    %ret/vec4 0, 0, 32;  Assign to GetCSR (store_vec4_to_lval)
    %jmp T_6.39;
T_6.31 ;
    %load/vec4 v000001b35667ddb0_0;
    %ret/vec4 0, 0, 32;  Assign to GetCSR (store_vec4_to_lval)
    %jmp T_6.39;
T_6.32 ;
    %load/vec4 v000001b356680bf0_0;
    %ret/vec4 0, 0, 32;  Assign to GetCSR (store_vec4_to_lval)
    %jmp T_6.39;
T_6.33 ;
    %load/vec4 v000001b3566806f0_0;
    %ret/vec4 0, 0, 32;  Assign to GetCSR (store_vec4_to_lval)
    %jmp T_6.39;
T_6.34 ;
    %load/vec4 v000001b35667d630_0;
    %parti/s 32, 0, 2;
    %ret/vec4 0, 0, 32;  Assign to GetCSR (store_vec4_to_lval)
    %jmp T_6.39;
T_6.35 ;
    %load/vec4 v000001b35667e850_0;
    %parti/s 32, 0, 2;
    %ret/vec4 0, 0, 32;  Assign to GetCSR (store_vec4_to_lval)
    %jmp T_6.39;
T_6.36 ;
    %load/vec4 v000001b35667d630_0;
    %parti/s 32, 32, 7;
    %ret/vec4 0, 0, 32;  Assign to GetCSR (store_vec4_to_lval)
    %jmp T_6.39;
T_6.37 ;
    %load/vec4 v000001b35667e850_0;
    %parti/s 32, 32, 7;
    %ret/vec4 0, 0, 32;  Assign to GetCSR (store_vec4_to_lval)
    %jmp T_6.39;
T_6.39 ;
    %pop/vec4 1;
    %end;
S_000001b356683dc0 .scope task, "SetCSR" "SetCSR" 5 238, 5 238 0, S_000001b356669720;
 .timescale -9 -12;
v000001b35667a890_0 .var "addr", 11 0;
v000001b3566790d0_0 .var "value", 31 0;
TD_UART_tb.dut_loop.cpu.SetCSR ;
    %load/vec4 v000001b35667a890_0;
    %dup/vec4;
    %pushi/vec4 768, 0, 12;
    %cmp/u;
    %jmp/1 T_7.40, 6;
    %dup/vec4;
    %pushi/vec4 772, 0, 12;
    %cmp/u;
    %jmp/1 T_7.41, 6;
    %dup/vec4;
    %pushi/vec4 773, 0, 12;
    %cmp/u;
    %jmp/1 T_7.42, 6;
    %dup/vec4;
    %pushi/vec4 832, 0, 12;
    %cmp/u;
    %jmp/1 T_7.43, 6;
    %dup/vec4;
    %pushi/vec4 833, 0, 12;
    %cmp/u;
    %jmp/1 T_7.44, 6;
    %dup/vec4;
    %pushi/vec4 834, 0, 12;
    %cmp/u;
    %jmp/1 T_7.45, 6;
    %dup/vec4;
    %pushi/vec4 835, 0, 12;
    %cmp/u;
    %jmp/1 T_7.46, 6;
    %dup/vec4;
    %pushi/vec4 836, 0, 12;
    %cmp/u;
    %jmp/1 T_7.47, 6;
    %jmp T_7.49;
T_7.40 ;
    %load/vec4 v000001b3566790d0_0;
    %assign/vec4 v000001b3566815f0_0, 0;
    %jmp T_7.49;
T_7.41 ;
    %load/vec4 v000001b3566790d0_0;
    %assign/vec4 v000001b356682090_0, 0;
    %jmp T_7.49;
T_7.42 ;
    %load/vec4 v000001b3566790d0_0;
    %assign/vec4 v000001b356680ab0_0, 0;
    %jmp T_7.49;
T_7.43 ;
    %load/vec4 v000001b3566790d0_0;
    %assign/vec4 v000001b356681910_0, 0;
    %jmp T_7.49;
T_7.44 ;
    %load/vec4 v000001b3566790d0_0;
    %assign/vec4 v000001b356681d70_0, 0;
    %jmp T_7.49;
T_7.45 ;
    %load/vec4 v000001b3566790d0_0;
    %assign/vec4 v000001b35667ddb0_0, 0;
    %jmp T_7.49;
T_7.46 ;
    %load/vec4 v000001b3566790d0_0;
    %assign/vec4 v000001b356680bf0_0, 0;
    %jmp T_7.49;
T_7.47 ;
    %load/vec4 v000001b3566790d0_0;
    %assign/vec4 v000001b3566806f0_0, 0;
    %jmp T_7.49;
T_7.49 ;
    %pop/vec4 1;
    %end;
S_000001b356685530 .scope module, "alu" "ALU" 5 205, 6 2 0, S_000001b356669720;
 .timescale -9 -12;
    .port_info 0 /INPUT 4 "alu_control";
    .port_info 1 /INPUT 32 "operand_a";
    .port_info 2 /INPUT 32 "operand_b";
    .port_info 3 /OUTPUT 32 "alu_result";
L_000001b35675a310 .functor BUFZ 32, v000001b356682310_0, C4<00000000000000000000000000000000>, C4<00000000000000000000000000000000>, C4<00000000000000000000000000000000>;
L_000001b35675a460 .functor BUFZ 32, v000001b356681410_0, C4<00000000000000000000000000000000>, C4<00000000000000000000000000000000>, C4<00000000000000000000000000000000>;
v000001b356678770_0 .net "alu_control", 3 0, v000001b35667e7b0_0;  1 drivers
v000001b356679530_0 .var "alu_result", 31 0;
v000001b356679a30_0 .net "operand_a", 31 0, v000001b356682310_0;  1 drivers
v000001b356679170_0 .net "operand_b", 31 0, v000001b356681410_0;  1 drivers
v000001b35667a610_0 .net/s "signed_a", 31 0, L_000001b35675a310;  1 drivers
v000001b35667a7f0_0 .net/s "signed_b", 31 0, L_000001b35675a460;  1 drivers
E_000001b3565dacf0/0 .event anyedge, v000001b356678770_0, v000001b356679a30_0, v000001b356679170_0, v000001b35667a610_0;
E_000001b3565dacf0/1 .event anyedge, v000001b35667a7f0_0;
E_000001b3565dacf0 .event/or E_000001b3565dacf0/0, E_000001b3565dacf0/1;
S_000001b356684400 .scope module, "registry" "Registry" 5 184, 7 3 0, S_000001b356669720;
 .timescale -9 -12;
    .port_info 0 /INPUT 1 "clk";
    .port_info 1 /INPUT 1 "rst";
    .port_info 2 /INPUT 5 "rs1_addr";
    .port_info 3 /INPUT 5 "rs2_addr";
    .port_info 4 /INPUT 5 "rd_addr";
    .port_info 5 /INPUT 32 "rd_data";
    .port_info 6 /INPUT 1 "reg_write_enable";
    .port_info 7 /OUTPUT 32 "rs1_data";
    .port_info 8 /OUTPUT 32 "rs2_data";
v000001b356679e90_0 .net "clk", 0 0, v000001b3566ec070_0;  alias, 1 drivers
v000001b3566793f0_0 .net "rd_addr", 4 0, v000001b35667c4b0_0;  1 drivers
v000001b35667a930_0 .net "rd_data", 31 0, v000001b35667b830_0;  1 drivers
v000001b3566788b0_0 .net "reg_write_enable", 0 0, v000001b35667bbf0_0;  1 drivers
v000001b356678950 .array "registers", 0 31, 31 0;
v000001b35667a9d0_0 .net "rs1_addr", 4 0, v000001b356681230_0;  1 drivers
v000001b356679fd0_0 .var "rs1_data", 31 0;
v000001b3566789f0_0 .net "rs2_addr", 4 0, v000001b35667fed0_0;  1 drivers
v000001b3566795d0_0 .var "rs2_data", 31 0;
v000001b35667c5f0_0 .net "rst", 0 0, v000001b3566eb030_0;  alias, 1 drivers
v000001b356678950_0 .array/port v000001b356678950, 0;
v000001b356678950_1 .array/port v000001b356678950, 1;
v000001b356678950_2 .array/port v000001b356678950, 2;
E_000001b3565db070/0 .event anyedge, v000001b35667a9d0_0, v000001b356678950_0, v000001b356678950_1, v000001b356678950_2;
v000001b356678950_3 .array/port v000001b356678950, 3;
v000001b356678950_4 .array/port v000001b356678950, 4;
v000001b356678950_5 .array/port v000001b356678950, 5;
v000001b356678950_6 .array/port v000001b356678950, 6;
E_000001b3565db070/1 .event anyedge, v000001b356678950_3, v000001b356678950_4, v000001b356678950_5, v000001b356678950_6;
v000001b356678950_7 .array/port v000001b356678950, 7;
v000001b356678950_8 .array/port v000001b356678950, 8;
v000001b356678950_9 .array/port v000001b356678950, 9;
v000001b356678950_10 .array/port v000001b356678950, 10;
E_000001b3565db070/2 .event anyedge, v000001b356678950_7, v000001b356678950_8, v000001b356678950_9, v000001b356678950_10;
v000001b356678950_11 .array/port v000001b356678950, 11;
v000001b356678950_12 .array/port v000001b356678950, 12;
v000001b356678950_13 .array/port v000001b356678950, 13;
v000001b356678950_14 .array/port v000001b356678950, 14;
E_000001b3565db070/3 .event anyedge, v000001b356678950_11, v000001b356678950_12, v000001b356678950_13, v000001b356678950_14;
v000001b356678950_15 .array/port v000001b356678950, 15;
v000001b356678950_16 .array/port v000001b356678950, 16;
v000001b356678950_17 .array/port v000001b356678950, 17;
v000001b356678950_18 .array/port v000001b356678950, 18;
E_000001b3565db070/4 .event anyedge, v000001b356678950_15, v000001b356678950_16, v000001b356678950_17, v000001b356678950_18;
v000001b356678950_19 .array/port v000001b356678950, 19;
v000001b356678950_20 .array/port v000001b356678950, 20;
v000001b356678950_21 .array/port v000001b356678950, 21;
v000001b356678950_22 .array/port v000001b356678950, 22;
E_000001b3565db070/5 .event anyedge, v000001b356678950_19, v000001b356678950_20, v000001b356678950_21, v000001b356678950_22;
v000001b356678950_23 .array/port v000001b356678950, 23;
v000001b356678950_24 .array/port v000001b356678950, 24;
v000001b356678950_25 .array/port v000001b356678950, 25;
v000001b356678950_26 .array/port v000001b356678950, 26;
E_000001b3565db070/6 .event anyedge, v000001b356678950_23, v000001b356678950_24, v000001b356678950_25, v000001b356678950_26;
v000001b356678950_27 .array/port v000001b356678950, 27;
v000001b356678950_28 .array/port v000001b356678950, 28;
v000001b356678950_29 .array/port v000001b356678950, 29;
v000001b356678950_30 .array/port v000001b356678950, 30;
E_000001b3565db070/7 .event anyedge, v000001b356678950_27, v000001b356678950_28, v000001b356678950_29, v000001b356678950_30;
v000001b356678950_31 .array/port v000001b356678950, 31;
E_000001b3565db070/8 .event anyedge, v000001b356678950_31, v000001b3566789f0_0;
E_000001b3565db070 .event/or E_000001b3565db070/0, E_000001b3565db070/1, E_000001b3565db070/2, E_000001b3565db070/3, E_000001b3565db070/4, E_000001b3565db070/5, E_000001b3565db070/6, E_000001b3565db070/7, E_000001b3565db070/8;
S_000001b356683f50 .scope begin, "rst_loop" "rst_loop" 7 24, 7 24 0, S_000001b356684400;
 .timescale -9 -12;
v000001b356679210_0 .var/i "i", 31 0;
S_000001b356684bd0 .scope module, "gpio_bank" "GPIO" 3 124, 8 27 0, S_000001b356669ef0;
 .timescale -9 -12;
    .port_info 0 /INPUT 1 "clk";
    .port_info 1 /INPUT 1 "rst";
    .port_info 2 /INPUT 32 "pin_in";
    .port_info 3 /OUTPUT 32 "pin_out";
    .port_info 4 /INPUT 4 "waddr";
    .port_info 5 /INPUT 1 "we";
    .port_info 6 /INPUT 32 "wdata";
    .port_info 7 /INPUT 4 "raddr";
    .port_info 8 /OUTPUT 32 "rdata";
    .port_info 9 /OUTPUT 1 "irq";
P_000001b356685d80 .param/l "SLOT_CLR" 1 8 50, C4<0100>;
P_000001b356685db8 .param/l "SLOT_DATA_IN" 1 8 46, C4<0000>;
P_000001b356685df0 .param/l "SLOT_DATA_OUT" 1 8 47, C4<0001>;
P_000001b356685e28 .param/l "SLOT_DIR" 1 8 48, C4<0010>;
P_000001b356685e60 .param/l "SLOT_INT_ENABLE" 1 8 51, C4<0101>;
P_000001b356685e98 .param/l "SLOT_INT_FALL_EN" 1 8 53, C4<0111>;
P_000001b356685ed0 .param/l "SLOT_INT_PENDING" 1 8 54, C4<1000>;
P_000001b356685f08 .param/l "SLOT_INT_RISE_EN" 1 8 52, C4<0110>;
P_000001b356685f40 .param/l "SLOT_SET" 1 8 49, C4<0011>;
P_000001b356685f78 .param/l "WIDTH" 0 8 28, +C4<00000000000000000000000000100000>;
L_000001b3567a0fc0 .functor NOT 32, v000001b3566828b0_0, C4<00000000000000000000000000000000>, C4<00000000000000000000000000000000>, C4<00000000000000000000000000000000>;
L_000001b3567a2290 .functor AND 32, v000001b356682db0_0, L_000001b3567a0fc0, C4<11111111111111111111111111111111>, C4<11111111111111111111111111111111>;
L_000001b3567a2300 .functor NOT 32, v000001b356682db0_0, C4<00000000000000000000000000000000>, C4<00000000000000000000000000000000>, C4<00000000000000000000000000000000>;
L_000001b3567a1c70 .functor AND 32, L_000001b3567a2300, v000001b3566828b0_0, C4<11111111111111111111111111111111>, C4<11111111111111111111111111111111>;
L_000001b3567a1a40 .functor AND 32, v000001b356680c90_0, L_000001b3567a2290, C4<11111111111111111111111111111111>, C4<11111111111111111111111111111111>;
L_000001b3567a1dc0 .functor AND 32, v000001b356681cd0_0, L_000001b3567a1c70, C4<11111111111111111111111111111111>, C4<11111111111111111111111111111111>;
L_000001b3567a1d50 .functor OR 32, L_000001b3567a1a40, L_000001b3567a1dc0, C4<00000000000000000000000000000000>, C4<00000000000000000000000000000000>;
L_000001b3567a21b0 .functor AND 32, v000001b356680b50_0, L_000001b3567a1d50, C4<11111111111111111111111111111111>, C4<11111111111111111111111111111111>;
L_000001b3567a2370 .functor AND 32, v000001b35667b470_0, v000001b3566805b0_0, C4<11111111111111111111111111111111>, C4<11111111111111111111111111111111>;
L_000001b3567a17a0 .functor AND 1, L_000001b3567a2220, L_000001b356783950, C4<1>, C4<1>;
L_000001b3567a0850 .functor BUFZ 32, v000001b356680510_0, C4<00000000000000000000000000000000>, C4<00000000000000000000000000000000>, C4<00000000000000000000000000000000>;
v000001b356681370_0 .net *"_ivl_0", 31 0, L_000001b3567a0fc0;  1 drivers
v000001b35667fbb0_0 .net *"_ivl_10", 31 0, L_000001b3567a1dc0;  1 drivers
v000001b3566803d0_0 .net *"_ivl_12", 31 0, L_000001b3567a1d50;  1 drivers
L_000001b356702038 .functor BUFT 1, C4<1000>, C4<0>, C4<0>, C4<0>;
v000001b356681a50_0 .net/2u *"_ivl_18", 3 0, L_000001b356702038;  1 drivers
v000001b356681af0_0 .net *"_ivl_20", 0 0, L_000001b356783950;  1 drivers
v000001b35667fd90_0 .net *"_ivl_23", 0 0, L_000001b3567a17a0;  1 drivers
L_000001b356702080 .functor BUFT 1, C4<00000000000000000000000000000000>, C4<0>, C4<0>, C4<0>;
v000001b35667fc50_0 .net/2u *"_ivl_24", 31 0, L_000001b356702080;  1 drivers
v000001b356680470_0 .net *"_ivl_4", 31 0, L_000001b3567a2300;  1 drivers
v000001b356680f10_0 .net *"_ivl_8", 31 0, L_000001b3567a1a40;  1 drivers
v000001b356680d30_0 .net "clk", 0 0, v000001b3566ec070_0;  alias, 1 drivers
v000001b356680510_0 .var "data_out", 31 0;
v000001b3566805b0_0 .var "dir", 31 0;
v000001b3566808d0_0 .net "edge_fire", 31 0, L_000001b3567a21b0;  1 drivers
v000001b356680970_0 .net "falling_edge", 31 0, L_000001b3567a1c70;  1 drivers
v000001b356680b50_0 .var "int_enable", 31 0;
v000001b356681cd0_0 .var "int_fall_en", 31 0;
v000001b356681e10_0 .var "int_pending", 31 0;
v000001b356680c90_0 .var "int_rise_en", 31 0;
v000001b356680dd0_0 .net "irq", 0 0, L_000001b356784f30;  alias, 1 drivers
v000001b356680e70_0 .net "pending_clear", 31 0, L_000001b356784e90;  1 drivers
v000001b3566810f0_0 .net "pin_in", 31 0, L_000001b356703598;  alias, 1 drivers
v000001b356681190_0 .net "pin_out", 31 0, L_000001b3567a0850;  alias, 1 drivers
v000001b356682e50_0 .net "raddr", 3 0, L_000001b356782d70;  alias, 1 drivers
v000001b356683030_0 .var "rdata", 31 0;
v000001b3566823b0_0 .net "rising_edge", 31 0, L_000001b3567a2290;  1 drivers
v000001b356682bd0_0 .net "rst", 0 0, v000001b3566eb030_0;  alias, 1 drivers
v000001b356682950_0 .var "sync0", 31 0;
v000001b356682db0_0 .var "sync1", 31 0;
v000001b3566828b0_0 .var "sync1_d", 31 0;
v000001b3566829f0_0 .net "waddr", 3 0, L_000001b356783810;  alias, 1 drivers
v000001b356683170_0 .net "wdata", 31 0, v000001b35667b470_0;  alias, 1 drivers
v000001b356682a90_0 .net "we", 0 0, L_000001b3567a2220;  alias, 1 drivers
v000001b356683210_0 .net "write_mask", 31 0, L_000001b3567a2370;  1 drivers
E_000001b3565daab0/0 .event anyedge, v000001b356682e50_0, v000001b356682db0_0, v000001b356680510_0, v000001b3566805b0_0;
E_000001b3565daab0/1 .event anyedge, v000001b356680b50_0, v000001b356680c90_0, v000001b356681cd0_0, v000001b356681e10_0;
E_000001b3565daab0 .event/or E_000001b3565daab0/0, E_000001b3565daab0/1;
L_000001b356783950 .cmp/eq 4, L_000001b356783810, L_000001b356702038;
L_000001b356784e90 .functor MUXZ 32, L_000001b356702080, v000001b35667b470_0, L_000001b3567a17a0, C4<>;
L_000001b356784f30 .reduce/or v000001b356681e10_0;
S_000001b3566840e0 .scope module, "uart0" "UART" 3 136, 9 22 0, S_000001b356669ef0;
 .timescale -9 -12;
    .port_info 0 /INPUT 1 "clk";
    .port_info 1 /INPUT 1 "rst";
    .port_info 2 /INPUT 1 "rx";
    .port_info 3 /OUTPUT 1 "tx";
    .port_info 4 /INPUT 1 "wr_en";
    .port_info 5 /INPUT 8 "wr_data";
    .port_info 6 /INPUT 1 "rd_data_en";
    .port_info 7 /INPUT 1 "ier_wr_en";
    .port_info 8 /INPUT 3 "ier_wr_data";
    .port_info 9 /INPUT 2 "reg_sel";
    .port_info 10 /OUTPUT 32 "rdata";
    .port_info 11 /OUTPUT 1 "irq";
P_000001b356698820 .param/l "CLKS_PER_BIT" 0 9 23, +C4<00000000000000000000000000001000>;
P_000001b356698858 .param/l "RX_DATA" 1 9 71, C4<10>;
P_000001b356698890 .param/l "RX_IDLE" 1 9 71, C4<00>;
P_000001b3566988c8 .param/l "RX_START" 1 9 71, C4<01>;
P_000001b356698900 .param/l "RX_STOP" 1 9 71, C4<11>;
P_000001b356698938 .param/l "TX_DATA" 1 9 62, C4<10>;
P_000001b356698970 .param/l "TX_IDLE" 1 9 62, C4<00>;
P_000001b3566989a8 .param/l "TX_START" 1 9 62, C4<01>;
P_000001b3566989e0 .param/l "TX_STOP" 1 9 62, C4<11>;
L_000001b3567a0e00 .functor AND 1, L_000001b356783a90, L_000001b3567840d0, C4<1>, C4<1>;
L_000001b3567a10a0 .functor AND 1, L_000001b356784490, L_000001b356786fb0, C4<1>, C4<1>;
L_000001b3567a1f10 .functor AND 1, L_000001b3567a10a0, L_000001b356787870, C4<1>, C4<1>;
L_000001b3567a0b60 .functor BUFZ 8, L_000001b356786ab0, C4<00000000>, C4<00000000>, C4<00000000>;
L_000001b3567a1b90 .functor AND 1, L_000001b356783e50, L_000001b356786d30, C4<1>, C4<1>;
L_000001b3567a1340 .functor AND 1, L_000001b356786c90, L_000001b356787410, C4<1>, C4<1>;
L_000001b3567a1ea0 .functor AND 1, L_000001b356785610, L_000001b3567a1b90, C4<1>, C4<1>;
L_000001b3567a0a80 .functor OR 1, L_000001b3567a1340, L_000001b3567a1ea0, C4<0>, C4<0>;
L_000001b3567a1c00 .functor AND 1, L_000001b356785750, L_000001b356783630, C4<1>, C4<1>;
L_000001b3567a1810 .functor OR 1, L_000001b3567a0a80, L_000001b3567a1c00, C4<0>, C4<0>;
L_000001b3567020c8 .functor BUFT 1, C4<1000>, C4<0>, C4<0>, C4<0>;
v000001b356682b30_0 .net/2u *"_ivl_0", 3 0, L_000001b3567020c8;  1 drivers
v000001b356682c70_0 .net *"_ivl_100", 0 0, L_000001b3567a1c00;  1 drivers
L_000001b3567021a0 .functor BUFT 1, C4<0000>, C4<0>, C4<0>, C4<0>;
v000001b356682ef0_0 .net/2u *"_ivl_12", 3 0, L_000001b3567021a0;  1 drivers
L_000001b3567021e8 .functor BUFT 1, C4<00>, C4<0>, C4<0>, C4<0>;
v000001b356682d10_0 .net/2u *"_ivl_16", 1 0, L_000001b3567021e8;  1 drivers
v000001b356682450_0 .net *"_ivl_18", 0 0, L_000001b356783a90;  1 drivers
v000001b356682f90_0 .net *"_ivl_21", 0 0, L_000001b3567840d0;  1 drivers
L_000001b356702230 .functor BUFT 1, C4<11>, C4<0>, C4<0>, C4<0>;
v000001b3566830d0_0 .net/2u *"_ivl_24", 1 0, L_000001b356702230;  1 drivers
v000001b3566824f0_0 .net *"_ivl_26", 0 0, L_000001b356784490;  1 drivers
v000001b356682590_0 .net *"_ivl_28", 31 0, L_000001b356784170;  1 drivers
L_000001b356702278 .functor BUFT 1, C4<0000000000000000>, C4<0>, C4<0>, C4<0>;
v000001b356682630_0 .net *"_ivl_31", 15 0, L_000001b356702278;  1 drivers
L_000001b3567022c0 .functor BUFT 1, C4<00000000000000000000000000000111>, C4<0>, C4<0>, C4<0>;
v000001b3566826d0_0 .net/2u *"_ivl_32", 31 0, L_000001b3567022c0;  1 drivers
v000001b356682770_0 .net *"_ivl_34", 0 0, L_000001b356786fb0;  1 drivers
v000001b356682810_0 .net *"_ivl_37", 0 0, L_000001b3567a10a0;  1 drivers
v000001b35669fda0_0 .net *"_ivl_39", 0 0, L_000001b356787870;  1 drivers
L_000001b356702110 .functor BUFT 1, C4<0000>, C4<0>, C4<0>, C4<0>;
v000001b35669ea40_0 .net/2u *"_ivl_4", 3 0, L_000001b356702110;  1 drivers
v000001b35669fd00_0 .net *"_ivl_44", 7 0, L_000001b356786ab0;  1 drivers
v000001b35669f8a0_0 .net *"_ivl_46", 4 0, L_000001b356785890;  1 drivers
L_000001b356702308 .functor BUFT 1, C4<00>, C4<0>, C4<0>, C4<0>;
v000001b35669de60_0 .net *"_ivl_49", 1 0, L_000001b356702308;  1 drivers
L_000001b356702350 .functor BUFT 1, C4<00>, C4<0>, C4<0>, C4<0>;
v000001b35669efe0_0 .net/2u *"_ivl_52", 1 0, L_000001b356702350;  1 drivers
v000001b35669daa0_0 .net *"_ivl_54", 0 0, L_000001b356786d30;  1 drivers
L_000001b356702398 .functor BUFT 1, C4<0000000000000000000000000000>, C4<0>, C4<0>, C4<0>;
v000001b35669dd20_0 .net/2u *"_ivl_58", 27 0, L_000001b356702398;  1 drivers
v000001b35669fe40_0 .net *"_ivl_61", 0 0, L_000001b3567856b0;  1 drivers
v000001b35669ef40_0 .net *"_ivl_63", 0 0, L_000001b3567877d0;  1 drivers
L_000001b3567023e0 .functor BUFT 1, C4<00000000000000000000000000000>, C4<0>, C4<0>, C4<0>;
v000001b35669e540_0 .net/2u *"_ivl_66", 28 0, L_000001b3567023e0;  1 drivers
L_000001b356702428 .functor BUFT 1, C4<01>, C4<0>, C4<0>, C4<0>;
v000001b35669eea0_0 .net/2u *"_ivl_70", 1 0, L_000001b356702428;  1 drivers
v000001b35669e400_0 .net *"_ivl_72", 0 0, L_000001b356786830;  1 drivers
L_000001b356702470 .functor BUFT 1, C4<10>, C4<0>, C4<0>, C4<0>;
v000001b35669ddc0_0 .net/2u *"_ivl_74", 1 0, L_000001b356702470;  1 drivers
v000001b35669f300_0 .net *"_ivl_76", 0 0, L_000001b356787910;  1 drivers
L_000001b3567024b8 .functor BUFT 1, C4<000000000000000000000000>, C4<0>, C4<0>, C4<0>;
v000001b3566a0020_0 .net/2u *"_ivl_78", 23 0, L_000001b3567024b8;  1 drivers
L_000001b356702158 .functor BUFT 1, C4<1000>, C4<0>, C4<0>, C4<0>;
v000001b35669f620_0 .net/2u *"_ivl_8", 3 0, L_000001b356702158;  1 drivers
v000001b35669f440_0 .net *"_ivl_80", 31 0, L_000001b3567865b0;  1 drivers
v000001b35669f3a0_0 .net *"_ivl_82", 31 0, L_000001b356786970;  1 drivers
v000001b35669e9a0_0 .net *"_ivl_87", 0 0, L_000001b356786c90;  1 drivers
v000001b35669e5e0_0 .net *"_ivl_89", 0 0, L_000001b356787410;  1 drivers
v000001b35669e040_0 .net *"_ivl_90", 0 0, L_000001b3567a1340;  1 drivers
v000001b3566a00c0_0 .net *"_ivl_93", 0 0, L_000001b356785610;  1 drivers
v000001b35669f080_0 .net *"_ivl_94", 0 0, L_000001b3567a1ea0;  1 drivers
v000001b3566a0160_0 .net *"_ivl_96", 0 0, L_000001b3567a0a80;  1 drivers
v000001b35669df00_0 .net *"_ivl_99", 0 0, L_000001b356785750;  1 drivers
v000001b35669f120_0 .net "clk", 0 0, v000001b3566ec070_0;  alias, 1 drivers
v000001b35669db40_0 .var "ier", 2 0;
v000001b35669ee00_0 .net "ier_word", 31 0, L_000001b356787230;  1 drivers
v000001b35669fa80_0 .net "ier_wr_data", 2 0, L_000001b356786b50;  1 drivers
v000001b35669f1c0_0 .net "ier_wr_en", 0 0, L_000001b3567a0bd0;  1 drivers
v000001b35669dfa0_0 .net "irq", 0 0, L_000001b3567a1810;  alias, 1 drivers
v000001b35669f260_0 .net "rd_data_en", 0 0, L_000001b3567a1e30;  1 drivers
v000001b35669dc80_0 .net "rdata", 31 0, L_000001b356786330;  alias, 1 drivers
v000001b35669e0e0_0 .net "reg_sel", 1 0, L_000001b356782e10;  alias, 1 drivers
v000001b35669fb20_0 .net "rst", 0 0, v000001b3566eb030_0;  alias, 1 drivers
v000001b35669ff80_0 .net "rx", 0 0, L_000001b356785e30;  1 drivers
v000001b35669e180_0 .var "rx_baud", 15 0;
v000001b35669f4e0_0 .var "rx_bit", 2 0;
v000001b35669fee0_0 .var "rx_cnt", 3 0;
v000001b35669e220_0 .net "rx_empty", 0 0, L_000001b3567839f0;  1 drivers
v000001b35669dbe0_0 .net "rx_full", 0 0, L_000001b356783630;  1 drivers
v000001b35669f580_0 .net "rx_head", 7 0, L_000001b3567a0b60;  1 drivers
v000001b35669e680_0 .net "rx_push", 0 0, L_000001b3567a1f10;  1 drivers
v000001b35669fbc0_0 .var "rx_rd", 2 0;
v000001b3566a0200_0 .var "rx_s1", 0 0;
v000001b35669fc60_0 .var "rx_s2", 0 0;
v000001b35669e2c0_0 .var "rx_shift", 7 0;
v000001b35669e360_0 .var "rx_state", 1 0;
v000001b35669f760_0 .var "rx_wr", 2 0;
v000001b35669e4a0 .array "rxbuf", 7 0, 7 0;
v000001b35669e720_0 .net "status", 31 0, L_000001b356786290;  1 drivers
v000001b35669eae0_0 .net "tx", 0 0, v000001b35669eb80_0;  1 drivers
v000001b35669f940_0 .var "tx_baud", 15 0;
v000001b35669e860_0 .var "tx_bit", 2 0;
v000001b35669e7c0_0 .var "tx_cnt", 3 0;
v000001b35669f6c0_0 .net "tx_empty", 0 0, L_000001b356783e50;  1 drivers
v000001b35669f800_0 .net "tx_full", 0 0, L_000001b356783450;  1 drivers
v000001b35669e900_0 .net "tx_idle_empty", 0 0, L_000001b3567a1b90;  1 drivers
v000001b35669eb80_0 .var "tx_line", 0 0;
v000001b35669ec20_0 .net "tx_pop", 0 0, L_000001b3567a0e00;  1 drivers
v000001b35669ecc0_0 .var "tx_rd", 2 0;
v000001b35669ed60_0 .var "tx_shift", 7 0;
v000001b35669f9e0_0 .var "tx_state", 1 0;
v000001b3566a0de0_0 .var "tx_wr", 2 0;
v000001b3566a1c40 .array "txbuf", 7 0, 7 0;
v000001b3566a19c0_0 .net "wr_data", 7 0, L_000001b356787a50;  1 drivers
v000001b3566a1a60_0 .net "wr_en", 0 0, L_000001b3567a1b20;  1 drivers
L_000001b356783450 .cmp/eq 4, v000001b35669e7c0_0, L_000001b3567020c8;
L_000001b356783e50 .cmp/eq 4, v000001b35669e7c0_0, L_000001b356702110;
L_000001b356783630 .cmp/eq 4, v000001b35669fee0_0, L_000001b356702158;
L_000001b3567839f0 .cmp/eq 4, v000001b35669fee0_0, L_000001b3567021a0;
L_000001b356783a90 .cmp/eq 2, v000001b35669f9e0_0, L_000001b3567021e8;
L_000001b3567840d0 .reduce/nor L_000001b356783e50;
L_000001b356784490 .cmp/eq 2, v000001b35669e360_0, L_000001b356702230;
L_000001b356784170 .concat [ 16 16 0 0], v000001b35669e180_0, L_000001b356702278;
L_000001b356786fb0 .cmp/eq 32, L_000001b356784170, L_000001b3567022c0;
L_000001b356787870 .reduce/nor L_000001b356783630;
L_000001b356786ab0 .array/port v000001b35669e4a0, L_000001b356785890;
L_000001b356785890 .concat [ 3 2 0 0], v000001b35669fbc0_0, L_000001b356702308;
L_000001b356786d30 .cmp/eq 2, v000001b35669f9e0_0, L_000001b356702350;
L_000001b3567856b0 .reduce/nor L_000001b3567839f0;
L_000001b3567877d0 .reduce/nor L_000001b356783450;
LS_000001b356786290_0_0 .concat [ 1 1 1 1], L_000001b3567877d0, L_000001b3567a1b90, L_000001b3567856b0, L_000001b356783630;
LS_000001b356786290_0_4 .concat [ 28 0 0 0], L_000001b356702398;
L_000001b356786290 .concat [ 4 28 0 0], LS_000001b356786290_0_0, LS_000001b356786290_0_4;
L_000001b356787230 .concat [ 3 29 0 0], v000001b35669db40_0, L_000001b3567023e0;
L_000001b356786830 .cmp/eq 2, L_000001b356782e10, L_000001b356702428;
L_000001b356787910 .cmp/eq 2, L_000001b356782e10, L_000001b356702470;
L_000001b3567865b0 .concat [ 8 24 0 0], L_000001b3567a0b60, L_000001b3567024b8;
L_000001b356786970 .functor MUXZ 32, L_000001b3567865b0, L_000001b356787230, L_000001b356787910, C4<>;
L_000001b356786330 .functor MUXZ 32, L_000001b356786970, L_000001b356786290, L_000001b356786830, C4<>;
L_000001b356786c90 .part v000001b35669db40_0, 0, 1;
L_000001b356787410 .reduce/nor L_000001b3567839f0;
L_000001b356785610 .part v000001b35669db40_0, 1, 1;
L_000001b356785750 .part v000001b35669db40_0, 2, 1;
S_000001b356684d60 .scope module, "uart1" "UART" 3 143, 9 22 0, S_000001b356669ef0;
 .timescale -9 -12;
    .port_info 0 /INPUT 1 "clk";
    .port_info 1 /INPUT 1 "rst";
    .port_info 2 /INPUT 1 "rx";
    .port_info 3 /OUTPUT 1 "tx";
    .port_info 4 /INPUT 1 "wr_en";
    .port_info 5 /INPUT 8 "wr_data";
    .port_info 6 /INPUT 1 "rd_data_en";
    .port_info 7 /INPUT 1 "ier_wr_en";
    .port_info 8 /INPUT 3 "ier_wr_data";
    .port_info 9 /INPUT 2 "reg_sel";
    .port_info 10 /OUTPUT 32 "rdata";
    .port_info 11 /OUTPUT 1 "irq";
P_000001b3566a8a30 .param/l "CLKS_PER_BIT" 0 9 23, +C4<00000000000000000000000000001000>;
P_000001b3566a8a68 .param/l "RX_DATA" 1 9 71, C4<10>;
P_000001b3566a8aa0 .param/l "RX_IDLE" 1 9 71, C4<00>;
P_000001b3566a8ad8 .param/l "RX_START" 1 9 71, C4<01>;
P_000001b3566a8b10 .param/l "RX_STOP" 1 9 71, C4<11>;
P_000001b3566a8b48 .param/l "TX_DATA" 1 9 62, C4<10>;
P_000001b3566a8b80 .param/l "TX_IDLE" 1 9 62, C4<00>;
P_000001b3566a8bb8 .param/l "TX_START" 1 9 62, C4<01>;
P_000001b3566a8bf0 .param/l "TX_STOP" 1 9 62, C4<11>;
L_000001b3567a2140 .functor AND 1, L_000001b3567872d0, L_000001b356786bf0, C4<1>, C4<1>;
L_000001b3567a0c40 .functor AND 1, L_000001b3567860b0, L_000001b356786150, C4<1>, C4<1>;
L_000001b3567a1ab0 .functor AND 1, L_000001b3567a0c40, L_000001b3567857f0, C4<1>, C4<1>;
L_000001b3567a09a0 .functor BUFZ 8, L_000001b3567874b0, C4<00000000>, C4<00000000>, C4<00000000>;
L_000001b3567a1f80 .functor AND 1, L_000001b356785f70, L_000001b356786dd0, C4<1>, C4<1>;
L_000001b3567a1110 .functor AND 1, L_000001b356787190, L_000001b356786a10, C4<1>, C4<1>;
L_000001b3567a1ce0 .functor AND 1, L_000001b356785390, L_000001b3567a1f80, C4<1>, C4<1>;
L_000001b3567a1260 .functor OR 1, L_000001b3567a1110, L_000001b3567a1ce0, C4<0>, C4<0>;
L_000001b3567a0cb0 .functor AND 1, L_000001b356785b10, L_000001b356785ed0, C4<1>, C4<1>;
L_000001b3567a0a10 .functor OR 1, L_000001b3567a1260, L_000001b3567a0cb0, C4<0>, C4<0>;
L_000001b3567025d8 .functor BUFT 1, C4<1000>, C4<0>, C4<0>, C4<0>;
v000001b3566a1b00_0 .net/2u *"_ivl_0", 3 0, L_000001b3567025d8;  1 drivers
v000001b3566a2140_0 .net *"_ivl_100", 0 0, L_000001b3567a0cb0;  1 drivers
L_000001b3567026b0 .functor BUFT 1, C4<0000>, C4<0>, C4<0>, C4<0>;
v000001b3566a25a0_0 .net/2u *"_ivl_12", 3 0, L_000001b3567026b0;  1 drivers
L_000001b3567026f8 .functor BUFT 1, C4<00>, C4<0>, C4<0>, C4<0>;
v000001b3566a1920_0 .net/2u *"_ivl_16", 1 0, L_000001b3567026f8;  1 drivers
v000001b3566a2640_0 .net *"_ivl_18", 0 0, L_000001b3567872d0;  1 drivers
v000001b3566a0700_0 .net *"_ivl_21", 0 0, L_000001b356786bf0;  1 drivers
L_000001b356702740 .functor BUFT 1, C4<11>, C4<0>, C4<0>, C4<0>;
v000001b3566a0660_0 .net/2u *"_ivl_24", 1 0, L_000001b356702740;  1 drivers
v000001b3566a17e0_0 .net *"_ivl_26", 0 0, L_000001b3567860b0;  1 drivers
v000001b3566a2a00_0 .net *"_ivl_28", 31 0, L_000001b356785c50;  1 drivers
L_000001b356702788 .functor BUFT 1, C4<0000000000000000>, C4<0>, C4<0>, C4<0>;
v000001b3566a0fc0_0 .net *"_ivl_31", 15 0, L_000001b356702788;  1 drivers
L_000001b3567027d0 .functor BUFT 1, C4<00000000000000000000000000000111>, C4<0>, C4<0>, C4<0>;
v000001b3566a0c00_0 .net/2u *"_ivl_32", 31 0, L_000001b3567027d0;  1 drivers
v000001b3566a0d40_0 .net *"_ivl_34", 0 0, L_000001b356786150;  1 drivers
v000001b3566a20a0_0 .net *"_ivl_37", 0 0, L_000001b3567a0c40;  1 drivers
v000001b3566a08e0_0 .net *"_ivl_39", 0 0, L_000001b3567857f0;  1 drivers
L_000001b356702620 .functor BUFT 1, C4<0000>, C4<0>, C4<0>, C4<0>;
v000001b3566a0ca0_0 .net/2u *"_ivl_4", 3 0, L_000001b356702620;  1 drivers
v000001b3566a0e80_0 .net *"_ivl_44", 7 0, L_000001b3567874b0;  1 drivers
v000001b3566a1ba0_0 .net *"_ivl_46", 4 0, L_000001b356786e70;  1 drivers
L_000001b356702818 .functor BUFT 1, C4<00>, C4<0>, C4<0>, C4<0>;
v000001b3566a1e20_0 .net *"_ivl_49", 1 0, L_000001b356702818;  1 drivers
L_000001b356702860 .functor BUFT 1, C4<00>, C4<0>, C4<0>, C4<0>;
v000001b3566a1ce0_0 .net/2u *"_ivl_52", 1 0, L_000001b356702860;  1 drivers
v000001b3566a1d80_0 .net *"_ivl_54", 0 0, L_000001b356786dd0;  1 drivers
L_000001b3567028a8 .functor BUFT 1, C4<0000000000000000000000000000>, C4<0>, C4<0>, C4<0>;
v000001b3566a02a0_0 .net/2u *"_ivl_58", 27 0, L_000001b3567028a8;  1 drivers
v000001b3566a2460_0 .net *"_ivl_61", 0 0, L_000001b3567863d0;  1 drivers
v000001b3566a0f20_0 .net *"_ivl_63", 0 0, L_000001b356786f10;  1 drivers
L_000001b3567028f0 .functor BUFT 1, C4<00000000000000000000000000000>, C4<0>, C4<0>, C4<0>;
v000001b3566a05c0_0 .net/2u *"_ivl_66", 28 0, L_000001b3567028f0;  1 drivers
L_000001b356702938 .functor BUFT 1, C4<01>, C4<0>, C4<0>, C4<0>;
v000001b3566a26e0_0 .net/2u *"_ivl_70", 1 0, L_000001b356702938;  1 drivers
v000001b3566a0a20_0 .net *"_ivl_72", 0 0, L_000001b3567868d0;  1 drivers
L_000001b356702980 .functor BUFT 1, C4<10>, C4<0>, C4<0>, C4<0>;
v000001b3566a21e0_0 .net/2u *"_ivl_74", 1 0, L_000001b356702980;  1 drivers
v000001b3566a0340_0 .net *"_ivl_76", 0 0, L_000001b356785cf0;  1 drivers
L_000001b3567029c8 .functor BUFT 1, C4<000000000000000000000000>, C4<0>, C4<0>, C4<0>;
v000001b3566a1ec0_0 .net/2u *"_ivl_78", 23 0, L_000001b3567029c8;  1 drivers
L_000001b356702668 .functor BUFT 1, C4<1000>, C4<0>, C4<0>, C4<0>;
v000001b3566a1060_0 .net/2u *"_ivl_8", 3 0, L_000001b356702668;  1 drivers
v000001b3566a2780_0 .net *"_ivl_80", 31 0, L_000001b3567875f0;  1 drivers
v000001b3566a2820_0 .net *"_ivl_82", 31 0, L_000001b356787050;  1 drivers
v000001b3566a1f60_0 .net *"_ivl_87", 0 0, L_000001b356787190;  1 drivers
v000001b3566a07a0_0 .net *"_ivl_89", 0 0, L_000001b356786a10;  1 drivers
v000001b3566a0b60_0 .net *"_ivl_90", 0 0, L_000001b3567a1110;  1 drivers
v000001b3566a2000_0 .net *"_ivl_93", 0 0, L_000001b356785390;  1 drivers
v000001b3566a28c0_0 .net *"_ivl_94", 0 0, L_000001b3567a1ce0;  1 drivers
v000001b3566a2280_0 .net *"_ivl_96", 0 0, L_000001b3567a1260;  1 drivers
v000001b3566a1100_0 .net *"_ivl_99", 0 0, L_000001b356785b10;  1 drivers
v000001b3566a2320_0 .net "clk", 0 0, v000001b3566ec070_0;  alias, 1 drivers
v000001b3566a0520_0 .var "ier", 2 0;
v000001b3566a2960_0 .net "ier_word", 31 0, L_000001b356785570;  1 drivers
v000001b3566a11a0_0 .net "ier_wr_data", 2 0, L_000001b3567854d0;  1 drivers
v000001b3566a1240_0 .net "ier_wr_en", 0 0, L_000001b3567a0930;  1 drivers
v000001b3566a0980_0 .net "irq", 0 0, L_000001b3567a0a10;  alias, 1 drivers
v000001b3566a12e0_0 .net "rd_data_en", 0 0, L_000001b3567a13b0;  1 drivers
v000001b3566a1420_0 .net "rdata", 31 0, L_000001b3567870f0;  alias, 1 drivers
v000001b3566a1380_0 .net "reg_sel", 1 0, L_000001b356782e10;  alias, 1 drivers
v000001b3566a03e0_0 .net "rst", 0 0, v000001b3566eb030_0;  alias, 1 drivers
v000001b3566a14c0_0 .net "rx", 0 0, L_000001b356787370;  1 drivers
v000001b3566a1560_0 .var "rx_baud", 15 0;
v000001b3566a0480_0 .var "rx_bit", 2 0;
v000001b3566a23c0_0 .var "rx_cnt", 3 0;
v000001b3566a16a0_0 .net "rx_empty", 0 0, L_000001b3567866f0;  1 drivers
v000001b3566a2500_0 .net "rx_full", 0 0, L_000001b356785ed0;  1 drivers
v000001b3566a0840_0 .net "rx_head", 7 0, L_000001b3567a09a0;  1 drivers
v000001b3566a0ac0_0 .net "rx_push", 0 0, L_000001b3567a1ab0;  1 drivers
v000001b3566a1600_0 .var "rx_rd", 2 0;
v000001b3566a1740_0 .var "rx_s1", 0 0;
v000001b3566a1880_0 .var "rx_s2", 0 0;
v000001b3566a43a0_0 .var "rx_shift", 7 0;
v000001b3566a4c60_0 .var "rx_state", 1 0;
v000001b3566a3e00_0 .var "rx_wr", 2 0;
v000001b3566a2e60 .array "rxbuf", 7 0, 7 0;
v000001b3566a39a0_0 .net "status", 31 0, L_000001b356786790;  1 drivers
v000001b3566a5200_0 .net "tx", 0 0, v000001b3566a4a80_0;  1 drivers
v000001b3566a4da0_0 .var "tx_baud", 15 0;
v000001b3566a34a0_0 .var "tx_bit", 2 0;
v000001b3566a3f40_0 .var "tx_cnt", 3 0;
v000001b3566a2be0_0 .net "tx_empty", 0 0, L_000001b356785f70;  1 drivers
v000001b3566a3ea0_0 .net "tx_full", 0 0, L_000001b3567852f0;  1 drivers
v000001b3566a44e0_0 .net "tx_idle_empty", 0 0, L_000001b3567a1f80;  1 drivers
v000001b3566a4a80_0 .var "tx_line", 0 0;
v000001b3566a3540_0 .net "tx_pop", 0 0, L_000001b3567a2140;  1 drivers
v000001b3566a4300_0 .var "tx_rd", 2 0;
v000001b3566a4d00_0 .var "tx_shift", 7 0;
v000001b3566a4800_0 .var "tx_state", 1 0;
v000001b3566a4e40_0 .var "tx_wr", 2 0;
v000001b3566a4b20 .array "txbuf", 7 0, 7 0;
v000001b3566a4580_0 .net "wr_data", 7 0, L_000001b356787550;  1 drivers
v000001b3566a5160_0 .net "wr_en", 0 0, L_000001b3567a07e0;  1 drivers
L_000001b3567852f0 .cmp/eq 4, v000001b3566a3f40_0, L_000001b3567025d8;
L_000001b356785f70 .cmp/eq 4, v000001b3566a3f40_0, L_000001b356702620;
L_000001b356785ed0 .cmp/eq 4, v000001b3566a23c0_0, L_000001b356702668;
L_000001b3567866f0 .cmp/eq 4, v000001b3566a23c0_0, L_000001b3567026b0;
L_000001b3567872d0 .cmp/eq 2, v000001b3566a4800_0, L_000001b3567026f8;
L_000001b356786bf0 .reduce/nor L_000001b356785f70;
L_000001b3567860b0 .cmp/eq 2, v000001b3566a4c60_0, L_000001b356702740;
L_000001b356785c50 .concat [ 16 16 0 0], v000001b3566a1560_0, L_000001b356702788;
L_000001b356786150 .cmp/eq 32, L_000001b356785c50, L_000001b3567027d0;
L_000001b3567857f0 .reduce/nor L_000001b356785ed0;
L_000001b3567874b0 .array/port v000001b3566a2e60, L_000001b356786e70;
L_000001b356786e70 .concat [ 3 2 0 0], v000001b3566a1600_0, L_000001b356702818;
L_000001b356786dd0 .cmp/eq 2, v000001b3566a4800_0, L_000001b356702860;
L_000001b3567863d0 .reduce/nor L_000001b3567866f0;
L_000001b356786f10 .reduce/nor L_000001b3567852f0;
LS_000001b356786790_0_0 .concat [ 1 1 1 1], L_000001b356786f10, L_000001b3567a1f80, L_000001b3567863d0, L_000001b356785ed0;
LS_000001b356786790_0_4 .concat [ 28 0 0 0], L_000001b3567028a8;
L_000001b356786790 .concat [ 4 28 0 0], LS_000001b356786790_0_0, LS_000001b356786790_0_4;
L_000001b356785570 .concat [ 3 29 0 0], v000001b3566a0520_0, L_000001b3567028f0;
L_000001b3567868d0 .cmp/eq 2, L_000001b356782e10, L_000001b356702938;
L_000001b356785cf0 .cmp/eq 2, L_000001b356782e10, L_000001b356702980;
L_000001b3567875f0 .concat [ 8 24 0 0], L_000001b3567a09a0, L_000001b3567029c8;
L_000001b356787050 .functor MUXZ 32, L_000001b3567875f0, L_000001b356785570, L_000001b356785cf0, C4<>;
L_000001b3567870f0 .functor MUXZ 32, L_000001b356787050, L_000001b356786790, L_000001b3567868d0, C4<>;
L_000001b356787190 .part v000001b3566a0520_0, 0, 1;
L_000001b356786a10 .reduce/nor L_000001b3567866f0;
L_000001b356785390 .part v000001b3566a0520_0, 1, 1;
L_000001b356785b10 .part v000001b3566a0520_0, 2, 1;
S_000001b356685850 .scope module, "uart2" "UART" 3 150, 9 22 0, S_000001b356669ef0;
 .timescale -9 -12;
    .port_info 0 /INPUT 1 "clk";
    .port_info 1 /INPUT 1 "rst";
    .port_info 2 /INPUT 1 "rx";
    .port_info 3 /OUTPUT 1 "tx";
    .port_info 4 /INPUT 1 "wr_en";
    .port_info 5 /INPUT 8 "wr_data";
    .port_info 6 /INPUT 1 "rd_data_en";
    .port_info 7 /INPUT 1 "ier_wr_en";
    .port_info 8 /INPUT 3 "ier_wr_data";
    .port_info 9 /INPUT 2 "reg_sel";
    .port_info 10 /OUTPUT 32 "rdata";
    .port_info 11 /OUTPUT 1 "irq";
P_000001b3566a9050 .param/l "CLKS_PER_BIT" 0 9 23, +C4<00000000000000000000000000001000>;
P_000001b3566a9088 .param/l "RX_DATA" 1 9 71, C4<10>;
P_000001b3566a90c0 .param/l "RX_IDLE" 1 9 71, C4<00>;
P_000001b3566a90f8 .param/l "RX_START" 1 9 71, C4<01>;
P_000001b3566a9130 .param/l "RX_STOP" 1 9 71, C4<11>;
P_000001b3566a9168 .param/l "TX_DATA" 1 9 62, C4<10>;
P_000001b3566a91a0 .param/l "TX_IDLE" 1 9 62, C4<00>;
P_000001b3566a91d8 .param/l "TX_START" 1 9 62, C4<01>;
P_000001b3566a9210 .param/l "TX_STOP" 1 9 62, C4<11>;
L_000001b3567a0d20 .functor AND 1, L_000001b356785a70, L_000001b356786010, C4<1>, C4<1>;
L_000001b3567a1ff0 .functor AND 1, L_000001b356785bb0, L_000001b356788090, C4<1>, C4<1>;
L_000001b3567a15e0 .functor AND 1, L_000001b3567a1ff0, L_000001b356787cd0, C4<1>, C4<1>;
L_000001b3567a20d0 .functor BUFZ 8, L_000001b356789a30, C4<00000000>, C4<00000000>, C4<00000000>;
L_000001b3567a2060 .functor AND 1, L_000001b356785d90, L_000001b3567893f0, C4<1>, C4<1>;
L_000001b3567a0d90 .functor AND 1, L_000001b356789b70, L_000001b356788ef0, C4<1>, C4<1>;
L_000001b3567a1880 .functor AND 1, L_000001b356789c10, L_000001b3567a2060, C4<1>, C4<1>;
L_000001b3567a08c0 .functor OR 1, L_000001b3567a0d90, L_000001b3567a1880, C4<0>, C4<0>;
L_000001b3567a16c0 .functor AND 1, L_000001b356788770, L_000001b3567859d0, C4<1>, C4<1>;
L_000001b3567a0e70 .functor OR 1, L_000001b3567a08c0, L_000001b3567a16c0, C4<0>, C4<0>;
L_000001b356702ae8 .functor BUFT 1, C4<1000>, C4<0>, C4<0>, C4<0>;
v000001b3566a3c20_0 .net/2u *"_ivl_0", 3 0, L_000001b356702ae8;  1 drivers
v000001b3566a3fe0_0 .net *"_ivl_100", 0 0, L_000001b3567a16c0;  1 drivers
L_000001b356702bc0 .functor BUFT 1, C4<0000>, C4<0>, C4<0>, C4<0>;
v000001b3566a4080_0 .net/2u *"_ivl_12", 3 0, L_000001b356702bc0;  1 drivers
L_000001b356702c08 .functor BUFT 1, C4<00>, C4<0>, C4<0>, C4<0>;
v000001b3566a4120_0 .net/2u *"_ivl_16", 1 0, L_000001b356702c08;  1 drivers
v000001b3566a4940_0 .net *"_ivl_18", 0 0, L_000001b356785a70;  1 drivers
v000001b3566a48a0_0 .net *"_ivl_21", 0 0, L_000001b356786010;  1 drivers
L_000001b356702c50 .functor BUFT 1, C4<11>, C4<0>, C4<0>, C4<0>;
v000001b3566a4bc0_0 .net/2u *"_ivl_24", 1 0, L_000001b356702c50;  1 drivers
v000001b3566a2f00_0 .net *"_ivl_26", 0 0, L_000001b356785bb0;  1 drivers
v000001b3566a4440_0 .net *"_ivl_28", 31 0, L_000001b3567861f0;  1 drivers
L_000001b356702c98 .functor BUFT 1, C4<0000000000000000>, C4<0>, C4<0>, C4<0>;
v000001b3566a4ee0_0 .net *"_ivl_31", 15 0, L_000001b356702c98;  1 drivers
L_000001b356702ce0 .functor BUFT 1, C4<00000000000000000000000000000111>, C4<0>, C4<0>, C4<0>;
v000001b3566a2d20_0 .net/2u *"_ivl_32", 31 0, L_000001b356702ce0;  1 drivers
v000001b3566a3b80_0 .net *"_ivl_34", 0 0, L_000001b356788090;  1 drivers
v000001b3566a41c0_0 .net *"_ivl_37", 0 0, L_000001b3567a1ff0;  1 drivers
v000001b3566a35e0_0 .net *"_ivl_39", 0 0, L_000001b356787cd0;  1 drivers
L_000001b356702b30 .functor BUFT 1, C4<0000>, C4<0>, C4<0>, C4<0>;
v000001b3566a4f80_0 .net/2u *"_ivl_4", 3 0, L_000001b356702b30;  1 drivers
v000001b3566a5020_0 .net *"_ivl_44", 7 0, L_000001b356789a30;  1 drivers
v000001b3566a2b40_0 .net *"_ivl_46", 4 0, L_000001b356789f30;  1 drivers
L_000001b356702d28 .functor BUFT 1, C4<00>, C4<0>, C4<0>, C4<0>;
v000001b3566a50c0_0 .net *"_ivl_49", 1 0, L_000001b356702d28;  1 drivers
L_000001b356702d70 .functor BUFT 1, C4<00>, C4<0>, C4<0>, C4<0>;
v000001b3566a4760_0 .net/2u *"_ivl_52", 1 0, L_000001b356702d70;  1 drivers
v000001b3566a2aa0_0 .net *"_ivl_54", 0 0, L_000001b3567893f0;  1 drivers
L_000001b356702db8 .functor BUFT 1, C4<0000000000000000000000000000>, C4<0>, C4<0>, C4<0>;
v000001b3566a3680_0 .net/2u *"_ivl_58", 27 0, L_000001b356702db8;  1 drivers
v000001b3566a3ae0_0 .net *"_ivl_61", 0 0, L_000001b356789170;  1 drivers
v000001b3566a49e0_0 .net *"_ivl_63", 0 0, L_000001b356789ad0;  1 drivers
L_000001b356702e00 .functor BUFT 1, C4<00000000000000000000000000000>, C4<0>, C4<0>, C4<0>;
v000001b3566a4260_0 .net/2u *"_ivl_66", 28 0, L_000001b356702e00;  1 drivers
L_000001b356702e48 .functor BUFT 1, C4<01>, C4<0>, C4<0>, C4<0>;
v000001b3566a2c80_0 .net/2u *"_ivl_70", 1 0, L_000001b356702e48;  1 drivers
v000001b3566a3400_0 .net *"_ivl_72", 0 0, L_000001b356789990;  1 drivers
L_000001b356702e90 .functor BUFT 1, C4<10>, C4<0>, C4<0>, C4<0>;
v000001b3566a3720_0 .net/2u *"_ivl_74", 1 0, L_000001b356702e90;  1 drivers
v000001b3566a2dc0_0 .net *"_ivl_76", 0 0, L_000001b356788e50;  1 drivers
L_000001b356702ed8 .functor BUFT 1, C4<000000000000000000000000>, C4<0>, C4<0>, C4<0>;
v000001b3566a3a40_0 .net/2u *"_ivl_78", 23 0, L_000001b356702ed8;  1 drivers
L_000001b356702b78 .functor BUFT 1, C4<1000>, C4<0>, C4<0>, C4<0>;
v000001b3566a37c0_0 .net/2u *"_ivl_8", 3 0, L_000001b356702b78;  1 drivers
v000001b3566a32c0_0 .net *"_ivl_80", 31 0, L_000001b356788f90;  1 drivers
v000001b3566a3cc0_0 .net *"_ivl_82", 31 0, L_000001b35678a1b0;  1 drivers
v000001b3566a4620_0 .net *"_ivl_87", 0 0, L_000001b356789b70;  1 drivers
v000001b3566a46c0_0 .net *"_ivl_89", 0 0, L_000001b356788ef0;  1 drivers
v000001b3566a2fa0_0 .net *"_ivl_90", 0 0, L_000001b3567a0d90;  1 drivers
v000001b3566a3040_0 .net *"_ivl_93", 0 0, L_000001b356789c10;  1 drivers
v000001b3566a30e0_0 .net *"_ivl_94", 0 0, L_000001b3567a1880;  1 drivers
v000001b3566a3180_0 .net *"_ivl_96", 0 0, L_000001b3567a08c0;  1 drivers
v000001b3566a3220_0 .net *"_ivl_99", 0 0, L_000001b356788770;  1 drivers
v000001b3566a3360_0 .net "clk", 0 0, v000001b3566ec070_0;  alias, 1 drivers
v000001b3566a3860_0 .var "ier", 2 0;
v000001b3566a3900_0 .net "ier_word", 31 0, L_000001b3567897b0;  1 drivers
v000001b3566a3d60_0 .net "ier_wr_data", 2 0, L_000001b356789710;  1 drivers
v000001b3566a7280_0 .net "ier_wr_en", 0 0, L_000001b3567a1730;  1 drivers
v000001b3566a6a60_0 .net "irq", 0 0, L_000001b3567a0e70;  alias, 1 drivers
v000001b3566a7640_0 .net "rd_data_en", 0 0, L_000001b3567a0f50;  1 drivers
v000001b3566a6ba0_0 .net "rdata", 31 0, L_000001b356789530;  alias, 1 drivers
v000001b3566a76e0_0 .net "reg_sel", 1 0, L_000001b356782e10;  alias, 1 drivers
v000001b3566a5520_0 .net "rst", 0 0, v000001b3566eb030_0;  alias, 1 drivers
v000001b3566a5f20_0 .net "rx", 0 0, L_000001b356787b90;  1 drivers
v000001b3566a6380_0 .var "rx_baud", 15 0;
v000001b3566a66a0_0 .var "rx_bit", 2 0;
v000001b3566a7320_0 .var "rx_cnt", 3 0;
v000001b3566a7780_0 .net "rx_empty", 0 0, L_000001b356786510;  1 drivers
v000001b3566a73c0_0 .net "rx_full", 0 0, L_000001b3567859d0;  1 drivers
v000001b3566a5840_0 .net "rx_head", 7 0, L_000001b3567a20d0;  1 drivers
v000001b3566a7460_0 .net "rx_push", 0 0, L_000001b3567a15e0;  1 drivers
v000001b3566a5fc0_0 .var "rx_rd", 2 0;
v000001b3566a6c40_0 .var "rx_s1", 0 0;
v000001b3566a7960_0 .var "rx_s2", 0 0;
v000001b3566a7820_0 .var "rx_shift", 7 0;
v000001b3566a78c0_0 .var "rx_state", 1 0;
v000001b3566a6600_0 .var "rx_wr", 2 0;
v000001b3566a52a0 .array "rxbuf", 7 0, 7 0;
v000001b3566a6740_0 .net "status", 31 0, L_000001b356788db0;  1 drivers
v000001b3566a5d40_0 .net "tx", 0 0, v000001b3566a5700_0;  1 drivers
v000001b3566a55c0_0 .var "tx_baud", 15 0;
v000001b3566a5c00_0 .var "tx_bit", 2 0;
v000001b3566a7a00_0 .var "tx_cnt", 3 0;
v000001b3566a5340_0 .net "tx_empty", 0 0, L_000001b356785d90;  1 drivers
v000001b3566a5980_0 .net "tx_full", 0 0, L_000001b356785930;  1 drivers
v000001b3566a5ca0_0 .net "tx_idle_empty", 0 0, L_000001b3567a2060;  1 drivers
v000001b3566a5700_0 .var "tx_line", 0 0;
v000001b3566a5b60_0 .net "tx_pop", 0 0, L_000001b3567a0d20;  1 drivers
v000001b3566a6ce0_0 .var "tx_rd", 2 0;
v000001b3566a69c0_0 .var "tx_shift", 7 0;
v000001b3566a57a0_0 .var "tx_state", 1 0;
v000001b3566a5a20_0 .var "tx_wr", 2 0;
v000001b3566a6b00 .array "txbuf", 7 0, 7 0;
v000001b3566a5660_0 .net "wr_data", 7 0, L_000001b356788810;  1 drivers
v000001b3566a53e0_0 .net "wr_en", 0 0, L_000001b3567a0ee0;  1 drivers
L_000001b356785930 .cmp/eq 4, v000001b3566a7a00_0, L_000001b356702ae8;
L_000001b356785d90 .cmp/eq 4, v000001b3566a7a00_0, L_000001b356702b30;
L_000001b3567859d0 .cmp/eq 4, v000001b3566a7320_0, L_000001b356702b78;
L_000001b356786510 .cmp/eq 4, v000001b3566a7320_0, L_000001b356702bc0;
L_000001b356785a70 .cmp/eq 2, v000001b3566a57a0_0, L_000001b356702c08;
L_000001b356786010 .reduce/nor L_000001b356785d90;
L_000001b356785bb0 .cmp/eq 2, v000001b3566a78c0_0, L_000001b356702c50;
L_000001b3567861f0 .concat [ 16 16 0 0], v000001b3566a6380_0, L_000001b356702c98;
L_000001b356788090 .cmp/eq 32, L_000001b3567861f0, L_000001b356702ce0;
L_000001b356787cd0 .reduce/nor L_000001b3567859d0;
L_000001b356789a30 .array/port v000001b3566a52a0, L_000001b356789f30;
L_000001b356789f30 .concat [ 3 2 0 0], v000001b3566a5fc0_0, L_000001b356702d28;
L_000001b3567893f0 .cmp/eq 2, v000001b3566a57a0_0, L_000001b356702d70;
L_000001b356789170 .reduce/nor L_000001b356786510;
L_000001b356789ad0 .reduce/nor L_000001b356785930;
LS_000001b356788db0_0_0 .concat [ 1 1 1 1], L_000001b356789ad0, L_000001b3567a2060, L_000001b356789170, L_000001b3567859d0;
LS_000001b356788db0_0_4 .concat [ 28 0 0 0], L_000001b356702db8;
L_000001b356788db0 .concat [ 4 28 0 0], LS_000001b356788db0_0_0, LS_000001b356788db0_0_4;
L_000001b3567897b0 .concat [ 3 29 0 0], v000001b3566a3860_0, L_000001b356702e00;
L_000001b356789990 .cmp/eq 2, L_000001b356782e10, L_000001b356702e48;
L_000001b356788e50 .cmp/eq 2, L_000001b356782e10, L_000001b356702e90;
L_000001b356788f90 .concat [ 8 24 0 0], L_000001b3567a20d0, L_000001b356702ed8;
L_000001b35678a1b0 .functor MUXZ 32, L_000001b356788f90, L_000001b3567897b0, L_000001b356788e50, C4<>;
L_000001b356789530 .functor MUXZ 32, L_000001b35678a1b0, L_000001b356788db0, L_000001b356789990, C4<>;
L_000001b356789b70 .part v000001b3566a3860_0, 0, 1;
L_000001b356788ef0 .reduce/nor L_000001b356786510;
L_000001b356789c10 .part v000001b3566a3860_0, 1, 1;
L_000001b356788770 .part v000001b3566a3860_0, 2, 1;
S_000001b356684ef0 .scope module, "uart3" "UART" 3 157, 9 22 0, S_000001b356669ef0;
 .timescale -9 -12;
    .port_info 0 /INPUT 1 "clk";
    .port_info 1 /INPUT 1 "rst";
    .port_info 2 /INPUT 1 "rx";
    .port_info 3 /OUTPUT 1 "tx";
    .port_info 4 /INPUT 1 "wr_en";
    .port_info 5 /INPUT 8 "wr_data";
    .port_info 6 /INPUT 1 "rd_data_en";
    .port_info 7 /INPUT 1 "ier_wr_en";
    .port_info 8 /INPUT 3 "ier_wr_data";
    .port_info 9 /INPUT 2 "reg_sel";
    .port_info 10 /OUTPUT 32 "rdata";
    .port_info 11 /OUTPUT 1 "irq";
P_000001b3566a9670 .param/l "CLKS_PER_BIT" 0 9 23, +C4<00000000000000000000000000001000>;
P_000001b3566a96a8 .param/l "RX_DATA" 1 9 71, C4<10>;
P_000001b3566a96e0 .param/l "RX_IDLE" 1 9 71, C4<00>;
P_000001b3566a9718 .param/l "RX_START" 1 9 71, C4<01>;
P_000001b3566a9750 .param/l "RX_STOP" 1 9 71, C4<11>;
P_000001b3566a9788 .param/l "TX_DATA" 1 9 62, C4<10>;
P_000001b3566a97c0 .param/l "TX_IDLE" 1 9 62, C4<00>;
P_000001b3566a97f8 .param/l "TX_START" 1 9 62, C4<01>;
P_000001b3566a9830 .param/l "TX_STOP" 1 9 62, C4<11>;
L_000001b3567a1420 .functor AND 1, L_000001b3567895d0, L_000001b3567898f0, C4<1>, C4<1>;
L_000001b3567a18f0 .functor AND 1, L_000001b35678a070, L_000001b356788310, C4<1>, C4<1>;
L_000001b3567a1490 .functor AND 1, L_000001b3567a18f0, L_000001b3567888b0, C4<1>, C4<1>;
L_000001b3567a26f0 .functor BUFZ 8, L_000001b356789d50, C4<00000000>, C4<00000000>, C4<00000000>;
L_000001b3567a1960 .functor AND 1, L_000001b356789490, L_000001b356789030, C4<1>, C4<1>;
L_000001b3567a28b0 .functor AND 1, L_000001b35678a250, L_000001b356787af0, C4<1>, C4<1>;
L_000001b3567a2760 .functor AND 1, L_000001b356787e10, L_000001b3567a1960, C4<1>, C4<1>;
L_000001b3567a24c0 .functor OR 1, L_000001b3567a28b0, L_000001b3567a2760, C4<0>, C4<0>;
L_000001b3567a2920 .functor AND 1, L_000001b356787ff0, L_000001b356789850, C4<1>, C4<1>;
L_000001b3567a2530 .functor OR 1, L_000001b3567a24c0, L_000001b3567a2920, C4<0>, C4<0>;
L_000001b356702ff8 .functor BUFT 1, C4<1000>, C4<0>, C4<0>, C4<0>;
v000001b3566a6d80_0 .net/2u *"_ivl_0", 3 0, L_000001b356702ff8;  1 drivers
v000001b3566a5480_0 .net *"_ivl_100", 0 0, L_000001b3567a2920;  1 drivers
L_000001b3567030d0 .functor BUFT 1, C4<0000>, C4<0>, C4<0>, C4<0>;
v000001b3566a7140_0 .net/2u *"_ivl_12", 3 0, L_000001b3567030d0;  1 drivers
L_000001b356703118 .functor BUFT 1, C4<00>, C4<0>, C4<0>, C4<0>;
v000001b3566a67e0_0 .net/2u *"_ivl_16", 1 0, L_000001b356703118;  1 drivers
v000001b3566a58e0_0 .net *"_ivl_18", 0 0, L_000001b3567895d0;  1 drivers
v000001b3566a6060_0 .net *"_ivl_21", 0 0, L_000001b3567898f0;  1 drivers
L_000001b356703160 .functor BUFT 1, C4<11>, C4<0>, C4<0>, C4<0>;
v000001b3566a5ac0_0 .net/2u *"_ivl_24", 1 0, L_000001b356703160;  1 drivers
v000001b3566a5de0_0 .net *"_ivl_26", 0 0, L_000001b35678a070;  1 drivers
v000001b3566a5e80_0 .net *"_ivl_28", 31 0, L_000001b356788bd0;  1 drivers
L_000001b3567031a8 .functor BUFT 1, C4<0000000000000000>, C4<0>, C4<0>, C4<0>;
v000001b3566a6e20_0 .net *"_ivl_31", 15 0, L_000001b3567031a8;  1 drivers
L_000001b3567031f0 .functor BUFT 1, C4<00000000000000000000000000000111>, C4<0>, C4<0>, C4<0>;
v000001b3566a6100_0 .net/2u *"_ivl_32", 31 0, L_000001b3567031f0;  1 drivers
v000001b3566a6ec0_0 .net *"_ivl_34", 0 0, L_000001b356788310;  1 drivers
v000001b3566a61a0_0 .net *"_ivl_37", 0 0, L_000001b3567a18f0;  1 drivers
v000001b3566a7500_0 .net *"_ivl_39", 0 0, L_000001b3567888b0;  1 drivers
L_000001b356703040 .functor BUFT 1, C4<0000>, C4<0>, C4<0>, C4<0>;
v000001b3566a7000_0 .net/2u *"_ivl_4", 3 0, L_000001b356703040;  1 drivers
v000001b3566a75a0_0 .net *"_ivl_44", 7 0, L_000001b356789d50;  1 drivers
v000001b3566a6240_0 .net *"_ivl_46", 4 0, L_000001b356787eb0;  1 drivers
L_000001b356703238 .functor BUFT 1, C4<00>, C4<0>, C4<0>, C4<0>;
v000001b3566a62e0_0 .net *"_ivl_49", 1 0, L_000001b356703238;  1 drivers
L_000001b356703280 .functor BUFT 1, C4<00>, C4<0>, C4<0>, C4<0>;
v000001b3566a6f60_0 .net/2u *"_ivl_52", 1 0, L_000001b356703280;  1 drivers
v000001b3566a6420_0 .net *"_ivl_54", 0 0, L_000001b356789030;  1 drivers
L_000001b3567032c8 .functor BUFT 1, C4<0000000000000000000000000000>, C4<0>, C4<0>, C4<0>;
v000001b3566a64c0_0 .net/2u *"_ivl_58", 27 0, L_000001b3567032c8;  1 drivers
v000001b3566a70a0_0 .net *"_ivl_61", 0 0, L_000001b356787d70;  1 drivers
v000001b3566a6560_0 .net *"_ivl_63", 0 0, L_000001b356788590;  1 drivers
L_000001b356703310 .functor BUFT 1, C4<00000000000000000000000000000>, C4<0>, C4<0>, C4<0>;
v000001b3566a6880_0 .net/2u *"_ivl_66", 28 0, L_000001b356703310;  1 drivers
L_000001b356703358 .functor BUFT 1, C4<01>, C4<0>, C4<0>, C4<0>;
v000001b3566a6920_0 .net/2u *"_ivl_70", 1 0, L_000001b356703358;  1 drivers
v000001b3566a71e0_0 .net *"_ivl_72", 0 0, L_000001b356788630;  1 drivers
L_000001b3567033a0 .functor BUFT 1, C4<10>, C4<0>, C4<0>, C4<0>;
v000001b3566a82c0_0 .net/2u *"_ivl_74", 1 0, L_000001b3567033a0;  1 drivers
v000001b3566a7be0_0 .net *"_ivl_76", 0 0, L_000001b356789e90;  1 drivers
L_000001b3567033e8 .functor BUFT 1, C4<000000000000000000000000>, C4<0>, C4<0>, C4<0>;
v000001b3566a8400_0 .net/2u *"_ivl_78", 23 0, L_000001b3567033e8;  1 drivers
L_000001b356703088 .functor BUFT 1, C4<1000>, C4<0>, C4<0>, C4<0>;
v000001b3566a7c80_0 .net/2u *"_ivl_8", 3 0, L_000001b356703088;  1 drivers
v000001b3566a8720_0 .net *"_ivl_80", 31 0, L_000001b3567892b0;  1 drivers
v000001b3566a7aa0_0 .net *"_ivl_82", 31 0, L_000001b35678a110;  1 drivers
v000001b3566a8360_0 .net *"_ivl_87", 0 0, L_000001b35678a250;  1 drivers
v000001b3566a87c0_0 .net *"_ivl_89", 0 0, L_000001b356787af0;  1 drivers
v000001b3566a7d20_0 .net *"_ivl_90", 0 0, L_000001b3567a28b0;  1 drivers
v000001b3566a8220_0 .net *"_ivl_93", 0 0, L_000001b356787e10;  1 drivers
v000001b3566a7dc0_0 .net *"_ivl_94", 0 0, L_000001b3567a2760;  1 drivers
v000001b3566a8860_0 .net *"_ivl_96", 0 0, L_000001b3567a24c0;  1 drivers
v000001b3566a85e0_0 .net *"_ivl_99", 0 0, L_000001b356787ff0;  1 drivers
v000001b3566a8900_0 .net "clk", 0 0, v000001b3566ec070_0;  alias, 1 drivers
v000001b3566a7b40_0 .var "ier", 2 0;
v000001b3566a7e60_0 .net "ier_word", 31 0, L_000001b356789df0;  1 drivers
v000001b3566a7f00_0 .net "ier_wr_data", 2 0, L_000001b356788950;  1 drivers
v000001b3566a84a0_0 .net "ier_wr_en", 0 0, L_000001b3567a2680;  1 drivers
v000001b3566a7fa0_0 .net "irq", 0 0, L_000001b3567a2530;  alias, 1 drivers
v000001b3566a8040_0 .net "rd_data_en", 0 0, L_000001b3567a2610;  1 drivers
v000001b3566a80e0_0 .net "rdata", 31 0, L_000001b356787f50;  alias, 1 drivers
v000001b3566a8540_0 .net "reg_sel", 1 0, L_000001b356782e10;  alias, 1 drivers
v000001b3566a8180_0 .net "rst", 0 0, v000001b3566eb030_0;  alias, 1 drivers
v000001b3566a8680_0 .net "rx", 0 0, L_000001b356788270;  1 drivers
v000001b35669ab20_0 .var "rx_baud", 15 0;
v000001b35669af80_0 .var "rx_bit", 2 0;
v000001b356699180_0 .var "rx_cnt", 3 0;
v000001b35669a3a0_0 .net "rx_empty", 0 0, L_000001b356789cb0;  1 drivers
v000001b3566995e0_0 .net "rx_full", 0 0, L_000001b356789850;  1 drivers
v000001b35669ada0_0 .net "rx_head", 7 0, L_000001b3567a26f0;  1 drivers
v000001b35669a1c0_0 .net "rx_push", 0 0, L_000001b3567a1490;  1 drivers
v000001b35669b020_0 .var "rx_rd", 2 0;
v000001b35669aa80_0 .var "rx_s1", 0 0;
v000001b356699220_0 .var "rx_s2", 0 0;
v000001b35669ac60_0 .var "rx_shift", 7 0;
v000001b356698d20_0 .var "rx_state", 1 0;
v000001b35669b0c0_0 .var "rx_wr", 2 0;
v000001b356699680 .array "rxbuf", 7 0, 7 0;
v000001b356698dc0_0 .net "status", 31 0, L_000001b356789670;  1 drivers
v000001b3566990e0_0 .net "tx", 0 0, v000001b356698c80_0;  1 drivers
v000001b356699720_0 .var "tx_baud", 15 0;
v000001b3566992c0_0 .var "tx_bit", 2 0;
v000001b35669abc0_0 .var "tx_cnt", 3 0;
v000001b3566999a0_0 .net "tx_empty", 0 0, L_000001b356789490;  1 drivers
v000001b3566997c0_0 .net "tx_full", 0 0, L_000001b356789fd0;  1 drivers
v000001b356699ea0_0 .net "tx_idle_empty", 0 0, L_000001b3567a1960;  1 drivers
v000001b356698c80_0 .var "tx_line", 0 0;
v000001b35669a260_0 .net "tx_pop", 0 0, L_000001b3567a1420;  1 drivers
v000001b35669b200_0 .var "tx_rd", 2 0;
v000001b35669a120_0 .var "tx_shift", 7 0;
v000001b35669a300_0 .var "tx_state", 1 0;
v000001b356698fa0_0 .var "tx_wr", 2 0;
v000001b356699c20 .array "txbuf", 7 0, 7 0;
v000001b35669ae40_0 .net "wr_data", 7 0, L_000001b3567883b0;  1 drivers
v000001b35669a440_0 .net "wr_en", 0 0, L_000001b3567a25a0;  1 drivers
L_000001b356789fd0 .cmp/eq 4, v000001b35669abc0_0, L_000001b356702ff8;
L_000001b356789490 .cmp/eq 4, v000001b35669abc0_0, L_000001b356703040;
L_000001b356789850 .cmp/eq 4, v000001b356699180_0, L_000001b356703088;
L_000001b356789cb0 .cmp/eq 4, v000001b356699180_0, L_000001b3567030d0;
L_000001b3567895d0 .cmp/eq 2, v000001b35669a300_0, L_000001b356703118;
L_000001b3567898f0 .reduce/nor L_000001b356789490;
L_000001b35678a070 .cmp/eq 2, v000001b356698d20_0, L_000001b356703160;
L_000001b356788bd0 .concat [ 16 16 0 0], v000001b35669ab20_0, L_000001b3567031a8;
L_000001b356788310 .cmp/eq 32, L_000001b356788bd0, L_000001b3567031f0;
L_000001b3567888b0 .reduce/nor L_000001b356789850;
L_000001b356789d50 .array/port v000001b356699680, L_000001b356787eb0;
L_000001b356787eb0 .concat [ 3 2 0 0], v000001b35669b020_0, L_000001b356703238;
L_000001b356789030 .cmp/eq 2, v000001b35669a300_0, L_000001b356703280;
L_000001b356787d70 .reduce/nor L_000001b356789cb0;
L_000001b356788590 .reduce/nor L_000001b356789fd0;
LS_000001b356789670_0_0 .concat [ 1 1 1 1], L_000001b356788590, L_000001b3567a1960, L_000001b356787d70, L_000001b356789850;
LS_000001b356789670_0_4 .concat [ 28 0 0 0], L_000001b3567032c8;
L_000001b356789670 .concat [ 4 28 0 0], LS_000001b356789670_0_0, LS_000001b356789670_0_4;
L_000001b356789df0 .concat [ 3 29 0 0], v000001b3566a7b40_0, L_000001b356703310;
L_000001b356788630 .cmp/eq 2, L_000001b356782e10, L_000001b356703358;
L_000001b356789e90 .cmp/eq 2, L_000001b356782e10, L_000001b3567033a0;
L_000001b3567892b0 .concat [ 8 24 0 0], L_000001b3567a26f0, L_000001b3567033e8;
L_000001b35678a110 .functor MUXZ 32, L_000001b3567892b0, L_000001b356789df0, L_000001b356789e90, C4<>;
L_000001b356787f50 .functor MUXZ 32, L_000001b35678a110, L_000001b356789670, L_000001b356788630, C4<>;
L_000001b35678a250 .part v000001b3566a7b40_0, 0, 1;
L_000001b356787af0 .reduce/nor L_000001b356789cb0;
L_000001b356787e10 .part v000001b3566a7b40_0, 1, 1;
L_000001b356787ff0 .part v000001b3566a7b40_0, 2, 1;
S_000001b356684590 .scope module, "dut_rx" "TopLayer" 2 36, 3 44 0, S_000001b356610440;
 .timescale -9 -12;
    .port_info 0 /INPUT 1 "clk";
    .port_info 1 /INPUT 1 "rst";
    .port_info 2 /INPUT 1 "irq_external";
    .port_info 3 /INPUT 32 "gpio_in";
    .port_info 4 /OUTPUT 32 "gpio_out";
    .port_info 5 /INPUT 4 "uart_rx";
    .port_info 6 /OUTPUT 4 "uart_tx";
P_000001b356684720 .param/l "CLINT_MSIP" 1 3 56, C4<110000>;
P_000001b356684758 .param/l "CLINT_MTIMECMPH" 1 3 58, C4<110010>;
P_000001b356684790 .param/l "CLINT_MTIMECMPL" 1 3 57, C4<110001>;
P_000001b3566847c8 .param/l "CLINT_MTIMEH" 1 3 60, C4<110100>;
P_000001b356684800 .param/l "CLINT_MTIMEL" 1 3 59, C4<110011>;
P_000001b356684838 .param/l "CLKS_PER_BIT" 0 3 45, +C4<00000000000000000000000000001000>;
P_000001b356684870 .param/l "IRQ_SOURCE_SLOT" 1 3 61, C4<101000>;
L_000001b3567018a0 .functor BUFT 1, C4<0>, C4<0>, C4<0>, C4<0>;
L_000001b3563a0e50 .functor OR 1, L_000001b3567018a0, L_000001b3566d7030, C4<0>, C4<0>;
L_000001b3567579f0 .functor OR 1, L_000001b3563a0e50, L_000001b356757050, C4<0>, C4<0>;
L_000001b356757fa0 .functor OR 1, L_000001b3567579f0, L_000001b356759f20, C4<0>, C4<0>;
L_000001b356757130 .functor OR 1, L_000001b356757fa0, L_000001b356758630, C4<0>, C4<0>;
L_000001b356756950 .functor OR 1, L_000001b356757130, L_000001b356759ba0, C4<0>, C4<0>;
L_000001b356758470 .functor AND 1, L_000001b3566d7210, L_000001b3566d7670, C4<1>, C4<1>;
L_000001b356757d00 .functor AND 1, L_000001b3566d6e50, L_000001b3566d6b30, C4<1>, C4<1>;
L_000001b356757d70 .functor AND 1, L_000001b356758470, L_000001b3566d6a90, C4<1>, C4<1>;
L_000001b356758390 .functor AND 1, L_000001b356758470, L_000001b3566d6310, C4<1>, C4<1>;
L_000001b356759a50 .functor AND 1, L_000001b356757d00, L_000001b3566d6770, C4<1>, C4<1>;
L_000001b356759cf0 .functor AND 1, L_000001b356758470, L_000001b3566d6450, C4<1>, C4<1>;
L_000001b3567589b0 .functor AND 1, L_000001b356758470, L_000001b35677e090, C4<1>, C4<1>;
L_000001b356758d30 .functor AND 1, L_000001b356757d00, L_000001b356780110, C4<1>, C4<1>;
L_000001b35675a070 .functor AND 1, L_000001b356758470, L_000001b35677f7b0, C4<1>, C4<1>;
L_000001b356759890 .functor AND 1, L_000001b356758470, L_000001b35677fcb0, C4<1>, C4<1>;
L_000001b356758da0 .functor AND 1, L_000001b356757d00, L_000001b35677ea90, C4<1>, C4<1>;
L_000001b356758e10 .functor AND 1, L_000001b356758470, L_000001b35677fd50, C4<1>, C4<1>;
L_000001b356759dd0 .functor AND 1, L_000001b356758470, L_000001b3567827d0, C4<1>, C4<1>;
L_000001b3567590b0 .functor AND 1, L_000001b356757d00, L_000001b356780570, C4<1>, C4<1>;
L_000001b356758860 .functor AND 1, L_000001b356758470, L_000001b3567822d0, C4<1>, C4<1>;
v000001b3566c5d40_0 .net *"_ivl_0", 0 0, L_000001b3563a0e50;  1 drivers
L_000001b356700df0 .functor BUFT 1, C4<010110>, C4<0>, C4<0>, C4<0>;
v000001b3566c5a20_0 .net/2u *"_ivl_102", 5 0, L_000001b356700df0;  1 drivers
v000001b3566c35e0_0 .net *"_ivl_104", 0 0, L_000001b35677f7b0;  1 drivers
v000001b3566c3900_0 .net *"_ivl_11", 23 0, L_000001b3566d7b70;  1 drivers
L_000001b356701270 .functor BUFT 1, C4<011000>, C4<0>, C4<0>, C4<0>;
v000001b3566c4580_0 .net/2u *"_ivl_114", 5 0, L_000001b356701270;  1 drivers
v000001b3566c3f40_0 .net *"_ivl_116", 0 0, L_000001b35677fcb0;  1 drivers
L_000001b3567001d8 .functor BUFT 1, C4<111111111111111111111111>, C4<0>, C4<0>, C4<0>;
v000001b3566c4080_0 .net/2u *"_ivl_12", 23 0, L_000001b3567001d8;  1 drivers
L_000001b3567012b8 .functor BUFT 1, C4<011000>, C4<0>, C4<0>, C4<0>;
v000001b3566c5660_0 .net/2u *"_ivl_122", 5 0, L_000001b3567012b8;  1 drivers
v000001b3566c43a0_0 .net *"_ivl_124", 0 0, L_000001b35677ea90;  1 drivers
L_000001b356701300 .functor BUFT 1, C4<011010>, C4<0>, C4<0>, C4<0>;
v000001b3566c4bc0_0 .net/2u *"_ivl_128", 5 0, L_000001b356701300;  1 drivers
v000001b3566c3680_0 .net *"_ivl_130", 0 0, L_000001b35677fd50;  1 drivers
L_000001b356701780 .functor BUFT 1, C4<011100>, C4<0>, C4<0>, C4<0>;
v000001b3566c5340_0 .net/2u *"_ivl_141", 5 0, L_000001b356701780;  1 drivers
v000001b3566c3ae0_0 .net *"_ivl_143", 0 0, L_000001b3567827d0;  1 drivers
L_000001b3567017c8 .functor BUFT 1, C4<011100>, C4<0>, C4<0>, C4<0>;
v000001b3566c3ea0_0 .net/2u *"_ivl_149", 5 0, L_000001b3567017c8;  1 drivers
v000001b3566c53e0_0 .net *"_ivl_151", 0 0, L_000001b356780570;  1 drivers
L_000001b356701810 .functor BUFT 1, C4<011110>, C4<0>, C4<0>, C4<0>;
v000001b3566c4da0_0 .net/2u *"_ivl_155", 5 0, L_000001b356701810;  1 drivers
v000001b3566c3b80_0 .net *"_ivl_157", 0 0, L_000001b3567822d0;  1 drivers
L_000001b356701858 .functor BUFT 1, C4<000000000000000000000000000>, C4<0>, C4<0>, C4<0>;
v000001b3566c3cc0_0 .net/2u *"_ivl_163", 26 0, L_000001b356701858;  1 drivers
v000001b3566c50c0_0 .net *"_ivl_17", 23 0, L_000001b3566d8110;  1 drivers
L_000001b356700220 .functor BUFT 1, C4<111111111111111111111111>, C4<0>, C4<0>, C4<0>;
v000001b3566c5160_0 .net/2u *"_ivl_18", 23 0, L_000001b356700220;  1 drivers
v000001b3566c5480_0 .net *"_ivl_2", 0 0, L_000001b3567579f0;  1 drivers
L_000001b356700268 .functor BUFT 1, C4<111>, C4<0>, C4<0>, C4<0>;
v000001b3566c49e0_0 .net/2u *"_ivl_26", 2 0, L_000001b356700268;  1 drivers
v000001b3566c4760_0 .net *"_ivl_28", 0 0, L_000001b3566d7670;  1 drivers
L_000001b3567002b0 .functor BUFT 1, C4<111>, C4<0>, C4<0>, C4<0>;
v000001b3566c5200_0 .net/2u *"_ivl_32", 2 0, L_000001b3567002b0;  1 drivers
v000001b3566c5c00_0 .net *"_ivl_34", 0 0, L_000001b3566d6b30;  1 drivers
L_000001b3567002f8 .functor BUFT 1, C4<111>, C4<0>, C4<0>, C4<0>;
v000001b3566c5520_0 .net/2u *"_ivl_38", 2 0, L_000001b3567002f8;  1 drivers
v000001b3566c4620_0 .net *"_ivl_4", 0 0, L_000001b356757fa0;  1 drivers
L_000001b356700340 .functor BUFT 1, C4<001000>, C4<0>, C4<0>, C4<0>;
v000001b3566c44e0_0 .net/2u *"_ivl_48", 5 0, L_000001b356700340;  1 drivers
v000001b3566c4a80_0 .net *"_ivl_50", 0 0, L_000001b3566d6a90;  1 drivers
v000001b3566c37c0_0 .net *"_ivl_6", 0 0, L_000001b356757130;  1 drivers
L_000001b356700850 .functor BUFT 1, C4<010000>, C4<0>, C4<0>, C4<0>;
v000001b3566c5980_0 .net/2u *"_ivl_62", 5 0, L_000001b356700850;  1 drivers
v000001b3566c3c20_0 .net *"_ivl_64", 0 0, L_000001b3566d6310;  1 drivers
L_000001b356700898 .functor BUFT 1, C4<010000>, C4<0>, C4<0>, C4<0>;
v000001b3566c5ca0_0 .net/2u *"_ivl_70", 5 0, L_000001b356700898;  1 drivers
v000001b3566c41c0_0 .net *"_ivl_72", 0 0, L_000001b3566d6770;  1 drivers
L_000001b3567008e0 .functor BUFT 1, C4<010010>, C4<0>, C4<0>, C4<0>;
v000001b3566c3d60_0 .net/2u *"_ivl_76", 5 0, L_000001b3567008e0;  1 drivers
v000001b3566c4800_0 .net *"_ivl_78", 0 0, L_000001b3566d6450;  1 drivers
L_000001b356700d60 .functor BUFT 1, C4<010100>, C4<0>, C4<0>, C4<0>;
v000001b3566c58e0_0 .net/2u *"_ivl_88", 5 0, L_000001b356700d60;  1 drivers
v000001b3566c3720_0 .net *"_ivl_90", 0 0, L_000001b35677e090;  1 drivers
L_000001b356700da8 .functor BUFT 1, C4<010100>, C4<0>, C4<0>, C4<0>;
v000001b3566c4b20_0 .net/2u *"_ivl_96", 5 0, L_000001b356700da8;  1 drivers
v000001b3566c55c0_0 .net *"_ivl_98", 0 0, L_000001b356780110;  1 drivers
v000001b3566c39a0_0 .net "bram_data_out", 31 0, v000001b35669c920_0;  1 drivers
v000001b3566c5700_0 .net "bram_write_mode", 2 0, L_000001b3566d6ef0;  1 drivers
v000001b3566c3e00_0 .net "clk", 0 0, v000001b3566ec070_0;  alias, 1 drivers
v000001b3566c3fe0_0 .net "cpu_irq_external", 0 0, L_000001b356756950;  1 drivers
L_000001b3567018e8 .functor BUFT 1, C4<00000000000000000000000000000000>, C4<0>, C4<0>, C4<0>;
v000001b3566c4440_0 .net "gpio_in", 31 0, L_000001b3567018e8;  1 drivers
v000001b3566c46c0_0 .net "gpio_irq", 0 0, L_000001b3566d7030;  1 drivers
v000001b3566c48a0_0 .net "gpio_out", 31 0, L_000001b356756e20;  1 drivers
v000001b3566c4940_0 .net "gpio_raddr", 3 0, L_000001b3566d7170;  1 drivers
v000001b3566c4c60_0 .net "gpio_rdata", 31 0, v000001b3566b6e30_0;  1 drivers
v000001b3566c57a0_0 .net "gpio_waddr", 3 0, L_000001b3566d6590;  1 drivers
v000001b3566c5840_0 .net "gpio_we", 0 0, L_000001b356757d70;  1 drivers
v000001b3566c7640_0 .net "irq_external", 0 0, L_000001b3567018a0;  1 drivers
v000001b3566c8360_0 .net "irq_source_word", 31 0, L_000001b3567816f0;  1 drivers
v000001b3566c7960_0 .net "mem_data_in", 31 0, v000001b3566af770_0;  1 drivers
v000001b3566c7500_0 .net "mem_data_out", 31 0, L_000001b356782910;  1 drivers
v000001b3566c78c0_0 .net "mem_fetch_addr", 15 0, L_000001b3566d4fb0;  1 drivers
v000001b3566c8540_0 .net "mem_instruction", 31 0, v000001b35669c9c0_0;  1 drivers
v000001b3566c7fa0_0 .net "mem_read_addr", 31 0, v000001b3566ada10_0;  1 drivers
v000001b3566c75a0_0 .net "mem_read_mode", 2 0, v000001b3566aea50_0;  1 drivers
v000001b3566c6880_0 .net "mem_write_addr", 31 0, v000001b3566aeb90_0;  1 drivers
v000001b3566c69c0_0 .net "mem_write_mode", 2 0, v000001b3566ae870_0;  1 drivers
v000001b3566c7d20_0 .var "mmio_read_data", 31 0;
v000001b3566c5e80_0 .var "mmio_read_data_q", 31 0;
v000001b3566c8400_0 .net "mmio_read_en", 0 0, L_000001b356757d00;  1 drivers
v000001b3566c70a0_0 .net "mmio_read_slot", 5 0, L_000001b3566d7850;  1 drivers
v000001b3566c5de0_0 .net "mmio_write_en", 0 0, L_000001b356758470;  1 drivers
v000001b3566c6420_0 .net "mmio_write_slot", 5 0, L_000001b3566d82f0;  1 drivers
v000001b3566c6240_0 .var "msip", 0 0;
v000001b3566c6600_0 .var "mtime", 63 0;
v000001b3566c6ec0_0 .var "mtimecmp", 63 0;
v000001b3566c73c0_0 .net "read_is_mmio", 0 0, L_000001b3566d6e50;  1 drivers
v000001b3566c84a0_0 .var "read_was_mmio", 0 0;
v000001b3566c5fc0_0 .net "rst", 0 0, v000001b3566eb030_0;  alias, 1 drivers
v000001b3566c61a0_0 .net "soft_int", 0 0, v000001b3566c6240_0;  1 drivers
v000001b3566c7b40_0 .net "timer_int", 0 0, L_000001b356782410;  1 drivers
v000001b3566c5f20_0 .net "uart_irq0", 0 0, L_000001b356757050;  1 drivers
v000001b3566c82c0_0 .net "uart_irq1", 0 0, L_000001b356759f20;  1 drivers
v000001b3566c7820_0 .net "uart_irq2", 0 0, L_000001b356758630;  1 drivers
v000001b3566c7dc0_0 .net "uart_irq3", 0 0, L_000001b356759ba0;  1 drivers
v000001b3566c6060_0 .net "uart_rdata0", 31 0, L_000001b3566d72b0;  1 drivers
v000001b3566c6100_0 .net "uart_rdata1", 31 0, L_000001b35677f030;  1 drivers
v000001b3566c8220_0 .net "uart_rdata2", 31 0, L_000001b35677dc30;  1 drivers
v000001b3566c62e0_0 .net "uart_rdata3", 31 0, L_000001b356780930;  1 drivers
v000001b3566c66a0_0 .net "uart_reg_sel", 1 0, L_000001b3566d7c10;  1 drivers
v000001b3566c76e0_0 .net "uart_rx", 3 0, L_000001b356782230;  1 drivers
v000001b3566c7780_0 .net "uart_tx", 3 0, L_000001b356782730;  1 drivers
v000001b3566c6380_0 .net "write_is_mmio", 0 0, L_000001b3566d7210;  1 drivers
E_000001b3565da430/0 .event anyedge, v000001b3566c70a0_0, v000001b3566b6e30_0, v000001b3566b8190_0, v000001b3566abdf0_0;
E_000001b3565da430/1 .event anyedge, v000001b3566c03e0_0, v000001b3566c1c40_0, v000001b3566c8360_0, v000001b3566c6240_0;
E_000001b3565da430/2 .event anyedge, v000001b3566c6ec0_0, v000001b3566c6600_0;
E_000001b3565da430 .event/or E_000001b3565da430/0, E_000001b3565da430/1, E_000001b3565da430/2;
L_000001b3566d7b70 .part v000001b3566ada10_0, 8, 24;
L_000001b3566d6e50 .cmp/eq 24, L_000001b3566d7b70, L_000001b3567001d8;
L_000001b3566d8110 .part v000001b3566aeb90_0, 8, 24;
L_000001b3566d7210 .cmp/eq 24, L_000001b3566d8110, L_000001b356700220;
L_000001b3566d7850 .part v000001b3566ada10_0, 2, 6;
L_000001b3566d82f0 .part v000001b3566aeb90_0, 2, 6;
L_000001b3566d7670 .cmp/ne 3, v000001b3566ae870_0, L_000001b356700268;
L_000001b3566d6b30 .cmp/ne 3, v000001b3566aea50_0, L_000001b3567002b0;
L_000001b3566d6ef0 .functor MUXZ 3, v000001b3566ae870_0, L_000001b3567002f8, L_000001b3566d7210, C4<>;
L_000001b3566d75d0 .part v000001b3566aeb90_0, 0, 16;
L_000001b3566d8570 .part v000001b3566ada10_0, 0, 16;
L_000001b3566d6590 .part L_000001b3566d82f0, 0, 4;
L_000001b3566d6a90 .cmp/ge 6, L_000001b356700340, L_000001b3566d82f0;
L_000001b3566d7170 .part L_000001b3566d7850, 0, 4;
L_000001b3566d7c10 .part L_000001b3566d7850, 0, 2;
L_000001b3566d6270 .part L_000001b356782230, 0, 1;
L_000001b3566d6310 .cmp/eq 6, L_000001b3566d82f0, L_000001b356700850;
L_000001b3566d63b0 .part v000001b3566af770_0, 0, 8;
L_000001b3566d6770 .cmp/eq 6, L_000001b3566d7850, L_000001b356700898;
L_000001b3566d6450 .cmp/eq 6, L_000001b3566d82f0, L_000001b3567008e0;
L_000001b3566d6db0 .part v000001b3566af770_0, 0, 3;
L_000001b35677f2b0 .part L_000001b356782230, 1, 1;
L_000001b35677e090 .cmp/eq 6, L_000001b3566d82f0, L_000001b356700d60;
L_000001b35677dd70 .part v000001b3566af770_0, 0, 8;
L_000001b356780110 .cmp/eq 6, L_000001b3566d7850, L_000001b356700da8;
L_000001b35677f7b0 .cmp/eq 6, L_000001b3566d82f0, L_000001b356700df0;
L_000001b35677eb30 .part v000001b3566af770_0, 0, 3;
L_000001b35677e950 .part L_000001b356782230, 2, 1;
L_000001b35677fcb0 .cmp/eq 6, L_000001b3566d82f0, L_000001b356701270;
L_000001b35677daf0 .part v000001b3566af770_0, 0, 8;
L_000001b35677ea90 .cmp/eq 6, L_000001b3566d7850, L_000001b3567012b8;
L_000001b35677fd50 .cmp/eq 6, L_000001b3566d82f0, L_000001b356701300;
L_000001b35677fdf0 .part v000001b3566af770_0, 0, 3;
L_000001b356780610 .part L_000001b356782230, 3, 1;
L_000001b356782730 .concat8 [ 1 1 1 1], v000001b3566b8c30_0, v000001b3566ac390_0, v000001b3566c0660_0, v000001b3566c4260_0;
L_000001b3567827d0 .cmp/eq 6, L_000001b3566d82f0, L_000001b356701780;
L_000001b356782690 .part v000001b3566af770_0, 0, 8;
L_000001b356780570 .cmp/eq 6, L_000001b3566d7850, L_000001b3567017c8;
L_000001b3567822d0 .cmp/eq 6, L_000001b3566d82f0, L_000001b356701810;
L_000001b356780390 .part v000001b3566af770_0, 0, 3;
LS_000001b3567816f0_0_0 .concat [ 1 1 1 1], L_000001b3566d7030, L_000001b356757050, L_000001b356759f20, L_000001b356758630;
LS_000001b3567816f0_0_4 .concat [ 1 27 0 0], L_000001b356759ba0, L_000001b356701858;
L_000001b3567816f0 .concat [ 4 28 0 0], LS_000001b3567816f0_0_0, LS_000001b3567816f0_0_4;
L_000001b356782410 .cmp/ge 64, v000001b3566c6600_0, v000001b3566c6ec0_0;
L_000001b356782910 .functor MUXZ 32, v000001b35669c920_0, v000001b3566c5e80_0, v000001b3566c84a0_0, C4<>;
S_000001b3566848b0 .scope module, "bram" "BRAM" 3 107, 4 13 0, S_000001b356684590;
 .timescale -9 -12;
    .port_info 0 /INPUT 1 "clk";
    .port_info 1 /INPUT 16 "write_addr";
    .port_info 2 /INPUT 16 "read_addr";
    .port_info 3 /INPUT 16 "fetch_addr";
    .port_info 4 /INPUT 32 "data_in";
    .port_info 5 /INPUT 3 "write_mode";
    .port_info 6 /INPUT 3 "read_mode";
    .port_info 7 /OUTPUT 32 "data_out";
    .port_info 8 /OUTPUT 32 "instruction_out";
v000001b35669d5a0 .array "Mem", 0 65535, 7 0;
v000001b35669c420_0 .net "clk", 0 0, v000001b3566ec070_0;  alias, 1 drivers
v000001b35669c4c0_0 .net "data_in", 31 0, v000001b3566af770_0;  alias, 1 drivers
v000001b35669c920_0 .var "data_out", 31 0;
v000001b35669d640_0 .net "fetch_addr", 15 0, L_000001b3566d4fb0;  alias, 1 drivers
v000001b35669c9c0_0 .var "instruction_out", 31 0;
v000001b35669ce20_0 .net "read_addr", 15 0, L_000001b3566d8570;  1 drivers
v000001b35669cec0_0 .net "read_mode", 2 0, v000001b3566aea50_0;  alias, 1 drivers
v000001b35669cf60_0 .net "write_addr", 15 0, L_000001b3566d75d0;  1 drivers
v000001b3566af810_0 .net "write_mode", 2 0, L_000001b3566d6ef0;  alias, 1 drivers
S_000001b356684a40 .scope module, "cpu" "CPU" 3 81, 5 10 0, S_000001b356684590;
 .timescale -9 -12;
    .port_info 0 /INPUT 1 "clk";
    .port_info 1 /INPUT 1 "rst";
    .port_info 2 /INPUT 1 "irq_external";
    .port_info 3 /INPUT 1 "timer_int";
    .port_info 4 /INPUT 1 "soft_int";
    .port_info 5 /OUTPUT 16 "mem_fetch_addr";
    .port_info 6 /OUTPUT 32 "mem_read_addr";
    .port_info 7 /OUTPUT 32 "mem_write_addr";
    .port_info 8 /OUTPUT 32 "mem_data_in";
    .port_info 9 /OUTPUT 3 "mem_read_mode";
    .port_info 10 /OUTPUT 3 "mem_write_mode";
    .port_info 11 /INPUT 32 "mem_data_out";
    .port_info 12 /INPUT 32 "mem_instruction";
L_000001b356757a60 .functor BUFZ 32, v000001b35669c9c0_0, C4<00000000000000000000000000000000>, C4<00000000000000000000000000000000>, C4<00000000000000000000000000000000>;
L_000001b3567580f0 .functor BUFZ 32, L_000001b356782910, C4<00000000000000000000000000000000>, C4<00000000000000000000000000000000>, C4<00000000000000000000000000000000>;
L_000001b356758010 .functor AND 1, L_000001b3566d5b90, L_000001b3566d5c30, C4<1>, C4<1>;
L_000001b356757ad0 .functor OR 1, L_000001b3566d4e70, L_000001b356756950, C4<0>, C4<0>;
L_000001b356758240 .functor AND 1, L_000001b356758010, L_000001b356757ad0, C4<1>, C4<1>;
L_000001b356756f70 .functor AND 1, L_000001b3566d4f10, L_000001b3566d41f0, C4<1>, C4<1>;
L_000001b356757c90 .functor OR 1, L_000001b3566d5cd0, v000001b3566c6240_0, C4<0>, C4<0>;
L_000001b356756db0 .functor AND 1, L_000001b356756f70, L_000001b356757c90, C4<1>, C4<1>;
L_000001b356757910 .functor AND 1, L_000001b3566d4330, L_000001b3566d43d0, C4<1>, C4<1>;
L_000001b3567571a0 .functor OR 1, L_000001b3566d4510, L_000001b356782410, C4<0>, C4<0>;
L_000001b356757670 .functor AND 1, L_000001b356757910, L_000001b3567571a0, C4<1>, C4<1>;
L_000001b356756aa0 .functor OR 1, L_000001b356758240, L_000001b356756db0, C4<0>, C4<0>;
L_000001b356757b40 .functor OR 1, L_000001b356756aa0, L_000001b356757670, C4<0>, C4<0>;
L_000001b356756f00 .functor AND 1, L_000001b3566d45b0, L_000001b3566d46f0, C4<1>, C4<1>;
L_000001b3567577c0 .functor AND 1, L_000001b356756f00, L_000001b3566d6f90, C4<1>, C4<1>;
L_000001b356756a30 .functor AND 1, L_000001b3567577c0, L_000001b3566d4830, C4<1>, C4<1>;
L_000001b356757bb0 .functor AND 1, L_000001b356756f00, L_000001b3566d7d50, C4<1>, C4<1>;
L_000001b3567578a0 .functor AND 1, L_000001b356757bb0, L_000001b3566d7f30, C4<1>, C4<1>;
L_000001b356757980 .functor AND 1, L_000001b3566d7a30, L_000001b3566d68b0, C4<1>, C4<1>;
L_000001b3567570c0 .functor BUFZ 32, v000001b3566b2b50_0, C4<00000000000000000000000000000000>, C4<00000000000000000000000000000000>, C4<00000000000000000000000000000000>;
L_000001b356756b80 .functor AND 1, L_000001b3566d8890, L_000001b3566d7df0, C4<1>, C4<1>;
L_000001b356756cd0 .functor OR 1, v000001b3566b2330_0, v000001b3566b30f0_0, C4<0>, C4<0>;
L_000001b356757c20 .functor OR 1, L_000001b356756cd0, L_000001b3566d7ad0, C4<0>, C4<0>;
L_000001b3567574b0 .functor OR 1, L_000001b356757c20, L_000001b3566d64f0, C4<0>, C4<0>;
L_000001b356757600 .functor AND 1, L_000001b3566d8250, v000001b3566b0b70_0, C4<1>, C4<1>;
L_000001b356757280 .functor OR 1, L_000001b3567574b0, L_000001b356757600, C4<0>, C4<0>;
v000001b3566af3b0_0 .net "BRAMInstruction", 31 0, L_000001b3566d5f50;  1 drivers
v000001b3566af770_0 .var "BRAM_data_in", 31 0;
v000001b3566af8b0_0 .net "BRAM_data_out", 31 0, L_000001b3567580f0;  1 drivers
v000001b3566aea50_0 .var "BRAM_load_mode", 2 0;
v000001b3566ada10_0 .var "BRAM_read_addr", 31 0;
v000001b3566ae870_0 .var "BRAM_store_mode", 2 0;
v000001b3566aeb90_0 .var "BRAM_write_addr", 31 0;
v000001b3566aec30_0 .var "EX_csr_result", 31 0;
v000001b3566af310_0 .var "EX_result", 31 0;
v000001b3566aecd0_0 .net "IF_instruction", 31 0, L_000001b356757a60;  1 drivers
v000001b3566aef50_0 .var "PC", 31 0;
v000001b3566ae5f0_0 .var "PC_decode", 31 0;
v000001b3566ae0f0_0 .var "WB_rd_addr", 4 0;
v000001b3566addd0_0 .var "WB_rd_data", 31 0;
v000001b3566ad8d0_0 .var "WB_write_enable", 0 0;
v000001b3566add30_0 .net *"_ivl_100", 0 0, L_000001b356757ad0;  1 drivers
v000001b3566ad1f0_0 .net *"_ivl_105", 0 0, L_000001b3566d4f10;  1 drivers
v000001b3566adfb0_0 .net *"_ivl_107", 0 0, L_000001b3566d41f0;  1 drivers
v000001b3566ad330_0 .net *"_ivl_108", 0 0, L_000001b356756f70;  1 drivers
v000001b3566af4f0_0 .net *"_ivl_111", 0 0, L_000001b3566d5cd0;  1 drivers
v000001b3566ad6f0_0 .net *"_ivl_112", 0 0, L_000001b356757c90;  1 drivers
v000001b3566ad470_0 .net *"_ivl_117", 0 0, L_000001b3566d4330;  1 drivers
v000001b3566ad290_0 .net *"_ivl_119", 0 0, L_000001b3566d43d0;  1 drivers
v000001b3566ad5b0_0 .net *"_ivl_120", 0 0, L_000001b356757910;  1 drivers
v000001b3566af450_0 .net *"_ivl_123", 0 0, L_000001b3566d4510;  1 drivers
v000001b3566ad790_0 .net *"_ivl_124", 0 0, L_000001b3567571a0;  1 drivers
v000001b3566aed70_0 .net *"_ivl_128", 0 0, L_000001b356756aa0;  1 drivers
L_000001b3566ffec0 .functor BUFT 1, C4<11>, C4<0>, C4<0>, C4<0>;
v000001b3566ad830_0 .net/2u *"_ivl_144", 1 0, L_000001b3566ffec0;  1 drivers
v000001b3566adab0_0 .net *"_ivl_146", 0 0, L_000001b3566d45b0;  1 drivers
L_000001b3566fff08 .functor BUFT 1, C4<00000>, C4<0>, C4<0>, C4<0>;
v000001b3566ae050_0 .net/2u *"_ivl_148", 4 0, L_000001b3566fff08;  1 drivers
v000001b3566adb50_0 .net *"_ivl_150", 0 0, L_000001b3566d46f0;  1 drivers
L_000001b3566fff50 .functor BUFT 1, C4<10>, C4<0>, C4<0>, C4<0>;
v000001b3566adbf0_0 .net/2u *"_ivl_154", 1 0, L_000001b3566fff50;  1 drivers
v000001b3566adc90_0 .net *"_ivl_156", 0 0, L_000001b3566d4650;  1 drivers
v000001b3566ade70_0 .net *"_ivl_160", 0 0, L_000001b3566d6f90;  1 drivers
v000001b3566ae190_0 .net *"_ivl_163", 0 0, L_000001b3567577c0;  1 drivers
L_000001b3566fff98 .functor BUFT 1, C4<00000>, C4<0>, C4<0>, C4<0>;
v000001b3566ae230_0 .net/2u *"_ivl_164", 4 0, L_000001b3566fff98;  1 drivers
v000001b3566ae370_0 .net *"_ivl_166", 0 0, L_000001b3566d4830;  1 drivers
v000001b3566ae730_0 .net *"_ivl_169", 0 0, L_000001b356756a30;  1 drivers
v000001b3566ae7d0_0 .net *"_ivl_172", 0 0, L_000001b3566d7d50;  1 drivers
v000001b3566aeff0_0 .net *"_ivl_175", 0 0, L_000001b356757bb0;  1 drivers
L_000001b3566fffe0 .functor BUFT 1, C4<00000>, C4<0>, C4<0>, C4<0>;
v000001b3566af1d0_0 .net/2u *"_ivl_176", 4 0, L_000001b3566fffe0;  1 drivers
v000001b3566b1930_0 .net *"_ivl_178", 0 0, L_000001b3566d7f30;  1 drivers
v000001b3566b16b0_0 .net *"_ivl_181", 0 0, L_000001b3567578a0;  1 drivers
L_000001b356700028 .functor BUFT 1, C4<01>, C4<0>, C4<0>, C4<0>;
v000001b3566b12f0_0 .net/2u *"_ivl_184", 1 0, L_000001b356700028;  1 drivers
v000001b3566b11b0_0 .net *"_ivl_186", 0 0, L_000001b3566d7a30;  1 drivers
v000001b3566b20b0_0 .net *"_ivl_188", 0 0, L_000001b3566d68b0;  1 drivers
L_000001b356700070 .functor BUFT 1, C4<01>, C4<0>, C4<0>, C4<0>;
v000001b3566b1610_0 .net/2u *"_ivl_194", 1 0, L_000001b356700070;  1 drivers
v000001b3566b0490_0 .net *"_ivl_196", 0 0, L_000001b3566d8890;  1 drivers
L_000001b3567000b8 .functor BUFT 1, C4<001101000001>, C4<0>, C4<0>, C4<0>;
v000001b3566afc70_0 .net/2u *"_ivl_198", 11 0, L_000001b3567000b8;  1 drivers
v000001b3566b1cf0_0 .net *"_ivl_200", 0 0, L_000001b3566d7df0;  1 drivers
v000001b3566b0530_0 .net *"_ivl_203", 0 0, L_000001b356756b80;  1 drivers
v000001b3566b0710_0 .net *"_ivl_207", 0 0, L_000001b356756cd0;  1 drivers
L_000001b356700100 .functor BUFT 1, C4<1101111>, C4<0>, C4<0>, C4<0>;
v000001b3566b1d90_0 .net/2u *"_ivl_208", 6 0, L_000001b356700100;  1 drivers
v000001b3566b1070_0 .net *"_ivl_210", 0 0, L_000001b3566d7ad0;  1 drivers
v000001b3566af950_0 .net *"_ivl_213", 0 0, L_000001b356757c20;  1 drivers
L_000001b356700148 .functor BUFT 1, C4<1100111>, C4<0>, C4<0>, C4<0>;
v000001b3566afef0_0 .net/2u *"_ivl_214", 6 0, L_000001b356700148;  1 drivers
v000001b3566afd10_0 .net *"_ivl_216", 0 0, L_000001b3566d64f0;  1 drivers
v000001b3566b05d0_0 .net *"_ivl_219", 0 0, L_000001b3567574b0;  1 drivers
L_000001b356700190 .functor BUFT 1, C4<1100011>, C4<0>, C4<0>, C4<0>;
v000001b3566afe50_0 .net/2u *"_ivl_220", 6 0, L_000001b356700190;  1 drivers
v000001b3566b0ad0_0 .net *"_ivl_222", 0 0, L_000001b3566d8250;  1 drivers
v000001b3566b1c50_0 .net *"_ivl_225", 0 0, L_000001b356757600;  1 drivers
v000001b3566b08f0_0 .net *"_ivl_23", 0 0, L_000001b3566d6090;  1 drivers
v000001b3566b0d50_0 .net *"_ivl_24", 19 0, L_000001b3566d61d0;  1 drivers
v000001b3566b1890_0 .net *"_ivl_27", 11 0, L_000001b3566d4470;  1 drivers
v000001b3566b17f0_0 .net *"_ivl_31", 0 0, L_000001b3566d3cf0;  1 drivers
v000001b3566b0850_0 .net *"_ivl_32", 19 0, L_000001b3566d5370;  1 drivers
v000001b3566af9f0_0 .net *"_ivl_35", 6 0, L_000001b3566d5190;  1 drivers
v000001b3566afbd0_0 .net *"_ivl_37", 4 0, L_000001b3566d5550;  1 drivers
L_000001b3566ffd10 .functor BUFT 1, C4<00000000000000000000000000000000>, C4<0>, C4<0>, C4<0>;
v000001b3566b1e30_0 .net/2u *"_ivl_4", 31 0, L_000001b3566ffd10;  1 drivers
v000001b3566b0350_0 .net *"_ivl_41", 0 0, L_000001b3566d48d0;  1 drivers
v000001b3566b1750_0 .net *"_ivl_42", 18 0, L_000001b3566d3c50;  1 drivers
v000001b3566b1390_0 .net *"_ivl_45", 0 0, L_000001b3566d3ed0;  1 drivers
v000001b3566afdb0_0 .net *"_ivl_47", 0 0, L_000001b3566d5730;  1 drivers
v000001b3566b1250_0 .net *"_ivl_49", 5 0, L_000001b3566d4d30;  1 drivers
v000001b3566b1bb0_0 .net *"_ivl_51", 3 0, L_000001b3566d57d0;  1 drivers
L_000001b3566ffd58 .functor BUFT 1, C4<0>, C4<0>, C4<0>, C4<0>;
v000001b3566b19d0_0 .net/2u *"_ivl_52", 0 0, L_000001b3566ffd58;  1 drivers
v000001b3566b1ed0_0 .net *"_ivl_57", 19 0, L_000001b3566d4c90;  1 drivers
L_000001b3566ffda0 .functor BUFT 1, C4<000000000000>, C4<0>, C4<0>, C4<0>;
v000001b3566b1a70_0 .net/2u *"_ivl_58", 11 0, L_000001b3566ffda0;  1 drivers
v000001b3566b1b10_0 .net *"_ivl_63", 0 0, L_000001b3566d3f70;  1 drivers
v000001b3566b0670_0 .net *"_ivl_64", 10 0, L_000001b3566d5870;  1 drivers
v000001b3566b0fd0_0 .net *"_ivl_67", 0 0, L_000001b3566d5910;  1 drivers
v000001b3566aff90_0 .net *"_ivl_69", 7 0, L_000001b3566d5a50;  1 drivers
v000001b3566b1430_0 .net *"_ivl_71", 0 0, L_000001b3566d3d90;  1 drivers
v000001b3566b0030_0 .net *"_ivl_73", 9 0, L_000001b3566d59b0;  1 drivers
L_000001b3566ffde8 .functor BUFT 1, C4<0>, C4<0>, C4<0>, C4<0>;
v000001b3566b1570_0 .net/2u *"_ivl_74", 0 0, L_000001b3566ffde8;  1 drivers
L_000001b3566ffe30 .functor BUFT 1, C4<000000000000000000000000000>, C4<0>, C4<0>, C4<0>;
v000001b3566b0c10_0 .net/2u *"_ivl_80", 26 0, L_000001b3566ffe30;  1 drivers
v000001b3566b1110_0 .net *"_ivl_83", 4 0, L_000001b3566d4150;  1 drivers
L_000001b3566ffe78 .functor BUFT 1, C4<00000000000000000000000000000000>, C4<0>, C4<0>, C4<0>;
v000001b3566b00d0_0 .net/2u *"_ivl_88", 31 0, L_000001b3566ffe78;  1 drivers
v000001b3566b0170_0 .net *"_ivl_93", 0 0, L_000001b3566d5b90;  1 drivers
v000001b3566b03f0_0 .net *"_ivl_95", 0 0, L_000001b3566d5c30;  1 drivers
v000001b3566b1f70_0 .net *"_ivl_96", 0 0, L_000001b356758010;  1 drivers
v000001b3566b14d0_0 .net *"_ivl_99", 0 0, L_000001b3566d4e70;  1 drivers
v000001b3566afb30_0 .var "alu_control", 3 0;
v000001b3566b2010_0 .net "alu_result", 31 0, v000001b3566ae910_0;  1 drivers
v000001b3566b0b70_0 .var "branch_taken", 0 0;
v000001b3566b0cb0_0 .net "clk", 0 0, v000001b3566ec070_0;  alias, 1 drivers
v000001b3566afa90_0 .net "csr_addr", 11 0, L_000001b3566d4010;  1 drivers
v000001b3566b0df0_0 .net "csr_forward", 0 0, L_000001b356757980;  1 drivers
v000001b3566b0e90_0 .net "csr_forward_data", 31 0, L_000001b3567570c0;  1 drivers
v000001b3566b07b0_0 .var "csr_read_value", 31 0;
v000001b3566b0210_0 .var "cycle", 63 0;
v000001b3566b02b0_0 .var "ebreak_instr", 0 0;
v000001b3566b0990_0 .var "ecall_instr", 0 0;
v000001b3566b0a30_0 .net "flush", 0 0, L_000001b356757280;  1 drivers
v000001b3566b0f30_0 .var "flush_d", 0 0;
v000001b3566b3a50_0 .net "funct3", 2 0, L_000001b3566d55f0;  1 drivers
v000001b3566b26f0_0 .net "funct7", 6 0, L_000001b3566d4ab0;  1 drivers
v000001b3566b43b0_0 .var "illegal_instr", 0 0;
v000001b3566b2dd0_0 .net "imm_b", 31 0, L_000001b3566d4970;  1 drivers
v000001b3566b35f0_0 .net "imm_i", 31 0, L_000001b3566d3b10;  1 drivers
v000001b3566b2c90_0 .net "imm_j", 31 0, L_000001b3566d4dd0;  1 drivers
v000001b3566b25b0_0 .net "imm_s", 31 0, L_000001b3566d5410;  1 drivers
v000001b3566b3410_0 .net "imm_u", 31 0, L_000001b3566d5050;  1 drivers
v000001b3566b2790_0 .var "instret", 63 0;
v000001b3566b4130_0 .net "irq_ext", 0 0, L_000001b356758240;  1 drivers
v000001b3566b2e70_0 .net "irq_external", 0 0, L_000001b356756950;  alias, 1 drivers
v000001b3566b39b0_0 .net "irq_ready", 0 0, L_000001b356757b40;  1 drivers
v000001b3566b4270_0 .net "irq_soft", 0 0, L_000001b356756db0;  1 drivers
v000001b3566b2d30_0 .net "irq_timer", 0 0, L_000001b356757670;  1 drivers
v000001b3566b3ff0_0 .var "mcause", 31 0;
v000001b3566b4090_0 .net "mem_data_in", 31 0, v000001b3566af770_0;  alias, 1 drivers
v000001b3566b2f10_0 .net "mem_data_out", 31 0, L_000001b356782910;  alias, 1 drivers
v000001b3566b46d0_0 .net "mem_fetch_addr", 15 0, L_000001b3566d4fb0;  alias, 1 drivers
v000001b3566b3690_0 .net "mem_instruction", 31 0, v000001b35669c9c0_0;  alias, 1 drivers
v000001b3566b23d0_0 .net "mem_read_addr", 31 0, v000001b3566ada10_0;  alias, 1 drivers
v000001b3566b2ab0_0 .net "mem_read_mode", 2 0, v000001b3566aea50_0;  alias, 1 drivers
v000001b3566b4590_0 .net "mem_write_addr", 31 0, v000001b3566aeb90_0;  alias, 1 drivers
v000001b3566b44f0_0 .net "mem_write_mode", 2 0, v000001b3566ae870_0;  alias, 1 drivers
v000001b3566b3e10_0 .var "mepc", 31 0;
v000001b3566b2650_0 .net "mepc_forwarded", 31 0, L_000001b3566d73f0;  1 drivers
v000001b3566b4450_0 .var "mie", 31 0;
v000001b3566b3870_0 .var "mip", 31 0;
L_000001b3566ffcc8 .functor BUFT 1, C4<01000000000000000000000100000000>, C4<0>, C4<0>, C4<0>;
v000001b3566b3910_0 .net "misa", 31 0, L_000001b3566ffcc8;  1 drivers
v000001b3566b3af0_0 .var "mret_instr", 0 0;
v000001b3566b2fb0_0 .var "mscratch", 31 0;
v000001b3566b3b90_0 .var "mstatus", 31 0;
v000001b3566b34b0_0 .var "mtval", 31 0;
v000001b3566b4630_0 .var "mtvec", 31 0;
v000001b3566b2470_0 .var "next_PC", 31 0;
v000001b3566b2830_0 .net "opcode", 6 0, L_000001b3566d4b50;  1 drivers
v000001b3566b3eb0_0 .var "operand_a", 31 0;
v000001b3566b3c30_0 .var "operand_a_addr", 4 0;
v000001b3566b3190_0 .var "operand_b", 31 0;
v000001b3566b3050_0 .var "operand_b_addr", 4 0;
v000001b3566b48b0_0 .net "rd_addr", 4 0, L_000001b3566d5e10;  1 drivers
v000001b3566b2510_0 .net "rs1_addr", 4 0, L_000001b3566d6130;  1 drivers
v000001b3566b4770_0 .net "rs1_data", 31 0, v000001b3566af270_0;  1 drivers
v000001b3566b4810_0 .net "rs1_data_fwd", 31 0, L_000001b3566d6810;  1 drivers
v000001b3566b3d70_0 .net "rs2_addr", 4 0, L_000001b3566d5690;  1 drivers
v000001b3566b2150_0 .net "rs2_data", 31 0, v000001b3566af6d0_0;  1 drivers
v000001b3566b28d0_0 .net "rs2_data_fwd", 31 0, L_000001b3566d69f0;  1 drivers
v000001b3566b3730_0 .net "rst", 0 0, v000001b3566eb030_0;  alias, 1 drivers
v000001b3566b21f0_0 .net "shamt", 4 0, L_000001b3566d3e30;  1 drivers
v000001b3566b2290_0 .net "soft_int", 0 0, v000001b3566c6240_0;  alias, 1 drivers
v000001b3566b30f0_0 .var "take_mret", 0 0;
v000001b3566b2330_0 .var "take_trap", 0 0;
v000001b3566b37d0_0 .net "timer_int", 0 0, L_000001b356782410;  alias, 1 drivers
v000001b3566b2bf0_0 .var "toWB_Result_Reg", 31 0;
v000001b3566b3550_0 .var "toWB_csr_addr_Reg", 11 0;
v000001b3566b2b50_0 .var "toWB_csr_data_Reg", 31 0;
v000001b3566b3230_0 .var "toWB_mode", 1 0;
v000001b3566b3cd0_0 .var "toWB_mode_Reg", 1 0;
v000001b3566b41d0_0 .var "toWB_rd_addr_Reg", 4 0;
v000001b3566b3f50_0 .var "trap_cause", 31 0;
v000001b3566b4310_0 .var "trap_tval", 31 0;
v000001b3566b2970_0 .net "uimm", 31 0, L_000001b3566d5af0;  1 drivers
v000001b3566b2a10_0 .net "valid_instr", 0 0, L_000001b3566d50f0;  1 drivers
v000001b3566b32d0_0 .net "wb_forward_data", 31 0, L_000001b3566d77b0;  1 drivers
v000001b3566b3370_0 .net "wb_write_gpr", 0 0, L_000001b356756f00;  1 drivers
E_000001b3565da7f0 .event anyedge, v000001b3566b3cd0_0, v000001b3566b41d0_0, v000001b3566b2bf0_0, v000001b3566af8b0_0;
E_000001b3565da870/0 .event anyedge, v000001b3566b2510_0, v000001b3566b3d70_0, v000001b3566aef50_0, v000001b3566b2830_0;
E_000001b3565da870/1 .event anyedge, v000001b3566b3410_0, v000001b3566ae5f0_0, v000001b3566b2c90_0, v000001b3566b4810_0;
E_000001b3565da870/2 .event anyedge, v000001b3566b35f0_0, v000001b3566b0b70_0, v000001b3566b2dd0_0, v000001b3566ae910_0;
E_000001b3565da870/3 .event anyedge, v000001b3566b3a50_0, v000001b3566b25b0_0, v000001b3566b28d0_0, v000001b3566af3b0_0;
E_000001b3565da870/4 .event anyedge, v000001b3566afa90_0, v000001b3566b0df0_0, v000001b3566b0e90_0, v000001b3566b07b0_0;
E_000001b3565da870/5 .event anyedge, v000001b3566b2970_0, v000001b3566b2a10_0, v000001b3566b39b0_0, v000001b3566b0990_0;
E_000001b3565da870/6 .event anyedge, v000001b3566b02b0_0, v000001b3566b43b0_0, v000001b3566b3af0_0, v000001b3566b2330_0;
E_000001b3565da870/7 .event anyedge, v000001b3566b4630_0, v000001b3566b30f0_0, v000001b3566b2650_0;
E_000001b3565da870 .event/or E_000001b3565da870/0, E_000001b3565da870/1, E_000001b3565da870/2, E_000001b3565da870/3, E_000001b3565da870/4, E_000001b3565da870/5, E_000001b3565da870/6, E_000001b3565da870/7;
E_000001b3565daaf0/0 .event anyedge, v000001b3566b39b0_0, v000001b3566b4130_0, v000001b3566b4270_0, v000001b3566b0990_0;
E_000001b3565daaf0/1 .event anyedge, v000001b3566b02b0_0, v000001b3566ae5f0_0, v000001b3566af3b0_0;
E_000001b3565daaf0 .event/or E_000001b3565daaf0/0, E_000001b3565daaf0/1;
E_000001b3565daeb0 .event anyedge, v000001b3566b3a50_0, v000001b3566b4810_0, v000001b3566b28d0_0;
L_000001b3566d5f50 .functor MUXZ 32, L_000001b356757a60, L_000001b3566ffd10, v000001b3566b0f30_0, C4<>;
L_000001b3566d4b50 .part L_000001b3566d5f50, 0, 7;
L_000001b3566d55f0 .part L_000001b3566d5f50, 12, 3;
L_000001b3566d4ab0 .part L_000001b3566d5f50, 25, 7;
L_000001b3566d6130 .part L_000001b3566d5f50, 15, 5;
L_000001b3566d5690 .part L_000001b3566d5f50, 20, 5;
L_000001b3566d5e10 .part L_000001b3566d5f50, 7, 5;
L_000001b3566d3e30 .part L_000001b3566d5f50, 20, 5;
L_000001b3566d6090 .part L_000001b3566d5f50, 31, 1;
LS_000001b3566d61d0_0_0 .concat [ 1 1 1 1], L_000001b3566d6090, L_000001b3566d6090, L_000001b3566d6090, L_000001b3566d6090;
LS_000001b3566d61d0_0_4 .concat [ 1 1 1 1], L_000001b3566d6090, L_000001b3566d6090, L_000001b3566d6090, L_000001b3566d6090;
LS_000001b3566d61d0_0_8 .concat [ 1 1 1 1], L_000001b3566d6090, L_000001b3566d6090, L_000001b3566d6090, L_000001b3566d6090;
LS_000001b3566d61d0_0_12 .concat [ 1 1 1 1], L_000001b3566d6090, L_000001b3566d6090, L_000001b3566d6090, L_000001b3566d6090;
LS_000001b3566d61d0_0_16 .concat [ 1 1 1 1], L_000001b3566d6090, L_000001b3566d6090, L_000001b3566d6090, L_000001b3566d6090;
LS_000001b3566d61d0_1_0 .concat [ 4 4 4 4], LS_000001b3566d61d0_0_0, LS_000001b3566d61d0_0_4, LS_000001b3566d61d0_0_8, LS_000001b3566d61d0_0_12;
LS_000001b3566d61d0_1_4 .concat [ 4 0 0 0], LS_000001b3566d61d0_0_16;
L_000001b3566d61d0 .concat [ 16 4 0 0], LS_000001b3566d61d0_1_0, LS_000001b3566d61d0_1_4;
L_000001b3566d4470 .part L_000001b3566d5f50, 20, 12;
L_000001b3566d3b10 .concat [ 12 20 0 0], L_000001b3566d4470, L_000001b3566d61d0;
L_000001b3566d3cf0 .part L_000001b3566d5f50, 31, 1;
LS_000001b3566d5370_0_0 .concat [ 1 1 1 1], L_000001b3566d3cf0, L_000001b3566d3cf0, L_000001b3566d3cf0, L_000001b3566d3cf0;
LS_000001b3566d5370_0_4 .concat [ 1 1 1 1], L_000001b3566d3cf0, L_000001b3566d3cf0, L_000001b3566d3cf0, L_000001b3566d3cf0;
LS_000001b3566d5370_0_8 .concat [ 1 1 1 1], L_000001b3566d3cf0, L_000001b3566d3cf0, L_000001b3566d3cf0, L_000001b3566d3cf0;
LS_000001b3566d5370_0_12 .concat [ 1 1 1 1], L_000001b3566d3cf0, L_000001b3566d3cf0, L_000001b3566d3cf0, L_000001b3566d3cf0;
LS_000001b3566d5370_0_16 .concat [ 1 1 1 1], L_000001b3566d3cf0, L_000001b3566d3cf0, L_000001b3566d3cf0, L_000001b3566d3cf0;
LS_000001b3566d5370_1_0 .concat [ 4 4 4 4], LS_000001b3566d5370_0_0, LS_000001b3566d5370_0_4, LS_000001b3566d5370_0_8, LS_000001b3566d5370_0_12;
LS_000001b3566d5370_1_4 .concat [ 4 0 0 0], LS_000001b3566d5370_0_16;
L_000001b3566d5370 .concat [ 16 4 0 0], LS_000001b3566d5370_1_0, LS_000001b3566d5370_1_4;
L_000001b3566d5190 .part L_000001b3566d5f50, 25, 7;
L_000001b3566d5550 .part L_000001b3566d5f50, 7, 5;
L_000001b3566d5410 .concat [ 5 7 20 0], L_000001b3566d5550, L_000001b3566d5190, L_000001b3566d5370;
L_000001b3566d48d0 .part L_000001b3566d5f50, 31, 1;
LS_000001b3566d3c50_0_0 .concat [ 1 1 1 1], L_000001b3566d48d0, L_000001b3566d48d0, L_000001b3566d48d0, L_000001b3566d48d0;
LS_000001b3566d3c50_0_4 .concat [ 1 1 1 1], L_000001b3566d48d0, L_000001b3566d48d0, L_000001b3566d48d0, L_000001b3566d48d0;
LS_000001b3566d3c50_0_8 .concat [ 1 1 1 1], L_000001b3566d48d0, L_000001b3566d48d0, L_000001b3566d48d0, L_000001b3566d48d0;
LS_000001b3566d3c50_0_12 .concat [ 1 1 1 1], L_000001b3566d48d0, L_000001b3566d48d0, L_000001b3566d48d0, L_000001b3566d48d0;
LS_000001b3566d3c50_0_16 .concat [ 1 1 1 0], L_000001b3566d48d0, L_000001b3566d48d0, L_000001b3566d48d0;
LS_000001b3566d3c50_1_0 .concat [ 4 4 4 4], LS_000001b3566d3c50_0_0, LS_000001b3566d3c50_0_4, LS_000001b3566d3c50_0_8, LS_000001b3566d3c50_0_12;
LS_000001b3566d3c50_1_4 .concat [ 3 0 0 0], LS_000001b3566d3c50_0_16;
L_000001b3566d3c50 .concat [ 16 3 0 0], LS_000001b3566d3c50_1_0, LS_000001b3566d3c50_1_4;
L_000001b3566d3ed0 .part L_000001b3566d5f50, 31, 1;
L_000001b3566d5730 .part L_000001b3566d5f50, 7, 1;
L_000001b3566d4d30 .part L_000001b3566d5f50, 25, 6;
L_000001b3566d57d0 .part L_000001b3566d5f50, 8, 4;
LS_000001b3566d4970_0_0 .concat [ 1 4 6 1], L_000001b3566ffd58, L_000001b3566d57d0, L_000001b3566d4d30, L_000001b3566d5730;
LS_000001b3566d4970_0_4 .concat [ 1 19 0 0], L_000001b3566d3ed0, L_000001b3566d3c50;
L_000001b3566d4970 .concat [ 12 20 0 0], LS_000001b3566d4970_0_0, LS_000001b3566d4970_0_4;
L_000001b3566d4c90 .part L_000001b3566d5f50, 12, 20;
L_000001b3566d5050 .concat [ 12 20 0 0], L_000001b3566ffda0, L_000001b3566d4c90;
L_000001b3566d3f70 .part L_000001b3566d5f50, 31, 1;
LS_000001b3566d5870_0_0 .concat [ 1 1 1 1], L_000001b3566d3f70, L_000001b3566d3f70, L_000001b3566d3f70, L_000001b3566d3f70;
LS_000001b3566d5870_0_4 .concat [ 1 1 1 1], L_000001b3566d3f70, L_000001b3566d3f70, L_000001b3566d3f70, L_000001b3566d3f70;
LS_000001b3566d5870_0_8 .concat [ 1 1 1 0], L_000001b3566d3f70, L_000001b3566d3f70, L_000001b3566d3f70;
L_000001b3566d5870 .concat [ 4 4 3 0], LS_000001b3566d5870_0_0, LS_000001b3566d5870_0_4, LS_000001b3566d5870_0_8;
L_000001b3566d5910 .part L_000001b3566d5f50, 31, 1;
L_000001b3566d5a50 .part L_000001b3566d5f50, 12, 8;
L_000001b3566d3d90 .part L_000001b3566d5f50, 20, 1;
L_000001b3566d59b0 .part L_000001b3566d5f50, 21, 10;
LS_000001b3566d4dd0_0_0 .concat [ 1 10 1 8], L_000001b3566ffde8, L_000001b3566d59b0, L_000001b3566d3d90, L_000001b3566d5a50;
LS_000001b3566d4dd0_0_4 .concat [ 1 11 0 0], L_000001b3566d5910, L_000001b3566d5870;
L_000001b3566d4dd0 .concat [ 20 12 0 0], LS_000001b3566d4dd0_0_0, LS_000001b3566d4dd0_0_4;
L_000001b3566d4010 .part L_000001b3566d5f50, 20, 12;
L_000001b3566d4150 .part L_000001b3566d5f50, 15, 5;
L_000001b3566d5af0 .concat [ 5 27 0 0], L_000001b3566d4150, L_000001b3566ffe30;
L_000001b3566d50f0 .cmp/ne 32, L_000001b3566d5f50, L_000001b3566ffe78;
L_000001b3566d5b90 .part v000001b3566b3b90_0, 3, 1;
L_000001b3566d5c30 .part v000001b3566b4450_0, 11, 1;
L_000001b3566d4e70 .part v000001b3566b3870_0, 11, 1;
L_000001b3566d4f10 .part v000001b3566b3b90_0, 3, 1;
L_000001b3566d41f0 .part v000001b3566b4450_0, 3, 1;
L_000001b3566d5cd0 .part v000001b3566b3870_0, 3, 1;
L_000001b3566d4330 .part v000001b3566b3b90_0, 3, 1;
L_000001b3566d43d0 .part v000001b3566b4450_0, 7, 1;
L_000001b3566d4510 .part v000001b3566b3870_0, 7, 1;
L_000001b3566d4fb0 .part v000001b3566aef50_0, 0, 16;
L_000001b3566d45b0 .cmp/ne 2, v000001b3566b3cd0_0, L_000001b3566ffec0;
L_000001b3566d46f0 .cmp/ne 5, v000001b3566b41d0_0, L_000001b3566fff08;
L_000001b3566d4650 .cmp/eq 2, v000001b3566b3cd0_0, L_000001b3566fff50;
L_000001b3566d77b0 .functor MUXZ 32, v000001b3566b2bf0_0, L_000001b3567580f0, L_000001b3566d4650, C4<>;
L_000001b3566d6f90 .cmp/eq 5, v000001b3566b41d0_0, L_000001b3566d6130;
L_000001b3566d4830 .cmp/ne 5, L_000001b3566d6130, L_000001b3566fff98;
L_000001b3566d6810 .functor MUXZ 32, v000001b3566af270_0, L_000001b3566d77b0, L_000001b356756a30, C4<>;
L_000001b3566d7d50 .cmp/eq 5, v000001b3566b41d0_0, L_000001b3566d5690;
L_000001b3566d7f30 .cmp/ne 5, L_000001b3566d5690, L_000001b3566fffe0;
L_000001b3566d69f0 .functor MUXZ 32, v000001b3566af6d0_0, L_000001b3566d77b0, L_000001b3567578a0, C4<>;
L_000001b3566d7a30 .cmp/eq 2, v000001b3566b3cd0_0, L_000001b356700028;
L_000001b3566d68b0 .cmp/eq 12, v000001b3566b3550_0, L_000001b3566d4010;
L_000001b3566d8890 .cmp/eq 2, v000001b3566b3cd0_0, L_000001b356700070;
L_000001b3566d7df0 .cmp/eq 12, v000001b3566b3550_0, L_000001b3567000b8;
L_000001b3566d73f0 .functor MUXZ 32, v000001b3566b3e10_0, v000001b3566b2b50_0, L_000001b356756b80, C4<>;
L_000001b3566d7ad0 .cmp/eq 7, L_000001b3566d4b50, L_000001b356700100;
L_000001b3566d64f0 .cmp/eq 7, L_000001b3566d4b50, L_000001b356700148;
L_000001b3566d8250 .cmp/eq 7, L_000001b3566d4b50, L_000001b356700190;
S_000001b356685080 .scope function.vec4.s32, "GetCSR" "GetCSR" 5 216, 5 216 0, S_000001b356684a40;
 .timescale -9 -12;
; Variable GetCSR is vec4 return value of scope S_000001b356685080
v000001b3566ae9b0_0 .var "addr", 11 0;
TD_UART_tb.dut_rx.cpu.GetCSR ;
    %load/vec4 v000001b3566ae9b0_0;
    %dup/vec4;
    %pushi/vec4 768, 0, 12;
    %cmp/u;
    %jmp/1 T_8.50, 6;
    %dup/vec4;
    %pushi/vec4 769, 0, 12;
    %cmp/u;
    %jmp/1 T_8.51, 6;
    %dup/vec4;
    %pushi/vec4 772, 0, 12;
    %cmp/u;
    %jmp/1 T_8.52, 6;
    %dup/vec4;
    %pushi/vec4 773, 0, 12;
    %cmp/u;
    %jmp/1 T_8.53, 6;
    %dup/vec4;
    %pushi/vec4 832, 0, 12;
    %cmp/u;
    %jmp/1 T_8.54, 6;
    %dup/vec4;
    %pushi/vec4 833, 0, 12;
    %cmp/u;
    %jmp/1 T_8.55, 6;
    %dup/vec4;
    %pushi/vec4 834, 0, 12;
    %cmp/u;
    %jmp/1 T_8.56, 6;
    %dup/vec4;
    %pushi/vec4 835, 0, 12;
    %cmp/u;
    %jmp/1 T_8.57, 6;
    %dup/vec4;
    %pushi/vec4 836, 0, 12;
    %cmp/u;
    %jmp/1 T_8.58, 6;
    %dup/vec4;
    %pushi/vec4 3072, 0, 12;
    %cmp/u;
    %jmp/1 T_8.59, 6;
    %dup/vec4;
    %pushi/vec4 3074, 0, 12;
    %cmp/u;
    %jmp/1 T_8.60, 6;
    %dup/vec4;
    %pushi/vec4 3200, 0, 12;
    %cmp/u;
    %jmp/1 T_8.61, 6;
    %dup/vec4;
    %pushi/vec4 3202, 0, 12;
    %cmp/u;
    %jmp/1 T_8.62, 6;
    %pushi/vec4 0, 0, 32;
    %ret/vec4 0, 0, 32;  Assign to GetCSR (store_vec4_to_lval)
    %jmp T_8.64;
T_8.50 ;
    %load/vec4 v000001b3566b3b90_0;
    %ret/vec4 0, 0, 32;  Assign to GetCSR (store_vec4_to_lval)
    %jmp T_8.64;
T_8.51 ;
    %load/vec4 v000001b3566b3910_0;
    %ret/vec4 0, 0, 32;  Assign to GetCSR (store_vec4_to_lval)
    %jmp T_8.64;
T_8.52 ;
    %load/vec4 v000001b3566b4450_0;
    %ret/vec4 0, 0, 32;  Assign to GetCSR (store_vec4_to_lval)
    %jmp T_8.64;
T_8.53 ;
    %load/vec4 v000001b3566b4630_0;
    %ret/vec4 0, 0, 32;  Assign to GetCSR (store_vec4_to_lval)
    %jmp T_8.64;
T_8.54 ;
    %load/vec4 v000001b3566b2fb0_0;
    %ret/vec4 0, 0, 32;  Assign to GetCSR (store_vec4_to_lval)
    %jmp T_8.64;
T_8.55 ;
    %load/vec4 v000001b3566b3e10_0;
    %ret/vec4 0, 0, 32;  Assign to GetCSR (store_vec4_to_lval)
    %jmp T_8.64;
T_8.56 ;
    %load/vec4 v000001b3566b3ff0_0;
    %ret/vec4 0, 0, 32;  Assign to GetCSR (store_vec4_to_lval)
    %jmp T_8.64;
T_8.57 ;
    %load/vec4 v000001b3566b34b0_0;
    %ret/vec4 0, 0, 32;  Assign to GetCSR (store_vec4_to_lval)
    %jmp T_8.64;
T_8.58 ;
    %load/vec4 v000001b3566b3870_0;
    %ret/vec4 0, 0, 32;  Assign to GetCSR (store_vec4_to_lval)
    %jmp T_8.64;
T_8.59 ;
    %load/vec4 v000001b3566b0210_0;
    %parti/s 32, 0, 2;
    %ret/vec4 0, 0, 32;  Assign to GetCSR (store_vec4_to_lval)
    %jmp T_8.64;
T_8.60 ;
    %load/vec4 v000001b3566b2790_0;
    %parti/s 32, 0, 2;
    %ret/vec4 0, 0, 32;  Assign to GetCSR (store_vec4_to_lval)
    %jmp T_8.64;
T_8.61 ;
    %load/vec4 v000001b3566b0210_0;
    %parti/s 32, 32, 7;
    %ret/vec4 0, 0, 32;  Assign to GetCSR (store_vec4_to_lval)
    %jmp T_8.64;
T_8.62 ;
    %load/vec4 v000001b3566b2790_0;
    %parti/s 32, 32, 7;
    %ret/vec4 0, 0, 32;  Assign to GetCSR (store_vec4_to_lval)
    %jmp T_8.64;
T_8.64 ;
    %pop/vec4 1;
    %end;
S_000001b356685210 .scope task, "SetCSR" "SetCSR" 5 238, 5 238 0, S_000001b356684a40;
 .timescale -9 -12;
v000001b3566aeaf0_0 .var "addr", 11 0;
v000001b3566af130_0 .var "value", 31 0;
TD_UART_tb.dut_rx.cpu.SetCSR ;
    %load/vec4 v000001b3566aeaf0_0;
    %dup/vec4;
    %pushi/vec4 768, 0, 12;
    %cmp/u;
    %jmp/1 T_9.65, 6;
    %dup/vec4;
    %pushi/vec4 772, 0, 12;
    %cmp/u;
    %jmp/1 T_9.66, 6;
    %dup/vec4;
    %pushi/vec4 773, 0, 12;
    %cmp/u;
    %jmp/1 T_9.67, 6;
    %dup/vec4;
    %pushi/vec4 832, 0, 12;
    %cmp/u;
    %jmp/1 T_9.68, 6;
    %dup/vec4;
    %pushi/vec4 833, 0, 12;
    %cmp/u;
    %jmp/1 T_9.69, 6;
    %dup/vec4;
    %pushi/vec4 834, 0, 12;
    %cmp/u;
    %jmp/1 T_9.70, 6;
    %dup/vec4;
    %pushi/vec4 835, 0, 12;
    %cmp/u;
    %jmp/1 T_9.71, 6;
    %dup/vec4;
    %pushi/vec4 836, 0, 12;
    %cmp/u;
    %jmp/1 T_9.72, 6;
    %jmp T_9.74;
T_9.65 ;
    %load/vec4 v000001b3566af130_0;
    %assign/vec4 v000001b3566b3b90_0, 0;
    %jmp T_9.74;
T_9.66 ;
    %load/vec4 v000001b3566af130_0;
    %assign/vec4 v000001b3566b4450_0, 0;
    %jmp T_9.74;
T_9.67 ;
    %load/vec4 v000001b3566af130_0;
    %assign/vec4 v000001b3566b4630_0, 0;
    %jmp T_9.74;
T_9.68 ;
    %load/vec4 v000001b3566af130_0;
    %assign/vec4 v000001b3566b2fb0_0, 0;
    %jmp T_9.74;
T_9.69 ;
    %load/vec4 v000001b3566af130_0;
    %assign/vec4 v000001b3566b3e10_0, 0;
    %jmp T_9.74;
T_9.70 ;
    %load/vec4 v000001b3566af130_0;
    %assign/vec4 v000001b3566b3ff0_0, 0;
    %jmp T_9.74;
T_9.71 ;
    %load/vec4 v000001b3566af130_0;
    %assign/vec4 v000001b3566b34b0_0, 0;
    %jmp T_9.74;
T_9.72 ;
    %load/vec4 v000001b3566af130_0;
    %assign/vec4 v000001b3566b3870_0, 0;
    %jmp T_9.74;
T_9.74 ;
    %pop/vec4 1;
    %end;
S_000001b3566853a0 .scope module, "alu" "ALU" 5 205, 6 2 0, S_000001b356684a40;
 .timescale -9 -12;
    .port_info 0 /INPUT 4 "alu_control";
    .port_info 1 /INPUT 32 "operand_a";
    .port_info 2 /INPUT 32 "operand_b";
    .port_info 3 /OUTPUT 32 "alu_result";
L_000001b356757520 .functor BUFZ 32, v000001b3566b3eb0_0, C4<00000000000000000000000000000000>, C4<00000000000000000000000000000000>, C4<00000000000000000000000000000000>;
L_000001b356757210 .functor BUFZ 32, v000001b3566b3190_0, C4<00000000000000000000000000000000>, C4<00000000000000000000000000000000>, C4<00000000000000000000000000000000>;
v000001b3566af090_0 .net "alu_control", 3 0, v000001b3566afb30_0;  1 drivers
v000001b3566ae910_0 .var "alu_result", 31 0;
v000001b3566ae410_0 .net "operand_a", 31 0, v000001b3566b3eb0_0;  1 drivers
v000001b3566ad150_0 .net "operand_b", 31 0, v000001b3566b3190_0;  1 drivers
v000001b3566af630_0 .net/s "signed_a", 31 0, L_000001b356757520;  1 drivers
v000001b3566ad970_0 .net/s "signed_b", 31 0, L_000001b356757210;  1 drivers
E_000001b3565daef0/0 .event anyedge, v000001b3566af090_0, v000001b3566ae410_0, v000001b3566ad150_0, v000001b3566af630_0;
E_000001b3565daef0/1 .event anyedge, v000001b3566ad970_0;
E_000001b3565daef0 .event/or E_000001b3565daef0/0, E_000001b3565daef0/1;
S_000001b3566856c0 .scope module, "registry" "Registry" 5 184, 7 3 0, S_000001b356684a40;
 .timescale -9 -12;
    .port_info 0 /INPUT 1 "clk";
    .port_info 1 /INPUT 1 "rst";
    .port_info 2 /INPUT 5 "rs1_addr";
    .port_info 3 /INPUT 5 "rs2_addr";
    .port_info 4 /INPUT 5 "rd_addr";
    .port_info 5 /INPUT 32 "rd_data";
    .port_info 6 /INPUT 1 "reg_write_enable";
    .port_info 7 /OUTPUT 32 "rs1_data";
    .port_info 8 /OUTPUT 32 "rs2_data";
v000001b3566ae2d0_0 .net "clk", 0 0, v000001b3566ec070_0;  alias, 1 drivers
v000001b3566ae690_0 .net "rd_addr", 4 0, v000001b3566ae0f0_0;  1 drivers
v000001b3566ae550_0 .net "rd_data", 31 0, v000001b3566addd0_0;  1 drivers
v000001b3566ad650_0 .net "reg_write_enable", 0 0, v000001b3566ad8d0_0;  1 drivers
v000001b3566aeeb0 .array "registers", 0 31, 31 0;
v000001b3566aee10_0 .net "rs1_addr", 4 0, v000001b3566b3c30_0;  1 drivers
v000001b3566af270_0 .var "rs1_data", 31 0;
v000001b3566af590_0 .net "rs2_addr", 4 0, v000001b3566b3050_0;  1 drivers
v000001b3566af6d0_0 .var "rs2_data", 31 0;
v000001b3566adf10_0 .net "rst", 0 0, v000001b3566eb030_0;  alias, 1 drivers
v000001b3566aeeb0_0 .array/port v000001b3566aeeb0, 0;
v000001b3566aeeb0_1 .array/port v000001b3566aeeb0, 1;
v000001b3566aeeb0_2 .array/port v000001b3566aeeb0, 2;
E_000001b3565da370/0 .event anyedge, v000001b3566aee10_0, v000001b3566aeeb0_0, v000001b3566aeeb0_1, v000001b3566aeeb0_2;
v000001b3566aeeb0_3 .array/port v000001b3566aeeb0, 3;
v000001b3566aeeb0_4 .array/port v000001b3566aeeb0, 4;
v000001b3566aeeb0_5 .array/port v000001b3566aeeb0, 5;
v000001b3566aeeb0_6 .array/port v000001b3566aeeb0, 6;
E_000001b3565da370/1 .event anyedge, v000001b3566aeeb0_3, v000001b3566aeeb0_4, v000001b3566aeeb0_5, v000001b3566aeeb0_6;
v000001b3566aeeb0_7 .array/port v000001b3566aeeb0, 7;
v000001b3566aeeb0_8 .array/port v000001b3566aeeb0, 8;
v000001b3566aeeb0_9 .array/port v000001b3566aeeb0, 9;
v000001b3566aeeb0_10 .array/port v000001b3566aeeb0, 10;
E_000001b3565da370/2 .event anyedge, v000001b3566aeeb0_7, v000001b3566aeeb0_8, v000001b3566aeeb0_9, v000001b3566aeeb0_10;
v000001b3566aeeb0_11 .array/port v000001b3566aeeb0, 11;
v000001b3566aeeb0_12 .array/port v000001b3566aeeb0, 12;
v000001b3566aeeb0_13 .array/port v000001b3566aeeb0, 13;
v000001b3566aeeb0_14 .array/port v000001b3566aeeb0, 14;
E_000001b3565da370/3 .event anyedge, v000001b3566aeeb0_11, v000001b3566aeeb0_12, v000001b3566aeeb0_13, v000001b3566aeeb0_14;
v000001b3566aeeb0_15 .array/port v000001b3566aeeb0, 15;
v000001b3566aeeb0_16 .array/port v000001b3566aeeb0, 16;
v000001b3566aeeb0_17 .array/port v000001b3566aeeb0, 17;
v000001b3566aeeb0_18 .array/port v000001b3566aeeb0, 18;
E_000001b3565da370/4 .event anyedge, v000001b3566aeeb0_15, v000001b3566aeeb0_16, v000001b3566aeeb0_17, v000001b3566aeeb0_18;
v000001b3566aeeb0_19 .array/port v000001b3566aeeb0, 19;
v000001b3566aeeb0_20 .array/port v000001b3566aeeb0, 20;
v000001b3566aeeb0_21 .array/port v000001b3566aeeb0, 21;
v000001b3566aeeb0_22 .array/port v000001b3566aeeb0, 22;
E_000001b3565da370/5 .event anyedge, v000001b3566aeeb0_19, v000001b3566aeeb0_20, v000001b3566aeeb0_21, v000001b3566aeeb0_22;
v000001b3566aeeb0_23 .array/port v000001b3566aeeb0, 23;
v000001b3566aeeb0_24 .array/port v000001b3566aeeb0, 24;
v000001b3566aeeb0_25 .array/port v000001b3566aeeb0, 25;
v000001b3566aeeb0_26 .array/port v000001b3566aeeb0, 26;
E_000001b3565da370/6 .event anyedge, v000001b3566aeeb0_23, v000001b3566aeeb0_24, v000001b3566aeeb0_25, v000001b3566aeeb0_26;
v000001b3566aeeb0_27 .array/port v000001b3566aeeb0, 27;
v000001b3566aeeb0_28 .array/port v000001b3566aeeb0, 28;
v000001b3566aeeb0_29 .array/port v000001b3566aeeb0, 29;
v000001b3566aeeb0_30 .array/port v000001b3566aeeb0, 30;
E_000001b3565da370/7 .event anyedge, v000001b3566aeeb0_27, v000001b3566aeeb0_28, v000001b3566aeeb0_29, v000001b3566aeeb0_30;
v000001b3566aeeb0_31 .array/port v000001b3566aeeb0, 31;
E_000001b3565da370/8 .event anyedge, v000001b3566aeeb0_31, v000001b3566af590_0;
E_000001b3565da370 .event/or E_000001b3565da370/0, E_000001b3565da370/1, E_000001b3565da370/2, E_000001b3565da370/3, E_000001b3565da370/4, E_000001b3565da370/5, E_000001b3565da370/6, E_000001b3565da370/7, E_000001b3565da370/8;
S_000001b3566859e0 .scope begin, "rst_loop" "rst_loop" 7 24, 7 24 0, S_000001b3566856c0;
 .timescale -9 -12;
v000001b3566ae4b0_0 .var/i "i", 31 0;
S_000001b356685b70 .scope module, "gpio_bank" "GPIO" 3 124, 8 27 0, S_000001b356684590;
 .timescale -9 -12;
    .port_info 0 /INPUT 1 "clk";
    .port_info 1 /INPUT 1 "rst";
    .port_info 2 /INPUT 32 "pin_in";
    .port_info 3 /OUTPUT 32 "pin_out";
    .port_info 4 /INPUT 4 "waddr";
    .port_info 5 /INPUT 1 "we";
    .port_info 6 /INPUT 32 "wdata";
    .port_info 7 /INPUT 4 "raddr";
    .port_info 8 /OUTPUT 32 "rdata";
    .port_info 9 /OUTPUT 1 "irq";
P_000001b3566ba8e0 .param/l "SLOT_CLR" 1 8 50, C4<0100>;
P_000001b3566ba918 .param/l "SLOT_DATA_IN" 1 8 46, C4<0000>;
P_000001b3566ba950 .param/l "SLOT_DATA_OUT" 1 8 47, C4<0001>;
P_000001b3566ba988 .param/l "SLOT_DIR" 1 8 48, C4<0010>;
P_000001b3566ba9c0 .param/l "SLOT_INT_ENABLE" 1 8 51, C4<0101>;
P_000001b3566ba9f8 .param/l "SLOT_INT_FALL_EN" 1 8 53, C4<0111>;
P_000001b3566baa30 .param/l "SLOT_INT_PENDING" 1 8 54, C4<1000>;
P_000001b3566baa68 .param/l "SLOT_INT_RISE_EN" 1 8 52, C4<0110>;
P_000001b3566baaa0 .param/l "SLOT_SET" 1 8 49, C4<0011>;
P_000001b3566baad8 .param/l "WIDTH" 0 8 28, +C4<00000000000000000000000000100000>;
L_000001b356757830 .functor NOT 32, v000001b3566b62f0_0, C4<00000000000000000000000000000000>, C4<00000000000000000000000000000000>, C4<00000000000000000000000000000000>;
L_000001b356756bf0 .functor AND 32, v000001b3566b5490_0, L_000001b356757830, C4<11111111111111111111111111111111>, C4<11111111111111111111111111111111>;
L_000001b356757de0 .functor NOT 32, v000001b3566b5490_0, C4<00000000000000000000000000000000>, C4<00000000000000000000000000000000>, C4<00000000000000000000000000000000>;
L_000001b356758400 .functor AND 32, L_000001b356757de0, v000001b3566b62f0_0, C4<11111111111111111111111111111111>, C4<11111111111111111111111111111111>;
L_000001b356757e50 .functor AND 32, v000001b3566b6d90_0, L_000001b356756bf0, C4<11111111111111111111111111111111>, C4<11111111111111111111111111111111>;
L_000001b356757ec0 .functor AND 32, v000001b3566b7010_0, L_000001b356758400, C4<11111111111111111111111111111111>, C4<11111111111111111111111111111111>;
L_000001b356756d40 .functor OR 32, L_000001b356757e50, L_000001b356757ec0, C4<00000000000000000000000000000000>, C4<00000000000000000000000000000000>;
L_000001b356757f30 .functor AND 32, v000001b3566b61b0_0, L_000001b356756d40, C4<11111111111111111111111111111111>, C4<11111111111111111111111111111111>;
L_000001b356758080 .functor AND 32, v000001b3566af770_0, v000001b3566b6a70_0, C4<11111111111111111111111111111111>, C4<11111111111111111111111111111111>;
L_000001b356758160 .functor AND 1, L_000001b356757d70, L_000001b3566d6630, C4<1>, C4<1>;
L_000001b356756e20 .functor BUFZ 32, v000001b3566b66b0_0, C4<00000000000000000000000000000000>, C4<00000000000000000000000000000000>, C4<00000000000000000000000000000000>;
v000001b3566b5cb0_0 .net *"_ivl_0", 31 0, L_000001b356757830;  1 drivers
v000001b3566b4e50_0 .net *"_ivl_10", 31 0, L_000001b356757ec0;  1 drivers
v000001b3566b6930_0 .net *"_ivl_12", 31 0, L_000001b356756d40;  1 drivers
L_000001b356700388 .functor BUFT 1, C4<1000>, C4<0>, C4<0>, C4<0>;
v000001b3566b6cf0_0 .net/2u *"_ivl_18", 3 0, L_000001b356700388;  1 drivers
v000001b3566b6ed0_0 .net *"_ivl_20", 0 0, L_000001b3566d6630;  1 drivers
v000001b3566b49f0_0 .net *"_ivl_23", 0 0, L_000001b356758160;  1 drivers
L_000001b3567003d0 .functor BUFT 1, C4<00000000000000000000000000000000>, C4<0>, C4<0>, C4<0>;
v000001b3566b4bd0_0 .net/2u *"_ivl_24", 31 0, L_000001b3567003d0;  1 drivers
v000001b3566b5a30_0 .net *"_ivl_4", 31 0, L_000001b356757de0;  1 drivers
v000001b3566b5d50_0 .net *"_ivl_8", 31 0, L_000001b356757e50;  1 drivers
v000001b3566b4db0_0 .net "clk", 0 0, v000001b3566ec070_0;  alias, 1 drivers
v000001b3566b66b0_0 .var "data_out", 31 0;
v000001b3566b6a70_0 .var "dir", 31 0;
v000001b3566b4a90_0 .net "edge_fire", 31 0, L_000001b356757f30;  1 drivers
v000001b3566b5df0_0 .net "falling_edge", 31 0, L_000001b356758400;  1 drivers
v000001b3566b61b0_0 .var "int_enable", 31 0;
v000001b3566b7010_0 .var "int_fall_en", 31 0;
v000001b3566b67f0_0 .var "int_pending", 31 0;
v000001b3566b6d90_0 .var "int_rise_en", 31 0;
v000001b3566b58f0_0 .net "irq", 0 0, L_000001b3566d7030;  alias, 1 drivers
v000001b3566b6f70_0 .net "pending_clear", 31 0, L_000001b3566d66d0;  1 drivers
v000001b3566b5e90_0 .net "pin_in", 31 0, L_000001b3567018e8;  alias, 1 drivers
v000001b3566b4c70_0 .net "pin_out", 31 0, L_000001b356756e20;  alias, 1 drivers
v000001b3566b52b0_0 .net "raddr", 3 0, L_000001b3566d7170;  alias, 1 drivers
v000001b3566b6e30_0 .var "rdata", 31 0;
v000001b3566b70b0_0 .net "rising_edge", 31 0, L_000001b356756bf0;  1 drivers
v000001b3566b6610_0 .net "rst", 0 0, v000001b3566eb030_0;  alias, 1 drivers
v000001b3566b5350_0 .var "sync0", 31 0;
v000001b3566b5490_0 .var "sync1", 31 0;
v000001b3566b62f0_0 .var "sync1_d", 31 0;
v000001b3566b6070_0 .net "waddr", 3 0, L_000001b3566d6590;  alias, 1 drivers
v000001b3566b4ef0_0 .net "wdata", 31 0, v000001b3566af770_0;  alias, 1 drivers
v000001b3566b5030_0 .net "we", 0 0, L_000001b356757d70;  alias, 1 drivers
v000001b3566b6b10_0 .net "write_mask", 31 0, L_000001b356758080;  1 drivers
E_000001b3565daf30/0 .event anyedge, v000001b3566b52b0_0, v000001b3566b5490_0, v000001b3566b66b0_0, v000001b3566b6a70_0;
E_000001b3565daf30/1 .event anyedge, v000001b3566b61b0_0, v000001b3566b6d90_0, v000001b3566b7010_0, v000001b3566b67f0_0;
E_000001b3565daf30 .event/or E_000001b3565daf30/0, E_000001b3565daf30/1;
L_000001b3566d6630 .cmp/eq 4, L_000001b3566d6590, L_000001b356700388;
L_000001b3566d66d0 .functor MUXZ 32, L_000001b3567003d0, v000001b3566af770_0, L_000001b356758160, C4<>;
L_000001b3566d7030 .reduce/or v000001b3566b67f0_0;
S_000001b3566bb760 .scope module, "uart0" "UART" 3 136, 9 22 0, S_000001b356684590;
 .timescale -9 -12;
    .port_info 0 /INPUT 1 "clk";
    .port_info 1 /INPUT 1 "rst";
    .port_info 2 /INPUT 1 "rx";
    .port_info 3 /OUTPUT 1 "tx";
    .port_info 4 /INPUT 1 "wr_en";
    .port_info 5 /INPUT 8 "wr_data";
    .port_info 6 /INPUT 1 "rd_data_en";
    .port_info 7 /INPUT 1 "ier_wr_en";
    .port_info 8 /INPUT 3 "ier_wr_data";
    .port_info 9 /INPUT 2 "reg_sel";
    .port_info 10 /OUTPUT 32 "rdata";
    .port_info 11 /OUTPUT 1 "irq";
P_000001b3566bd720 .param/l "CLKS_PER_BIT" 0 9 23, +C4<00000000000000000000000000001000>;
P_000001b3566bd758 .param/l "RX_DATA" 1 9 71, C4<10>;
P_000001b3566bd790 .param/l "RX_IDLE" 1 9 71, C4<00>;
P_000001b3566bd7c8 .param/l "RX_START" 1 9 71, C4<01>;
P_000001b3566bd800 .param/l "RX_STOP" 1 9 71, C4<11>;
P_000001b3566bd838 .param/l "TX_DATA" 1 9 62, C4<10>;
P_000001b3566bd870 .param/l "TX_IDLE" 1 9 62, C4<00>;
P_000001b3566bd8a8 .param/l "TX_START" 1 9 62, C4<01>;
P_000001b3566bd8e0 .param/l "TX_STOP" 1 9 62, C4<11>;
L_000001b3567572f0 .functor AND 1, L_000001b3566d78f0, L_000001b3566d7fd0, C4<1>, C4<1>;
L_000001b356756e90 .functor AND 1, L_000001b3566d87f0, L_000001b3566d8750, C4<1>, C4<1>;
L_000001b3567573d0 .functor AND 1, L_000001b356756e90, L_000001b3566d7cb0, C4<1>, C4<1>;
L_000001b3567568e0 .functor BUFZ 8, L_000001b3566d7e90, C4<00000000>, C4<00000000>, C4<00000000>;
L_000001b3567581d0 .functor AND 1, L_000001b3566d8610, L_000001b3566d86b0, C4<1>, C4<1>;
L_000001b356756fe0 .functor AND 1, L_000001b3566d6bd0, L_000001b3566d6c70, C4<1>, C4<1>;
L_000001b3567582b0 .functor AND 1, L_000001b3566d7350, L_000001b3567581d0, C4<1>, C4<1>;
L_000001b356757590 .functor OR 1, L_000001b356756fe0, L_000001b3567582b0, C4<0>, C4<0>;
L_000001b356758320 .functor AND 1, L_000001b3566d7530, L_000001b3566d7710, C4<1>, C4<1>;
L_000001b356757050 .functor OR 1, L_000001b356757590, L_000001b356758320, C4<0>, C4<0>;
L_000001b356700418 .functor BUFT 1, C4<1000>, C4<0>, C4<0>, C4<0>;
v000001b3566b5f30_0 .net/2u *"_ivl_0", 3 0, L_000001b356700418;  1 drivers
v000001b3566b5ad0_0 .net *"_ivl_100", 0 0, L_000001b356758320;  1 drivers
L_000001b3567004f0 .functor BUFT 1, C4<0000>, C4<0>, C4<0>, C4<0>;
v000001b3566b4d10_0 .net/2u *"_ivl_12", 3 0, L_000001b3567004f0;  1 drivers
L_000001b356700538 .functor BUFT 1, C4<00>, C4<0>, C4<0>, C4<0>;
v000001b3566b4b30_0 .net/2u *"_ivl_16", 1 0, L_000001b356700538;  1 drivers
v000001b3566b4f90_0 .net *"_ivl_18", 0 0, L_000001b3566d78f0;  1 drivers
v000001b3566b69d0_0 .net *"_ivl_21", 0 0, L_000001b3566d7fd0;  1 drivers
L_000001b356700580 .functor BUFT 1, C4<11>, C4<0>, C4<0>, C4<0>;
v000001b3566b6110_0 .net/2u *"_ivl_24", 1 0, L_000001b356700580;  1 drivers
v000001b3566b6250_0 .net *"_ivl_26", 0 0, L_000001b3566d87f0;  1 drivers
v000001b3566b4950_0 .net *"_ivl_28", 31 0, L_000001b3566d6950;  1 drivers
L_000001b3567005c8 .functor BUFT 1, C4<0000000000000000>, C4<0>, C4<0>, C4<0>;
v000001b3566b6bb0_0 .net *"_ivl_31", 15 0, L_000001b3567005c8;  1 drivers
L_000001b356700610 .functor BUFT 1, C4<00000000000000000000000000000111>, C4<0>, C4<0>, C4<0>;
v000001b3566b50d0_0 .net/2u *"_ivl_32", 31 0, L_000001b356700610;  1 drivers
v000001b3566b5fd0_0 .net *"_ivl_34", 0 0, L_000001b3566d8750;  1 drivers
v000001b3566b5530_0 .net *"_ivl_37", 0 0, L_000001b356756e90;  1 drivers
v000001b3566b6c50_0 .net *"_ivl_39", 0 0, L_000001b3566d7cb0;  1 drivers
L_000001b356700460 .functor BUFT 1, C4<0000>, C4<0>, C4<0>, C4<0>;
v000001b3566b6750_0 .net/2u *"_ivl_4", 3 0, L_000001b356700460;  1 drivers
v000001b3566b5170_0 .net *"_ivl_44", 7 0, L_000001b3566d7e90;  1 drivers
v000001b3566b5210_0 .net *"_ivl_46", 4 0, L_000001b3566d7990;  1 drivers
L_000001b356700658 .functor BUFT 1, C4<00>, C4<0>, C4<0>, C4<0>;
v000001b3566b5670_0 .net *"_ivl_49", 1 0, L_000001b356700658;  1 drivers
L_000001b3567006a0 .functor BUFT 1, C4<00>, C4<0>, C4<0>, C4<0>;
v000001b3566b6390_0 .net/2u *"_ivl_52", 1 0, L_000001b3567006a0;  1 drivers
v000001b3566b55d0_0 .net *"_ivl_54", 0 0, L_000001b3566d86b0;  1 drivers
L_000001b3567006e8 .functor BUFT 1, C4<0000000000000000000000000000>, C4<0>, C4<0>, C4<0>;
v000001b3566b6890_0 .net/2u *"_ivl_58", 27 0, L_000001b3567006e8;  1 drivers
v000001b3566b53f0_0 .net *"_ivl_61", 0 0, L_000001b3566d81b0;  1 drivers
v000001b3566b6430_0 .net *"_ivl_63", 0 0, L_000001b3566d8070;  1 drivers
L_000001b356700730 .functor BUFT 1, C4<00000000000000000000000000000>, C4<0>, C4<0>, C4<0>;
v000001b3566b5990_0 .net/2u *"_ivl_66", 28 0, L_000001b356700730;  1 drivers
L_000001b356700778 .functor BUFT 1, C4<01>, C4<0>, C4<0>, C4<0>;
v000001b3566b64d0_0 .net/2u *"_ivl_70", 1 0, L_000001b356700778;  1 drivers
v000001b3566b5710_0 .net *"_ivl_72", 0 0, L_000001b3566d7490;  1 drivers
L_000001b3567007c0 .functor BUFT 1, C4<10>, C4<0>, C4<0>, C4<0>;
v000001b3566b57b0_0 .net/2u *"_ivl_74", 1 0, L_000001b3567007c0;  1 drivers
v000001b3566b5850_0 .net *"_ivl_76", 0 0, L_000001b3566d6d10;  1 drivers
L_000001b356700808 .functor BUFT 1, C4<000000000000000000000000>, C4<0>, C4<0>, C4<0>;
v000001b3566b5b70_0 .net/2u *"_ivl_78", 23 0, L_000001b356700808;  1 drivers
L_000001b3567004a8 .functor BUFT 1, C4<1000>, C4<0>, C4<0>, C4<0>;
v000001b3566b5c10_0 .net/2u *"_ivl_8", 3 0, L_000001b3567004a8;  1 drivers
v000001b3566b6570_0 .net *"_ivl_80", 31 0, L_000001b3566d89d0;  1 drivers
v000001b3566b8a50_0 .net *"_ivl_82", 31 0, L_000001b3566d84d0;  1 drivers
v000001b3566b7a10_0 .net *"_ivl_87", 0 0, L_000001b3566d6bd0;  1 drivers
v000001b3566b8e10_0 .net *"_ivl_89", 0 0, L_000001b3566d6c70;  1 drivers
v000001b3566b8870_0 .net *"_ivl_90", 0 0, L_000001b356756fe0;  1 drivers
v000001b3566b75b0_0 .net *"_ivl_93", 0 0, L_000001b3566d7350;  1 drivers
v000001b3566b7830_0 .net *"_ivl_94", 0 0, L_000001b3567582b0;  1 drivers
v000001b3566b89b0_0 .net *"_ivl_96", 0 0, L_000001b356757590;  1 drivers
v000001b3566b8cd0_0 .net *"_ivl_99", 0 0, L_000001b3566d7530;  1 drivers
v000001b3566b8eb0_0 .net "clk", 0 0, v000001b3566ec070_0;  alias, 1 drivers
v000001b3566b9450_0 .var "ier", 2 0;
v000001b3566b73d0_0 .net "ier_word", 31 0, L_000001b3566d8430;  1 drivers
v000001b3566b9130_0 .net "ier_wr_data", 2 0, L_000001b3566d6db0;  1 drivers
v000001b3566b7ab0_0 .net "ier_wr_en", 0 0, L_000001b356759cf0;  1 drivers
v000001b3566b8370_0 .net "irq", 0 0, L_000001b356757050;  alias, 1 drivers
v000001b3566b7d30_0 .net "rd_data_en", 0 0, L_000001b356759a50;  1 drivers
v000001b3566b8190_0 .net "rdata", 31 0, L_000001b3566d72b0;  alias, 1 drivers
v000001b3566b8050_0 .net "reg_sel", 1 0, L_000001b3566d7c10;  alias, 1 drivers
v000001b3566b8550_0 .net "rst", 0 0, v000001b3566eb030_0;  alias, 1 drivers
v000001b3566b94f0_0 .net "rx", 0 0, L_000001b3566d6270;  1 drivers
v000001b3566b8d70_0 .var "rx_baud", 15 0;
v000001b3566b98b0_0 .var "rx_bit", 2 0;
v000001b3566b87d0_0 .var "rx_cnt", 3 0;
v000001b3566b8af0_0 .net "rx_empty", 0 0, L_000001b3566d8390;  1 drivers
v000001b3566b7150_0 .net "rx_full", 0 0, L_000001b3566d7710;  1 drivers
v000001b3566b8ff0_0 .net "rx_head", 7 0, L_000001b3567568e0;  1 drivers
v000001b3566b80f0_0 .net "rx_push", 0 0, L_000001b3567573d0;  1 drivers
v000001b3566b8b90_0 .var "rx_rd", 2 0;
v000001b3566b7b50_0 .var "rx_s1", 0 0;
v000001b3566b8f50_0 .var "rx_s2", 0 0;
v000001b3566b9090_0 .var "rx_shift", 7 0;
v000001b3566b91d0_0 .var "rx_state", 1 0;
v000001b3566b8230_0 .var "rx_wr", 2 0;
v000001b3566b71f0 .array "rxbuf", 7 0, 7 0;
v000001b3566b9590_0 .net "status", 31 0, L_000001b3566d8930;  1 drivers
v000001b3566b7bf0_0 .net "tx", 0 0, v000001b3566b8c30_0;  1 drivers
v000001b3566b7c90_0 .var "tx_baud", 15 0;
v000001b3566b7dd0_0 .var "tx_bit", 2 0;
v000001b3566b85f0_0 .var "tx_cnt", 3 0;
v000001b3566b7e70_0 .net "tx_empty", 0 0, L_000001b3566d8610;  1 drivers
v000001b3566b7470_0 .net "tx_full", 0 0, L_000001b3566d70d0;  1 drivers
v000001b3566b7290_0 .net "tx_idle_empty", 0 0, L_000001b3567581d0;  1 drivers
v000001b3566b8c30_0 .var "tx_line", 0 0;
v000001b3566b93b0_0 .net "tx_pop", 0 0, L_000001b3567572f0;  1 drivers
v000001b3566b9270_0 .var "tx_rd", 2 0;
v000001b3566b9310_0 .var "tx_shift", 7 0;
v000001b3566b9630_0 .var "tx_state", 1 0;
v000001b3566b96d0_0 .var "tx_wr", 2 0;
v000001b3566b9810 .array "txbuf", 7 0, 7 0;
v000001b3566b8910_0 .net "wr_data", 7 0, L_000001b3566d63b0;  1 drivers
v000001b3566b7f10_0 .net "wr_en", 0 0, L_000001b356758390;  1 drivers
L_000001b3566d70d0 .cmp/eq 4, v000001b3566b85f0_0, L_000001b356700418;
L_000001b3566d8610 .cmp/eq 4, v000001b3566b85f0_0, L_000001b356700460;
L_000001b3566d7710 .cmp/eq 4, v000001b3566b87d0_0, L_000001b3567004a8;
L_000001b3566d8390 .cmp/eq 4, v000001b3566b87d0_0, L_000001b3567004f0;
L_000001b3566d78f0 .cmp/eq 2, v000001b3566b9630_0, L_000001b356700538;
L_000001b3566d7fd0 .reduce/nor L_000001b3566d8610;
L_000001b3566d87f0 .cmp/eq 2, v000001b3566b91d0_0, L_000001b356700580;
L_000001b3566d6950 .concat [ 16 16 0 0], v000001b3566b8d70_0, L_000001b3567005c8;
L_000001b3566d8750 .cmp/eq 32, L_000001b3566d6950, L_000001b356700610;
L_000001b3566d7cb0 .reduce/nor L_000001b3566d7710;
L_000001b3566d7e90 .array/port v000001b3566b71f0, L_000001b3566d7990;
L_000001b3566d7990 .concat [ 3 2 0 0], v000001b3566b8b90_0, L_000001b356700658;
L_000001b3566d86b0 .cmp/eq 2, v000001b3566b9630_0, L_000001b3567006a0;
L_000001b3566d81b0 .reduce/nor L_000001b3566d8390;
L_000001b3566d8070 .reduce/nor L_000001b3566d70d0;
LS_000001b3566d8930_0_0 .concat [ 1 1 1 1], L_000001b3566d8070, L_000001b3567581d0, L_000001b3566d81b0, L_000001b3566d7710;
LS_000001b3566d8930_0_4 .concat [ 28 0 0 0], L_000001b3567006e8;
L_000001b3566d8930 .concat [ 4 28 0 0], LS_000001b3566d8930_0_0, LS_000001b3566d8930_0_4;
L_000001b3566d8430 .concat [ 3 29 0 0], v000001b3566b9450_0, L_000001b356700730;
L_000001b3566d7490 .cmp/eq 2, L_000001b3566d7c10, L_000001b356700778;
L_000001b3566d6d10 .cmp/eq 2, L_000001b3566d7c10, L_000001b3567007c0;
L_000001b3566d89d0 .concat [ 8 24 0 0], L_000001b3567568e0, L_000001b356700808;
L_000001b3566d84d0 .functor MUXZ 32, L_000001b3566d89d0, L_000001b3566d8430, L_000001b3566d6d10, C4<>;
L_000001b3566d72b0 .functor MUXZ 32, L_000001b3566d84d0, L_000001b3566d8930, L_000001b3566d7490, C4<>;
L_000001b3566d6bd0 .part v000001b3566b9450_0, 0, 1;
L_000001b3566d6c70 .reduce/nor L_000001b3566d8390;
L_000001b3566d7350 .part v000001b3566b9450_0, 1, 1;
L_000001b3566d7530 .part v000001b3566b9450_0, 2, 1;
S_000001b3566bc250 .scope module, "uart1" "UART" 3 143, 9 22 0, S_000001b356684590;
 .timescale -9 -12;
    .port_info 0 /INPUT 1 "clk";
    .port_info 1 /INPUT 1 "rst";
    .port_info 2 /INPUT 1 "rx";
    .port_info 3 /OUTPUT 1 "tx";
    .port_info 4 /INPUT 1 "wr_en";
    .port_info 5 /INPUT 8 "wr_data";
    .port_info 6 /INPUT 1 "rd_data_en";
    .port_info 7 /INPUT 1 "ier_wr_en";
    .port_info 8 /INPUT 3 "ier_wr_data";
    .port_info 9 /INPUT 2 "reg_sel";
    .port_info 10 /OUTPUT 32 "rdata";
    .port_info 11 /OUTPUT 1 "irq";
P_000001b3566bd920 .param/l "CLKS_PER_BIT" 0 9 23, +C4<00000000000000000000000000001000>;
P_000001b3566bd958 .param/l "RX_DATA" 1 9 71, C4<10>;
P_000001b3566bd990 .param/l "RX_IDLE" 1 9 71, C4<00>;
P_000001b3566bd9c8 .param/l "RX_START" 1 9 71, C4<01>;
P_000001b3566bda00 .param/l "RX_STOP" 1 9 71, C4<11>;
P_000001b3566bda38 .param/l "TX_DATA" 1 9 62, C4<10>;
P_000001b3566bda70 .param/l "TX_IDLE" 1 9 62, C4<00>;
P_000001b3566bdaa8 .param/l "TX_START" 1 9 62, C4<01>;
P_000001b3566bdae0 .param/l "TX_STOP" 1 9 62, C4<11>;
L_000001b3567595f0 .functor AND 1, L_000001b35677f670, L_000001b35677f5d0, C4<1>, C4<1>;
L_000001b356759510 .functor AND 1, L_000001b35677f210, L_000001b356780070, C4<1>, C4<1>;
L_000001b356759f90 .functor AND 1, L_000001b356759510, L_000001b35677df50, C4<1>, C4<1>;
L_000001b3567593c0 .functor BUFZ 8, L_000001b35677f850, C4<00000000>, C4<00000000>, C4<00000000>;
L_000001b356758b00 .functor AND 1, L_000001b35677edb0, L_000001b35677dcd0, C4<1>, C4<1>;
L_000001b356759eb0 .functor AND 1, L_000001b35677f710, L_000001b35677eef0, C4<1>, C4<1>;
L_000001b356758cc0 .functor AND 1, L_000001b35677f490, L_000001b356758b00, C4<1>, C4<1>;
L_000001b356759580 .functor OR 1, L_000001b356759eb0, L_000001b356758cc0, C4<0>, C4<0>;
L_000001b356759c80 .functor AND 1, L_000001b35677f530, L_000001b35677f170, C4<1>, C4<1>;
L_000001b356759f20 .functor OR 1, L_000001b356759580, L_000001b356759c80, C4<0>, C4<0>;
L_000001b356700928 .functor BUFT 1, C4<1000>, C4<0>, C4<0>, C4<0>;
v000001b3566b8690_0 .net/2u *"_ivl_0", 3 0, L_000001b356700928;  1 drivers
v000001b3566b84b0_0 .net *"_ivl_100", 0 0, L_000001b356759c80;  1 drivers
L_000001b356700a00 .functor BUFT 1, C4<0000>, C4<0>, C4<0>, C4<0>;
v000001b3566b7650_0 .net/2u *"_ivl_12", 3 0, L_000001b356700a00;  1 drivers
L_000001b356700a48 .functor BUFT 1, C4<00>, C4<0>, C4<0>, C4<0>;
v000001b3566b9770_0 .net/2u *"_ivl_16", 1 0, L_000001b356700a48;  1 drivers
v000001b3566b76f0_0 .net *"_ivl_18", 0 0, L_000001b35677f670;  1 drivers
v000001b3566b7330_0 .net *"_ivl_21", 0 0, L_000001b35677f5d0;  1 drivers
L_000001b356700a90 .functor BUFT 1, C4<11>, C4<0>, C4<0>, C4<0>;
v000001b3566b7790_0 .net/2u *"_ivl_24", 1 0, L_000001b356700a90;  1 drivers
v000001b3566b7510_0 .net *"_ivl_26", 0 0, L_000001b35677f210;  1 drivers
v000001b3566b7fb0_0 .net *"_ivl_28", 31 0, L_000001b35677e270;  1 drivers
L_000001b356700ad8 .functor BUFT 1, C4<0000000000000000>, C4<0>, C4<0>, C4<0>;
v000001b3566b78d0_0 .net *"_ivl_31", 15 0, L_000001b356700ad8;  1 drivers
L_000001b356700b20 .functor BUFT 1, C4<00000000000000000000000000000111>, C4<0>, C4<0>, C4<0>;
v000001b3566b7970_0 .net/2u *"_ivl_32", 31 0, L_000001b356700b20;  1 drivers
v000001b3566b82d0_0 .net *"_ivl_34", 0 0, L_000001b356780070;  1 drivers
v000001b3566b8410_0 .net *"_ivl_37", 0 0, L_000001b356759510;  1 drivers
v000001b3566b8730_0 .net *"_ivl_39", 0 0, L_000001b35677df50;  1 drivers
L_000001b356700970 .functor BUFT 1, C4<0000>, C4<0>, C4<0>, C4<0>;
v000001b3566b9950_0 .net/2u *"_ivl_4", 3 0, L_000001b356700970;  1 drivers
v000001b3566ba170_0 .net *"_ivl_44", 7 0, L_000001b35677f850;  1 drivers
v000001b3566ba2b0_0 .net *"_ivl_46", 4 0, L_000001b35677ffd0;  1 drivers
L_000001b356700b68 .functor BUFT 1, C4<00>, C4<0>, C4<0>, C4<0>;
v000001b3566b9e50_0 .net *"_ivl_49", 1 0, L_000001b356700b68;  1 drivers
L_000001b356700bb0 .functor BUFT 1, C4<00>, C4<0>, C4<0>, C4<0>;
v000001b3566b9f90_0 .net/2u *"_ivl_52", 1 0, L_000001b356700bb0;  1 drivers
v000001b3566ba710_0 .net *"_ivl_54", 0 0, L_000001b35677dcd0;  1 drivers
L_000001b356700bf8 .functor BUFT 1, C4<0000000000000000000000000000>, C4<0>, C4<0>, C4<0>;
v000001b3566b9ef0_0 .net/2u *"_ivl_58", 27 0, L_000001b356700bf8;  1 drivers
v000001b3566ba7b0_0 .net *"_ivl_61", 0 0, L_000001b35677f3f0;  1 drivers
v000001b3566b9d10_0 .net *"_ivl_63", 0 0, L_000001b35677fe90;  1 drivers
L_000001b356700c40 .functor BUFT 1, C4<00000000000000000000000000000>, C4<0>, C4<0>, C4<0>;
v000001b3566b9db0_0 .net/2u *"_ivl_66", 28 0, L_000001b356700c40;  1 drivers
L_000001b356700c88 .functor BUFT 1, C4<01>, C4<0>, C4<0>, C4<0>;
v000001b3566ba5d0_0 .net/2u *"_ivl_70", 1 0, L_000001b356700c88;  1 drivers
v000001b3566ba030_0 .net *"_ivl_72", 0 0, L_000001b35677db90;  1 drivers
L_000001b356700cd0 .functor BUFT 1, C4<10>, C4<0>, C4<0>, C4<0>;
v000001b3566b99f0_0 .net/2u *"_ivl_74", 1 0, L_000001b356700cd0;  1 drivers
v000001b3566b9a90_0 .net *"_ivl_76", 0 0, L_000001b35677f350;  1 drivers
L_000001b356700d18 .functor BUFT 1, C4<000000000000000000000000>, C4<0>, C4<0>, C4<0>;
v000001b3566ba0d0_0 .net/2u *"_ivl_78", 23 0, L_000001b356700d18;  1 drivers
L_000001b3567009b8 .functor BUFT 1, C4<1000>, C4<0>, C4<0>, C4<0>;
v000001b3566ba490_0 .net/2u *"_ivl_8", 3 0, L_000001b3567009b8;  1 drivers
v000001b3566ba210_0 .net *"_ivl_80", 31 0, L_000001b35677ff30;  1 drivers
v000001b3566ba670_0 .net *"_ivl_82", 31 0, L_000001b35677ee50;  1 drivers
v000001b3566b9b30_0 .net *"_ivl_87", 0 0, L_000001b35677f710;  1 drivers
v000001b3566b9bd0_0 .net *"_ivl_89", 0 0, L_000001b35677eef0;  1 drivers
v000001b3566ba350_0 .net *"_ivl_90", 0 0, L_000001b356759eb0;  1 drivers
v000001b3566ba530_0 .net *"_ivl_93", 0 0, L_000001b35677f490;  1 drivers
v000001b3566b9c70_0 .net *"_ivl_94", 0 0, L_000001b356758cc0;  1 drivers
v000001b3566ba3f0_0 .net *"_ivl_96", 0 0, L_000001b356759580;  1 drivers
v000001b3566abd50_0 .net *"_ivl_99", 0 0, L_000001b35677f530;  1 drivers
v000001b3566ac7f0_0 .net "clk", 0 0, v000001b3566ec070_0;  alias, 1 drivers
v000001b3566ac930_0 .var "ier", 2 0;
v000001b3566ab2b0_0 .net "ier_word", 31 0, L_000001b35677dff0;  1 drivers
v000001b3566ac2f0_0 .net "ier_wr_data", 2 0, L_000001b35677eb30;  1 drivers
v000001b3566ab990_0 .net "ier_wr_en", 0 0, L_000001b35675a070;  1 drivers
v000001b3566ab850_0 .net "irq", 0 0, L_000001b356759f20;  alias, 1 drivers
v000001b3566ab670_0 .net "rd_data_en", 0 0, L_000001b356758d30;  1 drivers
v000001b3566abdf0_0 .net "rdata", 31 0, L_000001b35677f030;  alias, 1 drivers
v000001b3566ac570_0 .net "reg_sel", 1 0, L_000001b3566d7c10;  alias, 1 drivers
v000001b3566ad0b0_0 .net "rst", 0 0, v000001b3566eb030_0;  alias, 1 drivers
v000001b3566abe90_0 .net "rx", 0 0, L_000001b35677f2b0;  1 drivers
v000001b3566abfd0_0 .var "rx_baud", 15 0;
v000001b3566ac1b0_0 .var "rx_bit", 2 0;
v000001b3566aae50_0 .var "rx_cnt", 3 0;
v000001b3566abad0_0 .net "rx_empty", 0 0, L_000001b35677e450;  1 drivers
v000001b3566acc50_0 .net "rx_full", 0 0, L_000001b35677f170;  1 drivers
v000001b3566ab8f0_0 .net "rx_head", 7 0, L_000001b3567593c0;  1 drivers
v000001b3566abf30_0 .net "rx_push", 0 0, L_000001b356759f90;  1 drivers
v000001b3566acbb0_0 .var "rx_rd", 2 0;
v000001b3566accf0_0 .var "rx_s1", 0 0;
v000001b3566aad10_0 .var "rx_s2", 0 0;
v000001b3566aba30_0 .var "rx_shift", 7 0;
v000001b3566aa950_0 .var "rx_state", 1 0;
v000001b3566aabd0_0 .var "rx_wr", 2 0;
v000001b3566acd90 .array "rxbuf", 7 0, 7 0;
v000001b3566ac070_0 .net "status", 31 0, L_000001b35677e770;  1 drivers
v000001b3566aaa90_0 .net "tx", 0 0, v000001b3566ac390_0;  1 drivers
v000001b3566ac110_0 .var "tx_baud", 15 0;
v000001b3566ab350_0 .var "tx_bit", 2 0;
v000001b3566ab3f0_0 .var "tx_cnt", 3 0;
v000001b3566ac250_0 .net "tx_empty", 0 0, L_000001b35677edb0;  1 drivers
v000001b3566ace30_0 .net "tx_full", 0 0, L_000001b35677ec70;  1 drivers
v000001b3566ac4d0_0 .net "tx_idle_empty", 0 0, L_000001b356758b00;  1 drivers
v000001b3566ac390_0 .var "tx_line", 0 0;
v000001b3566aced0_0 .net "tx_pop", 0 0, L_000001b3567595f0;  1 drivers
v000001b3566ac430_0 .var "tx_rd", 2 0;
v000001b3566ac610_0 .var "tx_shift", 7 0;
v000001b3566ad010_0 .var "tx_state", 1 0;
v000001b3566aac70_0 .var "tx_wr", 2 0;
v000001b3566acf70 .array "txbuf", 7 0, 7 0;
v000001b3566ab530_0 .net "wr_data", 7 0, L_000001b35677dd70;  1 drivers
v000001b3566ac890_0 .net "wr_en", 0 0, L_000001b3567589b0;  1 drivers
L_000001b35677ec70 .cmp/eq 4, v000001b3566ab3f0_0, L_000001b356700928;
L_000001b35677edb0 .cmp/eq 4, v000001b3566ab3f0_0, L_000001b356700970;
L_000001b35677f170 .cmp/eq 4, v000001b3566aae50_0, L_000001b3567009b8;
L_000001b35677e450 .cmp/eq 4, v000001b3566aae50_0, L_000001b356700a00;
L_000001b35677f670 .cmp/eq 2, v000001b3566ad010_0, L_000001b356700a48;
L_000001b35677f5d0 .reduce/nor L_000001b35677edb0;
L_000001b35677f210 .cmp/eq 2, v000001b3566aa950_0, L_000001b356700a90;
L_000001b35677e270 .concat [ 16 16 0 0], v000001b3566abfd0_0, L_000001b356700ad8;
L_000001b356780070 .cmp/eq 32, L_000001b35677e270, L_000001b356700b20;
L_000001b35677df50 .reduce/nor L_000001b35677f170;
L_000001b35677f850 .array/port v000001b3566acd90, L_000001b35677ffd0;
L_000001b35677ffd0 .concat [ 3 2 0 0], v000001b3566acbb0_0, L_000001b356700b68;
L_000001b35677dcd0 .cmp/eq 2, v000001b3566ad010_0, L_000001b356700bb0;
L_000001b35677f3f0 .reduce/nor L_000001b35677e450;
L_000001b35677fe90 .reduce/nor L_000001b35677ec70;
LS_000001b35677e770_0_0 .concat [ 1 1 1 1], L_000001b35677fe90, L_000001b356758b00, L_000001b35677f3f0, L_000001b35677f170;
LS_000001b35677e770_0_4 .concat [ 28 0 0 0], L_000001b356700bf8;
L_000001b35677e770 .concat [ 4 28 0 0], LS_000001b35677e770_0_0, LS_000001b35677e770_0_4;
L_000001b35677dff0 .concat [ 3 29 0 0], v000001b3566ac930_0, L_000001b356700c40;
L_000001b35677db90 .cmp/eq 2, L_000001b3566d7c10, L_000001b356700c88;
L_000001b35677f350 .cmp/eq 2, L_000001b3566d7c10, L_000001b356700cd0;
L_000001b35677ff30 .concat [ 8 24 0 0], L_000001b3567593c0, L_000001b356700d18;
L_000001b35677ee50 .functor MUXZ 32, L_000001b35677ff30, L_000001b35677dff0, L_000001b35677f350, C4<>;
L_000001b35677f030 .functor MUXZ 32, L_000001b35677ee50, L_000001b35677e770, L_000001b35677db90, C4<>;
L_000001b35677f710 .part v000001b3566ac930_0, 0, 1;
L_000001b35677eef0 .reduce/nor L_000001b35677e450;
L_000001b35677f490 .part v000001b3566ac930_0, 1, 1;
L_000001b35677f530 .part v000001b3566ac930_0, 2, 1;
S_000001b3566bd510 .scope module, "uart2" "UART" 3 150, 9 22 0, S_000001b356684590;
 .timescale -9 -12;
    .port_info 0 /INPUT 1 "clk";
    .port_info 1 /INPUT 1 "rst";
    .port_info 2 /INPUT 1 "rx";
    .port_info 3 /OUTPUT 1 "tx";
    .port_info 4 /INPUT 1 "wr_en";
    .port_info 5 /INPUT 8 "wr_data";
    .port_info 6 /INPUT 1 "rd_data_en";
    .port_info 7 /INPUT 1 "ier_wr_en";
    .port_info 8 /INPUT 3 "ier_wr_data";
    .port_info 9 /INPUT 2 "reg_sel";
    .port_info 10 /OUTPUT 32 "rdata";
    .port_info 11 /OUTPUT 1 "irq";
P_000001b3566bdf40 .param/l "CLKS_PER_BIT" 0 9 23, +C4<00000000000000000000000000001000>;
P_000001b3566bdf78 .param/l "RX_DATA" 1 9 71, C4<10>;
P_000001b3566bdfb0 .param/l "RX_IDLE" 1 9 71, C4<00>;
P_000001b3566bdfe8 .param/l "RX_START" 1 9 71, C4<01>;
P_000001b3566be020 .param/l "RX_STOP" 1 9 71, C4<11>;
P_000001b3566be058 .param/l "TX_DATA" 1 9 62, C4<10>;
P_000001b3566be090 .param/l "TX_IDLE" 1 9 62, C4<00>;
P_000001b3566be0c8 .param/l "TX_START" 1 9 62, C4<01>;
P_000001b3566be100 .param/l "TX_STOP" 1 9 62, C4<11>;
L_000001b356759d60 .functor AND 1, L_000001b35677fa30, L_000001b35677fad0, C4<1>, C4<1>;
L_000001b356759120 .functor AND 1, L_000001b356780250, L_000001b35677e1d0, C4<1>, C4<1>;
L_000001b356759660 .functor AND 1, L_000001b356759120, L_000001b35677e310, C4<1>, C4<1>;
L_000001b356758940 .functor BUFZ 8, L_000001b35677fb70, C4<00000000>, C4<00000000>, C4<00000000>;
L_000001b3567584e0 .functor AND 1, L_000001b35677f8f0, L_000001b35677e4f0, C4<1>, C4<1>;
L_000001b356759b30 .functor AND 1, L_000001b35677f0d0, L_000001b35677e810, C4<1>, C4<1>;
L_000001b356758550 .functor AND 1, L_000001b35677e8b0, L_000001b3567584e0, C4<1>, C4<1>;
L_000001b356759900 .functor OR 1, L_000001b356759b30, L_000001b356758550, C4<0>, C4<0>;
L_000001b3567585c0 .functor AND 1, L_000001b3567801b0, L_000001b35677f990, C4<1>, C4<1>;
L_000001b356758630 .functor OR 1, L_000001b356759900, L_000001b3567585c0, C4<0>, C4<0>;
L_000001b356700e38 .functor BUFT 1, C4<1000>, C4<0>, C4<0>, C4<0>;
v000001b3566ac6b0_0 .net/2u *"_ivl_0", 3 0, L_000001b356700e38;  1 drivers
v000001b3566aa9f0_0 .net *"_ivl_100", 0 0, L_000001b3567585c0;  1 drivers
L_000001b356700f10 .functor BUFT 1, C4<0000>, C4<0>, C4<0>, C4<0>;
v000001b3566ac9d0_0 .net/2u *"_ivl_12", 3 0, L_000001b356700f10;  1 drivers
L_000001b356700f58 .functor BUFT 1, C4<00>, C4<0>, C4<0>, C4<0>;
v000001b3566abb70_0 .net/2u *"_ivl_16", 1 0, L_000001b356700f58;  1 drivers
v000001b3566ac750_0 .net *"_ivl_18", 0 0, L_000001b35677fa30;  1 drivers
v000001b3566ab490_0 .net *"_ivl_21", 0 0, L_000001b35677fad0;  1 drivers
L_000001b356700fa0 .functor BUFT 1, C4<11>, C4<0>, C4<0>, C4<0>;
v000001b3566aadb0_0 .net/2u *"_ivl_24", 1 0, L_000001b356700fa0;  1 drivers
v000001b3566ab5d0_0 .net *"_ivl_26", 0 0, L_000001b356780250;  1 drivers
v000001b3566aca70_0 .net *"_ivl_28", 31 0, L_000001b35677e3b0;  1 drivers
L_000001b356700fe8 .functor BUFT 1, C4<0000000000000000>, C4<0>, C4<0>, C4<0>;
v000001b3566aab30_0 .net *"_ivl_31", 15 0, L_000001b356700fe8;  1 drivers
L_000001b356701030 .functor BUFT 1, C4<00000000000000000000000000000111>, C4<0>, C4<0>, C4<0>;
v000001b3566acb10_0 .net/2u *"_ivl_32", 31 0, L_000001b356701030;  1 drivers
v000001b3566aaef0_0 .net *"_ivl_34", 0 0, L_000001b35677e1d0;  1 drivers
v000001b3566ab210_0 .net *"_ivl_37", 0 0, L_000001b356759120;  1 drivers
v000001b3566aaf90_0 .net *"_ivl_39", 0 0, L_000001b35677e310;  1 drivers
L_000001b356700e80 .functor BUFT 1, C4<0000>, C4<0>, C4<0>, C4<0>;
v000001b3566ab030_0 .net/2u *"_ivl_4", 3 0, L_000001b356700e80;  1 drivers
v000001b3566ab0d0_0 .net *"_ivl_44", 7 0, L_000001b35677fb70;  1 drivers
v000001b3566ab170_0 .net *"_ivl_46", 4 0, L_000001b35677e590;  1 drivers
L_000001b356701078 .functor BUFT 1, C4<00>, C4<0>, C4<0>, C4<0>;
v000001b3566ab710_0 .net *"_ivl_49", 1 0, L_000001b356701078;  1 drivers
L_000001b3567010c0 .functor BUFT 1, C4<00>, C4<0>, C4<0>, C4<0>;
v000001b3566ab7b0_0 .net/2u *"_ivl_52", 1 0, L_000001b3567010c0;  1 drivers
v000001b3566abc10_0 .net *"_ivl_54", 0 0, L_000001b35677e4f0;  1 drivers
L_000001b356701108 .functor BUFT 1, C4<0000000000000000000000000000>, C4<0>, C4<0>, C4<0>;
v000001b3566abcb0_0 .net/2u *"_ivl_58", 27 0, L_000001b356701108;  1 drivers
v000001b3566bf760_0 .net *"_ivl_61", 0 0, L_000001b35677e630;  1 drivers
v000001b3566bfd00_0 .net *"_ivl_63", 0 0, L_000001b35677ebd0;  1 drivers
L_000001b356701150 .functor BUFT 1, C4<00000000000000000000000000000>, C4<0>, C4<0>, C4<0>;
v000001b3566bfee0_0 .net/2u *"_ivl_66", 28 0, L_000001b356701150;  1 drivers
L_000001b356701198 .functor BUFT 1, C4<01>, C4<0>, C4<0>, C4<0>;
v000001b3566bff80_0 .net/2u *"_ivl_70", 1 0, L_000001b356701198;  1 drivers
v000001b3566bf620_0 .net *"_ivl_72", 0 0, L_000001b35677de10;  1 drivers
L_000001b3567011e0 .functor BUFT 1, C4<10>, C4<0>, C4<0>, C4<0>;
v000001b3566bf4e0_0 .net/2u *"_ivl_74", 1 0, L_000001b3567011e0;  1 drivers
v000001b3566bf3a0_0 .net *"_ivl_76", 0 0, L_000001b35677ef90;  1 drivers
L_000001b356701228 .functor BUFT 1, C4<000000000000000000000000>, C4<0>, C4<0>, C4<0>;
v000001b3566c0980_0 .net/2u *"_ivl_78", 23 0, L_000001b356701228;  1 drivers
L_000001b356700ec8 .functor BUFT 1, C4<1000>, C4<0>, C4<0>, C4<0>;
v000001b3566bfda0_0 .net/2u *"_ivl_8", 3 0, L_000001b356700ec8;  1 drivers
v000001b3566bf9e0_0 .net *"_ivl_80", 31 0, L_000001b35677deb0;  1 drivers
v000001b3566c0a20_0 .net *"_ivl_82", 31 0, L_000001b35677e6d0;  1 drivers
v000001b3566bf1c0_0 .net *"_ivl_87", 0 0, L_000001b35677f0d0;  1 drivers
v000001b3566c0480_0 .net *"_ivl_89", 0 0, L_000001b35677e810;  1 drivers
v000001b3566bf800_0 .net *"_ivl_90", 0 0, L_000001b356759b30;  1 drivers
v000001b3566c0020_0 .net *"_ivl_93", 0 0, L_000001b35677e8b0;  1 drivers
v000001b3566beea0_0 .net *"_ivl_94", 0 0, L_000001b356758550;  1 drivers
v000001b3566c0840_0 .net *"_ivl_96", 0 0, L_000001b356759900;  1 drivers
v000001b3566c08e0_0 .net *"_ivl_99", 0 0, L_000001b3567801b0;  1 drivers
v000001b3566c05c0_0 .net "clk", 0 0, v000001b3566ec070_0;  alias, 1 drivers
v000001b3566bf580_0 .var "ier", 2 0;
v000001b3566c0d40_0 .net "ier_word", 31 0, L_000001b35677ed10;  1 drivers
v000001b3566be860_0 .net "ier_wr_data", 2 0, L_000001b35677fdf0;  1 drivers
v000001b3566c0ac0_0 .net "ier_wr_en", 0 0, L_000001b356758e10;  1 drivers
v000001b3566bfa80_0 .net "irq", 0 0, L_000001b356758630;  alias, 1 drivers
v000001b3566bf080_0 .net "rd_data_en", 0 0, L_000001b356758da0;  1 drivers
v000001b3566c03e0_0 .net "rdata", 31 0, L_000001b35677dc30;  alias, 1 drivers
v000001b3566c00c0_0 .net "reg_sel", 1 0, L_000001b3566d7c10;  alias, 1 drivers
v000001b3566be900_0 .net "rst", 0 0, v000001b3566eb030_0;  alias, 1 drivers
v000001b3566bf120_0 .net "rx", 0 0, L_000001b35677e950;  1 drivers
v000001b3566bfe40_0 .var "rx_baud", 15 0;
v000001b3566c0b60_0 .var "rx_bit", 2 0;
v000001b3566c0340_0 .var "rx_cnt", 3 0;
v000001b3566c0c00_0 .net "rx_empty", 0 0, L_000001b35677e130;  1 drivers
v000001b3566c0160_0 .net "rx_full", 0 0, L_000001b35677f990;  1 drivers
v000001b3566be5e0_0 .net "rx_head", 7 0, L_000001b356758940;  1 drivers
v000001b3566c07a0_0 .net "rx_push", 0 0, L_000001b356759660;  1 drivers
v000001b3566bf260_0 .var "rx_rd", 2 0;
v000001b3566bfc60_0 .var "rx_s1", 0 0;
v000001b3566c0ca0_0 .var "rx_s2", 0 0;
v000001b3566bf300_0 .var "rx_shift", 7 0;
v000001b3566c0520_0 .var "rx_state", 1 0;
v000001b3566be680_0 .var "rx_wr", 2 0;
v000001b3566be720 .array "rxbuf", 7 0, 7 0;
v000001b3566bf8a0_0 .net "status", 31 0, L_000001b35677fc10;  1 drivers
v000001b3566c0200_0 .net "tx", 0 0, v000001b3566c0660_0;  1 drivers
v000001b3566bf6c0_0 .var "tx_baud", 15 0;
v000001b3566bf440_0 .var "tx_bit", 2 0;
v000001b3566bee00_0 .var "tx_cnt", 3 0;
v000001b3566bf940_0 .net "tx_empty", 0 0, L_000001b35677f8f0;  1 drivers
v000001b3566bfb20_0 .net "tx_full", 0 0, L_000001b35677e9f0;  1 drivers
v000001b3566c02a0_0 .net "tx_idle_empty", 0 0, L_000001b3567584e0;  1 drivers
v000001b3566c0660_0 .var "tx_line", 0 0;
v000001b3566be9a0_0 .net "tx_pop", 0 0, L_000001b356759d60;  1 drivers
v000001b3566c0700_0 .var "tx_rd", 2 0;
v000001b3566bfbc0_0 .var "tx_shift", 7 0;
v000001b3566be7c0_0 .var "tx_state", 1 0;
v000001b3566bea40_0 .var "tx_wr", 2 0;
v000001b3566beae0 .array "txbuf", 7 0, 7 0;
v000001b3566beb80_0 .net "wr_data", 7 0, L_000001b35677daf0;  1 drivers
v000001b3566bec20_0 .net "wr_en", 0 0, L_000001b356759890;  1 drivers
L_000001b35677e9f0 .cmp/eq 4, v000001b3566bee00_0, L_000001b356700e38;
L_000001b35677f8f0 .cmp/eq 4, v000001b3566bee00_0, L_000001b356700e80;
L_000001b35677f990 .cmp/eq 4, v000001b3566c0340_0, L_000001b356700ec8;
L_000001b35677e130 .cmp/eq 4, v000001b3566c0340_0, L_000001b356700f10;
L_000001b35677fa30 .cmp/eq 2, v000001b3566be7c0_0, L_000001b356700f58;
L_000001b35677fad0 .reduce/nor L_000001b35677f8f0;
L_000001b356780250 .cmp/eq 2, v000001b3566c0520_0, L_000001b356700fa0;
L_000001b35677e3b0 .concat [ 16 16 0 0], v000001b3566bfe40_0, L_000001b356700fe8;
L_000001b35677e1d0 .cmp/eq 32, L_000001b35677e3b0, L_000001b356701030;
L_000001b35677e310 .reduce/nor L_000001b35677f990;
L_000001b35677fb70 .array/port v000001b3566be720, L_000001b35677e590;
L_000001b35677e590 .concat [ 3 2 0 0], v000001b3566bf260_0, L_000001b356701078;
L_000001b35677e4f0 .cmp/eq 2, v000001b3566be7c0_0, L_000001b3567010c0;
L_000001b35677e630 .reduce/nor L_000001b35677e130;
L_000001b35677ebd0 .reduce/nor L_000001b35677e9f0;
LS_000001b35677fc10_0_0 .concat [ 1 1 1 1], L_000001b35677ebd0, L_000001b3567584e0, L_000001b35677e630, L_000001b35677f990;
LS_000001b35677fc10_0_4 .concat [ 28 0 0 0], L_000001b356701108;
L_000001b35677fc10 .concat [ 4 28 0 0], LS_000001b35677fc10_0_0, LS_000001b35677fc10_0_4;
L_000001b35677ed10 .concat [ 3 29 0 0], v000001b3566bf580_0, L_000001b356701150;
L_000001b35677de10 .cmp/eq 2, L_000001b3566d7c10, L_000001b356701198;
L_000001b35677ef90 .cmp/eq 2, L_000001b3566d7c10, L_000001b3567011e0;
L_000001b35677deb0 .concat [ 8 24 0 0], L_000001b356758940, L_000001b356701228;
L_000001b35677e6d0 .functor MUXZ 32, L_000001b35677deb0, L_000001b35677ed10, L_000001b35677ef90, C4<>;
L_000001b35677dc30 .functor MUXZ 32, L_000001b35677e6d0, L_000001b35677fc10, L_000001b35677de10, C4<>;
L_000001b35677f0d0 .part v000001b3566bf580_0, 0, 1;
L_000001b35677e810 .reduce/nor L_000001b35677e130;
L_000001b35677e8b0 .part v000001b3566bf580_0, 1, 1;
L_000001b3567801b0 .part v000001b3566bf580_0, 2, 1;
S_000001b3566bd380 .scope module, "uart3" "UART" 3 157, 9 22 0, S_000001b356684590;
 .timescale -9 -12;
    .port_info 0 /INPUT 1 "clk";
    .port_info 1 /INPUT 1 "rst";
    .port_info 2 /INPUT 1 "rx";
    .port_info 3 /OUTPUT 1 "tx";
    .port_info 4 /INPUT 1 "wr_en";
    .port_info 5 /INPUT 8 "wr_data";
    .port_info 6 /INPUT 1 "rd_data_en";
    .port_info 7 /INPUT 1 "ier_wr_en";
    .port_info 8 /INPUT 3 "ier_wr_data";
    .port_info 9 /INPUT 2 "reg_sel";
    .port_info 10 /OUTPUT 32 "rdata";
    .port_info 11 /OUTPUT 1 "irq";
P_000001b3566ce970 .param/l "CLKS_PER_BIT" 0 9 23, +C4<00000000000000000000000000001000>;
P_000001b3566ce9a8 .param/l "RX_DATA" 1 9 71, C4<10>;
P_000001b3566ce9e0 .param/l "RX_IDLE" 1 9 71, C4<00>;
P_000001b3566cea18 .param/l "RX_START" 1 9 71, C4<01>;
P_000001b3566cea50 .param/l "RX_STOP" 1 9 71, C4<11>;
P_000001b3566cea88 .param/l "TX_DATA" 1 9 62, C4<10>;
P_000001b3566ceac0 .param/l "TX_IDLE" 1 9 62, C4<00>;
P_000001b3566ceaf8 .param/l "TX_START" 1 9 62, C4<01>;
P_000001b3566ceb30 .param/l "TX_STOP" 1 9 62, C4<11>;
L_000001b3567587f0 .functor AND 1, L_000001b356780e30, L_000001b356781a10, C4<1>, C4<1>;
L_000001b356759740 .functor AND 1, L_000001b356781d30, L_000001b356781ab0, C4<1>, C4<1>;
L_000001b356759350 .functor AND 1, L_000001b356759740, L_000001b3567811f0, C4<1>, C4<1>;
L_000001b3567586a0 .functor BUFZ 8, L_000001b356781b50, C4<00000000>, C4<00000000>, C4<00000000>;
L_000001b356758f60 .functor AND 1, L_000001b356780d90, L_000001b3567825f0, C4<1>, C4<1>;
L_000001b356758710 .functor AND 1, L_000001b356780890, L_000001b356781c90, C4<1>, C4<1>;
L_000001b356758be0 .functor AND 1, L_000001b3567809d0, L_000001b356758f60, C4<1>, C4<1>;
L_000001b356759430 .functor OR 1, L_000001b356758710, L_000001b356758be0, C4<0>, C4<0>;
L_000001b356758780 .functor AND 1, L_000001b3567829b0, L_000001b3567810b0, C4<1>, C4<1>;
L_000001b356759ba0 .functor OR 1, L_000001b356759430, L_000001b356758780, C4<0>, C4<0>;
L_000001b356701348 .functor BUFT 1, C4<1000>, C4<0>, C4<0>, C4<0>;
v000001b3566becc0_0 .net/2u *"_ivl_0", 3 0, L_000001b356701348;  1 drivers
v000001b3566bed60_0 .net *"_ivl_100", 0 0, L_000001b356758780;  1 drivers
L_000001b356701420 .functor BUFT 1, C4<0000>, C4<0>, C4<0>, C4<0>;
v000001b3566bef40_0 .net/2u *"_ivl_12", 3 0, L_000001b356701420;  1 drivers
L_000001b356701468 .functor BUFT 1, C4<00>, C4<0>, C4<0>, C4<0>;
v000001b3566befe0_0 .net/2u *"_ivl_16", 1 0, L_000001b356701468;  1 drivers
v000001b3566c0f20_0 .net *"_ivl_18", 0 0, L_000001b356780e30;  1 drivers
v000001b3566c1420_0 .net *"_ivl_21", 0 0, L_000001b356781a10;  1 drivers
L_000001b3567014b0 .functor BUFT 1, C4<11>, C4<0>, C4<0>, C4<0>;
v000001b3566c1740_0 .net/2u *"_ivl_24", 1 0, L_000001b3567014b0;  1 drivers
v000001b3566c1880_0 .net *"_ivl_26", 0 0, L_000001b356781d30;  1 drivers
v000001b3566c2640_0 .net *"_ivl_28", 31 0, L_000001b356781fb0;  1 drivers
L_000001b3567014f8 .functor BUFT 1, C4<0000000000000000>, C4<0>, C4<0>, C4<0>;
v000001b3566c2dc0_0 .net *"_ivl_31", 15 0, L_000001b3567014f8;  1 drivers
L_000001b356701540 .functor BUFT 1, C4<00000000000000000000000000000111>, C4<0>, C4<0>, C4<0>;
v000001b3566c2500_0 .net/2u *"_ivl_32", 31 0, L_000001b356701540;  1 drivers
v000001b3566c28c0_0 .net *"_ivl_34", 0 0, L_000001b356781ab0;  1 drivers
v000001b3566c2e60_0 .net *"_ivl_37", 0 0, L_000001b356759740;  1 drivers
v000001b3566c2820_0 .net *"_ivl_39", 0 0, L_000001b3567811f0;  1 drivers
L_000001b356701390 .functor BUFT 1, C4<0000>, C4<0>, C4<0>, C4<0>;
v000001b3566c2fa0_0 .net/2u *"_ivl_4", 3 0, L_000001b356701390;  1 drivers
v000001b3566c25a0_0 .net *"_ivl_44", 7 0, L_000001b356781b50;  1 drivers
v000001b3566c1920_0 .net *"_ivl_46", 4 0, L_000001b356782190;  1 drivers
L_000001b356701588 .functor BUFT 1, C4<00>, C4<0>, C4<0>, C4<0>;
v000001b3566c1560_0 .net *"_ivl_49", 1 0, L_000001b356701588;  1 drivers
L_000001b3567015d0 .functor BUFT 1, C4<00>, C4<0>, C4<0>, C4<0>;
v000001b3566c14c0_0 .net/2u *"_ivl_52", 1 0, L_000001b3567015d0;  1 drivers
v000001b3566c26e0_0 .net *"_ivl_54", 0 0, L_000001b3567825f0;  1 drivers
L_000001b356701618 .functor BUFT 1, C4<0000000000000000000000000000>, C4<0>, C4<0>, C4<0>;
v000001b3566c3360_0 .net/2u *"_ivl_58", 27 0, L_000001b356701618;  1 drivers
v000001b3566c1a60_0 .net *"_ivl_61", 0 0, L_000001b356782870;  1 drivers
v000001b3566c2780_0 .net *"_ivl_63", 0 0, L_000001b356781830;  1 drivers
L_000001b356701660 .functor BUFT 1, C4<00000000000000000000000000000>, C4<0>, C4<0>, C4<0>;
v000001b3566c1ce0_0 .net/2u *"_ivl_66", 28 0, L_000001b356701660;  1 drivers
L_000001b3567016a8 .functor BUFT 1, C4<01>, C4<0>, C4<0>, C4<0>;
v000001b3566c19c0_0 .net/2u *"_ivl_70", 1 0, L_000001b3567016a8;  1 drivers
v000001b3566c1600_0 .net *"_ivl_72", 0 0, L_000001b3567820f0;  1 drivers
L_000001b3567016f0 .functor BUFT 1, C4<10>, C4<0>, C4<0>, C4<0>;
v000001b3566c3400_0 .net/2u *"_ivl_74", 1 0, L_000001b3567016f0;  1 drivers
v000001b3566c2280_0 .net *"_ivl_76", 0 0, L_000001b356781bf0;  1 drivers
L_000001b356701738 .functor BUFT 1, C4<000000000000000000000000>, C4<0>, C4<0>, C4<0>;
v000001b3566c2960_0 .net/2u *"_ivl_78", 23 0, L_000001b356701738;  1 drivers
L_000001b3567013d8 .functor BUFT 1, C4<1000>, C4<0>, C4<0>, C4<0>;
v000001b3566c0fc0_0 .net/2u *"_ivl_8", 3 0, L_000001b3567013d8;  1 drivers
v000001b3566c2b40_0 .net *"_ivl_80", 31 0, L_000001b356782370;  1 drivers
v000001b3566c1f60_0 .net *"_ivl_82", 31 0, L_000001b356780ed0;  1 drivers
v000001b3566c2a00_0 .net *"_ivl_87", 0 0, L_000001b356780890;  1 drivers
v000001b3566c2000_0 .net *"_ivl_89", 0 0, L_000001b356781c90;  1 drivers
v000001b3566c2320_0 .net *"_ivl_90", 0 0, L_000001b356758710;  1 drivers
v000001b3566c1b00_0 .net *"_ivl_93", 0 0, L_000001b3567809d0;  1 drivers
v000001b3566c1060_0 .net *"_ivl_94", 0 0, L_000001b356758be0;  1 drivers
v000001b3566c11a0_0 .net *"_ivl_96", 0 0, L_000001b356759430;  1 drivers
v000001b3566c2f00_0 .net *"_ivl_99", 0 0, L_000001b3567829b0;  1 drivers
v000001b3566c1240_0 .net "clk", 0 0, v000001b3566ec070_0;  alias, 1 drivers
v000001b3566c3180_0 .var "ier", 2 0;
v000001b3566c34a0_0 .net "ier_word", 31 0, L_000001b356780c50;  1 drivers
v000001b3566c0e80_0 .net "ier_wr_data", 2 0, L_000001b356780390;  1 drivers
v000001b3566c1ba0_0 .net "ier_wr_en", 0 0, L_000001b356758860;  1 drivers
v000001b3566c1ec0_0 .net "irq", 0 0, L_000001b356759ba0;  alias, 1 drivers
v000001b3566c2460_0 .net "rd_data_en", 0 0, L_000001b3567590b0;  1 drivers
v000001b3566c1c40_0 .net "rdata", 31 0, L_000001b356780930;  alias, 1 drivers
v000001b3566c12e0_0 .net "reg_sel", 1 0, L_000001b3566d7c10;  alias, 1 drivers
v000001b3566c32c0_0 .net "rst", 0 0, v000001b3566eb030_0;  alias, 1 drivers
v000001b3566c20a0_0 .net "rx", 0 0, L_000001b356780610;  1 drivers
v000001b3566c1100_0 .var "rx_baud", 15 0;
v000001b3566c1d80_0 .var "rx_bit", 2 0;
v000001b3566c1e20_0 .var "rx_cnt", 3 0;
v000001b3566c2aa0_0 .net "rx_empty", 0 0, L_000001b356782a50;  1 drivers
v000001b3566c3540_0 .net "rx_full", 0 0, L_000001b3567810b0;  1 drivers
v000001b3566c3220_0 .net "rx_head", 7 0, L_000001b3567586a0;  1 drivers
v000001b3566c0de0_0 .net "rx_push", 0 0, L_000001b356759350;  1 drivers
v000001b3566c1380_0 .var "rx_rd", 2 0;
v000001b3566c2140_0 .var "rx_s1", 0 0;
v000001b3566c16a0_0 .var "rx_s2", 0 0;
v000001b3566c17e0_0 .var "rx_shift", 7 0;
v000001b3566c21e0_0 .var "rx_state", 1 0;
v000001b3566c3040_0 .var "rx_wr", 2 0;
v000001b3566c30e0 .array "rxbuf", 7 0, 7 0;
v000001b3566c23c0_0 .net "status", 31 0, L_000001b356782050;  1 drivers
v000001b3566c2be0_0 .net "tx", 0 0, v000001b3566c4260_0;  1 drivers
v000001b3566c2c80_0 .var "tx_baud", 15 0;
v000001b3566c2d20_0 .var "tx_bit", 2 0;
v000001b3566c52a0_0 .var "tx_cnt", 3 0;
v000001b3566c5b60_0 .net "tx_empty", 0 0, L_000001b356780d90;  1 drivers
v000001b3566c3a40_0 .net "tx_full", 0 0, L_000001b356781290;  1 drivers
v000001b3566c4f80_0 .net "tx_idle_empty", 0 0, L_000001b356758f60;  1 drivers
v000001b3566c4260_0 .var "tx_line", 0 0;
v000001b3566c4e40_0 .net "tx_pop", 0 0, L_000001b3567587f0;  1 drivers
v000001b3566c3860_0 .var "tx_rd", 2 0;
v000001b3566c5ac0_0 .var "tx_shift", 7 0;
v000001b3566c4120_0 .var "tx_state", 1 0;
v000001b3566c4300_0 .var "tx_wr", 2 0;
v000001b3566c4d00 .array "txbuf", 7 0, 7 0;
v000001b3566c4ee0_0 .net "wr_data", 7 0, L_000001b356782690;  1 drivers
v000001b3566c5020_0 .net "wr_en", 0 0, L_000001b356759dd0;  1 drivers
L_000001b356781290 .cmp/eq 4, v000001b3566c52a0_0, L_000001b356701348;
L_000001b356780d90 .cmp/eq 4, v000001b3566c52a0_0, L_000001b356701390;
L_000001b3567810b0 .cmp/eq 4, v000001b3566c1e20_0, L_000001b3567013d8;
L_000001b356782a50 .cmp/eq 4, v000001b3566c1e20_0, L_000001b356701420;
L_000001b356780e30 .cmp/eq 2, v000001b3566c4120_0, L_000001b356701468;
L_000001b356781a10 .reduce/nor L_000001b356780d90;
L_000001b356781d30 .cmp/eq 2, v000001b3566c21e0_0, L_000001b3567014b0;
L_000001b356781fb0 .concat [ 16 16 0 0], v000001b3566c1100_0, L_000001b3567014f8;
L_000001b356781ab0 .cmp/eq 32, L_000001b356781fb0, L_000001b356701540;
L_000001b3567811f0 .reduce/nor L_000001b3567810b0;
L_000001b356781b50 .array/port v000001b3566c30e0, L_000001b356782190;
L_000001b356782190 .concat [ 3 2 0 0], v000001b3566c1380_0, L_000001b356701588;
L_000001b3567825f0 .cmp/eq 2, v000001b3566c4120_0, L_000001b3567015d0;
L_000001b356782870 .reduce/nor L_000001b356782a50;
L_000001b356781830 .reduce/nor L_000001b356781290;
LS_000001b356782050_0_0 .concat [ 1 1 1 1], L_000001b356781830, L_000001b356758f60, L_000001b356782870, L_000001b3567810b0;
LS_000001b356782050_0_4 .concat [ 28 0 0 0], L_000001b356701618;
L_000001b356782050 .concat [ 4 28 0 0], LS_000001b356782050_0_0, LS_000001b356782050_0_4;
L_000001b356780c50 .concat [ 3 29 0 0], v000001b3566c3180_0, L_000001b356701660;
L_000001b3567820f0 .cmp/eq 2, L_000001b3566d7c10, L_000001b3567016a8;
L_000001b356781bf0 .cmp/eq 2, L_000001b3566d7c10, L_000001b3567016f0;
L_000001b356782370 .concat [ 8 24 0 0], L_000001b3567586a0, L_000001b356701738;
L_000001b356780ed0 .functor MUXZ 32, L_000001b356782370, L_000001b356780c50, L_000001b356781bf0, C4<>;
L_000001b356780930 .functor MUXZ 32, L_000001b356780ed0, L_000001b356782050, L_000001b3567820f0, C4<>;
L_000001b356780890 .part v000001b3566c3180_0, 0, 1;
L_000001b356781c90 .reduce/nor L_000001b356782a50;
L_000001b3567809d0 .part v000001b3566c3180_0, 1, 1;
L_000001b3567829b0 .part v000001b3566c3180_0, 2, 1;
S_000001b3566bc890 .scope module, "dut_tx" "TopLayer" 2 31, 3 44 0, S_000001b356610440;
 .timescale -9 -12;
    .port_info 0 /INPUT 1 "clk";
    .port_info 1 /INPUT 1 "rst";
    .port_info 2 /INPUT 1 "irq_external";
    .port_info 3 /INPUT 32 "gpio_in";
    .port_info 4 /OUTPUT 32 "gpio_out";
    .port_info 5 /INPUT 4 "uart_rx";
    .port_info 6 /OUTPUT 4 "uart_tx";
P_000001b3566bd060 .param/l "CLINT_MSIP" 1 3 56, C4<110000>;
P_000001b3566bd098 .param/l "CLINT_MTIMECMPH" 1 3 58, C4<110010>;
P_000001b3566bd0d0 .param/l "CLINT_MTIMECMPL" 1 3 57, C4<110001>;
P_000001b3566bd108 .param/l "CLINT_MTIMEH" 1 3 60, C4<110100>;
P_000001b3566bd140 .param/l "CLINT_MTIMEL" 1 3 59, C4<110011>;
P_000001b3566bd178 .param/l "CLKS_PER_BIT" 0 3 45, +C4<00000000000000000000000000001000>;
P_000001b3566bd1b0 .param/l "IRQ_SOURCE_SLOT" 1 3 61, C4<101000>;
L_000001b3566ffbf0 .functor BUFT 1, C4<0>, C4<0>, C4<0>, C4<0>;
L_000001b35656b100 .functor OR 1, L_000001b3566ffbf0, L_000001b3566ed8d0, C4<0>, C4<0>;
L_000001b35656b720 .functor OR 1, L_000001b35656b100, L_000001b3563f5c90, C4<0>, C4<0>;
L_000001b35656b790 .functor OR 1, L_000001b35656b720, L_000001b3564c2ed0, C4<0>, C4<0>;
L_000001b35656a5a0 .functor OR 1, L_000001b35656b790, L_000001b356344d60, C4<0>, C4<0>;
L_000001b35656b870 .functor OR 1, L_000001b35656a5a0, L_000001b3563024a0, C4<0>, C4<0>;
L_000001b35656bb10 .functor AND 1, L_000001b3566eed70, L_000001b3566eecd0, C4<1>, C4<1>;
L_000001b35656bd40 .functor AND 1, L_000001b3566ed0b0, L_000001b3566edd30, C4<1>, C4<1>;
L_000001b35656be20 .functor AND 1, L_000001b35656bb10, L_000001b3566ed790, C4<1>, C4<1>;
L_000001b3563f62b0 .functor AND 1, L_000001b35656bb10, L_000001b3566ef9f0, C4<1>, C4<1>;
L_000001b3563f5de0 .functor AND 1, L_000001b35656bd40, L_000001b3566ef770, C4<1>, C4<1>;
L_000001b3563f6320 .functor AND 1, L_000001b35656bb10, L_000001b3566f0fd0, C4<1>, C4<1>;
L_000001b3564c2680 .functor AND 1, L_000001b35656bb10, L_000001b3566f08f0, C4<1>, C4<1>;
L_000001b3564c1ff0 .functor AND 1, L_000001b35656bd40, L_000001b3566f0ad0, C4<1>, C4<1>;
L_000001b3564c36b0 .functor AND 1, L_000001b35656bb10, L_000001b3566f02b0, C4<1>, C4<1>;
L_000001b356344dd0 .functor AND 1, L_000001b35656bb10, L_000001b3566f2010, C4<1>, C4<1>;
L_000001b35639fd40 .functor AND 1, L_000001b35656bd40, L_000001b3566f3230, C4<1>, C4<1>;
L_000001b3563a0600 .functor AND 1, L_000001b35656bb10, L_000001b3566f3370, C4<1>, C4<1>;
L_000001b356302200 .functor AND 1, L_000001b35656bb10, L_000001b3566d5eb0, C4<1>, C4<1>;
L_000001b356302580 .functor AND 1, L_000001b35656bd40, L_000001b3566d54b0, C4<1>, C4<1>;
L_000001b35610c340 .functor AND 1, L_000001b35656bb10, L_000001b3566d5d70, C4<1>, C4<1>;
v000001b3566e6a30_0 .net *"_ivl_0", 0 0, L_000001b35656b100;  1 drivers
L_000001b3566ff140 .functor BUFT 1, C4<010110>, C4<0>, C4<0>, C4<0>;
v000001b3566e6ad0_0 .net/2u *"_ivl_102", 5 0, L_000001b3566ff140;  1 drivers
v000001b3566e6170_0 .net *"_ivl_104", 0 0, L_000001b3566f02b0;  1 drivers
v000001b3566e6210_0 .net *"_ivl_11", 23 0, L_000001b3566ee690;  1 drivers
L_000001b3566ff5c0 .functor BUFT 1, C4<011000>, C4<0>, C4<0>, C4<0>;
v000001b3566e62b0_0 .net/2u *"_ivl_114", 5 0, L_000001b3566ff5c0;  1 drivers
v000001b3566e8470_0 .net *"_ivl_116", 0 0, L_000001b3566f2010;  1 drivers
L_000001b3566fe528 .functor BUFT 1, C4<111111111111111111111111>, C4<0>, C4<0>, C4<0>;
v000001b3566e7ed0_0 .net/2u *"_ivl_12", 23 0, L_000001b3566fe528;  1 drivers
L_000001b3566ff608 .functor BUFT 1, C4<011000>, C4<0>, C4<0>, C4<0>;
v000001b3566e9d70_0 .net/2u *"_ivl_122", 5 0, L_000001b3566ff608;  1 drivers
v000001b3566e9190_0 .net *"_ivl_124", 0 0, L_000001b3566f3230;  1 drivers
L_000001b3566ff650 .functor BUFT 1, C4<011010>, C4<0>, C4<0>, C4<0>;
v000001b3566e9230_0 .net/2u *"_ivl_128", 5 0, L_000001b3566ff650;  1 drivers
v000001b3566e9410_0 .net *"_ivl_130", 0 0, L_000001b3566f3370;  1 drivers
L_000001b3566ffad0 .functor BUFT 1, C4<011100>, C4<0>, C4<0>, C4<0>;
v000001b3566e86f0_0 .net/2u *"_ivl_141", 5 0, L_000001b3566ffad0;  1 drivers
v000001b3566e94b0_0 .net *"_ivl_143", 0 0, L_000001b3566d5eb0;  1 drivers
L_000001b3566ffb18 .functor BUFT 1, C4<011100>, C4<0>, C4<0>, C4<0>;
v000001b3566e95f0_0 .net/2u *"_ivl_149", 5 0, L_000001b3566ffb18;  1 drivers
v000001b3566e9730_0 .net *"_ivl_151", 0 0, L_000001b3566d54b0;  1 drivers
L_000001b3566ffb60 .functor BUFT 1, C4<011110>, C4<0>, C4<0>, C4<0>;
v000001b3566e85b0_0 .net/2u *"_ivl_155", 5 0, L_000001b3566ffb60;  1 drivers
v000001b3566e8790_0 .net *"_ivl_157", 0 0, L_000001b3566d5d70;  1 drivers
L_000001b3566ffba8 .functor BUFT 1, C4<000000000000000000000000000>, C4<0>, C4<0>, C4<0>;
v000001b3566e92d0_0 .net/2u *"_ivl_163", 26 0, L_000001b3566ffba8;  1 drivers
v000001b3566e9ff0_0 .net *"_ivl_17", 23 0, L_000001b3566ee5f0;  1 drivers
L_000001b3566fe570 .functor BUFT 1, C4<111111111111111111111111>, C4<0>, C4<0>, C4<0>;
v000001b3566e8650_0 .net/2u *"_ivl_18", 23 0, L_000001b3566fe570;  1 drivers
v000001b3566e7b10_0 .net *"_ivl_2", 0 0, L_000001b35656b720;  1 drivers
L_000001b3566fe5b8 .functor BUFT 1, C4<111>, C4<0>, C4<0>, C4<0>;
v000001b3566e8830_0 .net/2u *"_ivl_26", 2 0, L_000001b3566fe5b8;  1 drivers
v000001b3566e8f10_0 .net *"_ivl_28", 0 0, L_000001b3566eecd0;  1 drivers
L_000001b3566fe600 .functor BUFT 1, C4<111>, C4<0>, C4<0>, C4<0>;
v000001b3566e9550_0 .net/2u *"_ivl_32", 2 0, L_000001b3566fe600;  1 drivers
v000001b3566e7bb0_0 .net *"_ivl_34", 0 0, L_000001b3566edd30;  1 drivers
L_000001b3566fe648 .functor BUFT 1, C4<111>, C4<0>, C4<0>, C4<0>;
v000001b3566e8010_0 .net/2u *"_ivl_38", 2 0, L_000001b3566fe648;  1 drivers
v000001b3566e7d90_0 .net *"_ivl_4", 0 0, L_000001b35656b790;  1 drivers
L_000001b3566fe690 .functor BUFT 1, C4<001000>, C4<0>, C4<0>, C4<0>;
v000001b3566ea1d0_0 .net/2u *"_ivl_48", 5 0, L_000001b3566fe690;  1 drivers
v000001b3566e7cf0_0 .net *"_ivl_50", 0 0, L_000001b3566ed790;  1 drivers
v000001b3566e8a10_0 .net *"_ivl_6", 0 0, L_000001b35656a5a0;  1 drivers
L_000001b3566feba0 .functor BUFT 1, C4<010000>, C4<0>, C4<0>, C4<0>;
v000001b3566e8ab0_0 .net/2u *"_ivl_62", 5 0, L_000001b3566feba0;  1 drivers
v000001b3566e8e70_0 .net *"_ivl_64", 0 0, L_000001b3566ef9f0;  1 drivers
L_000001b3566febe8 .functor BUFT 1, C4<010000>, C4<0>, C4<0>, C4<0>;
v000001b3566e9cd0_0 .net/2u *"_ivl_70", 5 0, L_000001b3566febe8;  1 drivers
v000001b3566e9e10_0 .net *"_ivl_72", 0 0, L_000001b3566ef770;  1 drivers
L_000001b3566fec30 .functor BUFT 1, C4<010010>, C4<0>, C4<0>, C4<0>;
v000001b3566e7e30_0 .net/2u *"_ivl_76", 5 0, L_000001b3566fec30;  1 drivers
v000001b3566e8fb0_0 .net *"_ivl_78", 0 0, L_000001b3566f0fd0;  1 drivers
L_000001b3566ff0b0 .functor BUFT 1, C4<010100>, C4<0>, C4<0>, C4<0>;
v000001b3566e7a70_0 .net/2u *"_ivl_88", 5 0, L_000001b3566ff0b0;  1 drivers
v000001b3566e7f70_0 .net *"_ivl_90", 0 0, L_000001b3566f08f0;  1 drivers
L_000001b3566ff0f8 .functor BUFT 1, C4<010100>, C4<0>, C4<0>, C4<0>;
v000001b3566e8510_0 .net/2u *"_ivl_96", 5 0, L_000001b3566ff0f8;  1 drivers
v000001b3566e9050_0 .net *"_ivl_98", 0 0, L_000001b3566f0ad0;  1 drivers
v000001b3566e9a50_0 .net "bram_data_out", 31 0, v000001b3566c7320_0;  1 drivers
v000001b3566e80b0_0 .net "bram_write_mode", 2 0, L_000001b3566ed970;  1 drivers
v000001b3566e7c50_0 .net "clk", 0 0, v000001b3566ec070_0;  alias, 1 drivers
v000001b3566e9af0_0 .net "cpu_irq_external", 0 0, L_000001b35656b870;  1 drivers
L_000001b3566ffc38 .functor BUFT 1, C4<00000000000000000000000000000000>, C4<0>, C4<0>, C4<0>;
v000001b3566e88d0_0 .net "gpio_in", 31 0, L_000001b3566ffc38;  1 drivers
v000001b3566e9370_0 .net "gpio_irq", 0 0, L_000001b3566ed8d0;  1 drivers
v000001b3566e9eb0_0 .net "gpio_out", 31 0, L_000001b3563f46b0;  1 drivers
v000001b3566e97d0_0 .net "gpio_raddr", 3 0, L_000001b3566ecd90;  1 drivers
v000001b3566e9f50_0 .net "gpio_rdata", 31 0, v000001b3566da690_0;  1 drivers
v000001b3566e9b90_0 .net "gpio_waddr", 3 0, L_000001b3566ed1f0;  1 drivers
v000001b3566e9870_0 .net "gpio_we", 0 0, L_000001b35656be20;  1 drivers
v000001b3566ea130_0 .net "irq_external", 0 0, L_000001b3566ffbf0;  1 drivers
v000001b3566e9690_0 .net "irq_source_word", 31 0, L_000001b3566d4790;  1 drivers
v000001b3566e8970_0 .net "mem_data_in", 31 0, v000001b3566ca160_0;  1 drivers
v000001b3566e8150_0 .net "mem_data_out", 31 0, L_000001b3566d3bb0;  1 drivers
v000001b3566e9910_0 .net "mem_fetch_addr", 15 0, L_000001b3566ed3d0;  1 drivers
v000001b3566e81f0_0 .net "mem_instruction", 31 0, v000001b3566c67e0_0;  1 drivers
v000001b3566e99b0_0 .net "mem_read_addr", 31 0, v000001b3566c9d00_0;  1 drivers
v000001b3566e8d30_0 .net "mem_read_mode", 2 0, v000001b3566c9260_0;  1 drivers
v000001b3566e9c30_0 .net "mem_write_addr", 31 0, v000001b3566ca700_0;  1 drivers
v000001b3566e8290_0 .net "mem_write_mode", 2 0, v000001b3566caca0_0;  1 drivers
v000001b3566e8330_0 .var "mmio_read_data", 31 0;
v000001b3566e8b50_0 .var "mmio_read_data_q", 31 0;
v000001b3566e83d0_0 .net "mmio_read_en", 0 0, L_000001b35656bd40;  1 drivers
v000001b3566e8bf0_0 .net "mmio_read_slot", 5 0, L_000001b3566ef090;  1 drivers
v000001b3566e8c90_0 .net "mmio_write_en", 0 0, L_000001b35656bb10;  1 drivers
v000001b3566ea090_0 .net "mmio_write_slot", 5 0, L_000001b3566eeaf0;  1 drivers
v000001b3566e8dd0_0 .var "msip", 0 0;
v000001b3566e90f0_0 .var "mtime", 63 0;
v000001b3566ebf30_0 .var "mtimecmp", 63 0;
v000001b3566ebdf0_0 .net "read_is_mmio", 0 0, L_000001b3566ed0b0;  1 drivers
v000001b3566ebcb0_0 .var "read_was_mmio", 0 0;
v000001b3566ea630_0 .net "rst", 0 0, v000001b3566eb030_0;  alias, 1 drivers
v000001b3566ec930_0 .net "soft_int", 0 0, v000001b3566e8dd0_0;  1 drivers
v000001b3566eb670_0 .net "timer_int", 0 0, L_000001b3566d40b0;  1 drivers
v000001b3566eb3f0_0 .net "uart_irq0", 0 0, L_000001b3563f5c90;  1 drivers
v000001b3566eb5d0_0 .net "uart_irq1", 0 0, L_000001b3564c2ed0;  1 drivers
v000001b3566eb710_0 .net "uart_irq2", 0 0, L_000001b356344d60;  1 drivers
v000001b3566eb490_0 .net "uart_irq3", 0 0, L_000001b3563024a0;  1 drivers
v000001b3566eb7b0_0 .net "uart_rdata0", 31 0, L_000001b3566ef950;  1 drivers
v000001b3566eadb0_0 .net "uart_rdata1", 31 0, L_000001b3566efef0;  1 drivers
v000001b3566ea450_0 .net "uart_rdata2", 31 0, L_000001b3566f1d90;  1 drivers
v000001b3566ea6d0_0 .net "uart_rdata3", 31 0, L_000001b3566f2830;  1 drivers
v000001b3566ec250_0 .net "uart_reg_sel", 1 0, L_000001b3566eda10;  1 drivers
L_000001b3566ffc80 .functor BUFT 1, C4<1111>, C4<0>, C4<0>, C4<0>;
v000001b3566ea770_0 .net "uart_rx", 3 0, L_000001b3566ffc80;  1 drivers
v000001b3566ebb70_0 .net "uart_tx", 3 0, L_000001b3566d4290;  alias, 1 drivers
v000001b3566ec610_0 .net "write_is_mmio", 0 0, L_000001b3566eed70;  1 drivers
E_000001b3565daf70/0 .event anyedge, v000001b3566e8bf0_0, v000001b3566da690_0, v000001b3566dc670_0, v000001b3566dfc30_0;
E_000001b3565daf70/1 .event anyedge, v000001b3566e3fb0_0, v000001b3566e6c10_0, v000001b3566e9690_0, v000001b3566e8dd0_0;
E_000001b3565daf70/2 .event anyedge, v000001b3566ebf30_0, v000001b3566e90f0_0;
E_000001b3565daf70 .event/or E_000001b3565daf70/0, E_000001b3565daf70/1, E_000001b3565daf70/2;
L_000001b3566ee690 .part v000001b3566c9d00_0, 8, 24;
L_000001b3566ed0b0 .cmp/eq 24, L_000001b3566ee690, L_000001b3566fe528;
L_000001b3566ee5f0 .part v000001b3566ca700_0, 8, 24;
L_000001b3566eed70 .cmp/eq 24, L_000001b3566ee5f0, L_000001b3566fe570;
L_000001b3566ef090 .part v000001b3566c9d00_0, 2, 6;
L_000001b3566eeaf0 .part v000001b3566ca700_0, 2, 6;
L_000001b3566eecd0 .cmp/ne 3, v000001b3566caca0_0, L_000001b3566fe5b8;
L_000001b3566edd30 .cmp/ne 3, v000001b3566c9260_0, L_000001b3566fe600;
L_000001b3566ed970 .functor MUXZ 3, v000001b3566caca0_0, L_000001b3566fe648, L_000001b3566eed70, C4<>;
L_000001b3566ed290 .part v000001b3566ca700_0, 0, 16;
L_000001b3566eced0 .part v000001b3566c9d00_0, 0, 16;
L_000001b3566ed1f0 .part L_000001b3566eeaf0, 0, 4;
L_000001b3566ed790 .cmp/ge 6, L_000001b3566fe690, L_000001b3566eeaf0;
L_000001b3566ecd90 .part L_000001b3566ef090, 0, 4;
L_000001b3566eda10 .part L_000001b3566ef090, 0, 2;
L_000001b3566ef6d0 .part L_000001b3566ffc80, 0, 1;
L_000001b3566ef9f0 .cmp/eq 6, L_000001b3566eeaf0, L_000001b3566feba0;
L_000001b3566f0710 .part v000001b3566ca160_0, 0, 8;
L_000001b3566ef770 .cmp/eq 6, L_000001b3566ef090, L_000001b3566febe8;
L_000001b3566f0fd0 .cmp/eq 6, L_000001b3566eeaf0, L_000001b3566fec30;
L_000001b3566f1110 .part v000001b3566ca160_0, 0, 3;
L_000001b3566f00d0 .part L_000001b3566ffc80, 1, 1;
L_000001b3566f08f0 .cmp/eq 6, L_000001b3566eeaf0, L_000001b3566ff0b0;
L_000001b3566f1430 .part v000001b3566ca160_0, 0, 8;
L_000001b3566f0ad0 .cmp/eq 6, L_000001b3566ef090, L_000001b3566ff0f8;
L_000001b3566f02b0 .cmp/eq 6, L_000001b3566eeaf0, L_000001b3566ff140;
L_000001b3566f17f0 .part v000001b3566ca160_0, 0, 3;
L_000001b3566f23d0 .part L_000001b3566ffc80, 2, 1;
L_000001b3566f2010 .cmp/eq 6, L_000001b3566eeaf0, L_000001b3566ff5c0;
L_000001b3566f3410 .part v000001b3566ca160_0, 0, 8;
L_000001b3566f3230 .cmp/eq 6, L_000001b3566ef090, L_000001b3566ff608;
L_000001b3566f3370 .cmp/eq 6, L_000001b3566eeaf0, L_000001b3566ff650;
L_000001b3566f2f10 .part v000001b3566ca160_0, 0, 3;
L_000001b3566d4a10 .part L_000001b3566ffc80, 3, 1;
L_000001b3566d4290 .concat8 [ 1 1 1 1], v000001b3566dbc70_0, v000001b3566e1a30_0, v000001b3566e3150_0, v000001b3566e6670_0;
L_000001b3566d5eb0 .cmp/eq 6, L_000001b3566eeaf0, L_000001b3566ffad0;
L_000001b3566d4bf0 .part v000001b3566ca160_0, 0, 8;
L_000001b3566d54b0 .cmp/eq 6, L_000001b3566ef090, L_000001b3566ffb18;
L_000001b3566d5d70 .cmp/eq 6, L_000001b3566eeaf0, L_000001b3566ffb60;
L_000001b3566d3a70 .part v000001b3566ca160_0, 0, 3;
LS_000001b3566d4790_0_0 .concat [ 1 1 1 1], L_000001b3566ed8d0, L_000001b3563f5c90, L_000001b3564c2ed0, L_000001b356344d60;
LS_000001b3566d4790_0_4 .concat [ 1 27 0 0], L_000001b3563024a0, L_000001b3566ffba8;
L_000001b3566d4790 .concat [ 4 28 0 0], LS_000001b3566d4790_0_0, LS_000001b3566d4790_0_4;
L_000001b3566d40b0 .cmp/ge 64, v000001b3566e90f0_0, v000001b3566ebf30_0;
L_000001b3566d3bb0 .functor MUXZ 32, v000001b3566c7320_0, v000001b3566e8b50_0, v000001b3566ebcb0_0, C4<>;
S_000001b3566bcd40 .scope module, "bram" "BRAM" 3 107, 4 13 0, S_000001b3566bc890;
 .timescale -9 -12;
    .port_info 0 /INPUT 1 "clk";
    .port_info 1 /INPUT 16 "write_addr";
    .port_info 2 /INPUT 16 "read_addr";
    .port_info 3 /INPUT 16 "fetch_addr";
    .port_info 4 /INPUT 32 "data_in";
    .port_info 5 /INPUT 3 "write_mode";
    .port_info 6 /INPUT 3 "read_mode";
    .port_info 7 /OUTPUT 32 "data_out";
    .port_info 8 /OUTPUT 32 "instruction_out";
v000001b3566c7a00 .array "Mem", 0 65535, 7 0;
v000001b3566c80e0_0 .net "clk", 0 0, v000001b3566ec070_0;  alias, 1 drivers
v000001b3566c7c80_0 .net "data_in", 31 0, v000001b3566ca160_0;  alias, 1 drivers
v000001b3566c7320_0 .var "data_out", 31 0;
v000001b3566c64c0_0 .net "fetch_addr", 15 0, L_000001b3566ed3d0;  alias, 1 drivers
v000001b3566c67e0_0 .var "instruction_out", 31 0;
v000001b3566c7280_0 .net "read_addr", 15 0, L_000001b3566eced0;  1 drivers
v000001b3566c6560_0 .net "read_mode", 2 0, v000001b3566c9260_0;  alias, 1 drivers
v000001b3566c6740_0 .net "write_addr", 15 0, L_000001b3566ed290;  1 drivers
v000001b3566c6920_0 .net "write_mode", 2 0, L_000001b3566ed970;  alias, 1 drivers
S_000001b3566bced0 .scope module, "cpu" "CPU" 3 81, 5 10 0, S_000001b3566bc890;
 .timescale -9 -12;
    .port_info 0 /INPUT 1 "clk";
    .port_info 1 /INPUT 1 "rst";
    .port_info 2 /INPUT 1 "irq_external";
    .port_info 3 /INPUT 1 "timer_int";
    .port_info 4 /INPUT 1 "soft_int";
    .port_info 5 /OUTPUT 16 "mem_fetch_addr";
    .port_info 6 /OUTPUT 32 "mem_read_addr";
    .port_info 7 /OUTPUT 32 "mem_write_addr";
    .port_info 8 /OUTPUT 32 "mem_data_in";
    .port_info 9 /OUTPUT 3 "mem_read_mode";
    .port_info 10 /OUTPUT 3 "mem_write_mode";
    .port_info 11 /INPUT 32 "mem_data_out";
    .port_info 12 /INPUT 32 "mem_instruction";
L_000001b35656a7d0 .functor BUFZ 32, v000001b3566c67e0_0, C4<00000000000000000000000000000000>, C4<00000000000000000000000000000000>, C4<00000000000000000000000000000000>;
L_000001b35656b1e0 .functor BUFZ 32, L_000001b3566d3bb0, C4<00000000000000000000000000000000>, C4<00000000000000000000000000000000>, C4<00000000000000000000000000000000>;
L_000001b35656b250 .functor AND 1, L_000001b3566ee410, L_000001b3566ed330, C4<1>, C4<1>;
L_000001b35656a8b0 .functor OR 1, L_000001b3566eea50, L_000001b35656b870, C4<0>, C4<0>;
L_000001b35656b2c0 .functor AND 1, L_000001b35656b250, L_000001b35656a8b0, C4<1>, C4<1>;
L_000001b35656a300 .functor AND 1, L_000001b3566ee050, L_000001b3566edbf0, C4<1>, C4<1>;
L_000001b35656a920 .functor OR 1, L_000001b3566eec30, v000001b3566e8dd0_0, C4<0>, C4<0>;
L_000001b35656a4c0 .functor AND 1, L_000001b35656a300, L_000001b35656a920, C4<1>, C4<1>;
L_000001b356569e30 .functor AND 1, L_000001b3566ed010, L_000001b3566eeeb0, C4<1>, C4<1>;
L_000001b356569ea0 .functor OR 1, L_000001b3566edc90, L_000001b3566d40b0, C4<0>, C4<0>;
L_000001b356569f10 .functor AND 1, L_000001b356569e30, L_000001b356569ea0, C4<1>, C4<1>;
L_000001b35656a990 .functor OR 1, L_000001b35656b2c0, L_000001b35656a4c0, C4<0>, C4<0>;
L_000001b35656aa70 .functor OR 1, L_000001b35656a990, L_000001b356569f10, C4<0>, C4<0>;
L_000001b35656ac30 .functor AND 1, L_000001b3566ef1d0, L_000001b3566ee230, C4<1>, C4<1>;
L_000001b35656baa0 .functor AND 1, L_000001b35656ac30, L_000001b3566eca70, C4<1>, C4<1>;
L_000001b35656bdb0 .functor AND 1, L_000001b35656baa0, L_000001b3566ee7d0, C4<1>, C4<1>;
L_000001b35656bbf0 .functor AND 1, L_000001b35656ac30, L_000001b3566ee4b0, C4<1>, C4<1>;
L_000001b35656b8e0 .functor AND 1, L_000001b35656bbf0, L_000001b3566ed650, C4<1>, C4<1>;
L_000001b35656bfe0 .functor AND 1, L_000001b3566ecc50, L_000001b3566ee9b0, C4<1>, C4<1>;
L_000001b35656bc60 .functor BUFZ 32, v000001b3566da910_0, C4<00000000000000000000000000000000>, C4<00000000000000000000000000000000>, C4<00000000000000000000000000000000>;
L_000001b35656bf00 .functor AND 1, L_000001b3566ed6f0, L_000001b3566ecf70, C4<1>, C4<1>;
L_000001b35656b950 .functor OR 1, v000001b3566da4b0_0, v000001b3566d9a10_0, C4<0>, C4<0>;
L_000001b35656b9c0 .functor OR 1, L_000001b35656b950, L_000001b3566ecb10, C4<0>, C4<0>;
L_000001b35656ba30 .functor OR 1, L_000001b35656b9c0, L_000001b3566ecbb0, C4<0>, C4<0>;
L_000001b35656be90 .functor AND 1, L_000001b3566ed830, v000001b3566ccfa0_0, C4<1>, C4<1>;
L_000001b35656bb80 .functor OR 1, L_000001b35656ba30, L_000001b35656be90, C4<0>, C4<0>;
v000001b3566ca7a0_0 .net "BRAMInstruction", 31 0, L_000001b3566eba30;  1 drivers
v000001b3566ca160_0 .var "BRAM_data_in", 31 0;
v000001b3566ca8e0_0 .net "BRAM_data_out", 31 0, L_000001b35656b1e0;  1 drivers
v000001b3566c9260_0 .var "BRAM_load_mode", 2 0;
v000001b3566c9d00_0 .var "BRAM_read_addr", 31 0;
v000001b3566caca0_0 .var "BRAM_store_mode", 2 0;
v000001b3566ca700_0 .var "BRAM_write_addr", 31 0;
v000001b3566c94e0_0 .var "EX_csr_result", 31 0;
v000001b3566c93a0_0 .var "EX_result", 31 0;
v000001b3566ca200_0 .net "IF_instruction", 31 0, L_000001b35656a7d0;  1 drivers
v000001b3566cad40_0 .var "PC", 31 0;
v000001b3566c9c60_0 .var "PC_decode", 31 0;
v000001b3566c9e40_0 .var "WB_rd_addr", 4 0;
v000001b3566c8ae0_0 .var "WB_rd_data", 31 0;
v000001b3566c9760_0 .var "WB_write_enable", 0 0;
v000001b3566c8c20_0 .net *"_ivl_100", 0 0, L_000001b35656a8b0;  1 drivers
v000001b3566ca980_0 .net *"_ivl_105", 0 0, L_000001b3566ee050;  1 drivers
v000001b3566c9da0_0 .net *"_ivl_107", 0 0, L_000001b3566edbf0;  1 drivers
v000001b3566c8cc0_0 .net *"_ivl_108", 0 0, L_000001b35656a300;  1 drivers
v000001b3566c8d60_0 .net *"_ivl_111", 0 0, L_000001b3566eec30;  1 drivers
v000001b3566c9ee0_0 .net *"_ivl_112", 0 0, L_000001b35656a920;  1 drivers
v000001b3566ca340_0 .net *"_ivl_117", 0 0, L_000001b3566ed010;  1 drivers
v000001b3566ca3e0_0 .net *"_ivl_119", 0 0, L_000001b3566eeeb0;  1 drivers
v000001b3566c9a80_0 .net *"_ivl_120", 0 0, L_000001b356569e30;  1 drivers
v000001b3566c9800_0 .net *"_ivl_123", 0 0, L_000001b3566edc90;  1 drivers
v000001b3566c8e00_0 .net *"_ivl_124", 0 0, L_000001b356569ea0;  1 drivers
v000001b3566c85e0_0 .net *"_ivl_128", 0 0, L_000001b35656a990;  1 drivers
L_000001b3566fe210 .functor BUFT 1, C4<11>, C4<0>, C4<0>, C4<0>;
v000001b3566ca840_0 .net/2u *"_ivl_144", 1 0, L_000001b3566fe210;  1 drivers
v000001b3566c9580_0 .net *"_ivl_146", 0 0, L_000001b3566ef1d0;  1 drivers
L_000001b3566fe258 .functor BUFT 1, C4<00000>, C4<0>, C4<0>, C4<0>;
v000001b3566c9300_0 .net/2u *"_ivl_148", 4 0, L_000001b3566fe258;  1 drivers
v000001b3566caa20_0 .net *"_ivl_150", 0 0, L_000001b3566ee230;  1 drivers
L_000001b3566fe2a0 .functor BUFT 1, C4<10>, C4<0>, C4<0>, C4<0>;
v000001b3566ca480_0 .net/2u *"_ivl_154", 1 0, L_000001b3566fe2a0;  1 drivers
v000001b3566c8680_0 .net *"_ivl_156", 0 0, L_000001b3566ece30;  1 drivers
v000001b3566c8ea0_0 .net *"_ivl_160", 0 0, L_000001b3566eca70;  1 drivers
v000001b3566caac0_0 .net *"_ivl_163", 0 0, L_000001b35656baa0;  1 drivers
L_000001b3566fe2e8 .functor BUFT 1, C4<00000>, C4<0>, C4<0>, C4<0>;
v000001b3566ca020_0 .net/2u *"_ivl_164", 4 0, L_000001b3566fe2e8;  1 drivers
v000001b3566c8f40_0 .net *"_ivl_166", 0 0, L_000001b3566ee7d0;  1 drivers
v000001b3566c8860_0 .net *"_ivl_169", 0 0, L_000001b35656bdb0;  1 drivers
v000001b3566c9620_0 .net *"_ivl_172", 0 0, L_000001b3566ee4b0;  1 drivers
v000001b3566ca0c0_0 .net *"_ivl_175", 0 0, L_000001b35656bbf0;  1 drivers
L_000001b3566fe330 .functor BUFT 1, C4<00000>, C4<0>, C4<0>, C4<0>;
v000001b3566c8720_0 .net/2u *"_ivl_176", 4 0, L_000001b3566fe330;  1 drivers
v000001b3566ca520_0 .net *"_ivl_178", 0 0, L_000001b3566ed650;  1 drivers
v000001b3566ca5c0_0 .net *"_ivl_181", 0 0, L_000001b35656b8e0;  1 drivers
L_000001b3566fe378 .functor BUFT 1, C4<01>, C4<0>, C4<0>, C4<0>;
v000001b3566cab60_0 .net/2u *"_ivl_184", 1 0, L_000001b3566fe378;  1 drivers
v000001b3566ca660_0 .net *"_ivl_186", 0 0, L_000001b3566ecc50;  1 drivers
v000001b3566c9b20_0 .net *"_ivl_188", 0 0, L_000001b3566ee9b0;  1 drivers
L_000001b3566fe3c0 .functor BUFT 1, C4<01>, C4<0>, C4<0>, C4<0>;
v000001b3566c87c0_0 .net/2u *"_ivl_194", 1 0, L_000001b3566fe3c0;  1 drivers
v000001b3566c8900_0 .net *"_ivl_196", 0 0, L_000001b3566ed6f0;  1 drivers
L_000001b3566fe408 .functor BUFT 1, C4<001101000001>, C4<0>, C4<0>, C4<0>;
v000001b3566c8fe0_0 .net/2u *"_ivl_198", 11 0, L_000001b3566fe408;  1 drivers
v000001b3566c9bc0_0 .net *"_ivl_200", 0 0, L_000001b3566ecf70;  1 drivers
v000001b3566c9080_0 .net *"_ivl_203", 0 0, L_000001b35656bf00;  1 drivers
v000001b3566cac00_0 .net *"_ivl_207", 0 0, L_000001b35656b950;  1 drivers
L_000001b3566fe450 .functor BUFT 1, C4<1101111>, C4<0>, C4<0>, C4<0>;
v000001b3566c9120_0 .net/2u *"_ivl_208", 6 0, L_000001b3566fe450;  1 drivers
v000001b3566c89a0_0 .net *"_ivl_210", 0 0, L_000001b3566ecb10;  1 drivers
v000001b3566c91c0_0 .net *"_ivl_213", 0 0, L_000001b35656b9c0;  1 drivers
L_000001b3566fe498 .functor BUFT 1, C4<1100111>, C4<0>, C4<0>, C4<0>;
v000001b3566c9440_0 .net/2u *"_ivl_214", 6 0, L_000001b3566fe498;  1 drivers
v000001b3566c96c0_0 .net *"_ivl_216", 0 0, L_000001b3566ecbb0;  1 drivers
v000001b3566c98a0_0 .net *"_ivl_219", 0 0, L_000001b35656ba30;  1 drivers
L_000001b3566fe4e0 .functor BUFT 1, C4<1100011>, C4<0>, C4<0>, C4<0>;
v000001b3566c9940_0 .net/2u *"_ivl_220", 6 0, L_000001b3566fe4e0;  1 drivers
v000001b3566cc8c0_0 .net *"_ivl_222", 0 0, L_000001b3566ed830;  1 drivers
v000001b3566ccdc0_0 .net *"_ivl_225", 0 0, L_000001b35656be90;  1 drivers
v000001b3566cc820_0 .net *"_ivl_23", 0 0, L_000001b3566ebad0;  1 drivers
v000001b3566cd4a0_0 .net *"_ivl_24", 19 0, L_000001b3566ea3b0;  1 drivers
v000001b3566cb100_0 .net *"_ivl_27", 11 0, L_000001b3566ebd50;  1 drivers
v000001b3566cd180_0 .net *"_ivl_31", 0 0, L_000001b3566ec430;  1 drivers
v000001b3566cc960_0 .net *"_ivl_32", 19 0, L_000001b3566ea8b0;  1 drivers
v000001b3566cb1a0_0 .net *"_ivl_35", 6 0, L_000001b3566ec4d0;  1 drivers
v000001b3566cca00_0 .net *"_ivl_37", 4 0, L_000001b3566ec7f0;  1 drivers
L_000001b3566fe060 .functor BUFT 1, C4<00000000000000000000000000000000>, C4<0>, C4<0>, C4<0>;
v000001b3566cc0a0_0 .net/2u *"_ivl_4", 31 0, L_000001b3566fe060;  1 drivers
v000001b3566cc500_0 .net *"_ivl_41", 0 0, L_000001b3566ec9d0;  1 drivers
v000001b3566cb420_0 .net *"_ivl_42", 18 0, L_000001b3566eb0d0;  1 drivers
v000001b3566cb240_0 .net *"_ivl_45", 0 0, L_000001b3566ea9f0;  1 drivers
v000001b3566cb7e0_0 .net *"_ivl_47", 0 0, L_000001b3566eaa90;  1 drivers
v000001b3566ccaa0_0 .net *"_ivl_49", 5 0, L_000001b3566eab30;  1 drivers
v000001b3566ccb40_0 .net *"_ivl_51", 3 0, L_000001b3566eb170;  1 drivers
L_000001b3566fe0a8 .functor BUFT 1, C4<0>, C4<0>, C4<0>, C4<0>;
v000001b3566cafc0_0 .net/2u *"_ivl_52", 0 0, L_000001b3566fe0a8;  1 drivers
v000001b3566ccbe0_0 .net *"_ivl_57", 19 0, L_000001b3566edf10;  1 drivers
L_000001b3566fe0f0 .functor BUFT 1, C4<000000000000>, C4<0>, C4<0>, C4<0>;
v000001b3566cbf60_0 .net/2u *"_ivl_58", 11 0, L_000001b3566fe0f0;  1 drivers
v000001b3566ccc80_0 .net *"_ivl_63", 0 0, L_000001b3566eef50;  1 drivers
v000001b3566cc000_0 .net *"_ivl_64", 10 0, L_000001b3566eeb90;  1 drivers
v000001b3566ccd20_0 .net *"_ivl_67", 0 0, L_000001b3566ede70;  1 drivers
v000001b3566cc140_0 .net *"_ivl_69", 7 0, L_000001b3566ee730;  1 drivers
v000001b3566cce60_0 .net *"_ivl_71", 0 0, L_000001b3566ee370;  1 drivers
v000001b3566ccf00_0 .net *"_ivl_73", 9 0, L_000001b3566ef130;  1 drivers
L_000001b3566fe138 .functor BUFT 1, C4<0>, C4<0>, C4<0>, C4<0>;
v000001b3566cd2c0_0 .net/2u *"_ivl_74", 0 0, L_000001b3566fe138;  1 drivers
L_000001b3566fe180 .functor BUFT 1, C4<000000000000000000000000000>, C4<0>, C4<0>, C4<0>;
v000001b3566cd220_0 .net/2u *"_ivl_80", 26 0, L_000001b3566fe180;  1 drivers
v000001b3566cd360_0 .net *"_ivl_83", 4 0, L_000001b3566ed510;  1 drivers
L_000001b3566fe1c8 .functor BUFT 1, C4<00000000000000000000000000000000>, C4<0>, C4<0>, C4<0>;
v000001b3566cae80_0 .net/2u *"_ivl_88", 31 0, L_000001b3566fe1c8;  1 drivers
v000001b3566cba60_0 .net *"_ivl_93", 0 0, L_000001b3566ee410;  1 drivers
v000001b3566cc280_0 .net *"_ivl_95", 0 0, L_000001b3566ed330;  1 drivers
v000001b3566cb920_0 .net *"_ivl_96", 0 0, L_000001b35656b250;  1 drivers
v000001b3566cb2e0_0 .net *"_ivl_99", 0 0, L_000001b3566eea50;  1 drivers
v000001b3566cc1e0_0 .var "alu_control", 3 0;
v000001b3566cb380_0 .net "alu_result", 31 0, v000001b3566c7e60_0;  1 drivers
v000001b3566ccfa0_0 .var "branch_taken", 0 0;
v000001b3566cbb00_0 .net "clk", 0 0, v000001b3566ec070_0;  alias, 1 drivers
v000001b3566cd040_0 .net "csr_addr", 11 0, L_000001b3566edfb0;  1 drivers
v000001b3566cd0e0_0 .net "csr_forward", 0 0, L_000001b35656bfe0;  1 drivers
v000001b3566cb9c0_0 .net "csr_forward_data", 31 0, L_000001b35656bc60;  1 drivers
v000001b3566cbe20_0 .var "csr_read_value", 31 0;
v000001b3566cd400_0 .var "cycle", 63 0;
v000001b3566cbd80_0 .var "ebreak_instr", 0 0;
v000001b3566cd540_0 .var "ecall_instr", 0 0;
v000001b3566cb740_0 .net "flush", 0 0, L_000001b35656bb80;  1 drivers
v000001b3566cb880_0 .var "flush_d", 0 0;
v000001b3566cb060_0 .net "funct3", 2 0, L_000001b3566ea810;  1 drivers
v000001b3566cade0_0 .net "funct7", 6 0, L_000001b3566eb530;  1 drivers
v000001b3566cc320_0 .var "illegal_instr", 0 0;
v000001b3566caf20_0 .net "imm_b", 31 0, L_000001b3566eb350;  1 drivers
v000001b3566cb4c0_0 .net "imm_i", 31 0, L_000001b3566ec390;  1 drivers
v000001b3566cc6e0_0 .net "imm_j", 31 0, L_000001b3566edab0;  1 drivers
v000001b3566cbba0_0 .net "imm_s", 31 0, L_000001b3566ec890;  1 drivers
v000001b3566cc3c0_0 .net "imm_u", 31 0, L_000001b3566ed5b0;  1 drivers
v000001b3566cbc40_0 .var "instret", 63 0;
v000001b3566cb560_0 .net "irq_ext", 0 0, L_000001b35656b2c0;  1 drivers
v000001b3566cb600_0 .net "irq_external", 0 0, L_000001b35656b870;  alias, 1 drivers
v000001b3566cb6a0_0 .net "irq_ready", 0 0, L_000001b35656aa70;  1 drivers
v000001b3566cbce0_0 .net "irq_soft", 0 0, L_000001b35656a4c0;  1 drivers
v000001b3566cbec0_0 .net "irq_timer", 0 0, L_000001b356569f10;  1 drivers
v000001b3566cc460_0 .var "mcause", 31 0;
v000001b3566cc640_0 .net "mem_data_in", 31 0, v000001b3566ca160_0;  alias, 1 drivers
v000001b3566cc5a0_0 .net "mem_data_out", 31 0, L_000001b3566d3bb0;  alias, 1 drivers
v000001b3566cc780_0 .net "mem_fetch_addr", 15 0, L_000001b3566ed3d0;  alias, 1 drivers
v000001b3566ce120_0 .net "mem_instruction", 31 0, v000001b3566c67e0_0;  alias, 1 drivers
v000001b3566cdae0_0 .net "mem_read_addr", 31 0, v000001b3566c9d00_0;  alias, 1 drivers
v000001b3566ce3a0_0 .net "mem_read_mode", 2 0, v000001b3566c9260_0;  alias, 1 drivers
v000001b3566cdd60_0 .net "mem_write_addr", 31 0, v000001b3566ca700_0;  alias, 1 drivers
v000001b3566cd680_0 .net "mem_write_mode", 2 0, v000001b3566caca0_0;  alias, 1 drivers
v000001b3566cdfe0_0 .var "mepc", 31 0;
v000001b3566cde00_0 .net "mepc_forwarded", 31 0, L_000001b3566ee550;  1 drivers
v000001b3566cd7c0_0 .var "mie", 31 0;
v000001b3566ce080_0 .var "mip", 31 0;
L_000001b3566fe018 .functor BUFT 1, C4<01000000000000000000000100000000>, C4<0>, C4<0>, C4<0>;
v000001b3566cd720_0 .net "misa", 31 0, L_000001b3566fe018;  1 drivers
v000001b3566ce300_0 .var "mret_instr", 0 0;
v000001b3566ce1c0_0 .var "mscratch", 31 0;
v000001b3566ce440_0 .var "mstatus", 31 0;
v000001b3566ce260_0 .var "mtval", 31 0;
v000001b3566cda40_0 .var "mtvec", 31 0;
v000001b3566cdf40_0 .var "next_PC", 31 0;
v000001b3566cdcc0_0 .net "opcode", 6 0, L_000001b3566ea590;  1 drivers
v000001b3566cd5e0_0 .var "operand_a", 31 0;
v000001b3566cd900_0 .var "operand_a_addr", 4 0;
v000001b3566cd860_0 .var "operand_b", 31 0;
v000001b3566cd9a0_0 .var "operand_b_addr", 4 0;
v000001b3566cdb80_0 .net "rd_addr", 4 0, L_000001b3566ec1b0;  1 drivers
v000001b3566cdc20_0 .net "rs1_addr", 4 0, L_000001b3566eb210;  1 drivers
v000001b3566cdea0_0 .net "rs1_data", 31 0, v000001b3566c8b80_0;  1 drivers
v000001b3566d9f10_0 .net "rs1_data_fwd", 31 0, L_000001b3566ee870;  1 drivers
v000001b3566da230_0 .net "rs2_addr", 4 0, L_000001b3566eb8f0;  1 drivers
v000001b3566d9e70_0 .net "rs2_data", 31 0, v000001b3566c8a40_0;  1 drivers
v000001b3566daeb0_0 .net "rs2_data_fwd", 31 0, L_000001b3566ee910;  1 drivers
v000001b3566d9650_0 .net "rst", 0 0, v000001b3566eb030_0;  alias, 1 drivers
v000001b3566db1d0_0 .net "shamt", 4 0, L_000001b3566ec110;  1 drivers
v000001b3566d8cf0_0 .net "soft_int", 0 0, v000001b3566e8dd0_0;  alias, 1 drivers
v000001b3566d9a10_0 .var "take_mret", 0 0;
v000001b3566da4b0_0 .var "take_trap", 0 0;
v000001b3566db130_0 .net "timer_int", 0 0, L_000001b3566d40b0;  alias, 1 drivers
v000001b3566d9fb0_0 .var "toWB_Result_Reg", 31 0;
v000001b3566da9b0_0 .var "toWB_csr_addr_Reg", 11 0;
v000001b3566da910_0 .var "toWB_csr_data_Reg", 31 0;
v000001b3566d9970_0 .var "toWB_mode", 1 0;
v000001b3566d8a70_0 .var "toWB_mode_Reg", 1 0;
v000001b3566d8d90_0 .var "toWB_rd_addr_Reg", 4 0;
v000001b3566dae10_0 .var "trap_cause", 31 0;
v000001b3566d9470_0 .var "trap_tval", 31 0;
v000001b3566da870_0 .net "uimm", 31 0, L_000001b3566eccf0;  1 drivers
v000001b3566da550_0 .net "valid_instr", 0 0, L_000001b3566ed150;  1 drivers
v000001b3566daa50_0 .net "wb_forward_data", 31 0, L_000001b3566eeff0;  1 drivers
v000001b3566d8bb0_0 .net "wb_write_gpr", 0 0, L_000001b35656ac30;  1 drivers
E_000001b3565dafb0 .event anyedge, v000001b3566d8a70_0, v000001b3566d8d90_0, v000001b3566d9fb0_0, v000001b3566ca8e0_0;
E_000001b3565daff0/0 .event anyedge, v000001b3566cdc20_0, v000001b3566da230_0, v000001b3566cad40_0, v000001b3566cdcc0_0;
E_000001b3565daff0/1 .event anyedge, v000001b3566cc3c0_0, v000001b3566c9c60_0, v000001b3566cc6e0_0, v000001b3566d9f10_0;
E_000001b3565daff0/2 .event anyedge, v000001b3566cb4c0_0, v000001b3566ccfa0_0, v000001b3566caf20_0, v000001b3566c7e60_0;
E_000001b3565daff0/3 .event anyedge, v000001b3566cb060_0, v000001b3566cbba0_0, v000001b3566daeb0_0, v000001b3566ca7a0_0;
E_000001b3565daff0/4 .event anyedge, v000001b3566cd040_0, v000001b3566cd0e0_0, v000001b3566cb9c0_0, v000001b3566cbe20_0;
E_000001b3565daff0/5 .event anyedge, v000001b3566da870_0, v000001b3566da550_0, v000001b3566cb6a0_0, v000001b3566cd540_0;
E_000001b3565daff0/6 .event anyedge, v000001b3566cbd80_0, v000001b3566cc320_0, v000001b3566ce300_0, v000001b3566da4b0_0;
E_000001b3565daff0/7 .event anyedge, v000001b3566cda40_0, v000001b3566d9a10_0, v000001b3566cde00_0;
E_000001b3565daff0 .event/or E_000001b3565daff0/0, E_000001b3565daff0/1, E_000001b3565daff0/2, E_000001b3565daff0/3, E_000001b3565daff0/4, E_000001b3565daff0/5, E_000001b3565daff0/6, E_000001b3565daff0/7;
E_000001b3565db030/0 .event anyedge, v000001b3566cb6a0_0, v000001b3566cb560_0, v000001b3566cbce0_0, v000001b3566cd540_0;
E_000001b3565db030/1 .event anyedge, v000001b3566cbd80_0, v000001b3566c9c60_0, v000001b3566ca7a0_0;
E_000001b3565db030 .event/or E_000001b3565db030/0, E_000001b3565db030/1;
E_000001b3565dbfb0 .event anyedge, v000001b3566cb060_0, v000001b3566d9f10_0, v000001b3566daeb0_0;
L_000001b3566eba30 .functor MUXZ 32, L_000001b35656a7d0, L_000001b3566fe060, v000001b3566cb880_0, C4<>;
L_000001b3566ea590 .part L_000001b3566eba30, 0, 7;
L_000001b3566ea810 .part L_000001b3566eba30, 12, 3;
L_000001b3566eb530 .part L_000001b3566eba30, 25, 7;
L_000001b3566eb210 .part L_000001b3566eba30, 15, 5;
L_000001b3566eb8f0 .part L_000001b3566eba30, 20, 5;
L_000001b3566ec1b0 .part L_000001b3566eba30, 7, 5;
L_000001b3566ec110 .part L_000001b3566eba30, 20, 5;
L_000001b3566ebad0 .part L_000001b3566eba30, 31, 1;
LS_000001b3566ea3b0_0_0 .concat [ 1 1 1 1], L_000001b3566ebad0, L_000001b3566ebad0, L_000001b3566ebad0, L_000001b3566ebad0;
LS_000001b3566ea3b0_0_4 .concat [ 1 1 1 1], L_000001b3566ebad0, L_000001b3566ebad0, L_000001b3566ebad0, L_000001b3566ebad0;
LS_000001b3566ea3b0_0_8 .concat [ 1 1 1 1], L_000001b3566ebad0, L_000001b3566ebad0, L_000001b3566ebad0, L_000001b3566ebad0;
LS_000001b3566ea3b0_0_12 .concat [ 1 1 1 1], L_000001b3566ebad0, L_000001b3566ebad0, L_000001b3566ebad0, L_000001b3566ebad0;
LS_000001b3566ea3b0_0_16 .concat [ 1 1 1 1], L_000001b3566ebad0, L_000001b3566ebad0, L_000001b3566ebad0, L_000001b3566ebad0;
LS_000001b3566ea3b0_1_0 .concat [ 4 4 4 4], LS_000001b3566ea3b0_0_0, LS_000001b3566ea3b0_0_4, LS_000001b3566ea3b0_0_8, LS_000001b3566ea3b0_0_12;
LS_000001b3566ea3b0_1_4 .concat [ 4 0 0 0], LS_000001b3566ea3b0_0_16;
L_000001b3566ea3b0 .concat [ 16 4 0 0], LS_000001b3566ea3b0_1_0, LS_000001b3566ea3b0_1_4;
L_000001b3566ebd50 .part L_000001b3566eba30, 20, 12;
L_000001b3566ec390 .concat [ 12 20 0 0], L_000001b3566ebd50, L_000001b3566ea3b0;
L_000001b3566ec430 .part L_000001b3566eba30, 31, 1;
LS_000001b3566ea8b0_0_0 .concat [ 1 1 1 1], L_000001b3566ec430, L_000001b3566ec430, L_000001b3566ec430, L_000001b3566ec430;
LS_000001b3566ea8b0_0_4 .concat [ 1 1 1 1], L_000001b3566ec430, L_000001b3566ec430, L_000001b3566ec430, L_000001b3566ec430;
LS_000001b3566ea8b0_0_8 .concat [ 1 1 1 1], L_000001b3566ec430, L_000001b3566ec430, L_000001b3566ec430, L_000001b3566ec430;
LS_000001b3566ea8b0_0_12 .concat [ 1 1 1 1], L_000001b3566ec430, L_000001b3566ec430, L_000001b3566ec430, L_000001b3566ec430;
LS_000001b3566ea8b0_0_16 .concat [ 1 1 1 1], L_000001b3566ec430, L_000001b3566ec430, L_000001b3566ec430, L_000001b3566ec430;
LS_000001b3566ea8b0_1_0 .concat [ 4 4 4 4], LS_000001b3566ea8b0_0_0, LS_000001b3566ea8b0_0_4, LS_000001b3566ea8b0_0_8, LS_000001b3566ea8b0_0_12;
LS_000001b3566ea8b0_1_4 .concat [ 4 0 0 0], LS_000001b3566ea8b0_0_16;
L_000001b3566ea8b0 .concat [ 16 4 0 0], LS_000001b3566ea8b0_1_0, LS_000001b3566ea8b0_1_4;
L_000001b3566ec4d0 .part L_000001b3566eba30, 25, 7;
L_000001b3566ec7f0 .part L_000001b3566eba30, 7, 5;
L_000001b3566ec890 .concat [ 5 7 20 0], L_000001b3566ec7f0, L_000001b3566ec4d0, L_000001b3566ea8b0;
L_000001b3566ec9d0 .part L_000001b3566eba30, 31, 1;
LS_000001b3566eb0d0_0_0 .concat [ 1 1 1 1], L_000001b3566ec9d0, L_000001b3566ec9d0, L_000001b3566ec9d0, L_000001b3566ec9d0;
LS_000001b3566eb0d0_0_4 .concat [ 1 1 1 1], L_000001b3566ec9d0, L_000001b3566ec9d0, L_000001b3566ec9d0, L_000001b3566ec9d0;
LS_000001b3566eb0d0_0_8 .concat [ 1 1 1 1], L_000001b3566ec9d0, L_000001b3566ec9d0, L_000001b3566ec9d0, L_000001b3566ec9d0;
LS_000001b3566eb0d0_0_12 .concat [ 1 1 1 1], L_000001b3566ec9d0, L_000001b3566ec9d0, L_000001b3566ec9d0, L_000001b3566ec9d0;
LS_000001b3566eb0d0_0_16 .concat [ 1 1 1 0], L_000001b3566ec9d0, L_000001b3566ec9d0, L_000001b3566ec9d0;
LS_000001b3566eb0d0_1_0 .concat [ 4 4 4 4], LS_000001b3566eb0d0_0_0, LS_000001b3566eb0d0_0_4, LS_000001b3566eb0d0_0_8, LS_000001b3566eb0d0_0_12;
LS_000001b3566eb0d0_1_4 .concat [ 3 0 0 0], LS_000001b3566eb0d0_0_16;
L_000001b3566eb0d0 .concat [ 16 3 0 0], LS_000001b3566eb0d0_1_0, LS_000001b3566eb0d0_1_4;
L_000001b3566ea9f0 .part L_000001b3566eba30, 31, 1;
L_000001b3566eaa90 .part L_000001b3566eba30, 7, 1;
L_000001b3566eab30 .part L_000001b3566eba30, 25, 6;
L_000001b3566eb170 .part L_000001b3566eba30, 8, 4;
LS_000001b3566eb350_0_0 .concat [ 1 4 6 1], L_000001b3566fe0a8, L_000001b3566eb170, L_000001b3566eab30, L_000001b3566eaa90;
LS_000001b3566eb350_0_4 .concat [ 1 19 0 0], L_000001b3566ea9f0, L_000001b3566eb0d0;
L_000001b3566eb350 .concat [ 12 20 0 0], LS_000001b3566eb350_0_0, LS_000001b3566eb350_0_4;
L_000001b3566edf10 .part L_000001b3566eba30, 12, 20;
L_000001b3566ed5b0 .concat [ 12 20 0 0], L_000001b3566fe0f0, L_000001b3566edf10;
L_000001b3566eef50 .part L_000001b3566eba30, 31, 1;
LS_000001b3566eeb90_0_0 .concat [ 1 1 1 1], L_000001b3566eef50, L_000001b3566eef50, L_000001b3566eef50, L_000001b3566eef50;
LS_000001b3566eeb90_0_4 .concat [ 1 1 1 1], L_000001b3566eef50, L_000001b3566eef50, L_000001b3566eef50, L_000001b3566eef50;
LS_000001b3566eeb90_0_8 .concat [ 1 1 1 0], L_000001b3566eef50, L_000001b3566eef50, L_000001b3566eef50;
L_000001b3566eeb90 .concat [ 4 4 3 0], LS_000001b3566eeb90_0_0, LS_000001b3566eeb90_0_4, LS_000001b3566eeb90_0_8;
L_000001b3566ede70 .part L_000001b3566eba30, 31, 1;
L_000001b3566ee730 .part L_000001b3566eba30, 12, 8;
L_000001b3566ee370 .part L_000001b3566eba30, 20, 1;
L_000001b3566ef130 .part L_000001b3566eba30, 21, 10;
LS_000001b3566edab0_0_0 .concat [ 1 10 1 8], L_000001b3566fe138, L_000001b3566ef130, L_000001b3566ee370, L_000001b3566ee730;
LS_000001b3566edab0_0_4 .concat [ 1 11 0 0], L_000001b3566ede70, L_000001b3566eeb90;
L_000001b3566edab0 .concat [ 20 12 0 0], LS_000001b3566edab0_0_0, LS_000001b3566edab0_0_4;
L_000001b3566edfb0 .part L_000001b3566eba30, 20, 12;
L_000001b3566ed510 .part L_000001b3566eba30, 15, 5;
L_000001b3566eccf0 .concat [ 5 27 0 0], L_000001b3566ed510, L_000001b3566fe180;
L_000001b3566ed150 .cmp/ne 32, L_000001b3566eba30, L_000001b3566fe1c8;
L_000001b3566ee410 .part v000001b3566ce440_0, 3, 1;
L_000001b3566ed330 .part v000001b3566cd7c0_0, 11, 1;
L_000001b3566eea50 .part v000001b3566ce080_0, 11, 1;
L_000001b3566ee050 .part v000001b3566ce440_0, 3, 1;
L_000001b3566edbf0 .part v000001b3566cd7c0_0, 3, 1;
L_000001b3566eec30 .part v000001b3566ce080_0, 3, 1;
L_000001b3566ed010 .part v000001b3566ce440_0, 3, 1;
L_000001b3566eeeb0 .part v000001b3566cd7c0_0, 7, 1;
L_000001b3566edc90 .part v000001b3566ce080_0, 7, 1;
L_000001b3566ed3d0 .part v000001b3566cad40_0, 0, 16;
L_000001b3566ef1d0 .cmp/ne 2, v000001b3566d8a70_0, L_000001b3566fe210;
L_000001b3566ee230 .cmp/ne 5, v000001b3566d8d90_0, L_000001b3566fe258;
L_000001b3566ece30 .cmp/eq 2, v000001b3566d8a70_0, L_000001b3566fe2a0;
L_000001b3566eeff0 .functor MUXZ 32, v000001b3566d9fb0_0, L_000001b35656b1e0, L_000001b3566ece30, C4<>;
L_000001b3566eca70 .cmp/eq 5, v000001b3566d8d90_0, L_000001b3566eb210;
L_000001b3566ee7d0 .cmp/ne 5, L_000001b3566eb210, L_000001b3566fe2e8;
L_000001b3566ee870 .functor MUXZ 32, v000001b3566c8b80_0, L_000001b3566eeff0, L_000001b35656bdb0, C4<>;
L_000001b3566ee4b0 .cmp/eq 5, v000001b3566d8d90_0, L_000001b3566eb8f0;
L_000001b3566ed650 .cmp/ne 5, L_000001b3566eb8f0, L_000001b3566fe330;
L_000001b3566ee910 .functor MUXZ 32, v000001b3566c8a40_0, L_000001b3566eeff0, L_000001b35656b8e0, C4<>;
L_000001b3566ecc50 .cmp/eq 2, v000001b3566d8a70_0, L_000001b3566fe378;
L_000001b3566ee9b0 .cmp/eq 12, v000001b3566da9b0_0, L_000001b3566edfb0;
L_000001b3566ed6f0 .cmp/eq 2, v000001b3566d8a70_0, L_000001b3566fe3c0;
L_000001b3566ecf70 .cmp/eq 12, v000001b3566da9b0_0, L_000001b3566fe408;
L_000001b3566ee550 .functor MUXZ 32, v000001b3566cdfe0_0, v000001b3566da910_0, L_000001b35656bf00, C4<>;
L_000001b3566ecb10 .cmp/eq 7, L_000001b3566ea590, L_000001b3566fe450;
L_000001b3566ecbb0 .cmp/eq 7, L_000001b3566ea590, L_000001b3566fe498;
L_000001b3566ed830 .cmp/eq 7, L_000001b3566ea590, L_000001b3566fe4e0;
S_000001b3566bbda0 .scope function.vec4.s32, "GetCSR" "GetCSR" 5 216, 5 216 0, S_000001b3566bced0;
 .timescale -9 -12;
; Variable GetCSR is vec4 return value of scope S_000001b3566bbda0
v000001b3566c7aa0_0 .var "addr", 11 0;
TD_UART_tb.dut_tx.cpu.GetCSR ;
    %load/vec4 v000001b3566c7aa0_0;
    %dup/vec4;
    %pushi/vec4 768, 0, 12;
    %cmp/u;
    %jmp/1 T_10.75, 6;
    %dup/vec4;
    %pushi/vec4 769, 0, 12;
    %cmp/u;
    %jmp/1 T_10.76, 6;
    %dup/vec4;
    %pushi/vec4 772, 0, 12;
    %cmp/u;
    %jmp/1 T_10.77, 6;
    %dup/vec4;
    %pushi/vec4 773, 0, 12;
    %cmp/u;
    %jmp/1 T_10.78, 6;
    %dup/vec4;
    %pushi/vec4 832, 0, 12;
    %cmp/u;
    %jmp/1 T_10.79, 6;
    %dup/vec4;
    %pushi/vec4 833, 0, 12;
    %cmp/u;
    %jmp/1 T_10.80, 6;
    %dup/vec4;
    %pushi/vec4 834, 0, 12;
    %cmp/u;
    %jmp/1 T_10.81, 6;
    %dup/vec4;
    %pushi/vec4 835, 0, 12;
    %cmp/u;
    %jmp/1 T_10.82, 6;
    %dup/vec4;
    %pushi/vec4 836, 0, 12;
    %cmp/u;
    %jmp/1 T_10.83, 6;
    %dup/vec4;
    %pushi/vec4 3072, 0, 12;
    %cmp/u;
    %jmp/1 T_10.84, 6;
    %dup/vec4;
    %pushi/vec4 3074, 0, 12;
    %cmp/u;
    %jmp/1 T_10.85, 6;
    %dup/vec4;
    %pushi/vec4 3200, 0, 12;
    %cmp/u;
    %jmp/1 T_10.86, 6;
    %dup/vec4;
    %pushi/vec4 3202, 0, 12;
    %cmp/u;
    %jmp/1 T_10.87, 6;
    %pushi/vec4 0, 0, 32;
    %ret/vec4 0, 0, 32;  Assign to GetCSR (store_vec4_to_lval)
    %jmp T_10.89;
T_10.75 ;
    %load/vec4 v000001b3566ce440_0;
    %ret/vec4 0, 0, 32;  Assign to GetCSR (store_vec4_to_lval)
    %jmp T_10.89;
T_10.76 ;
    %load/vec4 v000001b3566cd720_0;
    %ret/vec4 0, 0, 32;  Assign to GetCSR (store_vec4_to_lval)
    %jmp T_10.89;
T_10.77 ;
    %load/vec4 v000001b3566cd7c0_0;
    %ret/vec4 0, 0, 32;  Assign to GetCSR (store_vec4_to_lval)
    %jmp T_10.89;
T_10.78 ;
    %load/vec4 v000001b3566cda40_0;
    %ret/vec4 0, 0, 32;  Assign to GetCSR (store_vec4_to_lval)
    %jmp T_10.89;
T_10.79 ;
    %load/vec4 v000001b3566ce1c0_0;
    %ret/vec4 0, 0, 32;  Assign to GetCSR (store_vec4_to_lval)
    %jmp T_10.89;
T_10.80 ;
    %load/vec4 v000001b3566cdfe0_0;
    %ret/vec4 0, 0, 32;  Assign to GetCSR (store_vec4_to_lval)
    %jmp T_10.89;
T_10.81 ;
    %load/vec4 v000001b3566cc460_0;
    %ret/vec4 0, 0, 32;  Assign to GetCSR (store_vec4_to_lval)
    %jmp T_10.89;
T_10.82 ;
    %load/vec4 v000001b3566ce260_0;
    %ret/vec4 0, 0, 32;  Assign to GetCSR (store_vec4_to_lval)
    %jmp T_10.89;
T_10.83 ;
    %load/vec4 v000001b3566ce080_0;
    %ret/vec4 0, 0, 32;  Assign to GetCSR (store_vec4_to_lval)
    %jmp T_10.89;
T_10.84 ;
    %load/vec4 v000001b3566cd400_0;
    %parti/s 32, 0, 2;
    %ret/vec4 0, 0, 32;  Assign to GetCSR (store_vec4_to_lval)
    %jmp T_10.89;
T_10.85 ;
    %load/vec4 v000001b3566cbc40_0;
    %parti/s 32, 0, 2;
    %ret/vec4 0, 0, 32;  Assign to GetCSR (store_vec4_to_lval)
    %jmp T_10.89;
T_10.86 ;
    %load/vec4 v000001b3566cd400_0;
    %parti/s 32, 32, 7;
    %ret/vec4 0, 0, 32;  Assign to GetCSR (store_vec4_to_lval)
    %jmp T_10.89;
T_10.87 ;
    %load/vec4 v000001b3566cbc40_0;
    %parti/s 32, 32, 7;
    %ret/vec4 0, 0, 32;  Assign to GetCSR (store_vec4_to_lval)
    %jmp T_10.89;
T_10.89 ;
    %pop/vec4 1;
    %end;
S_000001b3566bc3e0 .scope task, "SetCSR" "SetCSR" 5 238, 5 238 0, S_000001b3566bced0;
 .timescale -9 -12;
v000001b3566c6b00_0 .var "addr", 11 0;
v000001b3566c6ba0_0 .var "value", 31 0;
TD_UART_tb.dut_tx.cpu.SetCSR ;
    %load/vec4 v000001b3566c6b00_0;
    %dup/vec4;
    %pushi/vec4 768, 0, 12;
    %cmp/u;
    %jmp/1 T_11.90, 6;
    %dup/vec4;
    %pushi/vec4 772, 0, 12;
    %cmp/u;
    %jmp/1 T_11.91, 6;
    %dup/vec4;
    %pushi/vec4 773, 0, 12;
    %cmp/u;
    %jmp/1 T_11.92, 6;
    %dup/vec4;
    %pushi/vec4 832, 0, 12;
    %cmp/u;
    %jmp/1 T_11.93, 6;
    %dup/vec4;
    %pushi/vec4 833, 0, 12;
    %cmp/u;
    %jmp/1 T_11.94, 6;
    %dup/vec4;
    %pushi/vec4 834, 0, 12;
    %cmp/u;
    %jmp/1 T_11.95, 6;
    %dup/vec4;
    %pushi/vec4 835, 0, 12;
    %cmp/u;
    %jmp/1 T_11.96, 6;
    %dup/vec4;
    %pushi/vec4 836, 0, 12;
    %cmp/u;
    %jmp/1 T_11.97, 6;
    %jmp T_11.99;
T_11.90 ;
    %load/vec4 v000001b3566c6ba0_0;
    %assign/vec4 v000001b3566ce440_0, 0;
    %jmp T_11.99;
T_11.91 ;
    %load/vec4 v000001b3566c6ba0_0;
    %assign/vec4 v000001b3566cd7c0_0, 0;
    %jmp T_11.99;
T_11.92 ;
    %load/vec4 v000001b3566c6ba0_0;
    %assign/vec4 v000001b3566cda40_0, 0;
    %jmp T_11.99;
T_11.93 ;
    %load/vec4 v000001b3566c6ba0_0;
    %assign/vec4 v000001b3566ce1c0_0, 0;
    %jmp T_11.99;
T_11.94 ;
    %load/vec4 v000001b3566c6ba0_0;
    %assign/vec4 v000001b3566cdfe0_0, 0;
    %jmp T_11.99;
T_11.95 ;
    %load/vec4 v000001b3566c6ba0_0;
    %assign/vec4 v000001b3566cc460_0, 0;
    %jmp T_11.99;
T_11.96 ;
    %load/vec4 v000001b3566c6ba0_0;
    %assign/vec4 v000001b3566ce260_0, 0;
    %jmp T_11.99;
T_11.97 ;
    %load/vec4 v000001b3566c6ba0_0;
    %assign/vec4 v000001b3566ce080_0, 0;
    %jmp T_11.99;
T_11.99 ;
    %pop/vec4 1;
    %end;
S_000001b3566bc0c0 .scope module, "alu" "ALU" 5 205, 6 2 0, S_000001b3566bced0;
 .timescale -9 -12;
    .port_info 0 /INPUT 4 "alu_control";
    .port_info 1 /INPUT 32 "operand_a";
    .port_info 2 /INPUT 32 "operand_b";
    .port_info 3 /OUTPUT 32 "alu_result";
L_000001b35656bf70 .functor BUFZ 32, v000001b3566cd5e0_0, C4<00000000000000000000000000000000>, C4<00000000000000000000000000000000>, C4<00000000000000000000000000000000>;
L_000001b35656bcd0 .functor BUFZ 32, v000001b3566cd860_0, C4<00000000000000000000000000000000>, C4<00000000000000000000000000000000>, C4<00000000000000000000000000000000>;
v000001b3566c7be0_0 .net "alu_control", 3 0, v000001b3566cc1e0_0;  1 drivers
v000001b3566c7e60_0 .var "alu_result", 31 0;
v000001b3566c6c40_0 .net "operand_a", 31 0, v000001b3566cd5e0_0;  1 drivers
v000001b3566c7f00_0 .net "operand_b", 31 0, v000001b3566cd860_0;  1 drivers
v000001b3566c7460_0 .net/s "signed_a", 31 0, L_000001b35656bf70;  1 drivers
v000001b3566c7140_0 .net/s "signed_b", 31 0, L_000001b35656bcd0;  1 drivers
E_000001b3565dba30/0 .event anyedge, v000001b3566c7be0_0, v000001b3566c6c40_0, v000001b3566c7f00_0, v000001b3566c7460_0;
E_000001b3565dba30/1 .event anyedge, v000001b3566c7140_0;
E_000001b3565dba30 .event/or E_000001b3565dba30/0, E_000001b3565dba30/1;
S_000001b3566bd1f0 .scope module, "registry" "Registry" 5 184, 7 3 0, S_000001b3566bced0;
 .timescale -9 -12;
    .port_info 0 /INPUT 1 "clk";
    .port_info 1 /INPUT 1 "rst";
    .port_info 2 /INPUT 5 "rs1_addr";
    .port_info 3 /INPUT 5 "rs2_addr";
    .port_info 4 /INPUT 5 "rd_addr";
    .port_info 5 /INPUT 32 "rd_data";
    .port_info 6 /INPUT 1 "reg_write_enable";
    .port_info 7 /OUTPUT 32 "rs1_data";
    .port_info 8 /OUTPUT 32 "rs2_data";
v000001b3566c6e20_0 .net "clk", 0 0, v000001b3566ec070_0;  alias, 1 drivers
v000001b3566c8040_0 .net "rd_addr", 4 0, v000001b3566c9e40_0;  1 drivers
v000001b3566c8180_0 .net "rd_data", 31 0, v000001b3566c8ae0_0;  1 drivers
v000001b3566c6f60_0 .net "reg_write_enable", 0 0, v000001b3566c9760_0;  1 drivers
v000001b3566c7000 .array "registers", 0 31, 31 0;
v000001b3566c99e0_0 .net "rs1_addr", 4 0, v000001b3566cd900_0;  1 drivers
v000001b3566c8b80_0 .var "rs1_data", 31 0;
v000001b3566ca2a0_0 .net "rs2_addr", 4 0, v000001b3566cd9a0_0;  1 drivers
v000001b3566c8a40_0 .var "rs2_data", 31 0;
v000001b3566c9f80_0 .net "rst", 0 0, v000001b3566eb030_0;  alias, 1 drivers
v000001b3566c7000_0 .array/port v000001b3566c7000, 0;
v000001b3566c7000_1 .array/port v000001b3566c7000, 1;
v000001b3566c7000_2 .array/port v000001b3566c7000, 2;
E_000001b3565dbff0/0 .event anyedge, v000001b3566c99e0_0, v000001b3566c7000_0, v000001b3566c7000_1, v000001b3566c7000_2;
v000001b3566c7000_3 .array/port v000001b3566c7000, 3;
v000001b3566c7000_4 .array/port v000001b3566c7000, 4;
v000001b3566c7000_5 .array/port v000001b3566c7000, 5;
v000001b3566c7000_6 .array/port v000001b3566c7000, 6;
E_000001b3565dbff0/1 .event anyedge, v000001b3566c7000_3, v000001b3566c7000_4, v000001b3566c7000_5, v000001b3566c7000_6;
v000001b3566c7000_7 .array/port v000001b3566c7000, 7;
v000001b3566c7000_8 .array/port v000001b3566c7000, 8;
v000001b3566c7000_9 .array/port v000001b3566c7000, 9;
v000001b3566c7000_10 .array/port v000001b3566c7000, 10;
E_000001b3565dbff0/2 .event anyedge, v000001b3566c7000_7, v000001b3566c7000_8, v000001b3566c7000_9, v000001b3566c7000_10;
v000001b3566c7000_11 .array/port v000001b3566c7000, 11;
v000001b3566c7000_12 .array/port v000001b3566c7000, 12;
v000001b3566c7000_13 .array/port v000001b3566c7000, 13;
v000001b3566c7000_14 .array/port v000001b3566c7000, 14;
E_000001b3565dbff0/3 .event anyedge, v000001b3566c7000_11, v000001b3566c7000_12, v000001b3566c7000_13, v000001b3566c7000_14;
v000001b3566c7000_15 .array/port v000001b3566c7000, 15;
v000001b3566c7000_16 .array/port v000001b3566c7000, 16;
v000001b3566c7000_17 .array/port v000001b3566c7000, 17;
v000001b3566c7000_18 .array/port v000001b3566c7000, 18;
E_000001b3565dbff0/4 .event anyedge, v000001b3566c7000_15, v000001b3566c7000_16, v000001b3566c7000_17, v000001b3566c7000_18;
v000001b3566c7000_19 .array/port v000001b3566c7000, 19;
v000001b3566c7000_20 .array/port v000001b3566c7000, 20;
v000001b3566c7000_21 .array/port v000001b3566c7000, 21;
v000001b3566c7000_22 .array/port v000001b3566c7000, 22;
E_000001b3565dbff0/5 .event anyedge, v000001b3566c7000_19, v000001b3566c7000_20, v000001b3566c7000_21, v000001b3566c7000_22;
v000001b3566c7000_23 .array/port v000001b3566c7000, 23;
v000001b3566c7000_24 .array/port v000001b3566c7000, 24;
v000001b3566c7000_25 .array/port v000001b3566c7000, 25;
v000001b3566c7000_26 .array/port v000001b3566c7000, 26;
E_000001b3565dbff0/6 .event anyedge, v000001b3566c7000_23, v000001b3566c7000_24, v000001b3566c7000_25, v000001b3566c7000_26;
v000001b3566c7000_27 .array/port v000001b3566c7000, 27;
v000001b3566c7000_28 .array/port v000001b3566c7000, 28;
v000001b3566c7000_29 .array/port v000001b3566c7000, 29;
v000001b3566c7000_30 .array/port v000001b3566c7000, 30;
E_000001b3565dbff0/7 .event anyedge, v000001b3566c7000_27, v000001b3566c7000_28, v000001b3566c7000_29, v000001b3566c7000_30;
v000001b3566c7000_31 .array/port v000001b3566c7000, 31;
E_000001b3565dbff0/8 .event anyedge, v000001b3566c7000_31, v000001b3566ca2a0_0;
E_000001b3565dbff0 .event/or E_000001b3565dbff0/0, E_000001b3565dbff0/1, E_000001b3565dbff0/2, E_000001b3565dbff0/3, E_000001b3565dbff0/4, E_000001b3565dbff0/5, E_000001b3565dbff0/6, E_000001b3565dbff0/7, E_000001b3565dbff0/8;
S_000001b3566bb8f0 .scope begin, "rst_loop" "rst_loop" 7 24, 7 24 0, S_000001b3566bd1f0;
 .timescale -9 -12;
v000001b3566c6d80_0 .var/i "i", 31 0;
S_000001b3566bba80 .scope module, "gpio_bank" "GPIO" 3 124, 8 27 0, S_000001b3566bc890;
 .timescale -9 -12;
    .port_info 0 /INPUT 1 "clk";
    .port_info 1 /INPUT 1 "rst";
    .port_info 2 /INPUT 32 "pin_in";
    .port_info 3 /OUTPUT 32 "pin_out";
    .port_info 4 /INPUT 4 "waddr";
    .port_info 5 /INPUT 1 "we";
    .port_info 6 /INPUT 32 "wdata";
    .port_info 7 /INPUT 4 "raddr";
    .port_info 8 /OUTPUT 32 "rdata";
    .port_info 9 /OUTPUT 1 "irq";
P_000001b3566f39d0 .param/l "SLOT_CLR" 1 8 50, C4<0100>;
P_000001b3566f3a08 .param/l "SLOT_DATA_IN" 1 8 46, C4<0000>;
P_000001b3566f3a40 .param/l "SLOT_DATA_OUT" 1 8 47, C4<0001>;
P_000001b3566f3a78 .param/l "SLOT_DIR" 1 8 48, C4<0010>;
P_000001b3566f3ab0 .param/l "SLOT_INT_ENABLE" 1 8 51, C4<0101>;
P_000001b3566f3ae8 .param/l "SLOT_INT_FALL_EN" 1 8 53, C4<0111>;
P_000001b3566f3b20 .param/l "SLOT_INT_PENDING" 1 8 54, C4<1000>;
P_000001b3566f3b58 .param/l "SLOT_INT_RISE_EN" 1 8 52, C4<0110>;
P_000001b3566f3b90 .param/l "SLOT_SET" 1 8 49, C4<0011>;
P_000001b3566f3bc8 .param/l "WIDTH" 0 8 28, +C4<00000000000000000000000000100000>;
L_000001b356568540 .functor NOT 32, v000001b3566d9290_0, C4<00000000000000000000000000000000>, C4<00000000000000000000000000000000>, C4<00000000000000000000000000000000>;
L_000001b3565685b0 .functor AND 32, v000001b3566d96f0_0, L_000001b356568540, C4<11111111111111111111111111111111>, C4<11111111111111111111111111111111>;
L_000001b356568700 .functor NOT 32, v000001b3566d96f0_0, C4<00000000000000000000000000000000>, C4<00000000000000000000000000000000>, C4<00000000000000000000000000000000>;
L_000001b356568e70 .functor AND 32, L_000001b356568700, v000001b3566d9290_0, C4<11111111111111111111111111111111>, C4<11111111111111111111111111111111>;
L_000001b356569490 .functor AND 32, v000001b3566da5f0_0, L_000001b3565685b0, C4<11111111111111111111111111111111>, C4<11111111111111111111111111111111>;
L_000001b356569570 .functor AND 32, v000001b3566dacd0_0, L_000001b356568e70, C4<11111111111111111111111111111111>, C4<11111111111111111111111111111111>;
L_000001b3563f73c0 .functor OR 32, L_000001b356569490, L_000001b356569570, C4<00000000000000000000000000000000>, C4<00000000000000000000000000000000>;
L_000001b3563f74a0 .functor AND 32, v000001b3566da2d0_0, L_000001b3563f73c0, C4<11111111111111111111111111111111>, C4<11111111111111111111111111111111>;
L_000001b3563f7660 .functor AND 32, v000001b3566ca160_0, v000001b3566db090_0, C4<11111111111111111111111111111111>, C4<11111111111111111111111111111111>;
L_000001b3563f7890 .functor AND 1, L_000001b35656be20, L_000001b3566ee0f0, C4<1>, C4<1>;
L_000001b3563f46b0 .functor BUFZ 32, v000001b3566daff0_0, C4<00000000000000000000000000000000>, C4<00000000000000000000000000000000>, C4<00000000000000000000000000000000>;
v000001b3566da050_0 .net *"_ivl_0", 31 0, L_000001b356568540;  1 drivers
v000001b3566d8c50_0 .net *"_ivl_10", 31 0, L_000001b356569570;  1 drivers
v000001b3566da0f0_0 .net *"_ivl_12", 31 0, L_000001b3563f73c0;  1 drivers
L_000001b3566fe6d8 .functor BUFT 1, C4<1000>, C4<0>, C4<0>, C4<0>;
v000001b3566d9dd0_0 .net/2u *"_ivl_18", 3 0, L_000001b3566fe6d8;  1 drivers
v000001b3566daaf0_0 .net *"_ivl_20", 0 0, L_000001b3566ee0f0;  1 drivers
v000001b3566da190_0 .net *"_ivl_23", 0 0, L_000001b3563f7890;  1 drivers
L_000001b3566fe720 .functor BUFT 1, C4<00000000000000000000000000000000>, C4<0>, C4<0>, C4<0>;
v000001b3566d8e30_0 .net/2u *"_ivl_24", 31 0, L_000001b3566fe720;  1 drivers
v000001b3566daf50_0 .net *"_ivl_4", 31 0, L_000001b356568700;  1 drivers
v000001b3566d8f70_0 .net *"_ivl_8", 31 0, L_000001b356569490;  1 drivers
v000001b3566dab90_0 .net "clk", 0 0, v000001b3566ec070_0;  alias, 1 drivers
v000001b3566daff0_0 .var "data_out", 31 0;
v000001b3566db090_0 .var "dir", 31 0;
v000001b3566d8b10_0 .net "edge_fire", 31 0, L_000001b3563f74a0;  1 drivers
v000001b3566d8ed0_0 .net "falling_edge", 31 0, L_000001b356568e70;  1 drivers
v000001b3566da2d0_0 .var "int_enable", 31 0;
v000001b3566dacd0_0 .var "int_fall_en", 31 0;
v000001b3566da7d0_0 .var "int_pending", 31 0;
v000001b3566da5f0_0 .var "int_rise_en", 31 0;
v000001b3566d9010_0 .net "irq", 0 0, L_000001b3566ed8d0;  alias, 1 drivers
v000001b3566da730_0 .net "pending_clear", 31 0, L_000001b3566ed470;  1 drivers
v000001b3566d95b0_0 .net "pin_in", 31 0, L_000001b3566ffc38;  alias, 1 drivers
v000001b3566da370_0 .net "pin_out", 31 0, L_000001b3563f46b0;  alias, 1 drivers
v000001b3566d90b0_0 .net "raddr", 3 0, L_000001b3566ecd90;  alias, 1 drivers
v000001b3566da690_0 .var "rdata", 31 0;
v000001b3566d9150_0 .net "rising_edge", 31 0, L_000001b3565685b0;  1 drivers
v000001b3566dac30_0 .net "rst", 0 0, v000001b3566eb030_0;  alias, 1 drivers
v000001b3566d91f0_0 .var "sync0", 31 0;
v000001b3566d96f0_0 .var "sync1", 31 0;
v000001b3566d9290_0 .var "sync1_d", 31 0;
v000001b3566d9330_0 .net "waddr", 3 0, L_000001b3566ed1f0;  alias, 1 drivers
v000001b3566d93d0_0 .net "wdata", 31 0, v000001b3566ca160_0;  alias, 1 drivers
v000001b3566d9510_0 .net "we", 0 0, L_000001b35656be20;  alias, 1 drivers
v000001b3566dad70_0 .net "write_mask", 31 0, L_000001b3563f7660;  1 drivers
E_000001b3565db830/0 .event anyedge, v000001b3566d90b0_0, v000001b3566d96f0_0, v000001b3566daff0_0, v000001b3566db090_0;
E_000001b3565db830/1 .event anyedge, v000001b3566da2d0_0, v000001b3566da5f0_0, v000001b3566dacd0_0, v000001b3566da7d0_0;
E_000001b3565db830 .event/or E_000001b3565db830/0, E_000001b3565db830/1;
L_000001b3566ee0f0 .cmp/eq 4, L_000001b3566ed1f0, L_000001b3566fe6d8;
L_000001b3566ed470 .functor MUXZ 32, L_000001b3566fe720, v000001b3566ca160_0, L_000001b3563f7890, C4<>;
L_000001b3566ed8d0 .reduce/or v000001b3566da7d0_0;
S_000001b3566bca20 .scope module, "uart0" "UART" 3 136, 9 22 0, S_000001b3566bc890;
 .timescale -9 -12;
    .port_info 0 /INPUT 1 "clk";
    .port_info 1 /INPUT 1 "rst";
    .port_info 2 /INPUT 1 "rx";
    .port_info 3 /OUTPUT 1 "tx";
    .port_info 4 /INPUT 1 "wr_en";
    .port_info 5 /INPUT 8 "wr_data";
    .port_info 6 /INPUT 1 "rd_data_en";
    .port_info 7 /INPUT 1 "ier_wr_en";
    .port_info 8 /INPUT 3 "ier_wr_data";
    .port_info 9 /INPUT 2 "reg_sel";
    .port_info 10 /OUTPUT 32 "rdata";
    .port_info 11 /OUTPUT 1 "irq";
P_000001b3566f3c10 .param/l "CLKS_PER_BIT" 0 9 23, +C4<00000000000000000000000000001000>;
P_000001b3566f3c48 .param/l "RX_DATA" 1 9 71, C4<10>;
P_000001b3566f3c80 .param/l "RX_IDLE" 1 9 71, C4<00>;
P_000001b3566f3cb8 .param/l "RX_START" 1 9 71, C4<01>;
P_000001b3566f3cf0 .param/l "RX_STOP" 1 9 71, C4<11>;
P_000001b3566f3d28 .param/l "TX_DATA" 1 9 62, C4<10>;
P_000001b3566f3d60 .param/l "TX_IDLE" 1 9 62, C4<00>;
P_000001b3566f3d98 .param/l "TX_START" 1 9 62, C4<01>;
P_000001b3566f3dd0 .param/l "TX_STOP" 1 9 62, C4<11>;
L_000001b3563f5600 .functor AND 1, L_000001b3566eee10, L_000001b3566f0df0, C4<1>, C4<1>;
L_000001b3563f4f00 .functor AND 1, L_000001b3566f0990, L_000001b3566f0210, C4<1>, C4<1>;
L_000001b3563f56e0 .functor AND 1, L_000001b3563f4f00, L_000001b3566f16b0, C4<1>, C4<1>;
L_000001b3563f41e0 .functor BUFZ 8, L_000001b3566f0670, C4<00000000>, C4<00000000>, C4<00000000>;
L_000001b3563f5360 .functor AND 1, L_000001b3566eddd0, L_000001b3566efc70, C4<1>, C4<1>;
L_000001b3563f5210 .functor AND 1, L_000001b3566efd10, L_000001b3566f0f30, C4<1>, C4<1>;
L_000001b3563f4870 .functor AND 1, L_000001b3566f1930, L_000001b3563f5360, C4<1>, C4<1>;
L_000001b3563f6fd0 .functor OR 1, L_000001b3563f5210, L_000001b3563f4870, C4<0>, C4<0>;
L_000001b3563f5c20 .functor AND 1, L_000001b3566f11b0, L_000001b3566ee190, C4<1>, C4<1>;
L_000001b3563f5c90 .functor OR 1, L_000001b3563f6fd0, L_000001b3563f5c20, C4<0>, C4<0>;
L_000001b3566fe768 .functor BUFT 1, C4<1000>, C4<0>, C4<0>, C4<0>;
v000001b3566d9790_0 .net/2u *"_ivl_0", 3 0, L_000001b3566fe768;  1 drivers
v000001b3566da410_0 .net *"_ivl_100", 0 0, L_000001b3563f5c20;  1 drivers
L_000001b3566fe840 .functor BUFT 1, C4<0000>, C4<0>, C4<0>, C4<0>;
v000001b3566d9830_0 .net/2u *"_ivl_12", 3 0, L_000001b3566fe840;  1 drivers
L_000001b3566fe888 .functor BUFT 1, C4<00>, C4<0>, C4<0>, C4<0>;
v000001b3566d9d30_0 .net/2u *"_ivl_16", 1 0, L_000001b3566fe888;  1 drivers
v000001b3566d98d0_0 .net *"_ivl_18", 0 0, L_000001b3566eee10;  1 drivers
v000001b3566d9ab0_0 .net *"_ivl_21", 0 0, L_000001b3566f0df0;  1 drivers
L_000001b3566fe8d0 .functor BUFT 1, C4<11>, C4<0>, C4<0>, C4<0>;
v000001b3566d9b50_0 .net/2u *"_ivl_24", 1 0, L_000001b3566fe8d0;  1 drivers
v000001b3566d9bf0_0 .net *"_ivl_26", 0 0, L_000001b3566f0990;  1 drivers
v000001b3566d9c90_0 .net *"_ivl_28", 31 0, L_000001b3566f0c10;  1 drivers
L_000001b3566fe918 .functor BUFT 1, C4<0000000000000000>, C4<0>, C4<0>, C4<0>;
v000001b3566dc2b0_0 .net *"_ivl_31", 15 0, L_000001b3566fe918;  1 drivers
L_000001b3566fe960 .functor BUFT 1, C4<00000000000000000000000000000111>, C4<0>, C4<0>, C4<0>;
v000001b3566dd610_0 .net/2u *"_ivl_32", 31 0, L_000001b3566fe960;  1 drivers
v000001b3566dc210_0 .net *"_ivl_34", 0 0, L_000001b3566f0210;  1 drivers
v000001b3566dd7f0_0 .net *"_ivl_37", 0 0, L_000001b3563f4f00;  1 drivers
v000001b3566dbbd0_0 .net *"_ivl_39", 0 0, L_000001b3566f16b0;  1 drivers
L_000001b3566fe7b0 .functor BUFT 1, C4<0000>, C4<0>, C4<0>, C4<0>;
v000001b3566dbd10_0 .net/2u *"_ivl_4", 3 0, L_000001b3566fe7b0;  1 drivers
v000001b3566dd2f0_0 .net *"_ivl_44", 7 0, L_000001b3566f0670;  1 drivers
v000001b3566dc030_0 .net *"_ivl_46", 4 0, L_000001b3566f1570;  1 drivers
L_000001b3566fe9a8 .functor BUFT 1, C4<00>, C4<0>, C4<0>, C4<0>;
v000001b3566dd750_0 .net *"_ivl_49", 1 0, L_000001b3566fe9a8;  1 drivers
L_000001b3566fe9f0 .functor BUFT 1, C4<00>, C4<0>, C4<0>, C4<0>;
v000001b3566db950_0 .net/2u *"_ivl_52", 1 0, L_000001b3566fe9f0;  1 drivers
v000001b3566dcb70_0 .net *"_ivl_54", 0 0, L_000001b3566efc70;  1 drivers
L_000001b3566fea38 .functor BUFT 1, C4<0000000000000000000000000000>, C4<0>, C4<0>, C4<0>;
v000001b3566dbdb0_0 .net/2u *"_ivl_58", 27 0, L_000001b3566fea38;  1 drivers
v000001b3566dcc10_0 .net *"_ivl_61", 0 0, L_000001b3566ef270;  1 drivers
v000001b3566dc990_0 .net *"_ivl_63", 0 0, L_000001b3566ef3b0;  1 drivers
L_000001b3566fea80 .functor BUFT 1, C4<00000000000000000000000000000>, C4<0>, C4<0>, C4<0>;
v000001b3566dd890_0 .net/2u *"_ivl_66", 28 0, L_000001b3566fea80;  1 drivers
L_000001b3566feac8 .functor BUFT 1, C4<01>, C4<0>, C4<0>, C4<0>;
v000001b3566dd250_0 .net/2u *"_ivl_70", 1 0, L_000001b3566feac8;  1 drivers
v000001b3566dbef0_0 .net *"_ivl_72", 0 0, L_000001b3566f0a30;  1 drivers
L_000001b3566feb10 .functor BUFT 1, C4<10>, C4<0>, C4<0>, C4<0>;
v000001b3566dcad0_0 .net/2u *"_ivl_74", 1 0, L_000001b3566feb10;  1 drivers
v000001b3566dcdf0_0 .net *"_ivl_76", 0 0, L_000001b3566ef630;  1 drivers
L_000001b3566feb58 .functor BUFT 1, C4<000000000000000000000000>, C4<0>, C4<0>, C4<0>;
v000001b3566dd930_0 .net/2u *"_ivl_78", 23 0, L_000001b3566feb58;  1 drivers
L_000001b3566fe7f8 .functor BUFT 1, C4<1000>, C4<0>, C4<0>, C4<0>;
v000001b3566dbe50_0 .net/2u *"_ivl_8", 3 0, L_000001b3566fe7f8;  1 drivers
v000001b3566dbf90_0 .net *"_ivl_80", 31 0, L_000001b3566ef8b0;  1 drivers
v000001b3566dca30_0 .net *"_ivl_82", 31 0, L_000001b3566ef810;  1 drivers
v000001b3566dd9d0_0 .net *"_ivl_87", 0 0, L_000001b3566efd10;  1 drivers
v000001b3566dc0d0_0 .net *"_ivl_89", 0 0, L_000001b3566f0f30;  1 drivers
v000001b3566dc350_0 .net *"_ivl_90", 0 0, L_000001b3563f5210;  1 drivers
v000001b3566dc170_0 .net *"_ivl_93", 0 0, L_000001b3566f1930;  1 drivers
v000001b3566dc8f0_0 .net *"_ivl_94", 0 0, L_000001b3563f4870;  1 drivers
v000001b3566dcd50_0 .net *"_ivl_96", 0 0, L_000001b3563f6fd0;  1 drivers
v000001b3566db3b0_0 .net *"_ivl_99", 0 0, L_000001b3566f11b0;  1 drivers
v000001b3566dccb0_0 .net "clk", 0 0, v000001b3566ec070_0;  alias, 1 drivers
v000001b3566dd6b0_0 .var "ier", 2 0;
v000001b3566dc3f0_0 .net "ier_word", 31 0, L_000001b3566f1250;  1 drivers
v000001b3566dd110_0 .net "ier_wr_data", 2 0, L_000001b3566f1110;  1 drivers
v000001b3566dc490_0 .net "ier_wr_en", 0 0, L_000001b3563f6320;  1 drivers
v000001b3566dce90_0 .net "irq", 0 0, L_000001b3563f5c90;  alias, 1 drivers
v000001b3566db270_0 .net "rd_data_en", 0 0, L_000001b3563f5de0;  1 drivers
v000001b3566dc670_0 .net "rdata", 31 0, L_000001b3566ef950;  alias, 1 drivers
v000001b3566dd1b0_0 .net "reg_sel", 1 0, L_000001b3566eda10;  alias, 1 drivers
v000001b3566dd390_0 .net "rst", 0 0, v000001b3566eb030_0;  alias, 1 drivers
v000001b3566db630_0 .net "rx", 0 0, L_000001b3566ef6d0;  1 drivers
v000001b3566dc530_0 .var "rx_baud", 15 0;
v000001b3566db310_0 .var "rx_bit", 2 0;
v000001b3566db4f0_0 .var "rx_cnt", 3 0;
v000001b3566db450_0 .net "rx_empty", 0 0, L_000001b3566ee2d0;  1 drivers
v000001b3566dc710_0 .net "rx_full", 0 0, L_000001b3566ee190;  1 drivers
v000001b3566dc5d0_0 .net "rx_head", 7 0, L_000001b3563f41e0;  1 drivers
v000001b3566dc7b0_0 .net "rx_push", 0 0, L_000001b3563f56e0;  1 drivers
v000001b3566dcf30_0 .var "rx_rd", 2 0;
v000001b3566db590_0 .var "rx_s1", 0 0;
v000001b3566db6d0_0 .var "rx_s2", 0 0;
v000001b3566dc850_0 .var "rx_shift", 7 0;
v000001b3566dcfd0_0 .var "rx_state", 1 0;
v000001b3566dd430_0 .var "rx_wr", 2 0;
v000001b3566dd070 .array "rxbuf", 7 0, 7 0;
v000001b3566dd4d0_0 .net "status", 31 0, L_000001b3566f14d0;  1 drivers
v000001b3566db770_0 .net "tx", 0 0, v000001b3566dbc70_0;  1 drivers
v000001b3566dd570_0 .var "tx_baud", 15 0;
v000001b3566db810_0 .var "tx_bit", 2 0;
v000001b3566db8b0_0 .var "tx_cnt", 3 0;
v000001b3566db9f0_0 .net "tx_empty", 0 0, L_000001b3566eddd0;  1 drivers
v000001b3566dba90_0 .net "tx_full", 0 0, L_000001b3566edb50;  1 drivers
v000001b3566dbb30_0 .net "tx_idle_empty", 0 0, L_000001b3563f5360;  1 drivers
v000001b3566dbc70_0 .var "tx_line", 0 0;
v000001b3566de6f0_0 .net "tx_pop", 0 0, L_000001b3563f5600;  1 drivers
v000001b3566df2d0_0 .var "tx_rd", 2 0;
v000001b3566df5f0_0 .var "tx_shift", 7 0;
v000001b3566df730_0 .var "tx_state", 1 0;
v000001b3566dee70_0 .var "tx_wr", 2 0;
v000001b3566debf0 .array "txbuf", 7 0, 7 0;
v000001b3566df190_0 .net "wr_data", 7 0, L_000001b3566f0710;  1 drivers
v000001b3566dfff0_0 .net "wr_en", 0 0, L_000001b3563f62b0;  1 drivers
L_000001b3566edb50 .cmp/eq 4, v000001b3566db8b0_0, L_000001b3566fe768;
L_000001b3566eddd0 .cmp/eq 4, v000001b3566db8b0_0, L_000001b3566fe7b0;
L_000001b3566ee190 .cmp/eq 4, v000001b3566db4f0_0, L_000001b3566fe7f8;
L_000001b3566ee2d0 .cmp/eq 4, v000001b3566db4f0_0, L_000001b3566fe840;
L_000001b3566eee10 .cmp/eq 2, v000001b3566df730_0, L_000001b3566fe888;
L_000001b3566f0df0 .reduce/nor L_000001b3566eddd0;
L_000001b3566f0990 .cmp/eq 2, v000001b3566dcfd0_0, L_000001b3566fe8d0;
L_000001b3566f0c10 .concat [ 16 16 0 0], v000001b3566dc530_0, L_000001b3566fe918;
L_000001b3566f0210 .cmp/eq 32, L_000001b3566f0c10, L_000001b3566fe960;
L_000001b3566f16b0 .reduce/nor L_000001b3566ee190;
L_000001b3566f0670 .array/port v000001b3566dd070, L_000001b3566f1570;
L_000001b3566f1570 .concat [ 3 2 0 0], v000001b3566dcf30_0, L_000001b3566fe9a8;
L_000001b3566efc70 .cmp/eq 2, v000001b3566df730_0, L_000001b3566fe9f0;
L_000001b3566ef270 .reduce/nor L_000001b3566ee2d0;
L_000001b3566ef3b0 .reduce/nor L_000001b3566edb50;
LS_000001b3566f14d0_0_0 .concat [ 1 1 1 1], L_000001b3566ef3b0, L_000001b3563f5360, L_000001b3566ef270, L_000001b3566ee190;
LS_000001b3566f14d0_0_4 .concat [ 28 0 0 0], L_000001b3566fea38;
L_000001b3566f14d0 .concat [ 4 28 0 0], LS_000001b3566f14d0_0_0, LS_000001b3566f14d0_0_4;
L_000001b3566f1250 .concat [ 3 29 0 0], v000001b3566dd6b0_0, L_000001b3566fea80;
L_000001b3566f0a30 .cmp/eq 2, L_000001b3566eda10, L_000001b3566feac8;
L_000001b3566ef630 .cmp/eq 2, L_000001b3566eda10, L_000001b3566feb10;
L_000001b3566ef8b0 .concat [ 8 24 0 0], L_000001b3563f41e0, L_000001b3566feb58;
L_000001b3566ef810 .functor MUXZ 32, L_000001b3566ef8b0, L_000001b3566f1250, L_000001b3566ef630, C4<>;
L_000001b3566ef950 .functor MUXZ 32, L_000001b3566ef810, L_000001b3566f14d0, L_000001b3566f0a30, C4<>;
L_000001b3566efd10 .part v000001b3566dd6b0_0, 0, 1;
L_000001b3566f0f30 .reduce/nor L_000001b3566ee2d0;
L_000001b3566f1930 .part v000001b3566dd6b0_0, 1, 1;
L_000001b3566f11b0 .part v000001b3566dd6b0_0, 2, 1;
S_000001b3566bbc10 .scope module, "uart1" "UART" 3 143, 9 22 0, S_000001b3566bc890;
 .timescale -9 -12;
    .port_info 0 /INPUT 1 "clk";
    .port_info 1 /INPUT 1 "rst";
    .port_info 2 /INPUT 1 "rx";
    .port_info 3 /OUTPUT 1 "tx";
    .port_info 4 /INPUT 1 "wr_en";
    .port_info 5 /INPUT 8 "wr_data";
    .port_info 6 /INPUT 1 "rd_data_en";
    .port_info 7 /INPUT 1 "ier_wr_en";
    .port_info 8 /INPUT 3 "ier_wr_data";
    .port_info 9 /INPUT 2 "reg_sel";
    .port_info 10 /OUTPUT 32 "rdata";
    .port_info 11 /OUTPUT 1 "irq";
P_000001b3566f3e10 .param/l "CLKS_PER_BIT" 0 9 23, +C4<00000000000000000000000000001000>;
P_000001b3566f3e48 .param/l "RX_DATA" 1 9 71, C4<10>;
P_000001b3566f3e80 .param/l "RX_IDLE" 1 9 71, C4<00>;
P_000001b3566f3eb8 .param/l "RX_START" 1 9 71, C4<01>;
P_000001b3566f3ef0 .param/l "RX_STOP" 1 9 71, C4<11>;
P_000001b3566f3f28 .param/l "TX_DATA" 1 9 62, C4<10>;
P_000001b3566f3f60 .param/l "TX_IDLE" 1 9 62, C4<00>;
P_000001b3566f3f98 .param/l "TX_START" 1 9 62, C4<01>;
P_000001b3566f3fd0 .param/l "TX_STOP" 1 9 62, C4<11>;
L_000001b3564c3bf0 .functor AND 1, L_000001b3566efe50, L_000001b3566f03f0, C4<1>, C4<1>;
L_000001b3564c3870 .functor AND 1, L_000001b3566f1610, L_000001b3566efdb0, C4<1>, C4<1>;
L_000001b3564c3950 .functor AND 1, L_000001b3564c3870, L_000001b3566ef450, C4<1>, C4<1>;
L_000001b3564c13b0 .functor BUFZ 8, L_000001b3566f0d50, C4<00000000>, C4<00000000>, C4<00000000>;
L_000001b3564c1340 .functor AND 1, L_000001b3566f07b0, L_000001b3566f1070, C4<1>, C4<1>;
L_000001b3564c04d0 .functor AND 1, L_000001b3566f1750, L_000001b3566eff90, C4<1>, C4<1>;
L_000001b3564c0c40 .functor AND 1, L_000001b3566f12f0, L_000001b3564c1340, C4<1>, C4<1>;
L_000001b3564c0cb0 .functor OR 1, L_000001b3564c04d0, L_000001b3564c0c40, C4<0>, C4<0>;
L_000001b3564c1490 .functor AND 1, L_000001b3566f0030, L_000001b3566f0e90, C4<1>, C4<1>;
L_000001b3564c2ed0 .functor OR 1, L_000001b3564c0cb0, L_000001b3564c1490, C4<0>, C4<0>;
L_000001b3566fec78 .functor BUFT 1, C4<1000>, C4<0>, C4<0>, C4<0>;
v000001b3566dff50_0 .net/2u *"_ivl_0", 3 0, L_000001b3566fec78;  1 drivers
v000001b3566ddcf0_0 .net *"_ivl_100", 0 0, L_000001b3564c1490;  1 drivers
L_000001b3566fed50 .functor BUFT 1, C4<0000>, C4<0>, C4<0>, C4<0>;
v000001b3566de3d0_0 .net/2u *"_ivl_12", 3 0, L_000001b3566fed50;  1 drivers
L_000001b3566fed98 .functor BUFT 1, C4<00>, C4<0>, C4<0>, C4<0>;
v000001b3566ddbb0_0 .net/2u *"_ivl_16", 1 0, L_000001b3566fed98;  1 drivers
v000001b3566de0b0_0 .net *"_ivl_18", 0 0, L_000001b3566efe50;  1 drivers
v000001b3566dfa50_0 .net *"_ivl_21", 0 0, L_000001b3566f03f0;  1 drivers
L_000001b3566fede0 .functor BUFT 1, C4<11>, C4<0>, C4<0>, C4<0>;
v000001b3566de510_0 .net/2u *"_ivl_24", 1 0, L_000001b3566fede0;  1 drivers
v000001b3566df370_0 .net *"_ivl_26", 0 0, L_000001b3566f1610;  1 drivers
v000001b3566dfcd0_0 .net *"_ivl_28", 31 0, L_000001b3566f0170;  1 drivers
L_000001b3566fee28 .functor BUFT 1, C4<0000000000000000>, C4<0>, C4<0>, C4<0>;
v000001b3566df230_0 .net *"_ivl_31", 15 0, L_000001b3566fee28;  1 drivers
L_000001b3566fee70 .functor BUFT 1, C4<00000000000000000000000000000111>, C4<0>, C4<0>, C4<0>;
v000001b3566df550_0 .net/2u *"_ivl_32", 31 0, L_000001b3566fee70;  1 drivers
v000001b3566e01d0_0 .net *"_ivl_34", 0 0, L_000001b3566efdb0;  1 drivers
v000001b3566df7d0_0 .net *"_ivl_37", 0 0, L_000001b3564c3870;  1 drivers
v000001b3566e0130_0 .net *"_ivl_39", 0 0, L_000001b3566ef450;  1 drivers
L_000001b3566fecc0 .functor BUFT 1, C4<0000>, C4<0>, C4<0>, C4<0>;
v000001b3566df410_0 .net/2u *"_ivl_4", 3 0, L_000001b3566fecc0;  1 drivers
v000001b3566de5b0_0 .net *"_ivl_44", 7 0, L_000001b3566f0d50;  1 drivers
v000001b3566de650_0 .net *"_ivl_46", 4 0, L_000001b3566f0cb0;  1 drivers
L_000001b3566feeb8 .functor BUFT 1, C4<00>, C4<0>, C4<0>, C4<0>;
v000001b3566de150_0 .net *"_ivl_49", 1 0, L_000001b3566feeb8;  1 drivers
L_000001b3566fef00 .functor BUFT 1, C4<00>, C4<0>, C4<0>, C4<0>;
v000001b3566df4b0_0 .net/2u *"_ivl_52", 1 0, L_000001b3566fef00;  1 drivers
v000001b3566de010_0 .net *"_ivl_54", 0 0, L_000001b3566f1070;  1 drivers
L_000001b3566fef48 .functor BUFT 1, C4<0000000000000000000000000000>, C4<0>, C4<0>, C4<0>;
v000001b3566de790_0 .net/2u *"_ivl_58", 27 0, L_000001b3566fef48;  1 drivers
v000001b3566dda70_0 .net *"_ivl_61", 0 0, L_000001b3566f0b70;  1 drivers
v000001b3566de1f0_0 .net *"_ivl_63", 0 0, L_000001b3566efa90;  1 drivers
L_000001b3566fef90 .functor BUFT 1, C4<00000000000000000000000000000>, C4<0>, C4<0>, C4<0>;
v000001b3566de830_0 .net/2u *"_ivl_66", 28 0, L_000001b3566fef90;  1 drivers
L_000001b3566fefd8 .functor BUFT 1, C4<01>, C4<0>, C4<0>, C4<0>;
v000001b3566de290_0 .net/2u *"_ivl_70", 1 0, L_000001b3566fefd8;  1 drivers
v000001b3566deb50_0 .net *"_ivl_72", 0 0, L_000001b3566ef4f0;  1 drivers
L_000001b3566ff020 .functor BUFT 1, C4<10>, C4<0>, C4<0>, C4<0>;
v000001b3566def10_0 .net/2u *"_ivl_74", 1 0, L_000001b3566ff020;  1 drivers
v000001b3566ddb10_0 .net *"_ivl_76", 0 0, L_000001b3566f1390;  1 drivers
L_000001b3566ff068 .functor BUFT 1, C4<000000000000000000000000>, C4<0>, C4<0>, C4<0>;
v000001b3566ddc50_0 .net/2u *"_ivl_78", 23 0, L_000001b3566ff068;  1 drivers
L_000001b3566fed08 .functor BUFT 1, C4<1000>, C4<0>, C4<0>, C4<0>;
v000001b3566df870_0 .net/2u *"_ivl_8", 3 0, L_000001b3566fed08;  1 drivers
v000001b3566dec90_0 .net *"_ivl_80", 31 0, L_000001b3566ef590;  1 drivers
v000001b3566df690_0 .net *"_ivl_82", 31 0, L_000001b3566efbd0;  1 drivers
v000001b3566ded30_0 .net *"_ivl_87", 0 0, L_000001b3566f1750;  1 drivers
v000001b3566df9b0_0 .net *"_ivl_89", 0 0, L_000001b3566eff90;  1 drivers
v000001b3566de8d0_0 .net *"_ivl_90", 0 0, L_000001b3564c04d0;  1 drivers
v000001b3566ddd90_0 .net *"_ivl_93", 0 0, L_000001b3566f12f0;  1 drivers
v000001b3566dde30_0 .net *"_ivl_94", 0 0, L_000001b3564c0c40;  1 drivers
v000001b3566dfaf0_0 .net *"_ivl_96", 0 0, L_000001b3564c0cb0;  1 drivers
v000001b3566dded0_0 .net *"_ivl_99", 0 0, L_000001b3566f0030;  1 drivers
v000001b3566df910_0 .net "clk", 0 0, v000001b3566ec070_0;  alias, 1 drivers
v000001b3566de330_0 .var "ier", 2 0;
v000001b3566dfd70_0 .net "ier_word", 31 0, L_000001b3566f19d0;  1 drivers
v000001b3566ddf70_0 .net "ier_wr_data", 2 0, L_000001b3566f17f0;  1 drivers
v000001b3566df0f0_0 .net "ier_wr_en", 0 0, L_000001b3564c36b0;  1 drivers
v000001b3566de970_0 .net "irq", 0 0, L_000001b3564c2ed0;  alias, 1 drivers
v000001b3566dfb90_0 .net "rd_data_en", 0 0, L_000001b3564c1ff0;  1 drivers
v000001b3566dfc30_0 .net "rdata", 31 0, L_000001b3566efef0;  alias, 1 drivers
v000001b3566dfe10_0 .net "reg_sel", 1 0, L_000001b3566eda10;  alias, 1 drivers
v000001b3566de470_0 .net "rst", 0 0, v000001b3566eb030_0;  alias, 1 drivers
v000001b3566dea10_0 .net "rx", 0 0, L_000001b3566f00d0;  1 drivers
v000001b3566defb0_0 .var "rx_baud", 15 0;
v000001b3566dfeb0_0 .var "rx_bit", 2 0;
v000001b3566deab0_0 .var "rx_cnt", 3 0;
v000001b3566e0090_0 .net "rx_empty", 0 0, L_000001b3566f0850;  1 drivers
v000001b3566dedd0_0 .net "rx_full", 0 0, L_000001b3566f0e90;  1 drivers
v000001b3566df050_0 .net "rx_head", 7 0, L_000001b3564c13b0;  1 drivers
v000001b3566e0d10_0 .net "rx_push", 0 0, L_000001b3564c3950;  1 drivers
v000001b3566e1ad0_0 .var "rx_rd", 2 0;
v000001b3566e24d0_0 .var "rx_s1", 0 0;
v000001b3566e1df0_0 .var "rx_s2", 0 0;
v000001b3566e1990_0 .var "rx_shift", 7 0;
v000001b3566e1d50_0 .var "rx_state", 1 0;
v000001b3566e29d0_0 .var "rx_wr", 2 0;
v000001b3566e2430 .array "rxbuf", 7 0, 7 0;
v000001b3566e0db0_0 .net "status", 31 0, L_000001b3566efb30;  1 drivers
v000001b3566e0e50_0 .net "tx", 0 0, v000001b3566e1a30_0;  1 drivers
v000001b3566e0630_0 .var "tx_baud", 15 0;
v000001b3566e1cb0_0 .var "tx_bit", 2 0;
v000001b3566e06d0_0 .var "tx_cnt", 3 0;
v000001b3566e1e90_0 .net "tx_empty", 0 0, L_000001b3566f07b0;  1 drivers
v000001b3566e0810_0 .net "tx_full", 0 0, L_000001b3566ef310;  1 drivers
v000001b3566e0ef0_0 .net "tx_idle_empty", 0 0, L_000001b3564c1340;  1 drivers
v000001b3566e1a30_0 .var "tx_line", 0 0;
v000001b3566e1170_0 .net "tx_pop", 0 0, L_000001b3564c3bf0;  1 drivers
v000001b3566e2750_0 .var "tx_rd", 2 0;
v000001b3566e08b0_0 .var "tx_shift", 7 0;
v000001b3566e2890_0 .var "tx_state", 1 0;
v000001b3566e1710_0 .var "tx_wr", 2 0;
v000001b3566e2930 .array "txbuf", 7 0, 7 0;
v000001b3566e0450_0 .net "wr_data", 7 0, L_000001b3566f1430;  1 drivers
v000001b3566e1fd0_0 .net "wr_en", 0 0, L_000001b3564c2680;  1 drivers
L_000001b3566ef310 .cmp/eq 4, v000001b3566e06d0_0, L_000001b3566fec78;
L_000001b3566f07b0 .cmp/eq 4, v000001b3566e06d0_0, L_000001b3566fecc0;
L_000001b3566f0e90 .cmp/eq 4, v000001b3566deab0_0, L_000001b3566fed08;
L_000001b3566f0850 .cmp/eq 4, v000001b3566deab0_0, L_000001b3566fed50;
L_000001b3566efe50 .cmp/eq 2, v000001b3566e2890_0, L_000001b3566fed98;
L_000001b3566f03f0 .reduce/nor L_000001b3566f07b0;
L_000001b3566f1610 .cmp/eq 2, v000001b3566e1d50_0, L_000001b3566fede0;
L_000001b3566f0170 .concat [ 16 16 0 0], v000001b3566defb0_0, L_000001b3566fee28;
L_000001b3566efdb0 .cmp/eq 32, L_000001b3566f0170, L_000001b3566fee70;
L_000001b3566ef450 .reduce/nor L_000001b3566f0e90;
L_000001b3566f0d50 .array/port v000001b3566e2430, L_000001b3566f0cb0;
L_000001b3566f0cb0 .concat [ 3 2 0 0], v000001b3566e1ad0_0, L_000001b3566feeb8;
L_000001b3566f1070 .cmp/eq 2, v000001b3566e2890_0, L_000001b3566fef00;
L_000001b3566f0b70 .reduce/nor L_000001b3566f0850;
L_000001b3566efa90 .reduce/nor L_000001b3566ef310;
LS_000001b3566efb30_0_0 .concat [ 1 1 1 1], L_000001b3566efa90, L_000001b3564c1340, L_000001b3566f0b70, L_000001b3566f0e90;
LS_000001b3566efb30_0_4 .concat [ 28 0 0 0], L_000001b3566fef48;
L_000001b3566efb30 .concat [ 4 28 0 0], LS_000001b3566efb30_0_0, LS_000001b3566efb30_0_4;
L_000001b3566f19d0 .concat [ 3 29 0 0], v000001b3566de330_0, L_000001b3566fef90;
L_000001b3566ef4f0 .cmp/eq 2, L_000001b3566eda10, L_000001b3566fefd8;
L_000001b3566f1390 .cmp/eq 2, L_000001b3566eda10, L_000001b3566ff020;
L_000001b3566ef590 .concat [ 8 24 0 0], L_000001b3564c13b0, L_000001b3566ff068;
L_000001b3566efbd0 .functor MUXZ 32, L_000001b3566ef590, L_000001b3566f19d0, L_000001b3566f1390, C4<>;
L_000001b3566efef0 .functor MUXZ 32, L_000001b3566efbd0, L_000001b3566efb30, L_000001b3566ef4f0, C4<>;
L_000001b3566f1750 .part v000001b3566de330_0, 0, 1;
L_000001b3566eff90 .reduce/nor L_000001b3566f0850;
L_000001b3566f12f0 .part v000001b3566de330_0, 1, 1;
L_000001b3566f0030 .part v000001b3566de330_0, 2, 1;
S_000001b3566bbf30 .scope module, "uart2" "UART" 3 150, 9 22 0, S_000001b3566bc890;
 .timescale -9 -12;
    .port_info 0 /INPUT 1 "clk";
    .port_info 1 /INPUT 1 "rst";
    .port_info 2 /INPUT 1 "rx";
    .port_info 3 /OUTPUT 1 "tx";
    .port_info 4 /INPUT 1 "wr_en";
    .port_info 5 /INPUT 8 "wr_data";
    .port_info 6 /INPUT 1 "rd_data_en";
    .port_info 7 /INPUT 1 "ier_wr_en";
    .port_info 8 /INPUT 3 "ier_wr_data";
    .port_info 9 /INPUT 2 "reg_sel";
    .port_info 10 /OUTPUT 32 "rdata";
    .port_info 11 /OUTPUT 1 "irq";
P_000001b3566a9ea0 .param/l "CLKS_PER_BIT" 0 9 23, +C4<00000000000000000000000000001000>;
P_000001b3566a9ed8 .param/l "RX_DATA" 1 9 71, C4<10>;
P_000001b3566a9f10 .param/l "RX_IDLE" 1 9 71, C4<00>;
P_000001b3566a9f48 .param/l "RX_START" 1 9 71, C4<01>;
P_000001b3566a9f80 .param/l "RX_STOP" 1 9 71, C4<11>;
P_000001b3566a9fb8 .param/l "TX_DATA" 1 9 62, C4<10>;
P_000001b3566a9ff0 .param/l "TX_IDLE" 1 9 62, C4<00>;
P_000001b3566aa028 .param/l "TX_START" 1 9 62, C4<01>;
P_000001b3566aa060 .param/l "TX_STOP" 1 9 62, C4<11>;
L_000001b3564c1c00 .functor AND 1, L_000001b3566f05d0, L_000001b3566f2650, C4<1>, C4<1>;
L_000001b3564c20d0 .functor AND 1, L_000001b3566f20b0, L_000001b3566f1e30, C4<1>, C4<1>;
L_000001b356346b20 .functor AND 1, L_000001b3564c20d0, L_000001b3566f3050, C4<1>, C4<1>;
L_000001b356345af0 .functor BUFZ 8, L_000001b3566f2470, C4<00000000>, C4<00000000>, C4<00000000>;
L_000001b3563465e0 .functor AND 1, L_000001b3566f0350, L_000001b3566f2d30, C4<1>, C4<1>;
L_000001b356345a10 .functor AND 1, L_000001b3566f37d0, L_000001b3566f2b50, C4<1>, C4<1>;
L_000001b356344eb0 .functor AND 1, L_000001b3566f2bf0, L_000001b3563465e0, C4<1>, C4<1>;
L_000001b356345e00 .functor OR 1, L_000001b356345a10, L_000001b356344eb0, C4<0>, C4<0>;
L_000001b356346500 .functor AND 1, L_000001b3566f2e70, L_000001b3566f0490, C4<1>, C4<1>;
L_000001b356344d60 .functor OR 1, L_000001b356345e00, L_000001b356346500, C4<0>, C4<0>;
L_000001b3566ff188 .functor BUFT 1, C4<1000>, C4<0>, C4<0>, C4<0>;
v000001b3566e2070_0 .net/2u *"_ivl_0", 3 0, L_000001b3566ff188;  1 drivers
v000001b3566e0310_0 .net *"_ivl_100", 0 0, L_000001b356346500;  1 drivers
L_000001b3566ff260 .functor BUFT 1, C4<0000>, C4<0>, C4<0>, C4<0>;
v000001b3566e2250_0 .net/2u *"_ivl_12", 3 0, L_000001b3566ff260;  1 drivers
L_000001b3566ff2a8 .functor BUFT 1, C4<00>, C4<0>, C4<0>, C4<0>;
v000001b3566e1b70_0 .net/2u *"_ivl_16", 1 0, L_000001b3566ff2a8;  1 drivers
v000001b3566e0270_0 .net *"_ivl_18", 0 0, L_000001b3566f05d0;  1 drivers
v000001b3566e2110_0 .net *"_ivl_21", 0 0, L_000001b3566f2650;  1 drivers
L_000001b3566ff2f0 .functor BUFT 1, C4<11>, C4<0>, C4<0>, C4<0>;
v000001b3566e27f0_0 .net/2u *"_ivl_24", 1 0, L_000001b3566ff2f0;  1 drivers
v000001b3566e15d0_0 .net *"_ivl_26", 0 0, L_000001b3566f20b0;  1 drivers
v000001b3566e1210_0 .net *"_ivl_28", 31 0, L_000001b3566f2a10;  1 drivers
L_000001b3566ff338 .functor BUFT 1, C4<0000000000000000>, C4<0>, C4<0>, C4<0>;
v000001b3566e0bd0_0 .net *"_ivl_31", 15 0, L_000001b3566ff338;  1 drivers
L_000001b3566ff380 .functor BUFT 1, C4<00000000000000000000000000000111>, C4<0>, C4<0>, C4<0>;
v000001b3566e1670_0 .net/2u *"_ivl_32", 31 0, L_000001b3566ff380;  1 drivers
v000001b3566e1f30_0 .net *"_ivl_34", 0 0, L_000001b3566f1e30;  1 drivers
v000001b3566e1030_0 .net *"_ivl_37", 0 0, L_000001b3564c20d0;  1 drivers
v000001b3566e17b0_0 .net *"_ivl_39", 0 0, L_000001b3566f3050;  1 drivers
L_000001b3566ff1d0 .functor BUFT 1, C4<0000>, C4<0>, C4<0>, C4<0>;
v000001b3566e03b0_0 .net/2u *"_ivl_4", 3 0, L_000001b3566ff1d0;  1 drivers
v000001b3566e0950_0 .net *"_ivl_44", 7 0, L_000001b3566f2470;  1 drivers
v000001b3566e1c10_0 .net *"_ivl_46", 4 0, L_000001b3566f2ab0;  1 drivers
L_000001b3566ff3c8 .functor BUFT 1, C4<00>, C4<0>, C4<0>, C4<0>;
v000001b3566e2570_0 .net *"_ivl_49", 1 0, L_000001b3566ff3c8;  1 drivers
L_000001b3566ff410 .functor BUFT 1, C4<00>, C4<0>, C4<0>, C4<0>;
v000001b3566e21b0_0 .net/2u *"_ivl_52", 1 0, L_000001b3566ff410;  1 drivers
v000001b3566e22f0_0 .net *"_ivl_54", 0 0, L_000001b3566f2d30;  1 drivers
L_000001b3566ff458 .functor BUFT 1, C4<0000000000000000000000000000>, C4<0>, C4<0>, C4<0>;
v000001b3566e2390_0 .net/2u *"_ivl_58", 27 0, L_000001b3566ff458;  1 drivers
v000001b3566e0f90_0 .net *"_ivl_61", 0 0, L_000001b3566f2dd0;  1 drivers
v000001b3566e2610_0 .net *"_ivl_63", 0 0, L_000001b3566f30f0;  1 drivers
L_000001b3566ff4a0 .functor BUFT 1, C4<00000000000000000000000000000>, C4<0>, C4<0>, C4<0>;
v000001b3566e04f0_0 .net/2u *"_ivl_66", 28 0, L_000001b3566ff4a0;  1 drivers
L_000001b3566ff4e8 .functor BUFT 1, C4<01>, C4<0>, C4<0>, C4<0>;
v000001b3566e0590_0 .net/2u *"_ivl_70", 1 0, L_000001b3566ff4e8;  1 drivers
v000001b3566e10d0_0 .net *"_ivl_72", 0 0, L_000001b3566f1ed0;  1 drivers
L_000001b3566ff530 .functor BUFT 1, C4<10>, C4<0>, C4<0>, C4<0>;
v000001b3566e0770_0 .net/2u *"_ivl_74", 1 0, L_000001b3566ff530;  1 drivers
v000001b3566e26b0_0 .net *"_ivl_76", 0 0, L_000001b3566f1a70;  1 drivers
L_000001b3566ff578 .functor BUFT 1, C4<000000000000000000000000>, C4<0>, C4<0>, C4<0>;
v000001b3566e09f0_0 .net/2u *"_ivl_78", 23 0, L_000001b3566ff578;  1 drivers
L_000001b3566ff218 .functor BUFT 1, C4<1000>, C4<0>, C4<0>, C4<0>;
v000001b3566e0a90_0 .net/2u *"_ivl_8", 3 0, L_000001b3566ff218;  1 drivers
v000001b3566e0b30_0 .net *"_ivl_80", 31 0, L_000001b3566f1f70;  1 drivers
v000001b3566e12b0_0 .net *"_ivl_82", 31 0, L_000001b3566f3190;  1 drivers
v000001b3566e1350_0 .net *"_ivl_87", 0 0, L_000001b3566f37d0;  1 drivers
v000001b3566e0c70_0 .net *"_ivl_89", 0 0, L_000001b3566f2b50;  1 drivers
v000001b3566e13f0_0 .net *"_ivl_90", 0 0, L_000001b356345a10;  1 drivers
v000001b3566e1850_0 .net *"_ivl_93", 0 0, L_000001b3566f2bf0;  1 drivers
v000001b3566e1490_0 .net *"_ivl_94", 0 0, L_000001b356344eb0;  1 drivers
v000001b3566e1530_0 .net *"_ivl_96", 0 0, L_000001b356345e00;  1 drivers
v000001b3566e18f0_0 .net *"_ivl_99", 0 0, L_000001b3566f2e70;  1 drivers
v000001b3566e3a10_0 .net "clk", 0 0, v000001b3566ec070_0;  alias, 1 drivers
v000001b3566e4d70_0 .var "ier", 2 0;
v000001b3566e5130_0 .net "ier_word", 31 0, L_000001b3566f32d0;  1 drivers
v000001b3566e4690_0 .net "ier_wr_data", 2 0, L_000001b3566f2f10;  1 drivers
v000001b3566e4e10_0 .net "ier_wr_en", 0 0, L_000001b3563a0600;  1 drivers
v000001b3566e4910_0 .net "irq", 0 0, L_000001b356344d60;  alias, 1 drivers
v000001b3566e4a50_0 .net "rd_data_en", 0 0, L_000001b35639fd40;  1 drivers
v000001b3566e3fb0_0 .net "rdata", 31 0, L_000001b3566f1d90;  alias, 1 drivers
v000001b3566e2a70_0 .net "reg_sel", 1 0, L_000001b3566eda10;  alias, 1 drivers
v000001b3566e3790_0 .net "rst", 0 0, v000001b3566eb030_0;  alias, 1 drivers
v000001b3566e3470_0 .net "rx", 0 0, L_000001b3566f23d0;  1 drivers
v000001b3566e33d0_0 .var "rx_baud", 15 0;
v000001b3566e3510_0 .var "rx_bit", 2 0;
v000001b3566e40f0_0 .var "rx_cnt", 3 0;
v000001b3566e4af0_0 .net "rx_empty", 0 0, L_000001b3566f0530;  1 drivers
v000001b3566e4b90_0 .net "rx_full", 0 0, L_000001b3566f0490;  1 drivers
v000001b3566e47d0_0 .net "rx_head", 7 0, L_000001b356345af0;  1 drivers
v000001b3566e4c30_0 .net "rx_push", 0 0, L_000001b356346b20;  1 drivers
v000001b3566e3010_0 .var "rx_rd", 2 0;
v000001b3566e4cd0_0 .var "rx_s1", 0 0;
v000001b3566e3830_0 .var "rx_s2", 0 0;
v000001b3566e42d0_0 .var "rx_shift", 7 0;
v000001b3566e51d0_0 .var "rx_state", 1 0;
v000001b3566e49b0_0 .var "rx_wr", 2 0;
v000001b3566e4eb0 .array "rxbuf", 7 0, 7 0;
v000001b3566e3dd0_0 .net "status", 31 0, L_000001b3566f2c90;  1 drivers
v000001b3566e4ff0_0 .net "tx", 0 0, v000001b3566e3150_0;  1 drivers
v000001b3566e35b0_0 .var "tx_baud", 15 0;
v000001b3566e3e70_0 .var "tx_bit", 2 0;
v000001b3566e45f0_0 .var "tx_cnt", 3 0;
v000001b3566e4730_0 .net "tx_empty", 0 0, L_000001b3566f0350;  1 drivers
v000001b3566e4050_0 .net "tx_full", 0 0, L_000001b3566f1890;  1 drivers
v000001b3566e30b0_0 .net "tx_idle_empty", 0 0, L_000001b3563465e0;  1 drivers
v000001b3566e3150_0 .var "tx_line", 0 0;
v000001b3566e3650_0 .net "tx_pop", 0 0, L_000001b3564c1c00;  1 drivers
v000001b3566e2ed0_0 .var "tx_rd", 2 0;
v000001b3566e4f50_0 .var "tx_shift", 7 0;
v000001b3566e4190_0 .var "tx_state", 1 0;
v000001b3566e4230_0 .var "tx_wr", 2 0;
v000001b3566e4410 .array "txbuf", 7 0, 7 0;
v000001b3566e36f0_0 .net "wr_data", 7 0, L_000001b3566f3410;  1 drivers
v000001b3566e44b0_0 .net "wr_en", 0 0, L_000001b356344dd0;  1 drivers
L_000001b3566f1890 .cmp/eq 4, v000001b3566e45f0_0, L_000001b3566ff188;
L_000001b3566f0350 .cmp/eq 4, v000001b3566e45f0_0, L_000001b3566ff1d0;
L_000001b3566f0490 .cmp/eq 4, v000001b3566e40f0_0, L_000001b3566ff218;
L_000001b3566f0530 .cmp/eq 4, v000001b3566e40f0_0, L_000001b3566ff260;
L_000001b3566f05d0 .cmp/eq 2, v000001b3566e4190_0, L_000001b3566ff2a8;
L_000001b3566f2650 .reduce/nor L_000001b3566f0350;
L_000001b3566f20b0 .cmp/eq 2, v000001b3566e51d0_0, L_000001b3566ff2f0;
L_000001b3566f2a10 .concat [ 16 16 0 0], v000001b3566e33d0_0, L_000001b3566ff338;
L_000001b3566f1e30 .cmp/eq 32, L_000001b3566f2a10, L_000001b3566ff380;
L_000001b3566f3050 .reduce/nor L_000001b3566f0490;
L_000001b3566f2470 .array/port v000001b3566e4eb0, L_000001b3566f2ab0;
L_000001b3566f2ab0 .concat [ 3 2 0 0], v000001b3566e3010_0, L_000001b3566ff3c8;
L_000001b3566f2d30 .cmp/eq 2, v000001b3566e4190_0, L_000001b3566ff410;
L_000001b3566f2dd0 .reduce/nor L_000001b3566f0530;
L_000001b3566f30f0 .reduce/nor L_000001b3566f1890;
LS_000001b3566f2c90_0_0 .concat [ 1 1 1 1], L_000001b3566f30f0, L_000001b3563465e0, L_000001b3566f2dd0, L_000001b3566f0490;
LS_000001b3566f2c90_0_4 .concat [ 28 0 0 0], L_000001b3566ff458;
L_000001b3566f2c90 .concat [ 4 28 0 0], LS_000001b3566f2c90_0_0, LS_000001b3566f2c90_0_4;
L_000001b3566f32d0 .concat [ 3 29 0 0], v000001b3566e4d70_0, L_000001b3566ff4a0;
L_000001b3566f1ed0 .cmp/eq 2, L_000001b3566eda10, L_000001b3566ff4e8;
L_000001b3566f1a70 .cmp/eq 2, L_000001b3566eda10, L_000001b3566ff530;
L_000001b3566f1f70 .concat [ 8 24 0 0], L_000001b356345af0, L_000001b3566ff578;
L_000001b3566f3190 .functor MUXZ 32, L_000001b3566f1f70, L_000001b3566f32d0, L_000001b3566f1a70, C4<>;
L_000001b3566f1d90 .functor MUXZ 32, L_000001b3566f3190, L_000001b3566f2c90, L_000001b3566f1ed0, C4<>;
L_000001b3566f37d0 .part v000001b3566e4d70_0, 0, 1;
L_000001b3566f2b50 .reduce/nor L_000001b3566f0530;
L_000001b3566f2bf0 .part v000001b3566e4d70_0, 1, 1;
L_000001b3566f2e70 .part v000001b3566e4d70_0, 2, 1;
S_000001b3566bc570 .scope module, "uart3" "UART" 3 157, 9 22 0, S_000001b3566bc890;
 .timescale -9 -12;
    .port_info 0 /INPUT 1 "clk";
    .port_info 1 /INPUT 1 "rst";
    .port_info 2 /INPUT 1 "rx";
    .port_info 3 /OUTPUT 1 "tx";
    .port_info 4 /INPUT 1 "wr_en";
    .port_info 5 /INPUT 8 "wr_data";
    .port_info 6 /INPUT 1 "rd_data_en";
    .port_info 7 /INPUT 1 "ier_wr_en";
    .port_info 8 /INPUT 3 "ier_wr_data";
    .port_info 9 /INPUT 2 "reg_sel";
    .port_info 10 /OUTPUT 32 "rdata";
    .port_info 11 /OUTPUT 1 "irq";
P_000001b3566f4010 .param/l "CLKS_PER_BIT" 0 9 23, +C4<00000000000000000000000000001000>;
P_000001b3566f4048 .param/l "RX_DATA" 1 9 71, C4<10>;
P_000001b3566f4080 .param/l "RX_IDLE" 1 9 71, C4<00>;
P_000001b3566f40b8 .param/l "RX_START" 1 9 71, C4<01>;
P_000001b3566f40f0 .param/l "RX_STOP" 1 9 71, C4<11>;
P_000001b3566f4128 .param/l "TX_DATA" 1 9 62, C4<10>;
P_000001b3566f4160 .param/l "TX_IDLE" 1 9 62, C4<00>;
P_000001b3566f4198 .param/l "TX_START" 1 9 62, C4<01>;
P_000001b3566f41d0 .param/l "TX_STOP" 1 9 62, C4<11>;
L_000001b3563a0a60 .functor AND 1, L_000001b3566f3550, L_000001b3566f2510, C4<1>, C4<1>;
L_000001b3563a0bb0 .functor AND 1, L_000001b3566f35f0, L_000001b3566f2790, C4<1>, C4<1>;
L_000001b3563a0c20 .functor AND 1, L_000001b3563a0bb0, L_000001b3566f28d0, C4<1>, C4<1>;
L_000001b3563a0ec0 .functor BUFZ 8, L_000001b3566f3870, C4<00000000>, C4<00000000>, C4<00000000>;
L_000001b356301b70 .functor AND 1, L_000001b3566f2fb0, L_000001b3566f2150, C4<1>, C4<1>;
L_000001b356301cc0 .functor AND 1, L_000001b3566f2970, L_000001b3566d5ff0, C4<1>, C4<1>;
L_000001b356301e80 .functor AND 1, L_000001b3566d52d0, L_000001b356301b70, C4<1>, C4<1>;
L_000001b356302040 .functor OR 1, L_000001b356301cc0, L_000001b356301e80, C4<0>, C4<0>;
L_000001b356302b30 .functor AND 1, L_000001b3566d5230, L_000001b3566f34b0, C4<1>, C4<1>;
L_000001b3563024a0 .functor OR 1, L_000001b356302040, L_000001b356302b30, C4<0>, C4<0>;
L_000001b3566ff698 .functor BUFT 1, C4<1000>, C4<0>, C4<0>, C4<0>;
v000001b3566e3ab0_0 .net/2u *"_ivl_0", 3 0, L_000001b3566ff698;  1 drivers
v000001b3566e2b10_0 .net *"_ivl_100", 0 0, L_000001b356302b30;  1 drivers
L_000001b3566ff770 .functor BUFT 1, C4<0000>, C4<0>, C4<0>, C4<0>;
v000001b3566e5090_0 .net/2u *"_ivl_12", 3 0, L_000001b3566ff770;  1 drivers
L_000001b3566ff7b8 .functor BUFT 1, C4<00>, C4<0>, C4<0>, C4<0>;
v000001b3566e2bb0_0 .net/2u *"_ivl_16", 1 0, L_000001b3566ff7b8;  1 drivers
v000001b3566e3970_0 .net *"_ivl_18", 0 0, L_000001b3566f3550;  1 drivers
v000001b3566e2c50_0 .net *"_ivl_21", 0 0, L_000001b3566f2510;  1 drivers
L_000001b3566ff800 .functor BUFT 1, C4<11>, C4<0>, C4<0>, C4<0>;
v000001b3566e2cf0_0 .net/2u *"_ivl_24", 1 0, L_000001b3566ff800;  1 drivers
v000001b3566e38d0_0 .net *"_ivl_26", 0 0, L_000001b3566f35f0;  1 drivers
v000001b3566e3b50_0 .net *"_ivl_28", 31 0, L_000001b3566f3730;  1 drivers
L_000001b3566ff848 .functor BUFT 1, C4<0000000000000000>, C4<0>, C4<0>, C4<0>;
v000001b3566e4870_0 .net *"_ivl_31", 15 0, L_000001b3566ff848;  1 drivers
L_000001b3566ff890 .functor BUFT 1, C4<00000000000000000000000000000111>, C4<0>, C4<0>, C4<0>;
v000001b3566e4370_0 .net/2u *"_ivl_32", 31 0, L_000001b3566ff890;  1 drivers
v000001b3566e2d90_0 .net *"_ivl_34", 0 0, L_000001b3566f2790;  1 drivers
v000001b3566e3bf0_0 .net *"_ivl_37", 0 0, L_000001b3563a0bb0;  1 drivers
v000001b3566e4550_0 .net *"_ivl_39", 0 0, L_000001b3566f28d0;  1 drivers
L_000001b3566ff6e0 .functor BUFT 1, C4<0000>, C4<0>, C4<0>, C4<0>;
v000001b3566e2e30_0 .net/2u *"_ivl_4", 3 0, L_000001b3566ff6e0;  1 drivers
v000001b3566e2f70_0 .net *"_ivl_44", 7 0, L_000001b3566f3870;  1 drivers
v000001b3566e31f0_0 .net *"_ivl_46", 4 0, L_000001b3566f21f0;  1 drivers
L_000001b3566ff8d8 .functor BUFT 1, C4<00>, C4<0>, C4<0>, C4<0>;
v000001b3566e3290_0 .net *"_ivl_49", 1 0, L_000001b3566ff8d8;  1 drivers
L_000001b3566ff920 .functor BUFT 1, C4<00>, C4<0>, C4<0>, C4<0>;
v000001b3566e3330_0 .net/2u *"_ivl_52", 1 0, L_000001b3566ff920;  1 drivers
v000001b3566e3c90_0 .net *"_ivl_54", 0 0, L_000001b3566f2150;  1 drivers
L_000001b3566ff968 .functor BUFT 1, C4<0000000000000000000000000000>, C4<0>, C4<0>, C4<0>;
v000001b3566e3d30_0 .net/2u *"_ivl_58", 27 0, L_000001b3566ff968;  1 drivers
v000001b3566e3f10_0 .net *"_ivl_61", 0 0, L_000001b3566f3910;  1 drivers
v000001b3566e5e50_0 .net *"_ivl_63", 0 0, L_000001b3566f1bb0;  1 drivers
L_000001b3566ff9b0 .functor BUFT 1, C4<00000000000000000000000000000>, C4<0>, C4<0>, C4<0>;
v000001b3566e6cb0_0 .net/2u *"_ivl_66", 28 0, L_000001b3566ff9b0;  1 drivers
L_000001b3566ff9f8 .functor BUFT 1, C4<01>, C4<0>, C4<0>, C4<0>;
v000001b3566e5630_0 .net/2u *"_ivl_70", 1 0, L_000001b3566ff9f8;  1 drivers
v000001b3566e6e90_0 .net *"_ivl_72", 0 0, L_000001b3566f2290;  1 drivers
L_000001b3566ffa40 .functor BUFT 1, C4<10>, C4<0>, C4<0>, C4<0>;
v000001b3566e5810_0 .net/2u *"_ivl_74", 1 0, L_000001b3566ffa40;  1 drivers
v000001b3566e6b70_0 .net *"_ivl_76", 0 0, L_000001b3566f25b0;  1 drivers
L_000001b3566ffa88 .functor BUFT 1, C4<000000000000000000000000>, C4<0>, C4<0>, C4<0>;
v000001b3566e5270_0 .net/2u *"_ivl_78", 23 0, L_000001b3566ffa88;  1 drivers
L_000001b3566ff728 .functor BUFT 1, C4<1000>, C4<0>, C4<0>, C4<0>;
v000001b3566e7750_0 .net/2u *"_ivl_8", 3 0, L_000001b3566ff728;  1 drivers
v000001b3566e58b0_0 .net *"_ivl_80", 31 0, L_000001b3566f2330;  1 drivers
v000001b3566e7890_0 .net *"_ivl_82", 31 0, L_000001b3566f26f0;  1 drivers
v000001b3566e6710_0 .net *"_ivl_87", 0 0, L_000001b3566f2970;  1 drivers
v000001b3566e7930_0 .net *"_ivl_89", 0 0, L_000001b3566d5ff0;  1 drivers
v000001b3566e5450_0 .net *"_ivl_90", 0 0, L_000001b356301cc0;  1 drivers
v000001b3566e6fd0_0 .net *"_ivl_93", 0 0, L_000001b3566d52d0;  1 drivers
v000001b3566e63f0_0 .net *"_ivl_94", 0 0, L_000001b356301e80;  1 drivers
v000001b3566e6d50_0 .net *"_ivl_96", 0 0, L_000001b356302040;  1 drivers
v000001b3566e6490_0 .net *"_ivl_99", 0 0, L_000001b3566d5230;  1 drivers
v000001b3566e71b0_0 .net "clk", 0 0, v000001b3566ec070_0;  alias, 1 drivers
v000001b3566e5590_0 .var "ier", 2 0;
v000001b3566e76b0_0 .net "ier_word", 31 0, L_000001b3566f1c50;  1 drivers
v000001b3566e5770_0 .net "ier_wr_data", 2 0, L_000001b3566d3a70;  1 drivers
v000001b3566e5b30_0 .net "ier_wr_en", 0 0, L_000001b35610c340;  1 drivers
v000001b3566e77f0_0 .net "irq", 0 0, L_000001b3563024a0;  alias, 1 drivers
v000001b3566e56d0_0 .net "rd_data_en", 0 0, L_000001b356302580;  1 drivers
v000001b3566e6c10_0 .net "rdata", 31 0, L_000001b3566f2830;  alias, 1 drivers
v000001b3566e5950_0 .net "reg_sel", 1 0, L_000001b3566eda10;  alias, 1 drivers
v000001b3566e5310_0 .net "rst", 0 0, v000001b3566eb030_0;  alias, 1 drivers
v000001b3566e74d0_0 .net "rx", 0 0, L_000001b3566d4a10;  1 drivers
v000001b3566e5ef0_0 .var "rx_baud", 15 0;
v000001b3566e67b0_0 .var "rx_bit", 2 0;
v000001b3566e5db0_0 .var "rx_cnt", 3 0;
v000001b3566e6350_0 .net "rx_empty", 0 0, L_000001b3566f3690;  1 drivers
v000001b3566e6850_0 .net "rx_full", 0 0, L_000001b3566f34b0;  1 drivers
v000001b3566e6df0_0 .net "rx_head", 7 0, L_000001b3563a0ec0;  1 drivers
v000001b3566e54f0_0 .net "rx_push", 0 0, L_000001b3563a0c20;  1 drivers
v000001b3566e79d0_0 .var "rx_rd", 2 0;
v000001b3566e53b0_0 .var "rx_s1", 0 0;
v000001b3566e59f0_0 .var "rx_s2", 0 0;
v000001b3566e6f30_0 .var "rx_shift", 7 0;
v000001b3566e6530_0 .var "rx_state", 1 0;
v000001b3566e7250_0 .var "rx_wr", 2 0;
v000001b3566e65d0 .array "rxbuf", 7 0, 7 0;
v000001b3566e5a90_0 .net "status", 31 0, L_000001b3566f1b10;  1 drivers
v000001b3566e7070_0 .net "tx", 0 0, v000001b3566e6670_0;  1 drivers
v000001b3566e72f0_0 .var "tx_baud", 15 0;
v000001b3566e5bd0_0 .var "tx_bit", 2 0;
v000001b3566e7110_0 .var "tx_cnt", 3 0;
v000001b3566e7610_0 .net "tx_empty", 0 0, L_000001b3566f2fb0;  1 drivers
v000001b3566e7570_0 .net "tx_full", 0 0, L_000001b3566f1cf0;  1 drivers
v000001b3566e5f90_0 .net "tx_idle_empty", 0 0, L_000001b356301b70;  1 drivers
v000001b3566e6670_0 .var "tx_line", 0 0;
v000001b3566e68f0_0 .net "tx_pop", 0 0, L_000001b3563a0a60;  1 drivers
v000001b3566e6030_0 .var "tx_rd", 2 0;
v000001b3566e5c70_0 .var "tx_shift", 7 0;
v000001b3566e6990_0 .var "tx_state", 1 0;
v000001b3566e5d10_0 .var "tx_wr", 2 0;
v000001b3566e7390 .array "txbuf", 7 0, 7 0;
v000001b3566e60d0_0 .net "wr_data", 7 0, L_000001b3566d4bf0;  1 drivers
v000001b3566e7430_0 .net "wr_en", 0 0, L_000001b356302200;  1 drivers
L_000001b3566f1cf0 .cmp/eq 4, v000001b3566e7110_0, L_000001b3566ff698;
L_000001b3566f2fb0 .cmp/eq 4, v000001b3566e7110_0, L_000001b3566ff6e0;
L_000001b3566f34b0 .cmp/eq 4, v000001b3566e5db0_0, L_000001b3566ff728;
L_000001b3566f3690 .cmp/eq 4, v000001b3566e5db0_0, L_000001b3566ff770;
L_000001b3566f3550 .cmp/eq 2, v000001b3566e6990_0, L_000001b3566ff7b8;
L_000001b3566f2510 .reduce/nor L_000001b3566f2fb0;
L_000001b3566f35f0 .cmp/eq 2, v000001b3566e6530_0, L_000001b3566ff800;
L_000001b3566f3730 .concat [ 16 16 0 0], v000001b3566e5ef0_0, L_000001b3566ff848;
L_000001b3566f2790 .cmp/eq 32, L_000001b3566f3730, L_000001b3566ff890;
L_000001b3566f28d0 .reduce/nor L_000001b3566f34b0;
L_000001b3566f3870 .array/port v000001b3566e65d0, L_000001b3566f21f0;
L_000001b3566f21f0 .concat [ 3 2 0 0], v000001b3566e79d0_0, L_000001b3566ff8d8;
L_000001b3566f2150 .cmp/eq 2, v000001b3566e6990_0, L_000001b3566ff920;
L_000001b3566f3910 .reduce/nor L_000001b3566f3690;
L_000001b3566f1bb0 .reduce/nor L_000001b3566f1cf0;
LS_000001b3566f1b10_0_0 .concat [ 1 1 1 1], L_000001b3566f1bb0, L_000001b356301b70, L_000001b3566f3910, L_000001b3566f34b0;
LS_000001b3566f1b10_0_4 .concat [ 28 0 0 0], L_000001b3566ff968;
L_000001b3566f1b10 .concat [ 4 28 0 0], LS_000001b3566f1b10_0_0, LS_000001b3566f1b10_0_4;
L_000001b3566f1c50 .concat [ 3 29 0 0], v000001b3566e5590_0, L_000001b3566ff9b0;
L_000001b3566f2290 .cmp/eq 2, L_000001b3566eda10, L_000001b3566ff9f8;
L_000001b3566f25b0 .cmp/eq 2, L_000001b3566eda10, L_000001b3566ffa40;
L_000001b3566f2330 .concat [ 8 24 0 0], L_000001b3563a0ec0, L_000001b3566ffa88;
L_000001b3566f26f0 .functor MUXZ 32, L_000001b3566f2330, L_000001b3566f1c50, L_000001b3566f25b0, C4<>;
L_000001b3566f2830 .functor MUXZ 32, L_000001b3566f26f0, L_000001b3566f1b10, L_000001b3566f2290, C4<>;
L_000001b3566f2970 .part v000001b3566e5590_0, 0, 1;
L_000001b3566d5ff0 .reduce/nor L_000001b3566f3690;
L_000001b3566d52d0 .part v000001b3566e5590_0, 1, 1;
L_000001b3566d5230 .part v000001b3566e5590_0, 2, 1;
    .scope S_000001b3566bd1f0;
T_12 ;
    %wait E_000001b3565dbff0;
    %load/vec4 v000001b3566c99e0_0;
    %pad/u 7;
    %ix/vec4 4;
    %load/vec4a v000001b3566c7000, 4;
    %store/vec4 v000001b3566c8b80_0, 0, 32;
    %load/vec4 v000001b3566ca2a0_0;
    %pad/u 7;
    %ix/vec4 4;
    %load/vec4a v000001b3566c7000, 4;
    %store/vec4 v000001b3566c8a40_0, 0, 32;
    %jmp T_12;
    .thread T_12, $push;
    .scope S_000001b3566bd1f0;
T_13 ;
    %wait E_000001b3565dacb0;
    %load/vec4 v000001b3566c9f80_0;
    %flag_set/vec4 8;
    %jmp/0xz  T_13.0, 8;
    %fork t_1, S_000001b3566bb8f0;
    %jmp t_0;
    .scope S_000001b3566bb8f0;
t_1 ;
    %pushi/vec4 0, 0, 32;
    %store/vec4 v000001b3566c6d80_0, 0, 32;
T_13.2 ;
    %load/vec4 v000001b3566c6d80_0;
    %cmpi/s 32, 0, 32;
    %jmp/0xz T_13.3, 5;
    %pushi/vec4 0, 0, 32;
    %ix/getv/s 3, v000001b3566c6d80_0;
    %ix/load 4, 0, 0; Constant delay
    %assign/vec4/a/d v000001b3566c7000, 0, 4;
    %load/vec4 v000001b3566c6d80_0;
    %addi 1, 0, 32;
    %store/vec4 v000001b3566c6d80_0, 0, 32;
    %jmp T_13.2;
T_13.3 ;
    %end;
    .scope S_000001b3566bd1f0;
t_0 %join;
    %jmp T_13.1;
T_13.0 ;
    %load/vec4 v000001b3566c6f60_0;
    %flag_set/vec4 9;
    %flag_get/vec4 9;
    %jmp/0 T_13.6, 9;
    %load/vec4 v000001b3566c8040_0;
    %pushi/vec4 0, 0, 5;
    %cmp/ne;
    %flag_get/vec4 4;
    %and;
T_13.6;
    %flag_set/vec4 8;
    %jmp/0xz  T_13.4, 8;
    %load/vec4 v000001b3566c8180_0;
    %load/vec4 v000001b3566c8040_0;
    %pad/u 7;
    %ix/vec4 3;
    %ix/load 4, 0, 0; Constant delay
    %assign/vec4/a/d v000001b3566c7000, 0, 4;
T_13.4 ;
T_13.1 ;
    %jmp T_13;
    .thread T_13;
    .scope S_000001b3566bc0c0;
T_14 ;
    %wait E_000001b3565dba30;
    %load/vec4 v000001b3566c7be0_0;
    %dup/vec4;
    %pushi/vec4 0, 0, 4;
    %cmp/u;
    %jmp/1 T_14.0, 6;
    %dup/vec4;
    %pushi/vec4 1, 0, 4;
    %cmp/u;
    %jmp/1 T_14.1, 6;
    %dup/vec4;
    %pushi/vec4 2, 0, 4;
    %cmp/u;
    %jmp/1 T_14.2, 6;
    %dup/vec4;
    %pushi/vec4 3, 0, 4;
    %cmp/u;
    %jmp/1 T_14.3, 6;
    %dup/vec4;
    %pushi/vec4 4, 0, 4;
    %cmp/u;
    %jmp/1 T_14.4, 6;
    %dup/vec4;
    %pushi/vec4 5, 0, 4;
    %cmp/u;
    %jmp/1 T_14.5, 6;
    %dup/vec4;
    %pushi/vec4 6, 0, 4;
    %cmp/u;
    %jmp/1 T_14.6, 6;
    %dup/vec4;
    %pushi/vec4 7, 0, 4;
    %cmp/u;
    %jmp/1 T_14.7, 6;
    %dup/vec4;
    %pushi/vec4 8, 0, 4;
    %cmp/u;
    %jmp/1 T_14.8, 6;
    %dup/vec4;
    %pushi/vec4 13, 0, 4;
    %cmp/u;
    %jmp/1 T_14.9, 6;
    %pushi/vec4 0, 0, 32;
    %store/vec4 v000001b3566c7e60_0, 0, 32;
    %jmp T_14.11;
T_14.0 ;
    %load/vec4 v000001b3566c6c40_0;
    %load/vec4 v000001b3566c7f00_0;
    %add;
    %store/vec4 v000001b3566c7e60_0, 0, 32;
    %jmp T_14.11;
T_14.1 ;
    %load/vec4 v000001b3566c6c40_0;
    %load/vec4 v000001b3566c7f00_0;
    %parti/s 5, 0, 2;
    %ix/vec4 4;
    %shiftl 4;
    %store/vec4 v000001b3566c7e60_0, 0, 32;
    %jmp T_14.11;
T_14.2 ;
    %load/vec4 v000001b3566c7460_0;
    %load/vec4 v000001b3566c7140_0;
    %cmp/s;
    %jmp/0xz  T_14.12, 5;
    %pushi/vec4 1, 0, 32;
    %store/vec4 v000001b3566c7e60_0, 0, 32;
    %jmp T_14.13;
T_14.12 ;
    %pushi/vec4 0, 0, 32;
    %store/vec4 v000001b3566c7e60_0, 0, 32;
T_14.13 ;
    %jmp T_14.11;
T_14.3 ;
    %load/vec4 v000001b3566c6c40_0;
    %load/vec4 v000001b3566c7f00_0;
    %cmp/u;
    %jmp/0xz  T_14.14, 5;
    %pushi/vec4 1, 0, 32;
    %store/vec4 v000001b3566c7e60_0, 0, 32;
    %jmp T_14.15;
T_14.14 ;
    %pushi/vec4 0, 0, 32;
    %store/vec4 v000001b3566c7e60_0, 0, 32;
T_14.15 ;
    %jmp T_14.11;
T_14.4 ;
    %load/vec4 v000001b3566c6c40_0;
    %load/vec4 v000001b3566c7f00_0;
    %xor;
    %store/vec4 v000001b3566c7e60_0, 0, 32;
    %jmp T_14.11;
T_14.5 ;
    %load/vec4 v000001b3566c6c40_0;
    %load/vec4 v000001b3566c7f00_0;
    %parti/s 5, 0, 2;
    %ix/vec4 4;
    %shiftr 4;
    %store/vec4 v000001b3566c7e60_0, 0, 32;
    %jmp T_14.11;
T_14.6 ;
    %load/vec4 v000001b3566c6c40_0;
    %load/vec4 v000001b3566c7f00_0;
    %or;
    %store/vec4 v000001b3566c7e60_0, 0, 32;
    %jmp T_14.11;
T_14.7 ;
    %load/vec4 v000001b3566c6c40_0;
    %load/vec4 v000001b3566c7f00_0;
    %and;
    %store/vec4 v000001b3566c7e60_0, 0, 32;
    %jmp T_14.11;
T_14.8 ;
    %load/vec4 v000001b3566c6c40_0;
    %load/vec4 v000001b3566c7f00_0;
    %sub;
    %store/vec4 v000001b3566c7e60_0, 0, 32;
    %jmp T_14.11;
T_14.9 ;
    %load/vec4 v000001b3566c7460_0;
    %load/vec4 v000001b3566c7f00_0;
    %parti/s 5, 0, 2;
    %ix/vec4 4;
    %shiftr/s 4;
    %store/vec4 v000001b3566c7e60_0, 0, 32;
    %jmp T_14.11;
T_14.11 ;
    %pop/vec4 1;
    %jmp T_14;
    .thread T_14, $push;
    .scope S_000001b3566bced0;
T_15 ;
    %wait E_000001b3565dbfb0;
    %load/vec4 v000001b3566cb060_0;
    %dup/vec4;
    %pushi/vec4 0, 0, 3;
    %cmp/u;
    %jmp/1 T_15.0, 6;
    %dup/vec4;
    %pushi/vec4 1, 0, 3;
    %cmp/u;
    %jmp/1 T_15.1, 6;
    %dup/vec4;
    %pushi/vec4 4, 0, 3;
    %cmp/u;
    %jmp/1 T_15.2, 6;
    %dup/vec4;
    %pushi/vec4 5, 0, 3;
    %cmp/u;
    %jmp/1 T_15.3, 6;
    %dup/vec4;
    %pushi/vec4 6, 0, 3;
    %cmp/u;
    %jmp/1 T_15.4, 6;
    %dup/vec4;
    %pushi/vec4 7, 0, 3;
    %cmp/u;
    %jmp/1 T_15.5, 6;
    %pushi/vec4 0, 0, 1;
    %store/vec4 v000001b3566ccfa0_0, 0, 1;
    %jmp T_15.7;
T_15.0 ;
    %load/vec4 v000001b3566d9f10_0;
    %load/vec4 v000001b3566daeb0_0;
    %cmp/e;
    %flag_get/vec4 4;
    %store/vec4 v000001b3566ccfa0_0, 0, 1;
    %jmp T_15.7;
T_15.1 ;
    %load/vec4 v000001b3566d9f10_0;
    %load/vec4 v000001b3566daeb0_0;
    %cmp/ne;
    %flag_get/vec4 4;
    %store/vec4 v000001b3566ccfa0_0, 0, 1;
    %jmp T_15.7;
T_15.2 ;
    %load/vec4 v000001b3566d9f10_0;
    %load/vec4 v000001b3566daeb0_0;
    %cmp/s;
    %flag_get/vec4 5;
    %store/vec4 v000001b3566ccfa0_0, 0, 1;
    %jmp T_15.7;
T_15.3 ;
    %load/vec4 v000001b3566daeb0_0;
    %load/vec4 v000001b3566d9f10_0;
    %cmp/s;
    %flag_get/vec4 4;
    %flag_get/vec4 5;
    %or;
    %store/vec4 v000001b3566ccfa0_0, 0, 1;
    %jmp T_15.7;
T_15.4 ;
    %load/vec4 v000001b3566d9f10_0;
    %load/vec4 v000001b3566daeb0_0;
    %cmp/u;
    %flag_get/vec4 5;
    %store/vec4 v000001b3566ccfa0_0, 0, 1;
    %jmp T_15.7;
T_15.5 ;
    %load/vec4 v000001b3566daeb0_0;
    %load/vec4 v000001b3566d9f10_0;
    %cmp/u;
    %flag_get/vec4 4;
    %flag_get/vec4 5;
    %or;
    %store/vec4 v000001b3566ccfa0_0, 0, 1;
    %jmp T_15.7;
T_15.7 ;
    %pop/vec4 1;
    %jmp T_15;
    .thread T_15, $push;
    .scope S_000001b3566bced0;
T_16 ;
    %wait E_000001b3565db030;
    %pushi/vec4 0, 0, 32;
    %store/vec4 v000001b3566dae10_0, 0, 32;
    %pushi/vec4 0, 0, 32;
    %store/vec4 v000001b3566d9470_0, 0, 32;
    %load/vec4 v000001b3566cb6a0_0;
    %flag_set/vec4 8;
    %jmp/0xz  T_16.0, 8;
    %load/vec4 v000001b3566cb560_0;
    %flag_set/vec4 8;
    %jmp/0xz  T_16.2, 8;
    %pushi/vec4 2147483659, 0, 32;
    %store/vec4 v000001b3566dae10_0, 0, 32;
    %jmp T_16.3;
T_16.2 ;
    %load/vec4 v000001b3566cbce0_0;
    %flag_set/vec4 8;
    %jmp/0xz  T_16.4, 8;
    %pushi/vec4 2147483651, 0, 32;
    %store/vec4 v000001b3566dae10_0, 0, 32;
    %jmp T_16.5;
T_16.4 ;
    %pushi/vec4 2147483655, 0, 32;
    %store/vec4 v000001b3566dae10_0, 0, 32;
T_16.5 ;
T_16.3 ;
    %jmp T_16.1;
T_16.0 ;
    %load/vec4 v000001b3566cd540_0;
    %flag_set/vec4 8;
    %jmp/0xz  T_16.6, 8;
    %pushi/vec4 11, 0, 32;
    %store/vec4 v000001b3566dae10_0, 0, 32;
    %jmp T_16.7;
T_16.6 ;
    %load/vec4 v000001b3566cbd80_0;
    %flag_set/vec4 8;
    %jmp/0xz  T_16.8, 8;
    %pushi/vec4 3, 0, 32;
    %store/vec4 v000001b3566dae10_0, 0, 32;
    %load/vec4 v000001b3566c9c60_0;
    %store/vec4 v000001b3566d9470_0, 0, 32;
    %jmp T_16.9;
T_16.8 ;
    %pushi/vec4 2, 0, 32;
    %store/vec4 v000001b3566dae10_0, 0, 32;
    %load/vec4 v000001b3566ca7a0_0;
    %store/vec4 v000001b3566d9470_0, 0, 32;
T_16.9 ;
T_16.7 ;
T_16.1 ;
    %jmp T_16;
    .thread T_16, $push;
    .scope S_000001b3566bced0;
T_17 ;
    %wait E_000001b3565daff0;
    %load/vec4 v000001b3566cdc20_0;
    %store/vec4 v000001b3566cd900_0, 0, 5;
    %load/vec4 v000001b3566da230_0;
    %store/vec4 v000001b3566cd9a0_0, 0, 5;
    %pushi/vec4 0, 0, 32;
    %store/vec4 v000001b3566cd5e0_0, 0, 32;
    %pushi/vec4 0, 0, 32;
    %store/vec4 v000001b3566cd860_0, 0, 32;
    %pushi/vec4 0, 0, 4;
    %store/vec4 v000001b3566cc1e0_0, 0, 4;
    %pushi/vec4 0, 0, 32;
    %store/vec4 v000001b3566c93a0_0, 0, 32;
    %pushi/vec4 0, 0, 32;
    %store/vec4 v000001b3566c94e0_0, 0, 32;
    %pushi/vec4 0, 0, 32;
    %store/vec4 v000001b3566cbe20_0, 0, 32;
    %load/vec4 v000001b3566cad40_0;
    %addi 4, 0, 32;
    %store/vec4 v000001b3566cdf40_0, 0, 32;
    %pushi/vec4 3, 0, 2;
    %store/vec4 v000001b3566d9970_0, 0, 2;
    %pushi/vec4 0, 0, 32;
    %store/vec4 v000001b3566c9d00_0, 0, 32;
    %pushi/vec4 0, 0, 32;
    %store/vec4 v000001b3566ca700_0, 0, 32;
    %pushi/vec4 0, 0, 32;
    %store/vec4 v000001b3566ca160_0, 0, 32;
    %pushi/vec4 7, 0, 3;
    %store/vec4 v000001b3566c9260_0, 0, 3;
    %pushi/vec4 7, 0, 3;
    %store/vec4 v000001b3566caca0_0, 0, 3;
    %pushi/vec4 0, 0, 1;
    %store/vec4 v000001b3566cd540_0, 0, 1;
    %pushi/vec4 0, 0, 1;
    %store/vec4 v000001b3566cbd80_0, 0, 1;
    %pushi/vec4 0, 0, 1;
    %store/vec4 v000001b3566cc320_0, 0, 1;
    %pushi/vec4 0, 0, 1;
    %store/vec4 v000001b3566ce300_0, 0, 1;
    %pushi/vec4 0, 0, 1;
    %store/vec4 v000001b3566da4b0_0, 0, 1;
    %pushi/vec4 0, 0, 1;
    %store/vec4 v000001b3566d9a10_0, 0, 1;
    %load/vec4 v000001b3566cdcc0_0;
    %dup/vec4;
    %pushi/vec4 55, 0, 7;
    %cmp/u;
    %jmp/1 T_17.0, 6;
    %dup/vec4;
    %pushi/vec4 23, 0, 7;
    %cmp/u;
    %jmp/1 T_17.1, 6;
    %dup/vec4;
    %pushi/vec4 111, 0, 7;
    %cmp/u;
    %jmp/1 T_17.2, 6;
    %dup/vec4;
    %pushi/vec4 103, 0, 7;
    %cmp/u;
    %jmp/1 T_17.3, 6;
    %dup/vec4;
    %pushi/vec4 99, 0, 7;
    %cmp/u;
    %jmp/1 T_17.4, 6;
    %dup/vec4;
    %pushi/vec4 3, 0, 7;
    %cmp/u;
    %jmp/1 T_17.5, 6;
    %dup/vec4;
    %pushi/vec4 35, 0, 7;
    %cmp/u;
    %jmp/1 T_17.6, 6;
    %dup/vec4;
    %pushi/vec4 19, 0, 7;
    %cmp/u;
    %jmp/1 T_17.7, 6;
    %dup/vec4;
    %pushi/vec4 51, 0, 7;
    %cmp/u;
    %jmp/1 T_17.8, 6;
    %dup/vec4;
    %pushi/vec4 15, 0, 7;
    %cmp/u;
    %jmp/1 T_17.9, 6;
    %dup/vec4;
    %pushi/vec4 115, 0, 7;
    %cmp/u;
    %jmp/1 T_17.10, 6;
    %pushi/vec4 3, 0, 2;
    %store/vec4 v000001b3566d9970_0, 0, 2;
    %pushi/vec4 1, 0, 1;
    %store/vec4 v000001b3566cc320_0, 0, 1;
    %jmp T_17.12;
T_17.0 ;
    %load/vec4 v000001b3566cc3c0_0;
    %store/vec4 v000001b3566c93a0_0, 0, 32;
    %pushi/vec4 0, 0, 2;
    %store/vec4 v000001b3566d9970_0, 0, 2;
    %jmp T_17.12;
T_17.1 ;
    %load/vec4 v000001b3566c9c60_0;
    %load/vec4 v000001b3566cc3c0_0;
    %add;
    %store/vec4 v000001b3566c93a0_0, 0, 32;
    %pushi/vec4 0, 0, 2;
    %store/vec4 v000001b3566d9970_0, 0, 2;
    %jmp T_17.12;
T_17.2 ;
    %load/vec4 v000001b3566c9c60_0;
    %addi 4, 0, 32;
    %store/vec4 v000001b3566c93a0_0, 0, 32;
    %load/vec4 v000001b3566c9c60_0;
    %load/vec4 v000001b3566cc6e0_0;
    %add;
    %store/vec4 v000001b3566cdf40_0, 0, 32;
    %pushi/vec4 0, 0, 2;
    %store/vec4 v000001b3566d9970_0, 0, 2;
    %jmp T_17.12;
T_17.3 ;
    %load/vec4 v000001b3566c9c60_0;
    %addi 4, 0, 32;
    %store/vec4 v000001b3566c93a0_0, 0, 32;
    %load/vec4 v000001b3566d9f10_0;
    %load/vec4 v000001b3566cb4c0_0;
    %add;
    %pushi/vec4 4294967294, 0, 32;
    %and;
    %store/vec4 v000001b3566cdf40_0, 0, 32;
    %pushi/vec4 0, 0, 2;
    %store/vec4 v000001b3566d9970_0, 0, 2;
    %jmp T_17.12;
T_17.4 ;
    %load/vec4 v000001b3566ccfa0_0;
    %flag_set/vec4 8;
    %jmp/0xz  T_17.13, 8;
    %load/vec4 v000001b3566c9c60_0;
    %load/vec4 v000001b3566caf20_0;
    %add;
    %store/vec4 v000001b3566cdf40_0, 0, 32;
T_17.13 ;
    %pushi/vec4 3, 0, 2;
    %store/vec4 v000001b3566d9970_0, 0, 2;
    %jmp T_17.12;
T_17.5 ;
    %load/vec4 v000001b3566d9f10_0;
    %store/vec4 v000001b3566cd5e0_0, 0, 32;
    %load/vec4 v000001b3566cb4c0_0;
    %store/vec4 v000001b3566cd860_0, 0, 32;
    %pushi/vec4 0, 0, 4;
    %store/vec4 v000001b3566cc1e0_0, 0, 4;
    %load/vec4 v000001b3566cb380_0;
    %store/vec4 v000001b3566c9d00_0, 0, 32;
    %load/vec4 v000001b3566cb060_0;
    %store/vec4 v000001b3566c9260_0, 0, 3;
    %pushi/vec4 2, 0, 2;
    %store/vec4 v000001b3566d9970_0, 0, 2;
    %jmp T_17.12;
T_17.6 ;
    %load/vec4 v000001b3566d9f10_0;
    %store/vec4 v000001b3566cd5e0_0, 0, 32;
    %load/vec4 v000001b3566cbba0_0;
    %store/vec4 v000001b3566cd860_0, 0, 32;
    %pushi/vec4 0, 0, 4;
    %store/vec4 v000001b3566cc1e0_0, 0, 4;
    %load/vec4 v000001b3566cb380_0;
    %store/vec4 v000001b3566ca700_0, 0, 32;
    %load/vec4 v000001b3566daeb0_0;
    %store/vec4 v000001b3566ca160_0, 0, 32;
    %load/vec4 v000001b3566cb060_0;
    %store/vec4 v000001b3566caca0_0, 0, 3;
    %pushi/vec4 3, 0, 2;
    %store/vec4 v000001b3566d9970_0, 0, 2;
    %jmp T_17.12;
T_17.7 ;
    %load/vec4 v000001b3566d9f10_0;
    %store/vec4 v000001b3566cd5e0_0, 0, 32;
    %load/vec4 v000001b3566cb4c0_0;
    %store/vec4 v000001b3566cd860_0, 0, 32;
    %load/vec4 v000001b3566cb060_0;
    %cmpi/e 5, 0, 3;
    %jmp/0xz  T_17.15, 4;
    %load/vec4 v000001b3566ca7a0_0;
    %parti/s 1, 30, 6;
    %load/vec4 v000001b3566cb060_0;
    %concat/vec4; draw_concat_vec4
    %store/vec4 v000001b3566cc1e0_0, 0, 4;
    %jmp T_17.16;
T_17.15 ;
    %pushi/vec4 0, 0, 1;
    %load/vec4 v000001b3566cb060_0;
    %concat/vec4; draw_concat_vec4
    %store/vec4 v000001b3566cc1e0_0, 0, 4;
T_17.16 ;
    %load/vec4 v000001b3566cb380_0;
    %store/vec4 v000001b3566c93a0_0, 0, 32;
    %pushi/vec4 0, 0, 2;
    %store/vec4 v000001b3566d9970_0, 0, 2;
    %jmp T_17.12;
T_17.8 ;
    %load/vec4 v000001b3566d9f10_0;
    %store/vec4 v000001b3566cd5e0_0, 0, 32;
    %load/vec4 v000001b3566daeb0_0;
    %store/vec4 v000001b3566cd860_0, 0, 32;
    %load/vec4 v000001b3566ca7a0_0;
    %parti/s 1, 30, 6;
    %load/vec4 v000001b3566cb060_0;
    %concat/vec4; draw_concat_vec4
    %store/vec4 v000001b3566cc1e0_0, 0, 4;
    %load/vec4 v000001b3566cb380_0;
    %store/vec4 v000001b3566c93a0_0, 0, 32;
    %pushi/vec4 0, 0, 2;
    %store/vec4 v000001b3566d9970_0, 0, 2;
    %jmp T_17.12;
T_17.9 ;
    %pushi/vec4 3, 0, 2;
    %store/vec4 v000001b3566d9970_0, 0, 2;
    %jmp T_17.12;
T_17.10 ;
    %load/vec4 v000001b3566cb060_0;
    %cmpi/e 0, 0, 3;
    %jmp/0xz  T_17.17, 4;
    %pushi/vec4 3, 0, 2;
    %store/vec4 v000001b3566d9970_0, 0, 2;
    %load/vec4 v000001b3566ca7a0_0;
    %parti/s 12, 20, 6;
    %cmpi/e 0, 0, 12;
    %jmp/0xz  T_17.19, 4;
    %pushi/vec4 1, 0, 1;
    %store/vec4 v000001b3566cd540_0, 0, 1;
    %jmp T_17.20;
T_17.19 ;
    %load/vec4 v000001b3566ca7a0_0;
    %parti/s 12, 20, 6;
    %cmpi/e 1, 0, 12;
    %jmp/0xz  T_17.21, 4;
    %pushi/vec4 1, 0, 1;
    %store/vec4 v000001b3566cbd80_0, 0, 1;
    %jmp T_17.22;
T_17.21 ;
    %load/vec4 v000001b3566ca7a0_0;
    %parti/s 12, 20, 6;
    %cmpi/e 770, 0, 12;
    %jmp/0xz  T_17.23, 4;
    %pushi/vec4 1, 0, 1;
    %store/vec4 v000001b3566ce300_0, 0, 1;
T_17.23 ;
T_17.22 ;
T_17.20 ;
    %jmp T_17.18;
T_17.17 ;
    %pushi/vec4 1, 0, 2;
    %store/vec4 v000001b3566d9970_0, 0, 2;
    %load/vec4 v000001b3566cd040_0;
    %store/vec4 v000001b3566c7aa0_0, 0, 12;
    %callf/vec4 TD_UART_tb.dut_tx.cpu.GetCSR, S_000001b3566bbda0;
    %store/vec4 v000001b3566cbe20_0, 0, 32;
    %load/vec4 v000001b3566cd0e0_0;
    %flag_set/vec4 8;
    %jmp/0xz  T_17.25, 8;
    %load/vec4 v000001b3566cb9c0_0;
    %store/vec4 v000001b3566cbe20_0, 0, 32;
T_17.25 ;
    %load/vec4 v000001b3566cbe20_0;
    %store/vec4 v000001b3566c93a0_0, 0, 32;
    %load/vec4 v000001b3566cb060_0;
    %cmpi/e 1, 0, 3;
    %jmp/0xz  T_17.27, 4;
    %load/vec4 v000001b3566d9f10_0;
    %store/vec4 v000001b3566c94e0_0, 0, 32;
    %jmp T_17.28;
T_17.27 ;
    %load/vec4 v000001b3566cb060_0;
    %cmpi/e 2, 0, 3;
    %jmp/0xz  T_17.29, 4;
    %load/vec4 v000001b3566cbe20_0;
    %load/vec4 v000001b3566d9f10_0;
    %or;
    %store/vec4 v000001b3566c94e0_0, 0, 32;
    %jmp T_17.30;
T_17.29 ;
    %load/vec4 v000001b3566cb060_0;
    %cmpi/e 3, 0, 3;
    %jmp/0xz  T_17.31, 4;
    %load/vec4 v000001b3566cbe20_0;
    %load/vec4 v000001b3566d9f10_0;
    %inv;
    %and;
    %store/vec4 v000001b3566c94e0_0, 0, 32;
    %jmp T_17.32;
T_17.31 ;
    %load/vec4 v000001b3566cb060_0;
    %cmpi/e 5, 0, 3;
    %jmp/0xz  T_17.33, 4;
    %load/vec4 v000001b3566da870_0;
    %store/vec4 v000001b3566c94e0_0, 0, 32;
    %jmp T_17.34;
T_17.33 ;
    %load/vec4 v000001b3566cb060_0;
    %cmpi/e 6, 0, 3;
    %jmp/0xz  T_17.35, 4;
    %load/vec4 v000001b3566cbe20_0;
    %load/vec4 v000001b3566da870_0;
    %or;
    %store/vec4 v000001b3566c94e0_0, 0, 32;
    %jmp T_17.36;
T_17.35 ;
    %load/vec4 v000001b3566cb060_0;
    %cmpi/e 7, 0, 3;
    %jmp/0xz  T_17.37, 4;
    %load/vec4 v000001b3566cbe20_0;
    %load/vec4 v000001b3566da870_0;
    %inv;
    %and;
    %store/vec4 v000001b3566c94e0_0, 0, 32;
    %jmp T_17.38;
T_17.37 ;
    %load/vec4 v000001b3566cbe20_0;
    %store/vec4 v000001b3566c94e0_0, 0, 32;
T_17.38 ;
T_17.36 ;
T_17.34 ;
T_17.32 ;
T_17.30 ;
T_17.28 ;
T_17.18 ;
    %jmp T_17.12;
T_17.12 ;
    %pop/vec4 1;
    %load/vec4 v000001b3566da550_0;
    %flag_set/vec4 8;
    %flag_get/vec4 8;
    %jmp/0 T_17.39, 8;
    %load/vec4 v000001b3566cb6a0_0;
    %flag_set/vec4 8;
    %jmp/1 T_17.42, 8;
    %load/vec4 v000001b3566cd540_0;
    %flag_set/vec4 9;
    %flag_or 8, 9;
T_17.42;
    %jmp/1 T_17.41, 8;
    %load/vec4 v000001b3566cbd80_0;
    %flag_set/vec4 9;
    %flag_or 8, 9;
T_17.41;
    %flag_get/vec4 8;
    %jmp/1 T_17.40, 8;
    %load/vec4 v000001b3566cc320_0;
    %or;
T_17.40;
    %and;
T_17.39;
    %store/vec4 v000001b3566da4b0_0, 0, 1;
    %load/vec4 v000001b3566da550_0;
    %flag_set/vec4 8;
    %flag_get/vec4 8;
    %jmp/0 T_17.43, 8;
    %load/vec4 v000001b3566ce300_0;
    %and;
T_17.43;
    %store/vec4 v000001b3566d9a10_0, 0, 1;
    %load/vec4 v000001b3566da4b0_0;
    %flag_set/vec4 8;
    %jmp/0xz  T_17.44, 8;
    %load/vec4 v000001b3566cda40_0;
    %parti/s 30, 2, 3;
    %concati/vec4 0, 0, 2;
    %store/vec4 v000001b3566cdf40_0, 0, 32;
    %pushi/vec4 3, 0, 2;
    %store/vec4 v000001b3566d9970_0, 0, 2;
    %pushi/vec4 7, 0, 3;
    %store/vec4 v000001b3566c9260_0, 0, 3;
    %pushi/vec4 7, 0, 3;
    %store/vec4 v000001b3566caca0_0, 0, 3;
    %jmp T_17.45;
T_17.44 ;
    %load/vec4 v000001b3566d9a10_0;
    %flag_set/vec4 8;
    %jmp/0xz  T_17.46, 8;
    %load/vec4 v000001b3566cde00_0;
    %store/vec4 v000001b3566cdf40_0, 0, 32;
    %pushi/vec4 3, 0, 2;
    %store/vec4 v000001b3566d9970_0, 0, 2;
T_17.46 ;
T_17.45 ;
    %jmp T_17;
    .thread T_17, $push;
    .scope S_000001b3566bced0;
T_18 ;
    %wait E_000001b3565dacb0;
    %load/vec4 v000001b3566d9650_0;
    %flag_set/vec4 8;
    %jmp/0xz  T_18.0, 8;
    %pushi/vec4 0, 0, 32;
    %assign/vec4 v000001b3566cad40_0, 0;
    %pushi/vec4 0, 0, 32;
    %assign/vec4 v000001b3566c9c60_0, 0;
    %pushi/vec4 0, 0, 1;
    %assign/vec4 v000001b3566cb880_0, 0;
    %pushi/vec4 0, 0, 64;
    %assign/vec4 v000001b3566cd400_0, 0;
    %pushi/vec4 0, 0, 64;
    %assign/vec4 v000001b3566cbc40_0, 0;
    %pushi/vec4 0, 0, 32;
    %assign/vec4 v000001b3566d9fb0_0, 0;
    %pushi/vec4 0, 0, 5;
    %assign/vec4 v000001b3566d8d90_0, 0;
    %pushi/vec4 0, 0, 12;
    %assign/vec4 v000001b3566da9b0_0, 0;
    %pushi/vec4 0, 0, 32;
    %assign/vec4 v000001b3566da910_0, 0;
    %pushi/vec4 3, 0, 2;
    %assign/vec4 v000001b3566d8a70_0, 0;
    %jmp T_18.1;
T_18.0 ;
    %load/vec4 v000001b3566cdf40_0;
    %assign/vec4 v000001b3566cad40_0, 0;
    %load/vec4 v000001b3566cad40_0;
    %assign/vec4 v000001b3566c9c60_0, 0;
    %load/vec4 v000001b3566cb740_0;
    %assign/vec4 v000001b3566cb880_0, 0;
    %load/vec4 v000001b3566cd400_0;
    %addi 1, 0, 64;
    %assign/vec4 v000001b3566cd400_0, 0;
    %load/vec4 v000001b3566da550_0;
    %flag_set/vec4 9;
    %flag_get/vec4 9;
    %jmp/0 T_18.4, 9;
    %load/vec4 v000001b3566da4b0_0;
    %nor/r;
    %and;
T_18.4;
    %flag_set/vec4 8;
    %jmp/0xz  T_18.2, 8;
    %load/vec4 v000001b3566cbc40_0;
    %addi 1, 0, 64;
    %assign/vec4 v000001b3566cbc40_0, 0;
T_18.2 ;
    %load/vec4 v000001b3566c93a0_0;
    %assign/vec4 v000001b3566d9fb0_0, 0;
    %load/vec4 v000001b3566cdb80_0;
    %assign/vec4 v000001b3566d8d90_0, 0;
    %load/vec4 v000001b3566cd040_0;
    %assign/vec4 v000001b3566da9b0_0, 0;
    %load/vec4 v000001b3566c94e0_0;
    %assign/vec4 v000001b3566da910_0, 0;
    %load/vec4 v000001b3566d9970_0;
    %assign/vec4 v000001b3566d8a70_0, 0;
T_18.1 ;
    %jmp T_18;
    .thread T_18;
    .scope S_000001b3566bced0;
T_19 ;
    %wait E_000001b3565dafb0;
    %pushi/vec4 0, 0, 5;
    %store/vec4 v000001b3566c9e40_0, 0, 5;
    %pushi/vec4 0, 0, 32;
    %store/vec4 v000001b3566c8ae0_0, 0, 32;
    %pushi/vec4 0, 0, 1;
    %store/vec4 v000001b3566c9760_0, 0, 1;
    %load/vec4 v000001b3566d8a70_0;
    %cmpi/e 0, 0, 2;
    %jmp/0xz  T_19.0, 4;
    %load/vec4 v000001b3566d8d90_0;
    %store/vec4 v000001b3566c9e40_0, 0, 5;
    %load/vec4 v000001b3566d9fb0_0;
    %store/vec4 v000001b3566c8ae0_0, 0, 32;
    %pushi/vec4 1, 0, 1;
    %store/vec4 v000001b3566c9760_0, 0, 1;
    %jmp T_19.1;
T_19.0 ;
    %load/vec4 v000001b3566d8a70_0;
    %cmpi/e 1, 0, 2;
    %jmp/0xz  T_19.2, 4;
    %load/vec4 v000001b3566d8d90_0;
    %store/vec4 v000001b3566c9e40_0, 0, 5;
    %load/vec4 v000001b3566d9fb0_0;
    %store/vec4 v000001b3566c8ae0_0, 0, 32;
    %pushi/vec4 1, 0, 1;
    %store/vec4 v000001b3566c9760_0, 0, 1;
    %jmp T_19.3;
T_19.2 ;
    %load/vec4 v000001b3566d8a70_0;
    %cmpi/e 2, 0, 2;
    %jmp/0xz  T_19.4, 4;
    %load/vec4 v000001b3566d8d90_0;
    %store/vec4 v000001b3566c9e40_0, 0, 5;
    %load/vec4 v000001b3566ca8e0_0;
    %store/vec4 v000001b3566c8ae0_0, 0, 32;
    %pushi/vec4 1, 0, 1;
    %store/vec4 v000001b3566c9760_0, 0, 1;
    %jmp T_19.5;
T_19.4 ;
    %pushi/vec4 0, 0, 1;
    %store/vec4 v000001b3566c9760_0, 0, 1;
T_19.5 ;
T_19.3 ;
T_19.1 ;
    %jmp T_19;
    .thread T_19, $push;
    .scope S_000001b3566bced0;
T_20 ;
    %wait E_000001b3565dacb0;
    %load/vec4 v000001b3566d9650_0;
    %flag_set/vec4 8;
    %jmp/0xz  T_20.0, 8;
    %pushi/vec4 0, 0, 32;
    %assign/vec4 v000001b3566ce440_0, 0;
    %pushi/vec4 0, 0, 32;
    %assign/vec4 v000001b3566cd7c0_0, 0;
    %pushi/vec4 0, 0, 32;
    %assign/vec4 v000001b3566ce080_0, 0;
    %pushi/vec4 0, 0, 32;
    %assign/vec4 v000001b3566cda40_0, 0;
    %pushi/vec4 0, 0, 32;
    %assign/vec4 v000001b3566cdfe0_0, 0;
    %pushi/vec4 0, 0, 32;
    %assign/vec4 v000001b3566cc460_0, 0;
    %pushi/vec4 0, 0, 32;
    %assign/vec4 v000001b3566ce260_0, 0;
    %pushi/vec4 0, 0, 32;
    %assign/vec4 v000001b3566ce1c0_0, 0;
    %jmp T_20.1;
T_20.0 ;
    %load/vec4 v000001b3566d8a70_0;
    %cmpi/e 1, 0, 2;
    %jmp/0xz  T_20.2, 4;
    %load/vec4 v000001b3566da9b0_0;
    %store/vec4 v000001b3566c6b00_0, 0, 12;
    %load/vec4 v000001b3566da910_0;
    %store/vec4 v000001b3566c6ba0_0, 0, 32;
    %fork TD_UART_tb.dut_tx.cpu.SetCSR, S_000001b3566bc3e0;
    %join;
T_20.2 ;
    %load/vec4 v000001b3566da4b0_0;
    %flag_set/vec4 8;
    %jmp/0xz  T_20.4, 8;
    %load/vec4 v000001b3566c9c60_0;
    %assign/vec4 v000001b3566cdfe0_0, 0;
    %load/vec4 v000001b3566dae10_0;
    %assign/vec4 v000001b3566cc460_0, 0;
    %load/vec4 v000001b3566d9470_0;
    %assign/vec4 v000001b3566ce260_0, 0;
    %load/vec4 v000001b3566ce440_0;
    %parti/s 1, 3, 3;
    %ix/load 4, 7, 0;
    %ix/load 5, 0, 0;
    %flag_set/imm 4, 0;
    %assign/vec4/off/d v000001b3566ce440_0, 4, 5;
    %pushi/vec4 0, 0, 1;
    %ix/load 4, 3, 0;
    %ix/load 5, 0, 0;
    %flag_set/imm 4, 0;
    %assign/vec4/off/d v000001b3566ce440_0, 4, 5;
    %pushi/vec4 3, 0, 2;
    %ix/load 4, 11, 0;
    %ix/load 5, 0, 0;
    %flag_set/imm 4, 0;
    %assign/vec4/off/d v000001b3566ce440_0, 4, 5;
    %jmp T_20.5;
T_20.4 ;
    %load/vec4 v000001b3566d9a10_0;
    %flag_set/vec4 8;
    %jmp/0xz  T_20.6, 8;
    %load/vec4 v000001b3566ce440_0;
    %parti/s 1, 7, 4;
    %ix/load 4, 3, 0;
    %ix/load 5, 0, 0;
    %flag_set/imm 4, 0;
    %assign/vec4/off/d v000001b3566ce440_0, 4, 5;
    %pushi/vec4 1, 0, 1;
    %ix/load 4, 7, 0;
    %ix/load 5, 0, 0;
    %flag_set/imm 4, 0;
    %assign/vec4/off/d v000001b3566ce440_0, 4, 5;
    %pushi/vec4 3, 0, 2;
    %ix/load 4, 11, 0;
    %ix/load 5, 0, 0;
    %flag_set/imm 4, 0;
    %assign/vec4/off/d v000001b3566ce440_0, 4, 5;
T_20.6 ;
T_20.5 ;
T_20.1 ;
    %jmp T_20;
    .thread T_20;
    .scope S_000001b3566bcd40;
T_21 ;
    %wait E_000001b3565d7af0;
    %load/vec4 v000001b3566c6920_0;
    %cmpi/e 0, 0, 3;
    %jmp/0xz  T_21.0, 4;
    %load/vec4 v000001b3566c7c80_0;
    %parti/s 8, 0, 2;
    %load/vec4 v000001b3566c6740_0;
    %pad/u 18;
    %ix/vec4 3;
    %ix/load 4, 0, 0; Constant delay
    %assign/vec4/a/d v000001b3566c7a00, 0, 4;
    %jmp T_21.1;
T_21.0 ;
    %load/vec4 v000001b3566c6920_0;
    %cmpi/e 1, 0, 3;
    %jmp/0xz  T_21.2, 4;
    %load/vec4 v000001b3566c7c80_0;
    %parti/s 8, 0, 2;
    %load/vec4 v000001b3566c6740_0;
    %pad/u 18;
    %ix/vec4 3;
    %ix/load 4, 0, 0; Constant delay
    %assign/vec4/a/d v000001b3566c7a00, 0, 4;
    %load/vec4 v000001b3566c7c80_0;
    %parti/s 8, 8, 5;
    %load/vec4 v000001b3566c6740_0;
    %pad/u 32;
    %addi 1, 0, 32;
    %ix/vec4 3;
    %ix/load 4, 0, 0; Constant delay
    %assign/vec4/a/d v000001b3566c7a00, 0, 4;
    %jmp T_21.3;
T_21.2 ;
    %load/vec4 v000001b3566c6920_0;
    %cmpi/e 2, 0, 3;
    %jmp/0xz  T_21.4, 4;
    %load/vec4 v000001b3566c7c80_0;
    %parti/s 8, 0, 2;
    %load/vec4 v000001b3566c6740_0;
    %pad/u 18;
    %ix/vec4 3;
    %ix/load 4, 0, 0; Constant delay
    %assign/vec4/a/d v000001b3566c7a00, 0, 4;
    %load/vec4 v000001b3566c7c80_0;
    %parti/s 8, 8, 5;
    %load/vec4 v000001b3566c6740_0;
    %pad/u 32;
    %addi 1, 0, 32;
    %ix/vec4 3;
    %ix/load 4, 0, 0; Constant delay
    %assign/vec4/a/d v000001b3566c7a00, 0, 4;
    %load/vec4 v000001b3566c7c80_0;
    %parti/s 8, 16, 6;
    %load/vec4 v000001b3566c6740_0;
    %pad/u 32;
    %addi 2, 0, 32;
    %ix/vec4 3;
    %ix/load 4, 0, 0; Constant delay
    %assign/vec4/a/d v000001b3566c7a00, 0, 4;
    %load/vec4 v000001b3566c7c80_0;
    %parti/s 8, 24, 6;
    %load/vec4 v000001b3566c6740_0;
    %pad/u 32;
    %addi 3, 0, 32;
    %ix/vec4 3;
    %ix/load 4, 0, 0; Constant delay
    %assign/vec4/a/d v000001b3566c7a00, 0, 4;
T_21.4 ;
T_21.3 ;
T_21.1 ;
    %jmp T_21;
    .thread T_21;
    .scope S_000001b3566bcd40;
T_22 ;
    %wait E_000001b3565d7af0;
    %load/vec4 v000001b3566c6560_0;
    %cmpi/e 0, 0, 3;
    %jmp/0xz  T_22.0, 4;
    %load/vec4 v000001b3566c7280_0;
    %pad/u 18;
    %ix/vec4 4;
    %load/vec4a v000001b3566c7a00, 4;
    %parti/s 1, 7, 4;
    %replicate 24;
    %load/vec4 v000001b3566c7280_0;
    %pad/u 18;
    %ix/vec4 4;
    %load/vec4a v000001b3566c7a00, 4;
    %concat/vec4; draw_concat_vec4
    %assign/vec4 v000001b3566c7320_0, 0;
    %jmp T_22.1;
T_22.0 ;
    %load/vec4 v000001b3566c6560_0;
    %cmpi/e 1, 0, 3;
    %jmp/0xz  T_22.2, 4;
    %load/vec4 v000001b3566c7280_0;
    %pad/u 32;
    %addi 1, 0, 32;
    %ix/vec4 4;
    %load/vec4a v000001b3566c7a00, 4;
    %parti/s 1, 7, 4;
    %replicate 16;
    %load/vec4 v000001b3566c7280_0;
    %pad/u 32;
    %addi 1, 0, 32;
    %ix/vec4 4;
    %load/vec4a v000001b3566c7a00, 4;
    %concat/vec4; draw_concat_vec4
    %load/vec4 v000001b3566c7280_0;
    %pad/u 18;
    %ix/vec4 4;
    %load/vec4a v000001b3566c7a00, 4;
    %concat/vec4; draw_concat_vec4
    %assign/vec4 v000001b3566c7320_0, 0;
    %jmp T_22.3;
T_22.2 ;
    %load/vec4 v000001b3566c6560_0;
    %cmpi/e 2, 0, 3;
    %jmp/0xz  T_22.4, 4;
    %load/vec4 v000001b3566c7280_0;
    %pad/u 32;
    %addi 3, 0, 32;
    %ix/vec4 4;
    %load/vec4a v000001b3566c7a00, 4;
    %load/vec4 v000001b3566c7280_0;
    %pad/u 32;
    %addi 2, 0, 32;
    %ix/vec4 4;
    %load/vec4a v000001b3566c7a00, 4;
    %concat/vec4; draw_concat_vec4
    %load/vec4 v000001b3566c7280_0;
    %pad/u 32;
    %addi 1, 0, 32;
    %ix/vec4 4;
    %load/vec4a v000001b3566c7a00, 4;
    %concat/vec4; draw_concat_vec4
    %load/vec4 v000001b3566c7280_0;
    %pad/u 18;
    %ix/vec4 4;
    %load/vec4a v000001b3566c7a00, 4;
    %concat/vec4; draw_concat_vec4
    %assign/vec4 v000001b3566c7320_0, 0;
    %jmp T_22.5;
T_22.4 ;
    %load/vec4 v000001b3566c6560_0;
    %cmpi/e 4, 0, 3;
    %jmp/0xz  T_22.6, 4;
    %pushi/vec4 0, 0, 24;
    %load/vec4 v000001b3566c7280_0;
    %pad/u 18;
    %ix/vec4 4;
    %load/vec4a v000001b3566c7a00, 4;
    %concat/vec4; draw_concat_vec4
    %assign/vec4 v000001b3566c7320_0, 0;
    %jmp T_22.7;
T_22.6 ;
    %load/vec4 v000001b3566c6560_0;
    %cmpi/e 5, 0, 3;
    %jmp/0xz  T_22.8, 4;
    %pushi/vec4 0, 0, 16;
    %load/vec4 v000001b3566c7280_0;
    %pad/u 32;
    %addi 1, 0, 32;
    %ix/vec4 4;
    %load/vec4a v000001b3566c7a00, 4;
    %concat/vec4; draw_concat_vec4
    %load/vec4 v000001b3566c7280_0;
    %pad/u 18;
    %ix/vec4 4;
    %load/vec4a v000001b3566c7a00, 4;
    %concat/vec4; draw_concat_vec4
    %assign/vec4 v000001b3566c7320_0, 0;
    %jmp T_22.9;
T_22.8 ;
    %pushi/vec4 0, 0, 32;
    %assign/vec4 v000001b3566c7320_0, 0;
T_22.9 ;
T_22.7 ;
T_22.5 ;
T_22.3 ;
T_22.1 ;
    %load/vec4 v000001b3566c64c0_0;
    %pad/u 32;
    %addi 3, 0, 32;
    %ix/vec4 4;
    %load/vec4a v000001b3566c7a00, 4;
    %load/vec4 v000001b3566c64c0_0;
    %pad/u 32;
    %addi 2, 0, 32;
    %ix/vec4 4;
    %load/vec4a v000001b3566c7a00, 4;
    %concat/vec4; draw_concat_vec4
    %load/vec4 v000001b3566c64c0_0;
    %pad/u 32;
    %addi 1, 0, 32;
    %ix/vec4 4;
    %load/vec4a v000001b3566c7a00, 4;
    %concat/vec4; draw_concat_vec4
    %load/vec4 v000001b3566c64c0_0;
    %pad/u 18;
    %ix/vec4 4;
    %load/vec4a v000001b3566c7a00, 4;
    %concat/vec4; draw_concat_vec4
    %assign/vec4 v000001b3566c67e0_0, 0;
    %jmp T_22;
    .thread T_22;
    .scope S_000001b3566bba80;
T_23 ;
    %wait E_000001b3565dacb0;
    %load/vec4 v000001b3566dac30_0;
    %flag_set/vec4 8;
    %jmp/0xz  T_23.0, 8;
    %pushi/vec4 0, 0, 32;
    %assign/vec4 v000001b3566d91f0_0, 0;
    %pushi/vec4 0, 0, 32;
    %assign/vec4 v000001b3566d96f0_0, 0;
    %pushi/vec4 0, 0, 32;
    %assign/vec4 v000001b3566d9290_0, 0;
    %jmp T_23.1;
T_23.0 ;
    %load/vec4 v000001b3566d95b0_0;
    %assign/vec4 v000001b3566d91f0_0, 0;
    %load/vec4 v000001b3566d91f0_0;
    %assign/vec4 v000001b3566d96f0_0, 0;
    %load/vec4 v000001b3566d96f0_0;
    %assign/vec4 v000001b3566d9290_0, 0;
T_23.1 ;
    %jmp T_23;
    .thread T_23;
    .scope S_000001b3566bba80;
T_24 ;
    %wait E_000001b3565dacb0;
    %load/vec4 v000001b3566dac30_0;
    %flag_set/vec4 8;
    %jmp/0xz  T_24.0, 8;
    %pushi/vec4 0, 0, 32;
    %assign/vec4 v000001b3566daff0_0, 0;
    %pushi/vec4 0, 0, 32;
    %assign/vec4 v000001b3566db090_0, 0;
    %pushi/vec4 0, 0, 32;
    %assign/vec4 v000001b3566da2d0_0, 0;
    %pushi/vec4 0, 0, 32;
    %assign/vec4 v000001b3566da5f0_0, 0;
    %pushi/vec4 0, 0, 32;
    %assign/vec4 v000001b3566dacd0_0, 0;
    %jmp T_24.1;
T_24.0 ;
    %load/vec4 v000001b3566d9510_0;
    %flag_set/vec4 8;
    %jmp/0xz  T_24.2, 8;
    %load/vec4 v000001b3566d9330_0;
    %dup/vec4;
    %pushi/vec4 1, 0, 4;
    %cmp/u;
    %jmp/1 T_24.4, 6;
    %dup/vec4;
    %pushi/vec4 2, 0, 4;
    %cmp/u;
    %jmp/1 T_24.5, 6;
    %dup/vec4;
    %pushi/vec4 3, 0, 4;
    %cmp/u;
    %jmp/1 T_24.6, 6;
    %dup/vec4;
    %pushi/vec4 4, 0, 4;
    %cmp/u;
    %jmp/1 T_24.7, 6;
    %dup/vec4;
    %pushi/vec4 5, 0, 4;
    %cmp/u;
    %jmp/1 T_24.8, 6;
    %dup/vec4;
    %pushi/vec4 6, 0, 4;
    %cmp/u;
    %jmp/1 T_24.9, 6;
    %dup/vec4;
    %pushi/vec4 7, 0, 4;
    %cmp/u;
    %jmp/1 T_24.10, 6;
    %jmp T_24.12;
T_24.4 ;
    %load/vec4 v000001b3566daff0_0;
    %load/vec4 v000001b3566db090_0;
    %inv;
    %and;
    %load/vec4 v000001b3566dad70_0;
    %or;
    %assign/vec4 v000001b3566daff0_0, 0;
    %jmp T_24.12;
T_24.5 ;
    %load/vec4 v000001b3566d93d0_0;
    %assign/vec4 v000001b3566db090_0, 0;
    %jmp T_24.12;
T_24.6 ;
    %load/vec4 v000001b3566daff0_0;
    %load/vec4 v000001b3566dad70_0;
    %or;
    %assign/vec4 v000001b3566daff0_0, 0;
    %jmp T_24.12;
T_24.7 ;
    %load/vec4 v000001b3566daff0_0;
    %load/vec4 v000001b3566dad70_0;
    %inv;
    %and;
    %assign/vec4 v000001b3566daff0_0, 0;
    %jmp T_24.12;
T_24.8 ;
    %load/vec4 v000001b3566d93d0_0;
    %assign/vec4 v000001b3566da2d0_0, 0;
    %jmp T_24.12;
T_24.9 ;
    %load/vec4 v000001b3566d93d0_0;
    %assign/vec4 v000001b3566da5f0_0, 0;
    %jmp T_24.12;
T_24.10 ;
    %load/vec4 v000001b3566d93d0_0;
    %assign/vec4 v000001b3566dacd0_0, 0;
    %jmp T_24.12;
T_24.12 ;
    %pop/vec4 1;
T_24.2 ;
T_24.1 ;
    %jmp T_24;
    .thread T_24;
    .scope S_000001b3566bba80;
T_25 ;
    %wait E_000001b3565dacb0;
    %load/vec4 v000001b3566dac30_0;
    %flag_set/vec4 8;
    %jmp/0xz  T_25.0, 8;
    %pushi/vec4 0, 0, 32;
    %assign/vec4 v000001b3566da7d0_0, 0;
    %jmp T_25.1;
T_25.0 ;
    %load/vec4 v000001b3566da7d0_0;
    %load/vec4 v000001b3566da730_0;
    %inv;
    %and;
    %load/vec4 v000001b3566d8b10_0;
    %or;
    %assign/vec4 v000001b3566da7d0_0, 0;
T_25.1 ;
    %jmp T_25;
    .thread T_25;
    .scope S_000001b3566bba80;
T_26 ;
    %wait E_000001b3565db830;
    %load/vec4 v000001b3566d90b0_0;
    %dup/vec4;
    %pushi/vec4 0, 0, 4;
    %cmp/u;
    %jmp/1 T_26.0, 6;
    %dup/vec4;
    %pushi/vec4 1, 0, 4;
    %cmp/u;
    %jmp/1 T_26.1, 6;
    %dup/vec4;
    %pushi/vec4 2, 0, 4;
    %cmp/u;
    %jmp/1 T_26.2, 6;
    %dup/vec4;
    %pushi/vec4 5, 0, 4;
    %cmp/u;
    %jmp/1 T_26.3, 6;
    %dup/vec4;
    %pushi/vec4 6, 0, 4;
    %cmp/u;
    %jmp/1 T_26.4, 6;
    %dup/vec4;
    %pushi/vec4 7, 0, 4;
    %cmp/u;
    %jmp/1 T_26.5, 6;
    %dup/vec4;
    %pushi/vec4 8, 0, 4;
    %cmp/u;
    %jmp/1 T_26.6, 6;
    %pushi/vec4 0, 0, 32;
    %store/vec4 v000001b3566da690_0, 0, 32;
    %jmp T_26.8;
T_26.0 ;
    %load/vec4 v000001b3566d96f0_0;
    %store/vec4 v000001b3566da690_0, 0, 32;
    %jmp T_26.8;
T_26.1 ;
    %load/vec4 v000001b3566daff0_0;
    %store/vec4 v000001b3566da690_0, 0, 32;
    %jmp T_26.8;
T_26.2 ;
    %load/vec4 v000001b3566db090_0;
    %store/vec4 v000001b3566da690_0, 0, 32;
    %jmp T_26.8;
T_26.3 ;
    %load/vec4 v000001b3566da2d0_0;
    %store/vec4 v000001b3566da690_0, 0, 32;
    %jmp T_26.8;
T_26.4 ;
    %load/vec4 v000001b3566da5f0_0;
    %store/vec4 v000001b3566da690_0, 0, 32;
    %jmp T_26.8;
T_26.5 ;
    %load/vec4 v000001b3566dacd0_0;
    %store/vec4 v000001b3566da690_0, 0, 32;
    %jmp T_26.8;
T_26.6 ;
    %load/vec4 v000001b3566da7d0_0;
    %store/vec4 v000001b3566da690_0, 0, 32;
    %jmp T_26.8;
T_26.8 ;
    %pop/vec4 1;
    %jmp T_26;
    .thread T_26, $push;
    .scope S_000001b3566bca20;
T_27 ;
    %wait E_000001b3565dacb0;
    %load/vec4 v000001b3566dd390_0;
    %flag_set/vec4 8;
    %jmp/0xz  T_27.0, 8;
    %pushi/vec4 0, 0, 3;
    %assign/vec4 v000001b3566dd6b0_0, 0;
    %jmp T_27.1;
T_27.0 ;
    %load/vec4 v000001b3566dc490_0;
    %flag_set/vec4 8;
    %jmp/0xz  T_27.2, 8;
    %load/vec4 v000001b3566dd110_0;
    %assign/vec4 v000001b3566dd6b0_0, 0;
T_27.2 ;
T_27.1 ;
    %jmp T_27;
    .thread T_27;
    .scope S_000001b3566bca20;
T_28 ;
    %wait E_000001b3565dacb0;
    %load/vec4 v000001b3566dd390_0;
    %flag_set/vec4 8;
    %jmp/0xz  T_28.0, 8;
    %pushi/vec4 0, 0, 3;
    %assign/vec4 v000001b3566dee70_0, 0;
    %pushi/vec4 0, 0, 3;
    %assign/vec4 v000001b3566df2d0_0, 0;
    %pushi/vec4 0, 0, 4;
    %assign/vec4 v000001b3566db8b0_0, 0;
    %pushi/vec4 0, 0, 3;
    %assign/vec4 v000001b3566dd430_0, 0;
    %pushi/vec4 0, 0, 3;
    %assign/vec4 v000001b3566dcf30_0, 0;
    %pushi/vec4 0, 0, 4;
    %assign/vec4 v000001b3566db4f0_0, 0;
    %pushi/vec4 0, 0, 2;
    %assign/vec4 v000001b3566df730_0, 0;
    %pushi/vec4 0, 0, 16;
    %assign/vec4 v000001b3566dd570_0, 0;
    %pushi/vec4 0, 0, 3;
    %assign/vec4 v000001b3566db810_0, 0;
    %pushi/vec4 0, 0, 8;
    %assign/vec4 v000001b3566df5f0_0, 0;
    %pushi/vec4 1, 0, 1;
    %assign/vec4 v000001b3566dbc70_0, 0;
    %pushi/vec4 0, 0, 2;
    %assign/vec4 v000001b3566dcfd0_0, 0;
    %pushi/vec4 0, 0, 16;
    %assign/vec4 v000001b3566dc530_0, 0;
    %pushi/vec4 0, 0, 3;
    %assign/vec4 v000001b3566db310_0, 0;
    %pushi/vec4 0, 0, 8;
    %assign/vec4 v000001b3566dc850_0, 0;
    %pushi/vec4 1, 0, 1;
    %assign/vec4 v000001b3566db590_0, 0;
    %pushi/vec4 1, 0, 1;
    %assign/vec4 v000001b3566db6d0_0, 0;
    %jmp T_28.1;
T_28.0 ;
    %load/vec4 v000001b3566db630_0;
    %assign/vec4 v000001b3566db590_0, 0;
    %load/vec4 v000001b3566db590_0;
    %assign/vec4 v000001b3566db6d0_0, 0;
    %load/vec4 v000001b3566dfff0_0;
    %flag_set/vec4 9;
    %flag_get/vec4 9;
    %jmp/0 T_28.4, 9;
    %load/vec4 v000001b3566dba90_0;
    %nor/r;
    %and;
T_28.4;
    %flag_set/vec4 8;
    %jmp/0xz  T_28.2, 8;
    %load/vec4 v000001b3566df190_0;
    %load/vec4 v000001b3566dee70_0;
    %pad/u 5;
    %ix/vec4 3;
    %ix/load 4, 0, 0; Constant delay
    %assign/vec4/a/d v000001b3566debf0, 0, 4;
    %load/vec4 v000001b3566dee70_0;
    %addi 1, 0, 3;
    %assign/vec4 v000001b3566dee70_0, 0;
T_28.2 ;
    %load/vec4 v000001b3566dfff0_0;
    %flag_set/vec4 10;
    %flag_get/vec4 10;
    %jmp/0 T_28.8, 10;
    %load/vec4 v000001b3566dba90_0;
    %nor/r;
    %and;
T_28.8;
    %flag_set/vec4 9;
    %flag_get/vec4 9;
    %jmp/0 T_28.7, 9;
    %load/vec4 v000001b3566de6f0_0;
    %nor/r;
    %and;
T_28.7;
    %flag_set/vec4 8;
    %jmp/0xz  T_28.5, 8;
    %load/vec4 v000001b3566db8b0_0;
    %addi 1, 0, 4;
    %assign/vec4 v000001b3566db8b0_0, 0;
    %jmp T_28.6;
T_28.5 ;
    %load/vec4 v000001b3566dfff0_0;
    %flag_set/vec4 10;
    %flag_get/vec4 10;
    %jmp/0 T_28.12, 10;
    %load/vec4 v000001b3566dba90_0;
    %nor/r;
    %and;
T_28.12;
    %nor/r;
    %flag_set/vec4 9;
    %flag_get/vec4 9;
    %jmp/0 T_28.11, 9;
    %load/vec4 v000001b3566de6f0_0;
    %and;
T_28.11;
    %flag_set/vec4 8;
    %jmp/0xz  T_28.9, 8;
    %load/vec4 v000001b3566db8b0_0;
    %subi 1, 0, 4;
    %assign/vec4 v000001b3566db8b0_0, 0;
T_28.9 ;
T_28.6 ;
    %load/vec4 v000001b3566df730_0;
    %dup/vec4;
    %pushi/vec4 0, 0, 2;
    %cmp/u;
    %jmp/1 T_28.13, 6;
    %dup/vec4;
    %pushi/vec4 1, 0, 2;
    %cmp/u;
    %jmp/1 T_28.14, 6;
    %dup/vec4;
    %pushi/vec4 2, 0, 2;
    %cmp/u;
    %jmp/1 T_28.15, 6;
    %dup/vec4;
    %pushi/vec4 3, 0, 2;
    %cmp/u;
    %jmp/1 T_28.16, 6;
    %jmp T_28.17;
T_28.13 ;
    %pushi/vec4 1, 0, 1;
    %assign/vec4 v000001b3566dbc70_0, 0;
    %pushi/vec4 0, 0, 16;
    %assign/vec4 v000001b3566dd570_0, 0;
    %pushi/vec4 0, 0, 3;
    %assign/vec4 v000001b3566db810_0, 0;
    %load/vec4 v000001b3566db9f0_0;
    %nor/r;
    %flag_set/vec4 8;
    %jmp/0xz  T_28.18, 8;
    %load/vec4 v000001b3566df2d0_0;
    %pad/u 5;
    %ix/vec4 4;
    %load/vec4a v000001b3566debf0, 4;
    %assign/vec4 v000001b3566df5f0_0, 0;
    %load/vec4 v000001b3566df2d0_0;
    %addi 1, 0, 3;
    %assign/vec4 v000001b3566df2d0_0, 0;
    %pushi/vec4 1, 0, 2;
    %assign/vec4 v000001b3566df730_0, 0;
T_28.18 ;
    %jmp T_28.17;
T_28.14 ;
    %pushi/vec4 0, 0, 1;
    %assign/vec4 v000001b3566dbc70_0, 0;
    %load/vec4 v000001b3566dd570_0;
    %pad/u 32;
    %cmpi/e 7, 0, 32;
    %jmp/0xz  T_28.20, 4;
    %pushi/vec4 0, 0, 16;
    %assign/vec4 v000001b3566dd570_0, 0;
    %pushi/vec4 2, 0, 2;
    %assign/vec4 v000001b3566df730_0, 0;
    %jmp T_28.21;
T_28.20 ;
    %load/vec4 v000001b3566dd570_0;
    %addi 1, 0, 16;
    %assign/vec4 v000001b3566dd570_0, 0;
T_28.21 ;
    %jmp T_28.17;
T_28.15 ;
    %load/vec4 v000001b3566df5f0_0;
    %load/vec4 v000001b3566db810_0;
    %part/u 1;
    %assign/vec4 v000001b3566dbc70_0, 0;
    %load/vec4 v000001b3566dd570_0;
    %pad/u 32;
    %cmpi/e 7, 0, 32;
    %jmp/0xz  T_28.22, 4;
    %pushi/vec4 0, 0, 16;
    %assign/vec4 v000001b3566dd570_0, 0;
    %load/vec4 v000001b3566db810_0;
    %cmpi/e 7, 0, 3;
    %jmp/0xz  T_28.24, 4;
    %pushi/vec4 3, 0, 2;
    %assign/vec4 v000001b3566df730_0, 0;
    %jmp T_28.25;
T_28.24 ;
    %load/vec4 v000001b3566db810_0;
    %addi 1, 0, 3;
    %assign/vec4 v000001b3566db810_0, 0;
T_28.25 ;
    %jmp T_28.23;
T_28.22 ;
    %load/vec4 v000001b3566dd570_0;
    %addi 1, 0, 16;
    %assign/vec4 v000001b3566dd570_0, 0;
T_28.23 ;
    %jmp T_28.17;
T_28.16 ;
    %pushi/vec4 1, 0, 1;
    %assign/vec4 v000001b3566dbc70_0, 0;
    %load/vec4 v000001b3566dd570_0;
    %pad/u 32;
    %cmpi/e 7, 0, 32;
    %jmp/0xz  T_28.26, 4;
    %pushi/vec4 0, 0, 16;
    %assign/vec4 v000001b3566dd570_0, 0;
    %pushi/vec4 0, 0, 2;
    %assign/vec4 v000001b3566df730_0, 0;
    %jmp T_28.27;
T_28.26 ;
    %load/vec4 v000001b3566dd570_0;
    %addi 1, 0, 16;
    %assign/vec4 v000001b3566dd570_0, 0;
T_28.27 ;
    %jmp T_28.17;
T_28.17 ;
    %pop/vec4 1;
    %load/vec4 v000001b3566dcfd0_0;
    %dup/vec4;
    %pushi/vec4 0, 0, 2;
    %cmp/u;
    %jmp/1 T_28.28, 6;
    %dup/vec4;
    %pushi/vec4 1, 0, 2;
    %cmp/u;
    %jmp/1 T_28.29, 6;
    %dup/vec4;
    %pushi/vec4 2, 0, 2;
    %cmp/u;
    %jmp/1 T_28.30, 6;
    %dup/vec4;
    %pushi/vec4 3, 0, 2;
    %cmp/u;
    %jmp/1 T_28.31, 6;
    %jmp T_28.32;
T_28.28 ;
    %pushi/vec4 0, 0, 16;
    %assign/vec4 v000001b3566dc530_0, 0;
    %pushi/vec4 0, 0, 3;
    %assign/vec4 v000001b3566db310_0, 0;
    %load/vec4 v000001b3566db6d0_0;
    %cmpi/e 0, 0, 1;
    %jmp/0xz  T_28.33, 4;
    %pushi/vec4 1, 0, 2;
    %assign/vec4 v000001b3566dcfd0_0, 0;
T_28.33 ;
    %jmp T_28.32;
T_28.29 ;
    %load/vec4 v000001b3566dc530_0;
    %pad/u 32;
    %cmpi/e 3, 0, 32;
    %jmp/0xz  T_28.35, 4;
    %pushi/vec4 0, 0, 16;
    %assign/vec4 v000001b3566dc530_0, 0;
    %load/vec4 v000001b3566db6d0_0;
    %cmpi/e 0, 0, 1;
    %jmp/0xz  T_28.37, 4;
    %pushi/vec4 2, 0, 2;
    %assign/vec4 v000001b3566dcfd0_0, 0;
    %jmp T_28.38;
T_28.37 ;
    %pushi/vec4 0, 0, 2;
    %assign/vec4 v000001b3566dcfd0_0, 0;
T_28.38 ;
    %jmp T_28.36;
T_28.35 ;
    %load/vec4 v000001b3566dc530_0;
    %addi 1, 0, 16;
    %assign/vec4 v000001b3566dc530_0, 0;
T_28.36 ;
    %jmp T_28.32;
T_28.30 ;
    %load/vec4 v000001b3566dc530_0;
    %pad/u 32;
    %cmpi/e 7, 0, 32;
    %jmp/0xz  T_28.39, 4;
    %pushi/vec4 0, 0, 16;
    %assign/vec4 v000001b3566dc530_0, 0;
    %load/vec4 v000001b3566db6d0_0;
    %ix/load 5, 0, 0;
    %ix/getv 4, v000001b3566db310_0;
    %assign/vec4/off/d v000001b3566dc850_0, 4, 5;
    %load/vec4 v000001b3566db310_0;
    %cmpi/e 7, 0, 3;
    %jmp/0xz  T_28.41, 4;
    %pushi/vec4 3, 0, 2;
    %assign/vec4 v000001b3566dcfd0_0, 0;
    %jmp T_28.42;
T_28.41 ;
    %load/vec4 v000001b3566db310_0;
    %addi 1, 0, 3;
    %assign/vec4 v000001b3566db310_0, 0;
T_28.42 ;
    %jmp T_28.40;
T_28.39 ;
    %load/vec4 v000001b3566dc530_0;
    %addi 1, 0, 16;
    %assign/vec4 v000001b3566dc530_0, 0;
T_28.40 ;
    %jmp T_28.32;
T_28.31 ;
    %load/vec4 v000001b3566dc530_0;
    %pad/u 32;
    %cmpi/e 7, 0, 32;
    %jmp/0xz  T_28.43, 4;
    %pushi/vec4 0, 0, 16;
    %assign/vec4 v000001b3566dc530_0, 0;
    %pushi/vec4 0, 0, 2;
    %assign/vec4 v000001b3566dcfd0_0, 0;
    %jmp T_28.44;
T_28.43 ;
    %load/vec4 v000001b3566dc530_0;
    %addi 1, 0, 16;
    %assign/vec4 v000001b3566dc530_0, 0;
T_28.44 ;
    %jmp T_28.32;
T_28.32 ;
    %pop/vec4 1;
    %load/vec4 v000001b3566dc7b0_0;
    %flag_set/vec4 8;
    %jmp/0xz  T_28.45, 8;
    %load/vec4 v000001b3566dc850_0;
    %load/vec4 v000001b3566dd430_0;
    %pad/u 5;
    %ix/vec4 3;
    %ix/load 4, 0, 0; Constant delay
    %assign/vec4/a/d v000001b3566dd070, 0, 4;
    %load/vec4 v000001b3566dd430_0;
    %addi 1, 0, 3;
    %assign/vec4 v000001b3566dd430_0, 0;
T_28.45 ;
    %load/vec4 v000001b3566dc7b0_0;
    %flag_set/vec4 9;
    %flag_get/vec4 9;
    %jmp/0 T_28.49, 9;
    %load/vec4 v000001b3566db270_0;
    %flag_set/vec4 9;
    %flag_get/vec4 9;
    %jmp/0 T_28.50, 9;
    %load/vec4 v000001b3566db450_0;
    %nor/r;
    %and;
T_28.50;
    %nor/r;
    %and;
T_28.49;
    %flag_set/vec4 8;
    %jmp/0xz  T_28.47, 8;
    %load/vec4 v000001b3566db4f0_0;
    %addi 1, 0, 4;
    %assign/vec4 v000001b3566db4f0_0, 0;
    %jmp T_28.48;
T_28.47 ;
    %load/vec4 v000001b3566dc7b0_0;
    %nor/r;
    %flag_set/vec4 9;
    %flag_get/vec4 9;
    %jmp/0 T_28.53, 9;
    %load/vec4 v000001b3566db270_0;
    %flag_set/vec4 9;
    %flag_get/vec4 9;
    %jmp/0 T_28.54, 9;
    %load/vec4 v000001b3566db450_0;
    %nor/r;
    %and;
T_28.54;
    %and;
T_28.53;
    %flag_set/vec4 8;
    %jmp/0xz  T_28.51, 8;
    %load/vec4 v000001b3566db4f0_0;
    %subi 1, 0, 4;
    %assign/vec4 v000001b3566db4f0_0, 0;
T_28.51 ;
T_28.48 ;
    %load/vec4 v000001b3566db270_0;
    %flag_set/vec4 9;
    %flag_get/vec4 9;
    %jmp/0 T_28.57, 9;
    %load/vec4 v000001b3566db450_0;
    %nor/r;
    %and;
T_28.57;
    %flag_set/vec4 8;
    %jmp/0xz  T_28.55, 8;
    %load/vec4 v000001b3566dcf30_0;
    %addi 1, 0, 3;
    %assign/vec4 v000001b3566dcf30_0, 0;
T_28.55 ;
T_28.1 ;
    %jmp T_28;
    .thread T_28;
    .scope S_000001b3566bbc10;
T_29 ;
    %wait E_000001b3565dacb0;
    %load/vec4 v000001b3566de470_0;
    %flag_set/vec4 8;
    %jmp/0xz  T_29.0, 8;
    %pushi/vec4 0, 0, 3;
    %assign/vec4 v000001b3566de330_0, 0;
    %jmp T_29.1;
T_29.0 ;
    %load/vec4 v000001b3566df0f0_0;
    %flag_set/vec4 8;
    %jmp/0xz  T_29.2, 8;
    %load/vec4 v000001b3566ddf70_0;
    %assign/vec4 v000001b3566de330_0, 0;
T_29.2 ;
T_29.1 ;
    %jmp T_29;
    .thread T_29;
    .scope S_000001b3566bbc10;
T_30 ;
    %wait E_000001b3565dacb0;
    %load/vec4 v000001b3566de470_0;
    %flag_set/vec4 8;
    %jmp/0xz  T_30.0, 8;
    %pushi/vec4 0, 0, 3;
    %assign/vec4 v000001b3566e1710_0, 0;
    %pushi/vec4 0, 0, 3;
    %assign/vec4 v000001b3566e2750_0, 0;
    %pushi/vec4 0, 0, 4;
    %assign/vec4 v000001b3566e06d0_0, 0;
    %pushi/vec4 0, 0, 3;
    %assign/vec4 v000001b3566e29d0_0, 0;
    %pushi/vec4 0, 0, 3;
    %assign/vec4 v000001b3566e1ad0_0, 0;
    %pushi/vec4 0, 0, 4;
    %assign/vec4 v000001b3566deab0_0, 0;
    %pushi/vec4 0, 0, 2;
    %assign/vec4 v000001b3566e2890_0, 0;
    %pushi/vec4 0, 0, 16;
    %assign/vec4 v000001b3566e0630_0, 0;
    %pushi/vec4 0, 0, 3;
    %assign/vec4 v000001b3566e1cb0_0, 0;
    %pushi/vec4 0, 0, 8;
    %assign/vec4 v000001b3566e08b0_0, 0;
    %pushi/vec4 1, 0, 1;
    %assign/vec4 v000001b3566e1a30_0, 0;
    %pushi/vec4 0, 0, 2;
    %assign/vec4 v000001b3566e1d50_0, 0;
    %pushi/vec4 0, 0, 16;
    %assign/vec4 v000001b3566defb0_0, 0;
    %pushi/vec4 0, 0, 3;
    %assign/vec4 v000001b3566dfeb0_0, 0;
    %pushi/vec4 0, 0, 8;
    %assign/vec4 v000001b3566e1990_0, 0;
    %pushi/vec4 1, 0, 1;
    %assign/vec4 v000001b3566e24d0_0, 0;
    %pushi/vec4 1, 0, 1;
    %assign/vec4 v000001b3566e1df0_0, 0;
    %jmp T_30.1;
T_30.0 ;
    %load/vec4 v000001b3566dea10_0;
    %assign/vec4 v000001b3566e24d0_0, 0;
    %load/vec4 v000001b3566e24d0_0;
    %assign/vec4 v000001b3566e1df0_0, 0;
    %load/vec4 v000001b3566e1fd0_0;
    %flag_set/vec4 9;
    %flag_get/vec4 9;
    %jmp/0 T_30.4, 9;
    %load/vec4 v000001b3566e0810_0;
    %nor/r;
    %and;
T_30.4;
    %flag_set/vec4 8;
    %jmp/0xz  T_30.2, 8;
    %load/vec4 v000001b3566e0450_0;
    %load/vec4 v000001b3566e1710_0;
    %pad/u 5;
    %ix/vec4 3;
    %ix/load 4, 0, 0; Constant delay
    %assign/vec4/a/d v000001b3566e2930, 0, 4;
    %load/vec4 v000001b3566e1710_0;
    %addi 1, 0, 3;
    %assign/vec4 v000001b3566e1710_0, 0;
T_30.2 ;
    %load/vec4 v000001b3566e1fd0_0;
    %flag_set/vec4 10;
    %flag_get/vec4 10;
    %jmp/0 T_30.8, 10;
    %load/vec4 v000001b3566e0810_0;
    %nor/r;
    %and;
T_30.8;
    %flag_set/vec4 9;
    %flag_get/vec4 9;
    %jmp/0 T_30.7, 9;
    %load/vec4 v000001b3566e1170_0;
    %nor/r;
    %and;
T_30.7;
    %flag_set/vec4 8;
    %jmp/0xz  T_30.5, 8;
    %load/vec4 v000001b3566e06d0_0;
    %addi 1, 0, 4;
    %assign/vec4 v000001b3566e06d0_0, 0;
    %jmp T_30.6;
T_30.5 ;
    %load/vec4 v000001b3566e1fd0_0;
    %flag_set/vec4 10;
    %flag_get/vec4 10;
    %jmp/0 T_30.12, 10;
    %load/vec4 v000001b3566e0810_0;
    %nor/r;
    %and;
T_30.12;
    %nor/r;
    %flag_set/vec4 9;
    %flag_get/vec4 9;
    %jmp/0 T_30.11, 9;
    %load/vec4 v000001b3566e1170_0;
    %and;
T_30.11;
    %flag_set/vec4 8;
    %jmp/0xz  T_30.9, 8;
    %load/vec4 v000001b3566e06d0_0;
    %subi 1, 0, 4;
    %assign/vec4 v000001b3566e06d0_0, 0;
T_30.9 ;
T_30.6 ;
    %load/vec4 v000001b3566e2890_0;
    %dup/vec4;
    %pushi/vec4 0, 0, 2;
    %cmp/u;
    %jmp/1 T_30.13, 6;
    %dup/vec4;
    %pushi/vec4 1, 0, 2;
    %cmp/u;
    %jmp/1 T_30.14, 6;
    %dup/vec4;
    %pushi/vec4 2, 0, 2;
    %cmp/u;
    %jmp/1 T_30.15, 6;
    %dup/vec4;
    %pushi/vec4 3, 0, 2;
    %cmp/u;
    %jmp/1 T_30.16, 6;
    %jmp T_30.17;
T_30.13 ;
    %pushi/vec4 1, 0, 1;
    %assign/vec4 v000001b3566e1a30_0, 0;
    %pushi/vec4 0, 0, 16;
    %assign/vec4 v000001b3566e0630_0, 0;
    %pushi/vec4 0, 0, 3;
    %assign/vec4 v000001b3566e1cb0_0, 0;
    %load/vec4 v000001b3566e1e90_0;
    %nor/r;
    %flag_set/vec4 8;
    %jmp/0xz  T_30.18, 8;
    %load/vec4 v000001b3566e2750_0;
    %pad/u 5;
    %ix/vec4 4;
    %load/vec4a v000001b3566e2930, 4;
    %assign/vec4 v000001b3566e08b0_0, 0;
    %load/vec4 v000001b3566e2750_0;
    %addi 1, 0, 3;
    %assign/vec4 v000001b3566e2750_0, 0;
    %pushi/vec4 1, 0, 2;
    %assign/vec4 v000001b3566e2890_0, 0;
T_30.18 ;
    %jmp T_30.17;
T_30.14 ;
    %pushi/vec4 0, 0, 1;
    %assign/vec4 v000001b3566e1a30_0, 0;
    %load/vec4 v000001b3566e0630_0;
    %pad/u 32;
    %cmpi/e 7, 0, 32;
    %jmp/0xz  T_30.20, 4;
    %pushi/vec4 0, 0, 16;
    %assign/vec4 v000001b3566e0630_0, 0;
    %pushi/vec4 2, 0, 2;
    %assign/vec4 v000001b3566e2890_0, 0;
    %jmp T_30.21;
T_30.20 ;
    %load/vec4 v000001b3566e0630_0;
    %addi 1, 0, 16;
    %assign/vec4 v000001b3566e0630_0, 0;
T_30.21 ;
    %jmp T_30.17;
T_30.15 ;
    %load/vec4 v000001b3566e08b0_0;
    %load/vec4 v000001b3566e1cb0_0;
    %part/u 1;
    %assign/vec4 v000001b3566e1a30_0, 0;
    %load/vec4 v000001b3566e0630_0;
    %pad/u 32;
    %cmpi/e 7, 0, 32;
    %jmp/0xz  T_30.22, 4;
    %pushi/vec4 0, 0, 16;
    %assign/vec4 v000001b3566e0630_0, 0;
    %load/vec4 v000001b3566e1cb0_0;
    %cmpi/e 7, 0, 3;
    %jmp/0xz  T_30.24, 4;
    %pushi/vec4 3, 0, 2;
    %assign/vec4 v000001b3566e2890_0, 0;
    %jmp T_30.25;
T_30.24 ;
    %load/vec4 v000001b3566e1cb0_0;
    %addi 1, 0, 3;
    %assign/vec4 v000001b3566e1cb0_0, 0;
T_30.25 ;
    %jmp T_30.23;
T_30.22 ;
    %load/vec4 v000001b3566e0630_0;
    %addi 1, 0, 16;
    %assign/vec4 v000001b3566e0630_0, 0;
T_30.23 ;
    %jmp T_30.17;
T_30.16 ;
    %pushi/vec4 1, 0, 1;
    %assign/vec4 v000001b3566e1a30_0, 0;
    %load/vec4 v000001b3566e0630_0;
    %pad/u 32;
    %cmpi/e 7, 0, 32;
    %jmp/0xz  T_30.26, 4;
    %pushi/vec4 0, 0, 16;
    %assign/vec4 v000001b3566e0630_0, 0;
    %pushi/vec4 0, 0, 2;
    %assign/vec4 v000001b3566e2890_0, 0;
    %jmp T_30.27;
T_30.26 ;
    %load/vec4 v000001b3566e0630_0;
    %addi 1, 0, 16;
    %assign/vec4 v000001b3566e0630_0, 0;
T_30.27 ;
    %jmp T_30.17;
T_30.17 ;
    %pop/vec4 1;
    %load/vec4 v000001b3566e1d50_0;
    %dup/vec4;
    %pushi/vec4 0, 0, 2;
    %cmp/u;
    %jmp/1 T_30.28, 6;
    %dup/vec4;
    %pushi/vec4 1, 0, 2;
    %cmp/u;
    %jmp/1 T_30.29, 6;
    %dup/vec4;
    %pushi/vec4 2, 0, 2;
    %cmp/u;
    %jmp/1 T_30.30, 6;
    %dup/vec4;
    %pushi/vec4 3, 0, 2;
    %cmp/u;
    %jmp/1 T_30.31, 6;
    %jmp T_30.32;
T_30.28 ;
    %pushi/vec4 0, 0, 16;
    %assign/vec4 v000001b3566defb0_0, 0;
    %pushi/vec4 0, 0, 3;
    %assign/vec4 v000001b3566dfeb0_0, 0;
    %load/vec4 v000001b3566e1df0_0;
    %cmpi/e 0, 0, 1;
    %jmp/0xz  T_30.33, 4;
    %pushi/vec4 1, 0, 2;
    %assign/vec4 v000001b3566e1d50_0, 0;
T_30.33 ;
    %jmp T_30.32;
T_30.29 ;
    %load/vec4 v000001b3566defb0_0;
    %pad/u 32;
    %cmpi/e 3, 0, 32;
    %jmp/0xz  T_30.35, 4;
    %pushi/vec4 0, 0, 16;
    %assign/vec4 v000001b3566defb0_0, 0;
    %load/vec4 v000001b3566e1df0_0;
    %cmpi/e 0, 0, 1;
    %jmp/0xz  T_30.37, 4;
    %pushi/vec4 2, 0, 2;
    %assign/vec4 v000001b3566e1d50_0, 0;
    %jmp T_30.38;
T_30.37 ;
    %pushi/vec4 0, 0, 2;
    %assign/vec4 v000001b3566e1d50_0, 0;
T_30.38 ;
    %jmp T_30.36;
T_30.35 ;
    %load/vec4 v000001b3566defb0_0;
    %addi 1, 0, 16;
    %assign/vec4 v000001b3566defb0_0, 0;
T_30.36 ;
    %jmp T_30.32;
T_30.30 ;
    %load/vec4 v000001b3566defb0_0;
    %pad/u 32;
    %cmpi/e 7, 0, 32;
    %jmp/0xz  T_30.39, 4;
    %pushi/vec4 0, 0, 16;
    %assign/vec4 v000001b3566defb0_0, 0;
    %load/vec4 v000001b3566e1df0_0;
    %ix/load 5, 0, 0;
    %ix/getv 4, v000001b3566dfeb0_0;
    %assign/vec4/off/d v000001b3566e1990_0, 4, 5;
    %load/vec4 v000001b3566dfeb0_0;
    %cmpi/e 7, 0, 3;
    %jmp/0xz  T_30.41, 4;
    %pushi/vec4 3, 0, 2;
    %assign/vec4 v000001b3566e1d50_0, 0;
    %jmp T_30.42;
T_30.41 ;
    %load/vec4 v000001b3566dfeb0_0;
    %addi 1, 0, 3;
    %assign/vec4 v000001b3566dfeb0_0, 0;
T_30.42 ;
    %jmp T_30.40;
T_30.39 ;
    %load/vec4 v000001b3566defb0_0;
    %addi 1, 0, 16;
    %assign/vec4 v000001b3566defb0_0, 0;
T_30.40 ;
    %jmp T_30.32;
T_30.31 ;
    %load/vec4 v000001b3566defb0_0;
    %pad/u 32;
    %cmpi/e 7, 0, 32;
    %jmp/0xz  T_30.43, 4;
    %pushi/vec4 0, 0, 16;
    %assign/vec4 v000001b3566defb0_0, 0;
    %pushi/vec4 0, 0, 2;
    %assign/vec4 v000001b3566e1d50_0, 0;
    %jmp T_30.44;
T_30.43 ;
    %load/vec4 v000001b3566defb0_0;
    %addi 1, 0, 16;
    %assign/vec4 v000001b3566defb0_0, 0;
T_30.44 ;
    %jmp T_30.32;
T_30.32 ;
    %pop/vec4 1;
    %load/vec4 v000001b3566e0d10_0;
    %flag_set/vec4 8;
    %jmp/0xz  T_30.45, 8;
    %load/vec4 v000001b3566e1990_0;
    %load/vec4 v000001b3566e29d0_0;
    %pad/u 5;
    %ix/vec4 3;
    %ix/load 4, 0, 0; Constant delay
    %assign/vec4/a/d v000001b3566e2430, 0, 4;
    %load/vec4 v000001b3566e29d0_0;
    %addi 1, 0, 3;
    %assign/vec4 v000001b3566e29d0_0, 0;
T_30.45 ;
    %load/vec4 v000001b3566e0d10_0;
    %flag_set/vec4 9;
    %flag_get/vec4 9;
    %jmp/0 T_30.49, 9;
    %load/vec4 v000001b3566dfb90_0;
    %flag_set/vec4 9;
    %flag_get/vec4 9;
    %jmp/0 T_30.50, 9;
    %load/vec4 v000001b3566e0090_0;
    %nor/r;
    %and;
T_30.50;
    %nor/r;
    %and;
T_30.49;
    %flag_set/vec4 8;
    %jmp/0xz  T_30.47, 8;
    %load/vec4 v000001b3566deab0_0;
    %addi 1, 0, 4;
    %assign/vec4 v000001b3566deab0_0, 0;
    %jmp T_30.48;
T_30.47 ;
    %load/vec4 v000001b3566e0d10_0;
    %nor/r;
    %flag_set/vec4 9;
    %flag_get/vec4 9;
    %jmp/0 T_30.53, 9;
    %load/vec4 v000001b3566dfb90_0;
    %flag_set/vec4 9;
    %flag_get/vec4 9;
    %jmp/0 T_30.54, 9;
    %load/vec4 v000001b3566e0090_0;
    %nor/r;
    %and;
T_30.54;
    %and;
T_30.53;
    %flag_set/vec4 8;
    %jmp/0xz  T_30.51, 8;
    %load/vec4 v000001b3566deab0_0;
    %subi 1, 0, 4;
    %assign/vec4 v000001b3566deab0_0, 0;
T_30.51 ;
T_30.48 ;
    %load/vec4 v000001b3566dfb90_0;
    %flag_set/vec4 9;
    %flag_get/vec4 9;
    %jmp/0 T_30.57, 9;
    %load/vec4 v000001b3566e0090_0;
    %nor/r;
    %and;
T_30.57;
    %flag_set/vec4 8;
    %jmp/0xz  T_30.55, 8;
    %load/vec4 v000001b3566e1ad0_0;
    %addi 1, 0, 3;
    %assign/vec4 v000001b3566e1ad0_0, 0;
T_30.55 ;
T_30.1 ;
    %jmp T_30;
    .thread T_30;
    .scope S_000001b3566bbf30;
T_31 ;
    %wait E_000001b3565dacb0;
    %load/vec4 v000001b3566e3790_0;
    %flag_set/vec4 8;
    %jmp/0xz  T_31.0, 8;
    %pushi/vec4 0, 0, 3;
    %assign/vec4 v000001b3566e4d70_0, 0;
    %jmp T_31.1;
T_31.0 ;
    %load/vec4 v000001b3566e4e10_0;
    %flag_set/vec4 8;
    %jmp/0xz  T_31.2, 8;
    %load/vec4 v000001b3566e4690_0;
    %assign/vec4 v000001b3566e4d70_0, 0;
T_31.2 ;
T_31.1 ;
    %jmp T_31;
    .thread T_31;
    .scope S_000001b3566bbf30;
T_32 ;
    %wait E_000001b3565dacb0;
    %load/vec4 v000001b3566e3790_0;
    %flag_set/vec4 8;
    %jmp/0xz  T_32.0, 8;
    %pushi/vec4 0, 0, 3;
    %assign/vec4 v000001b3566e4230_0, 0;
    %pushi/vec4 0, 0, 3;
    %assign/vec4 v000001b3566e2ed0_0, 0;
    %pushi/vec4 0, 0, 4;
    %assign/vec4 v000001b3566e45f0_0, 0;
    %pushi/vec4 0, 0, 3;
    %assign/vec4 v000001b3566e49b0_0, 0;
    %pushi/vec4 0, 0, 3;
    %assign/vec4 v000001b3566e3010_0, 0;
    %pushi/vec4 0, 0, 4;
    %assign/vec4 v000001b3566e40f0_0, 0;
    %pushi/vec4 0, 0, 2;
    %assign/vec4 v000001b3566e4190_0, 0;
    %pushi/vec4 0, 0, 16;
    %assign/vec4 v000001b3566e35b0_0, 0;
    %pushi/vec4 0, 0, 3;
    %assign/vec4 v000001b3566e3e70_0, 0;
    %pushi/vec4 0, 0, 8;
    %assign/vec4 v000001b3566e4f50_0, 0;
    %pushi/vec4 1, 0, 1;
    %assign/vec4 v000001b3566e3150_0, 0;
    %pushi/vec4 0, 0, 2;
    %assign/vec4 v000001b3566e51d0_0, 0;
    %pushi/vec4 0, 0, 16;
    %assign/vec4 v000001b3566e33d0_0, 0;
    %pushi/vec4 0, 0, 3;
    %assign/vec4 v000001b3566e3510_0, 0;
    %pushi/vec4 0, 0, 8;
    %assign/vec4 v000001b3566e42d0_0, 0;
    %pushi/vec4 1, 0, 1;
    %assign/vec4 v000001b3566e4cd0_0, 0;
    %pushi/vec4 1, 0, 1;
    %assign/vec4 v000001b3566e3830_0, 0;
    %jmp T_32.1;
T_32.0 ;
    %load/vec4 v000001b3566e3470_0;
    %assign/vec4 v000001b3566e4cd0_0, 0;
    %load/vec4 v000001b3566e4cd0_0;
    %assign/vec4 v000001b3566e3830_0, 0;
    %load/vec4 v000001b3566e44b0_0;
    %flag_set/vec4 9;
    %flag_get/vec4 9;
    %jmp/0 T_32.4, 9;
    %load/vec4 v000001b3566e4050_0;
    %nor/r;
    %and;
T_32.4;
    %flag_set/vec4 8;
    %jmp/0xz  T_32.2, 8;
    %load/vec4 v000001b3566e36f0_0;
    %load/vec4 v000001b3566e4230_0;
    %pad/u 5;
    %ix/vec4 3;
    %ix/load 4, 0, 0; Constant delay
    %assign/vec4/a/d v000001b3566e4410, 0, 4;
    %load/vec4 v000001b3566e4230_0;
    %addi 1, 0, 3;
    %assign/vec4 v000001b3566e4230_0, 0;
T_32.2 ;
    %load/vec4 v000001b3566e44b0_0;
    %flag_set/vec4 10;
    %flag_get/vec4 10;
    %jmp/0 T_32.8, 10;
    %load/vec4 v000001b3566e4050_0;
    %nor/r;
    %and;
T_32.8;
    %flag_set/vec4 9;
    %flag_get/vec4 9;
    %jmp/0 T_32.7, 9;
    %load/vec4 v000001b3566e3650_0;
    %nor/r;
    %and;
T_32.7;
    %flag_set/vec4 8;
    %jmp/0xz  T_32.5, 8;
    %load/vec4 v000001b3566e45f0_0;
    %addi 1, 0, 4;
    %assign/vec4 v000001b3566e45f0_0, 0;
    %jmp T_32.6;
T_32.5 ;
    %load/vec4 v000001b3566e44b0_0;
    %flag_set/vec4 10;
    %flag_get/vec4 10;
    %jmp/0 T_32.12, 10;
    %load/vec4 v000001b3566e4050_0;
    %nor/r;
    %and;
T_32.12;
    %nor/r;
    %flag_set/vec4 9;
    %flag_get/vec4 9;
    %jmp/0 T_32.11, 9;
    %load/vec4 v000001b3566e3650_0;
    %and;
T_32.11;
    %flag_set/vec4 8;
    %jmp/0xz  T_32.9, 8;
    %load/vec4 v000001b3566e45f0_0;
    %subi 1, 0, 4;
    %assign/vec4 v000001b3566e45f0_0, 0;
T_32.9 ;
T_32.6 ;
    %load/vec4 v000001b3566e4190_0;
    %dup/vec4;
    %pushi/vec4 0, 0, 2;
    %cmp/u;
    %jmp/1 T_32.13, 6;
    %dup/vec4;
    %pushi/vec4 1, 0, 2;
    %cmp/u;
    %jmp/1 T_32.14, 6;
    %dup/vec4;
    %pushi/vec4 2, 0, 2;
    %cmp/u;
    %jmp/1 T_32.15, 6;
    %dup/vec4;
    %pushi/vec4 3, 0, 2;
    %cmp/u;
    %jmp/1 T_32.16, 6;
    %jmp T_32.17;
T_32.13 ;
    %pushi/vec4 1, 0, 1;
    %assign/vec4 v000001b3566e3150_0, 0;
    %pushi/vec4 0, 0, 16;
    %assign/vec4 v000001b3566e35b0_0, 0;
    %pushi/vec4 0, 0, 3;
    %assign/vec4 v000001b3566e3e70_0, 0;
    %load/vec4 v000001b3566e4730_0;
    %nor/r;
    %flag_set/vec4 8;
    %jmp/0xz  T_32.18, 8;
    %load/vec4 v000001b3566e2ed0_0;
    %pad/u 5;
    %ix/vec4 4;
    %load/vec4a v000001b3566e4410, 4;
    %assign/vec4 v000001b3566e4f50_0, 0;
    %load/vec4 v000001b3566e2ed0_0;
    %addi 1, 0, 3;
    %assign/vec4 v000001b3566e2ed0_0, 0;
    %pushi/vec4 1, 0, 2;
    %assign/vec4 v000001b3566e4190_0, 0;
T_32.18 ;
    %jmp T_32.17;
T_32.14 ;
    %pushi/vec4 0, 0, 1;
    %assign/vec4 v000001b3566e3150_0, 0;
    %load/vec4 v000001b3566e35b0_0;
    %pad/u 32;
    %cmpi/e 7, 0, 32;
    %jmp/0xz  T_32.20, 4;
    %pushi/vec4 0, 0, 16;
    %assign/vec4 v000001b3566e35b0_0, 0;
    %pushi/vec4 2, 0, 2;
    %assign/vec4 v000001b3566e4190_0, 0;
    %jmp T_32.21;
T_32.20 ;
    %load/vec4 v000001b3566e35b0_0;
    %addi 1, 0, 16;
    %assign/vec4 v000001b3566e35b0_0, 0;
T_32.21 ;
    %jmp T_32.17;
T_32.15 ;
    %load/vec4 v000001b3566e4f50_0;
    %load/vec4 v000001b3566e3e70_0;
    %part/u 1;
    %assign/vec4 v000001b3566e3150_0, 0;
    %load/vec4 v000001b3566e35b0_0;
    %pad/u 32;
    %cmpi/e 7, 0, 32;
    %jmp/0xz  T_32.22, 4;
    %pushi/vec4 0, 0, 16;
    %assign/vec4 v000001b3566e35b0_0, 0;
    %load/vec4 v000001b3566e3e70_0;
    %cmpi/e 7, 0, 3;
    %jmp/0xz  T_32.24, 4;
    %pushi/vec4 3, 0, 2;
    %assign/vec4 v000001b3566e4190_0, 0;
    %jmp T_32.25;
T_32.24 ;
    %load/vec4 v000001b3566e3e70_0;
    %addi 1, 0, 3;
    %assign/vec4 v000001b3566e3e70_0, 0;
T_32.25 ;
    %jmp T_32.23;
T_32.22 ;
    %load/vec4 v000001b3566e35b0_0;
    %addi 1, 0, 16;
    %assign/vec4 v000001b3566e35b0_0, 0;
T_32.23 ;
    %jmp T_32.17;
T_32.16 ;
    %pushi/vec4 1, 0, 1;
    %assign/vec4 v000001b3566e3150_0, 0;
    %load/vec4 v000001b3566e35b0_0;
    %pad/u 32;
    %cmpi/e 7, 0, 32;
    %jmp/0xz  T_32.26, 4;
    %pushi/vec4 0, 0, 16;
    %assign/vec4 v000001b3566e35b0_0, 0;
    %pushi/vec4 0, 0, 2;
    %assign/vec4 v000001b3566e4190_0, 0;
    %jmp T_32.27;
T_32.26 ;
    %load/vec4 v000001b3566e35b0_0;
    %addi 1, 0, 16;
    %assign/vec4 v000001b3566e35b0_0, 0;
T_32.27 ;
    %jmp T_32.17;
T_32.17 ;
    %pop/vec4 1;
    %load/vec4 v000001b3566e51d0_0;
    %dup/vec4;
    %pushi/vec4 0, 0, 2;
    %cmp/u;
    %jmp/1 T_32.28, 6;
    %dup/vec4;
    %pushi/vec4 1, 0, 2;
    %cmp/u;
    %jmp/1 T_32.29, 6;
    %dup/vec4;
    %pushi/vec4 2, 0, 2;
    %cmp/u;
    %jmp/1 T_32.30, 6;
    %dup/vec4;
    %pushi/vec4 3, 0, 2;
    %cmp/u;
    %jmp/1 T_32.31, 6;
    %jmp T_32.32;
T_32.28 ;
    %pushi/vec4 0, 0, 16;
    %assign/vec4 v000001b3566e33d0_0, 0;
    %pushi/vec4 0, 0, 3;
    %assign/vec4 v000001b3566e3510_0, 0;
    %load/vec4 v000001b3566e3830_0;
    %cmpi/e 0, 0, 1;
    %jmp/0xz  T_32.33, 4;
    %pushi/vec4 1, 0, 2;
    %assign/vec4 v000001b3566e51d0_0, 0;
T_32.33 ;
    %jmp T_32.32;
T_32.29 ;
    %load/vec4 v000001b3566e33d0_0;
    %pad/u 32;
    %cmpi/e 3, 0, 32;
    %jmp/0xz  T_32.35, 4;
    %pushi/vec4 0, 0, 16;
    %assign/vec4 v000001b3566e33d0_0, 0;
    %load/vec4 v000001b3566e3830_0;
    %cmpi/e 0, 0, 1;
    %jmp/0xz  T_32.37, 4;
    %pushi/vec4 2, 0, 2;
    %assign/vec4 v000001b3566e51d0_0, 0;
    %jmp T_32.38;
T_32.37 ;
    %pushi/vec4 0, 0, 2;
    %assign/vec4 v000001b3566e51d0_0, 0;
T_32.38 ;
    %jmp T_32.36;
T_32.35 ;
    %load/vec4 v000001b3566e33d0_0;
    %addi 1, 0, 16;
    %assign/vec4 v000001b3566e33d0_0, 0;
T_32.36 ;
    %jmp T_32.32;
T_32.30 ;
    %load/vec4 v000001b3566e33d0_0;
    %pad/u 32;
    %cmpi/e 7, 0, 32;
    %jmp/0xz  T_32.39, 4;
    %pushi/vec4 0, 0, 16;
    %assign/vec4 v000001b3566e33d0_0, 0;
    %load/vec4 v000001b3566e3830_0;
    %ix/load 5, 0, 0;
    %ix/getv 4, v000001b3566e3510_0;
    %assign/vec4/off/d v000001b3566e42d0_0, 4, 5;
    %load/vec4 v000001b3566e3510_0;
    %cmpi/e 7, 0, 3;
    %jmp/0xz  T_32.41, 4;
    %pushi/vec4 3, 0, 2;
    %assign/vec4 v000001b3566e51d0_0, 0;
    %jmp T_32.42;
T_32.41 ;
    %load/vec4 v000001b3566e3510_0;
    %addi 1, 0, 3;
    %assign/vec4 v000001b3566e3510_0, 0;
T_32.42 ;
    %jmp T_32.40;
T_32.39 ;
    %load/vec4 v000001b3566e33d0_0;
    %addi 1, 0, 16;
    %assign/vec4 v000001b3566e33d0_0, 0;
T_32.40 ;
    %jmp T_32.32;
T_32.31 ;
    %load/vec4 v000001b3566e33d0_0;
    %pad/u 32;
    %cmpi/e 7, 0, 32;
    %jmp/0xz  T_32.43, 4;
    %pushi/vec4 0, 0, 16;
    %assign/vec4 v000001b3566e33d0_0, 0;
    %pushi/vec4 0, 0, 2;
    %assign/vec4 v000001b3566e51d0_0, 0;
    %jmp T_32.44;
T_32.43 ;
    %load/vec4 v000001b3566e33d0_0;
    %addi 1, 0, 16;
    %assign/vec4 v000001b3566e33d0_0, 0;
T_32.44 ;
    %jmp T_32.32;
T_32.32 ;
    %pop/vec4 1;
    %load/vec4 v000001b3566e4c30_0;
    %flag_set/vec4 8;
    %jmp/0xz  T_32.45, 8;
    %load/vec4 v000001b3566e42d0_0;
    %load/vec4 v000001b3566e49b0_0;
    %pad/u 5;
    %ix/vec4 3;
    %ix/load 4, 0, 0; Constant delay
    %assign/vec4/a/d v000001b3566e4eb0, 0, 4;
    %load/vec4 v000001b3566e49b0_0;
    %addi 1, 0, 3;
    %assign/vec4 v000001b3566e49b0_0, 0;
T_32.45 ;
    %load/vec4 v000001b3566e4c30_0;
    %flag_set/vec4 9;
    %flag_get/vec4 9;
    %jmp/0 T_32.49, 9;
    %load/vec4 v000001b3566e4a50_0;
    %flag_set/vec4 9;
    %flag_get/vec4 9;
    %jmp/0 T_32.50, 9;
    %load/vec4 v000001b3566e4af0_0;
    %nor/r;
    %and;
T_32.50;
    %nor/r;
    %and;
T_32.49;
    %flag_set/vec4 8;
    %jmp/0xz  T_32.47, 8;
    %load/vec4 v000001b3566e40f0_0;
    %addi 1, 0, 4;
    %assign/vec4 v000001b3566e40f0_0, 0;
    %jmp T_32.48;
T_32.47 ;
    %load/vec4 v000001b3566e4c30_0;
    %nor/r;
    %flag_set/vec4 9;
    %flag_get/vec4 9;
    %jmp/0 T_32.53, 9;
    %load/vec4 v000001b3566e4a50_0;
    %flag_set/vec4 9;
    %flag_get/vec4 9;
    %jmp/0 T_32.54, 9;
    %load/vec4 v000001b3566e4af0_0;
    %nor/r;
    %and;
T_32.54;
    %and;
T_32.53;
    %flag_set/vec4 8;
    %jmp/0xz  T_32.51, 8;
    %load/vec4 v000001b3566e40f0_0;
    %subi 1, 0, 4;
    %assign/vec4 v000001b3566e40f0_0, 0;
T_32.51 ;
T_32.48 ;
    %load/vec4 v000001b3566e4a50_0;
    %flag_set/vec4 9;
    %flag_get/vec4 9;
    %jmp/0 T_32.57, 9;
    %load/vec4 v000001b3566e4af0_0;
    %nor/r;
    %and;
T_32.57;
    %flag_set/vec4 8;
    %jmp/0xz  T_32.55, 8;
    %load/vec4 v000001b3566e3010_0;
    %addi 1, 0, 3;
    %assign/vec4 v000001b3566e3010_0, 0;
T_32.55 ;
T_32.1 ;
    %jmp T_32;
    .thread T_32;
    .scope S_000001b3566bc570;
T_33 ;
    %wait E_000001b3565dacb0;
    %load/vec4 v000001b3566e5310_0;
    %flag_set/vec4 8;
    %jmp/0xz  T_33.0, 8;
    %pushi/vec4 0, 0, 3;
    %assign/vec4 v000001b3566e5590_0, 0;
    %jmp T_33.1;
T_33.0 ;
    %load/vec4 v000001b3566e5b30_0;
    %flag_set/vec4 8;
    %jmp/0xz  T_33.2, 8;
    %load/vec4 v000001b3566e5770_0;
    %assign/vec4 v000001b3566e5590_0, 0;
T_33.2 ;
T_33.1 ;
    %jmp T_33;
    .thread T_33;
    .scope S_000001b3566bc570;
T_34 ;
    %wait E_000001b3565dacb0;
    %load/vec4 v000001b3566e5310_0;
    %flag_set/vec4 8;
    %jmp/0xz  T_34.0, 8;
    %pushi/vec4 0, 0, 3;
    %assign/vec4 v000001b3566e5d10_0, 0;
    %pushi/vec4 0, 0, 3;
    %assign/vec4 v000001b3566e6030_0, 0;
    %pushi/vec4 0, 0, 4;
    %assign/vec4 v000001b3566e7110_0, 0;
    %pushi/vec4 0, 0, 3;
    %assign/vec4 v000001b3566e7250_0, 0;
    %pushi/vec4 0, 0, 3;
    %assign/vec4 v000001b3566e79d0_0, 0;
    %pushi/vec4 0, 0, 4;
    %assign/vec4 v000001b3566e5db0_0, 0;
    %pushi/vec4 0, 0, 2;
    %assign/vec4 v000001b3566e6990_0, 0;
    %pushi/vec4 0, 0, 16;
    %assign/vec4 v000001b3566e72f0_0, 0;
    %pushi/vec4 0, 0, 3;
    %assign/vec4 v000001b3566e5bd0_0, 0;
    %pushi/vec4 0, 0, 8;
    %assign/vec4 v000001b3566e5c70_0, 0;
    %pushi/vec4 1, 0, 1;
    %assign/vec4 v000001b3566e6670_0, 0;
    %pushi/vec4 0, 0, 2;
    %assign/vec4 v000001b3566e6530_0, 0;
    %pushi/vec4 0, 0, 16;
    %assign/vec4 v000001b3566e5ef0_0, 0;
    %pushi/vec4 0, 0, 3;
    %assign/vec4 v000001b3566e67b0_0, 0;
    %pushi/vec4 0, 0, 8;
    %assign/vec4 v000001b3566e6f30_0, 0;
    %pushi/vec4 1, 0, 1;
    %assign/vec4 v000001b3566e53b0_0, 0;
    %pushi/vec4 1, 0, 1;
    %assign/vec4 v000001b3566e59f0_0, 0;
    %jmp T_34.1;
T_34.0 ;
    %load/vec4 v000001b3566e74d0_0;
    %assign/vec4 v000001b3566e53b0_0, 0;
    %load/vec4 v000001b3566e53b0_0;
    %assign/vec4 v000001b3566e59f0_0, 0;
    %load/vec4 v000001b3566e7430_0;
    %flag_set/vec4 9;
    %flag_get/vec4 9;
    %jmp/0 T_34.4, 9;
    %load/vec4 v000001b3566e7570_0;
    %nor/r;
    %and;
T_34.4;
    %flag_set/vec4 8;
    %jmp/0xz  T_34.2, 8;
    %load/vec4 v000001b3566e60d0_0;
    %load/vec4 v000001b3566e5d10_0;
    %pad/u 5;
    %ix/vec4 3;
    %ix/load 4, 0, 0; Constant delay
    %assign/vec4/a/d v000001b3566e7390, 0, 4;
    %load/vec4 v000001b3566e5d10_0;
    %addi 1, 0, 3;
    %assign/vec4 v000001b3566e5d10_0, 0;
T_34.2 ;
    %load/vec4 v000001b3566e7430_0;
    %flag_set/vec4 10;
    %flag_get/vec4 10;
    %jmp/0 T_34.8, 10;
    %load/vec4 v000001b3566e7570_0;
    %nor/r;
    %and;
T_34.8;
    %flag_set/vec4 9;
    %flag_get/vec4 9;
    %jmp/0 T_34.7, 9;
    %load/vec4 v000001b3566e68f0_0;
    %nor/r;
    %and;
T_34.7;
    %flag_set/vec4 8;
    %jmp/0xz  T_34.5, 8;
    %load/vec4 v000001b3566e7110_0;
    %addi 1, 0, 4;
    %assign/vec4 v000001b3566e7110_0, 0;
    %jmp T_34.6;
T_34.5 ;
    %load/vec4 v000001b3566e7430_0;
    %flag_set/vec4 10;
    %flag_get/vec4 10;
    %jmp/0 T_34.12, 10;
    %load/vec4 v000001b3566e7570_0;
    %nor/r;
    %and;
T_34.12;
    %nor/r;
    %flag_set/vec4 9;
    %flag_get/vec4 9;
    %jmp/0 T_34.11, 9;
    %load/vec4 v000001b3566e68f0_0;
    %and;
T_34.11;
    %flag_set/vec4 8;
    %jmp/0xz  T_34.9, 8;
    %load/vec4 v000001b3566e7110_0;
    %subi 1, 0, 4;
    %assign/vec4 v000001b3566e7110_0, 0;
T_34.9 ;
T_34.6 ;
    %load/vec4 v000001b3566e6990_0;
    %dup/vec4;
    %pushi/vec4 0, 0, 2;
    %cmp/u;
    %jmp/1 T_34.13, 6;
    %dup/vec4;
    %pushi/vec4 1, 0, 2;
    %cmp/u;
    %jmp/1 T_34.14, 6;
    %dup/vec4;
    %pushi/vec4 2, 0, 2;
    %cmp/u;
    %jmp/1 T_34.15, 6;
    %dup/vec4;
    %pushi/vec4 3, 0, 2;
    %cmp/u;
    %jmp/1 T_34.16, 6;
    %jmp T_34.17;
T_34.13 ;
    %pushi/vec4 1, 0, 1;
    %assign/vec4 v000001b3566e6670_0, 0;
    %pushi/vec4 0, 0, 16;
    %assign/vec4 v000001b3566e72f0_0, 0;
    %pushi/vec4 0, 0, 3;
    %assign/vec4 v000001b3566e5bd0_0, 0;
    %load/vec4 v000001b3566e7610_0;
    %nor/r;
    %flag_set/vec4 8;
    %jmp/0xz  T_34.18, 8;
    %load/vec4 v000001b3566e6030_0;
    %pad/u 5;
    %ix/vec4 4;
    %load/vec4a v000001b3566e7390, 4;
    %assign/vec4 v000001b3566e5c70_0, 0;
    %load/vec4 v000001b3566e6030_0;
    %addi 1, 0, 3;
    %assign/vec4 v000001b3566e6030_0, 0;
    %pushi/vec4 1, 0, 2;
    %assign/vec4 v000001b3566e6990_0, 0;
T_34.18 ;
    %jmp T_34.17;
T_34.14 ;
    %pushi/vec4 0, 0, 1;
    %assign/vec4 v000001b3566e6670_0, 0;
    %load/vec4 v000001b3566e72f0_0;
    %pad/u 32;
    %cmpi/e 7, 0, 32;
    %jmp/0xz  T_34.20, 4;
    %pushi/vec4 0, 0, 16;
    %assign/vec4 v000001b3566e72f0_0, 0;
    %pushi/vec4 2, 0, 2;
    %assign/vec4 v000001b3566e6990_0, 0;
    %jmp T_34.21;
T_34.20 ;
    %load/vec4 v000001b3566e72f0_0;
    %addi 1, 0, 16;
    %assign/vec4 v000001b3566e72f0_0, 0;
T_34.21 ;
    %jmp T_34.17;
T_34.15 ;
    %load/vec4 v000001b3566e5c70_0;
    %load/vec4 v000001b3566e5bd0_0;
    %part/u 1;
    %assign/vec4 v000001b3566e6670_0, 0;
    %load/vec4 v000001b3566e72f0_0;
    %pad/u 32;
    %cmpi/e 7, 0, 32;
    %jmp/0xz  T_34.22, 4;
    %pushi/vec4 0, 0, 16;
    %assign/vec4 v000001b3566e72f0_0, 0;
    %load/vec4 v000001b3566e5bd0_0;
    %cmpi/e 7, 0, 3;
    %jmp/0xz  T_34.24, 4;
    %pushi/vec4 3, 0, 2;
    %assign/vec4 v000001b3566e6990_0, 0;
    %jmp T_34.25;
T_34.24 ;
    %load/vec4 v000001b3566e5bd0_0;
    %addi 1, 0, 3;
    %assign/vec4 v000001b3566e5bd0_0, 0;
T_34.25 ;
    %jmp T_34.23;
T_34.22 ;
    %load/vec4 v000001b3566e72f0_0;
    %addi 1, 0, 16;
    %assign/vec4 v000001b3566e72f0_0, 0;
T_34.23 ;
    %jmp T_34.17;
T_34.16 ;
    %pushi/vec4 1, 0, 1;
    %assign/vec4 v000001b3566e6670_0, 0;
    %load/vec4 v000001b3566e72f0_0;
    %pad/u 32;
    %cmpi/e 7, 0, 32;
    %jmp/0xz  T_34.26, 4;
    %pushi/vec4 0, 0, 16;
    %assign/vec4 v000001b3566e72f0_0, 0;
    %pushi/vec4 0, 0, 2;
    %assign/vec4 v000001b3566e6990_0, 0;
    %jmp T_34.27;
T_34.26 ;
    %load/vec4 v000001b3566e72f0_0;
    %addi 1, 0, 16;
    %assign/vec4 v000001b3566e72f0_0, 0;
T_34.27 ;
    %jmp T_34.17;
T_34.17 ;
    %pop/vec4 1;
    %load/vec4 v000001b3566e6530_0;
    %dup/vec4;
    %pushi/vec4 0, 0, 2;
    %cmp/u;
    %jmp/1 T_34.28, 6;
    %dup/vec4;
    %pushi/vec4 1, 0, 2;
    %cmp/u;
    %jmp/1 T_34.29, 6;
    %dup/vec4;
    %pushi/vec4 2, 0, 2;
    %cmp/u;
    %jmp/1 T_34.30, 6;
    %dup/vec4;
    %pushi/vec4 3, 0, 2;
    %cmp/u;
    %jmp/1 T_34.31, 6;
    %jmp T_34.32;
T_34.28 ;
    %pushi/vec4 0, 0, 16;
    %assign/vec4 v000001b3566e5ef0_0, 0;
    %pushi/vec4 0, 0, 3;
    %assign/vec4 v000001b3566e67b0_0, 0;
    %load/vec4 v000001b3566e59f0_0;
    %cmpi/e 0, 0, 1;
    %jmp/0xz  T_34.33, 4;
    %pushi/vec4 1, 0, 2;
    %assign/vec4 v000001b3566e6530_0, 0;
T_34.33 ;
    %jmp T_34.32;
T_34.29 ;
    %load/vec4 v000001b3566e5ef0_0;
    %pad/u 32;
    %cmpi/e 3, 0, 32;
    %jmp/0xz  T_34.35, 4;
    %pushi/vec4 0, 0, 16;
    %assign/vec4 v000001b3566e5ef0_0, 0;
    %load/vec4 v000001b3566e59f0_0;
    %cmpi/e 0, 0, 1;
    %jmp/0xz  T_34.37, 4;
    %pushi/vec4 2, 0, 2;
    %assign/vec4 v000001b3566e6530_0, 0;
    %jmp T_34.38;
T_34.37 ;
    %pushi/vec4 0, 0, 2;
    %assign/vec4 v000001b3566e6530_0, 0;
T_34.38 ;
    %jmp T_34.36;
T_34.35 ;
    %load/vec4 v000001b3566e5ef0_0;
    %addi 1, 0, 16;
    %assign/vec4 v000001b3566e5ef0_0, 0;
T_34.36 ;
    %jmp T_34.32;
T_34.30 ;
    %load/vec4 v000001b3566e5ef0_0;
    %pad/u 32;
    %cmpi/e 7, 0, 32;
    %jmp/0xz  T_34.39, 4;
    %pushi/vec4 0, 0, 16;
    %assign/vec4 v000001b3566e5ef0_0, 0;
    %load/vec4 v000001b3566e59f0_0;
    %ix/load 5, 0, 0;
    %ix/getv 4, v000001b3566e67b0_0;
    %assign/vec4/off/d v000001b3566e6f30_0, 4, 5;
    %load/vec4 v000001b3566e67b0_0;
    %cmpi/e 7, 0, 3;
    %jmp/0xz  T_34.41, 4;
    %pushi/vec4 3, 0, 2;
    %assign/vec4 v000001b3566e6530_0, 0;
    %jmp T_34.42;
T_34.41 ;
    %load/vec4 v000001b3566e67b0_0;
    %addi 1, 0, 3;
    %assign/vec4 v000001b3566e67b0_0, 0;
T_34.42 ;
    %jmp T_34.40;
T_34.39 ;
    %load/vec4 v000001b3566e5ef0_0;
    %addi 1, 0, 16;
    %assign/vec4 v000001b3566e5ef0_0, 0;
T_34.40 ;
    %jmp T_34.32;
T_34.31 ;
    %load/vec4 v000001b3566e5ef0_0;
    %pad/u 32;
    %cmpi/e 7, 0, 32;
    %jmp/0xz  T_34.43, 4;
    %pushi/vec4 0, 0, 16;
    %assign/vec4 v000001b3566e5ef0_0, 0;
    %pushi/vec4 0, 0, 2;
    %assign/vec4 v000001b3566e6530_0, 0;
    %jmp T_34.44;
T_34.43 ;
    %load/vec4 v000001b3566e5ef0_0;
    %addi 1, 0, 16;
    %assign/vec4 v000001b3566e5ef0_0, 0;
T_34.44 ;
    %jmp T_34.32;
T_34.32 ;
    %pop/vec4 1;
    %load/vec4 v000001b3566e54f0_0;
    %flag_set/vec4 8;
    %jmp/0xz  T_34.45, 8;
    %load/vec4 v000001b3566e6f30_0;
    %load/vec4 v000001b3566e7250_0;
    %pad/u 5;
    %ix/vec4 3;
    %ix/load 4, 0, 0; Constant delay
    %assign/vec4/a/d v000001b3566e65d0, 0, 4;
    %load/vec4 v000001b3566e7250_0;
    %addi 1, 0, 3;
    %assign/vec4 v000001b3566e7250_0, 0;
T_34.45 ;
    %load/vec4 v000001b3566e54f0_0;
    %flag_set/vec4 9;
    %flag_get/vec4 9;
    %jmp/0 T_34.49, 9;
    %load/vec4 v000001b3566e56d0_0;
    %flag_set/vec4 9;
    %flag_get/vec4 9;
    %jmp/0 T_34.50, 9;
    %load/vec4 v000001b3566e6350_0;
    %nor/r;
    %and;
T_34.50;
    %nor/r;
    %and;
T_34.49;
    %flag_set/vec4 8;
    %jmp/0xz  T_34.47, 8;
    %load/vec4 v000001b3566e5db0_0;
    %addi 1, 0, 4;
    %assign/vec4 v000001b3566e5db0_0, 0;
    %jmp T_34.48;
T_34.47 ;
    %load/vec4 v000001b3566e54f0_0;
    %nor/r;
    %flag_set/vec4 9;
    %flag_get/vec4 9;
    %jmp/0 T_34.53, 9;
    %load/vec4 v000001b3566e56d0_0;
    %flag_set/vec4 9;
    %flag_get/vec4 9;
    %jmp/0 T_34.54, 9;
    %load/vec4 v000001b3566e6350_0;
    %nor/r;
    %and;
T_34.54;
    %and;
T_34.53;
    %flag_set/vec4 8;
    %jmp/0xz  T_34.51, 8;
    %load/vec4 v000001b3566e5db0_0;
    %subi 1, 0, 4;
    %assign/vec4 v000001b3566e5db0_0, 0;
T_34.51 ;
T_34.48 ;
    %load/vec4 v000001b3566e56d0_0;
    %flag_set/vec4 9;
    %flag_get/vec4 9;
    %jmp/0 T_34.57, 9;
    %load/vec4 v000001b3566e6350_0;
    %nor/r;
    %and;
T_34.57;
    %flag_set/vec4 8;
    %jmp/0xz  T_34.55, 8;
    %load/vec4 v000001b3566e79d0_0;
    %addi 1, 0, 3;
    %assign/vec4 v000001b3566e79d0_0, 0;
T_34.55 ;
T_34.1 ;
    %jmp T_34;
    .thread T_34;
    .scope S_000001b3566bc890;
T_35 ;
    %wait E_000001b3565dacb0;
    %load/vec4 v000001b3566ea630_0;
    %flag_set/vec4 8;
    %jmp/0xz  T_35.0, 8;
    %pushi/vec4 0, 0, 64;
    %assign/vec4 v000001b3566e90f0_0, 0;
    %pushi/vec4 4294967295, 0, 32;
    %concati/vec4 4294967295, 0, 32;
    %assign/vec4 v000001b3566ebf30_0, 0;
    %pushi/vec4 0, 0, 1;
    %assign/vec4 v000001b3566e8dd0_0, 0;
    %jmp T_35.1;
T_35.0 ;
    %load/vec4 v000001b3566e90f0_0;
    %addi 1, 0, 64;
    %assign/vec4 v000001b3566e90f0_0, 0;
    %load/vec4 v000001b3566e8c90_0;
    %flag_set/vec4 8;
    %jmp/0xz  T_35.2, 8;
    %load/vec4 v000001b3566ea090_0;
    %dup/vec4;
    %pushi/vec4 49, 0, 6;
    %cmp/u;
    %jmp/1 T_35.4, 6;
    %dup/vec4;
    %pushi/vec4 50, 0, 6;
    %cmp/u;
    %jmp/1 T_35.5, 6;
    %dup/vec4;
    %pushi/vec4 51, 0, 6;
    %cmp/u;
    %jmp/1 T_35.6, 6;
    %dup/vec4;
    %pushi/vec4 52, 0, 6;
    %cmp/u;
    %jmp/1 T_35.7, 6;
    %dup/vec4;
    %pushi/vec4 48, 0, 6;
    %cmp/u;
    %jmp/1 T_35.8, 6;
    %jmp T_35.10;
T_35.4 ;
    %load/vec4 v000001b3566e8970_0;
    %ix/load 4, 0, 0;
    %ix/load 5, 0, 0;
    %flag_set/imm 4, 0;
    %assign/vec4/off/d v000001b3566ebf30_0, 4, 5;
    %jmp T_35.10;
T_35.5 ;
    %load/vec4 v000001b3566e8970_0;
    %ix/load 4, 32, 0;
    %ix/load 5, 0, 0;
    %flag_set/imm 4, 0;
    %assign/vec4/off/d v000001b3566ebf30_0, 4, 5;
    %jmp T_35.10;
T_35.6 ;
    %load/vec4 v000001b3566e8970_0;
    %ix/load 4, 0, 0;
    %ix/load 5, 0, 0;
    %flag_set/imm 4, 0;
    %assign/vec4/off/d v000001b3566e90f0_0, 4, 5;
    %jmp T_35.10;
T_35.7 ;
    %load/vec4 v000001b3566e8970_0;
    %ix/load 4, 32, 0;
    %ix/load 5, 0, 0;
    %flag_set/imm 4, 0;
    %assign/vec4/off/d v000001b3566e90f0_0, 4, 5;
    %jmp T_35.10;
T_35.8 ;
    %load/vec4 v000001b3566e8970_0;
    %parti/s 1, 0, 2;
    %assign/vec4 v000001b3566e8dd0_0, 0;
    %jmp T_35.10;
T_35.10 ;
    %pop/vec4 1;
T_35.2 ;
T_35.1 ;
    %jmp T_35;
    .thread T_35;
    .scope S_000001b3566bc890;
T_36 ;
    %wait E_000001b3565daf70;
    %load/vec4 v000001b3566e8bf0_0;
    %cmpi/u 8, 0, 6;
    %flag_or 5, 4;
    %jmp/0xz  T_36.0, 5;
    %load/vec4 v000001b3566e9f50_0;
    %store/vec4 v000001b3566e8330_0, 0, 32;
    %jmp T_36.1;
T_36.0 ;
    %load/vec4 v000001b3566e8bf0_0;
    %cmpi/u 16, 0, 6;
    %flag_inv 5; GE is !LT
    %flag_get/vec4 5;
    %jmp/0 T_36.4, 5;
    %load/vec4 v000001b3566e8bf0_0;
    %cmpi/u 31, 0, 6;
    %flag_get/vec4 4;
    %flag_get/vec4 5;
    %or;
    %and;
T_36.4;
    %flag_set/vec4 8;
    %jmp/0xz  T_36.2, 8;
    %load/vec4 v000001b3566e8bf0_0;
    %parti/s 4, 2, 3;
    %dup/vec4;
    %pushi/vec4 4, 0, 4;
    %cmp/u;
    %jmp/1 T_36.5, 6;
    %dup/vec4;
    %pushi/vec4 5, 0, 4;
    %cmp/u;
    %jmp/1 T_36.6, 6;
    %dup/vec4;
    %pushi/vec4 6, 0, 4;
    %cmp/u;
    %jmp/1 T_36.7, 6;
    %dup/vec4;
    %pushi/vec4 7, 0, 4;
    %cmp/u;
    %jmp/1 T_36.8, 6;
    %pushi/vec4 0, 0, 32;
    %store/vec4 v000001b3566e8330_0, 0, 32;
    %jmp T_36.10;
T_36.5 ;
    %load/vec4 v000001b3566eb7b0_0;
    %store/vec4 v000001b3566e8330_0, 0, 32;
    %jmp T_36.10;
T_36.6 ;
    %load/vec4 v000001b3566eadb0_0;
    %store/vec4 v000001b3566e8330_0, 0, 32;
    %jmp T_36.10;
T_36.7 ;
    %load/vec4 v000001b3566ea450_0;
    %store/vec4 v000001b3566e8330_0, 0, 32;
    %jmp T_36.10;
T_36.8 ;
    %load/vec4 v000001b3566ea6d0_0;
    %store/vec4 v000001b3566e8330_0, 0, 32;
    %jmp T_36.10;
T_36.10 ;
    %pop/vec4 1;
    %jmp T_36.3;
T_36.2 ;
    %load/vec4 v000001b3566e8bf0_0;
    %cmpi/e 40, 0, 6;
    %jmp/0xz  T_36.11, 4;
    %load/vec4 v000001b3566e9690_0;
    %store/vec4 v000001b3566e8330_0, 0, 32;
    %jmp T_36.12;
T_36.11 ;
    %load/vec4 v000001b3566e8bf0_0;
    %dup/vec4;
    %pushi/vec4 48, 0, 6;
    %cmp/u;
    %jmp/1 T_36.13, 6;
    %dup/vec4;
    %pushi/vec4 49, 0, 6;
    %cmp/u;
    %jmp/1 T_36.14, 6;
    %dup/vec4;
    %pushi/vec4 50, 0, 6;
    %cmp/u;
    %jmp/1 T_36.15, 6;
    %dup/vec4;
    %pushi/vec4 51, 0, 6;
    %cmp/u;
    %jmp/1 T_36.16, 6;
    %dup/vec4;
    %pushi/vec4 52, 0, 6;
    %cmp/u;
    %jmp/1 T_36.17, 6;
    %pushi/vec4 0, 0, 32;
    %store/vec4 v000001b3566e8330_0, 0, 32;
    %jmp T_36.19;
T_36.13 ;
    %pushi/vec4 0, 0, 31;
    %load/vec4 v000001b3566e8dd0_0;
    %concat/vec4; draw_concat_vec4
    %store/vec4 v000001b3566e8330_0, 0, 32;
    %jmp T_36.19;
T_36.14 ;
    %load/vec4 v000001b3566ebf30_0;
    %parti/s 32, 0, 2;
    %store/vec4 v000001b3566e8330_0, 0, 32;
    %jmp T_36.19;
T_36.15 ;
    %load/vec4 v000001b3566ebf30_0;
    %parti/s 32, 32, 7;
    %store/vec4 v000001b3566e8330_0, 0, 32;
    %jmp T_36.19;
T_36.16 ;
    %load/vec4 v000001b3566e90f0_0;
    %parti/s 32, 0, 2;
    %store/vec4 v000001b3566e8330_0, 0, 32;
    %jmp T_36.19;
T_36.17 ;
    %load/vec4 v000001b3566e90f0_0;
    %parti/s 32, 32, 7;
    %store/vec4 v000001b3566e8330_0, 0, 32;
    %jmp T_36.19;
T_36.19 ;
    %pop/vec4 1;
T_36.12 ;
T_36.3 ;
T_36.1 ;
    %jmp T_36;
    .thread T_36, $push;
    .scope S_000001b3566bc890;
T_37 ;
    %wait E_000001b3565d7af0;
    %load/vec4 v000001b3566ebdf0_0;
    %assign/vec4 v000001b3566ebcb0_0, 0;
    %load/vec4 v000001b3566e8330_0;
    %assign/vec4 v000001b3566e8b50_0, 0;
    %jmp T_37;
    .thread T_37;
    .scope S_000001b3566856c0;
T_38 ;
    %wait E_000001b3565da370;
    %load/vec4 v000001b3566aee10_0;
    %pad/u 7;
    %ix/vec4 4;
    %load/vec4a v000001b3566aeeb0, 4;
    %store/vec4 v000001b3566af270_0, 0, 32;
    %load/vec4 v000001b3566af590_0;
    %pad/u 7;
    %ix/vec4 4;
    %load/vec4a v000001b3566aeeb0, 4;
    %store/vec4 v000001b3566af6d0_0, 0, 32;
    %jmp T_38;
    .thread T_38, $push;
    .scope S_000001b3566856c0;
T_39 ;
    %wait E_000001b3565dacb0;
    %load/vec4 v000001b3566adf10_0;
    %flag_set/vec4 8;
    %jmp/0xz  T_39.0, 8;
    %fork t_3, S_000001b3566859e0;
    %jmp t_2;
    .scope S_000001b3566859e0;
t_3 ;
    %pushi/vec4 0, 0, 32;
    %store/vec4 v000001b3566ae4b0_0, 0, 32;
T_39.2 ;
    %load/vec4 v000001b3566ae4b0_0;
    %cmpi/s 32, 0, 32;
    %jmp/0xz T_39.3, 5;
    %pushi/vec4 0, 0, 32;
    %ix/getv/s 3, v000001b3566ae4b0_0;
    %ix/load 4, 0, 0; Constant delay
    %assign/vec4/a/d v000001b3566aeeb0, 0, 4;
    %load/vec4 v000001b3566ae4b0_0;
    %addi 1, 0, 32;
    %store/vec4 v000001b3566ae4b0_0, 0, 32;
    %jmp T_39.2;
T_39.3 ;
    %end;
    .scope S_000001b3566856c0;
t_2 %join;
    %jmp T_39.1;
T_39.0 ;
    %load/vec4 v000001b3566ad650_0;
    %flag_set/vec4 9;
    %flag_get/vec4 9;
    %jmp/0 T_39.6, 9;
    %load/vec4 v000001b3566ae690_0;
    %pushi/vec4 0, 0, 5;
    %cmp/ne;
    %flag_get/vec4 4;
    %and;
T_39.6;
    %flag_set/vec4 8;
    %jmp/0xz  T_39.4, 8;
    %load/vec4 v000001b3566ae550_0;
    %load/vec4 v000001b3566ae690_0;
    %pad/u 7;
    %ix/vec4 3;
    %ix/load 4, 0, 0; Constant delay
    %assign/vec4/a/d v000001b3566aeeb0, 0, 4;
T_39.4 ;
T_39.1 ;
    %jmp T_39;
    .thread T_39;
    .scope S_000001b3566853a0;
T_40 ;
    %wait E_000001b3565daef0;
    %load/vec4 v000001b3566af090_0;
    %dup/vec4;
    %pushi/vec4 0, 0, 4;
    %cmp/u;
    %jmp/1 T_40.0, 6;
    %dup/vec4;
    %pushi/vec4 1, 0, 4;
    %cmp/u;
    %jmp/1 T_40.1, 6;
    %dup/vec4;
    %pushi/vec4 2, 0, 4;
    %cmp/u;
    %jmp/1 T_40.2, 6;
    %dup/vec4;
    %pushi/vec4 3, 0, 4;
    %cmp/u;
    %jmp/1 T_40.3, 6;
    %dup/vec4;
    %pushi/vec4 4, 0, 4;
    %cmp/u;
    %jmp/1 T_40.4, 6;
    %dup/vec4;
    %pushi/vec4 5, 0, 4;
    %cmp/u;
    %jmp/1 T_40.5, 6;
    %dup/vec4;
    %pushi/vec4 6, 0, 4;
    %cmp/u;
    %jmp/1 T_40.6, 6;
    %dup/vec4;
    %pushi/vec4 7, 0, 4;
    %cmp/u;
    %jmp/1 T_40.7, 6;
    %dup/vec4;
    %pushi/vec4 8, 0, 4;
    %cmp/u;
    %jmp/1 T_40.8, 6;
    %dup/vec4;
    %pushi/vec4 13, 0, 4;
    %cmp/u;
    %jmp/1 T_40.9, 6;
    %pushi/vec4 0, 0, 32;
    %store/vec4 v000001b3566ae910_0, 0, 32;
    %jmp T_40.11;
T_40.0 ;
    %load/vec4 v000001b3566ae410_0;
    %load/vec4 v000001b3566ad150_0;
    %add;
    %store/vec4 v000001b3566ae910_0, 0, 32;
    %jmp T_40.11;
T_40.1 ;
    %load/vec4 v000001b3566ae410_0;
    %load/vec4 v000001b3566ad150_0;
    %parti/s 5, 0, 2;
    %ix/vec4 4;
    %shiftl 4;
    %store/vec4 v000001b3566ae910_0, 0, 32;
    %jmp T_40.11;
T_40.2 ;
    %load/vec4 v000001b3566af630_0;
    %load/vec4 v000001b3566ad970_0;
    %cmp/s;
    %jmp/0xz  T_40.12, 5;
    %pushi/vec4 1, 0, 32;
    %store/vec4 v000001b3566ae910_0, 0, 32;
    %jmp T_40.13;
T_40.12 ;
    %pushi/vec4 0, 0, 32;
    %store/vec4 v000001b3566ae910_0, 0, 32;
T_40.13 ;
    %jmp T_40.11;
T_40.3 ;
    %load/vec4 v000001b3566ae410_0;
    %load/vec4 v000001b3566ad150_0;
    %cmp/u;
    %jmp/0xz  T_40.14, 5;
    %pushi/vec4 1, 0, 32;
    %store/vec4 v000001b3566ae910_0, 0, 32;
    %jmp T_40.15;
T_40.14 ;
    %pushi/vec4 0, 0, 32;
    %store/vec4 v000001b3566ae910_0, 0, 32;
T_40.15 ;
    %jmp T_40.11;
T_40.4 ;
    %load/vec4 v000001b3566ae410_0;
    %load/vec4 v000001b3566ad150_0;
    %xor;
    %store/vec4 v000001b3566ae910_0, 0, 32;
    %jmp T_40.11;
T_40.5 ;
    %load/vec4 v000001b3566ae410_0;
    %load/vec4 v000001b3566ad150_0;
    %parti/s 5, 0, 2;
    %ix/vec4 4;
    %shiftr 4;
    %store/vec4 v000001b3566ae910_0, 0, 32;
    %jmp T_40.11;
T_40.6 ;
    %load/vec4 v000001b3566ae410_0;
    %load/vec4 v000001b3566ad150_0;
    %or;
    %store/vec4 v000001b3566ae910_0, 0, 32;
    %jmp T_40.11;
T_40.7 ;
    %load/vec4 v000001b3566ae410_0;
    %load/vec4 v000001b3566ad150_0;
    %and;
    %store/vec4 v000001b3566ae910_0, 0, 32;
    %jmp T_40.11;
T_40.8 ;
    %load/vec4 v000001b3566ae410_0;
    %load/vec4 v000001b3566ad150_0;
    %sub;
    %store/vec4 v000001b3566ae910_0, 0, 32;
    %jmp T_40.11;
T_40.9 ;
    %load/vec4 v000001b3566af630_0;
    %load/vec4 v000001b3566ad150_0;
    %parti/s 5, 0, 2;
    %ix/vec4 4;
    %shiftr/s 4;
    %store/vec4 v000001b3566ae910_0, 0, 32;
    %jmp T_40.11;
T_40.11 ;
    %pop/vec4 1;
    %jmp T_40;
    .thread T_40, $push;
    .scope S_000001b356684a40;
T_41 ;
    %wait E_000001b3565daeb0;
    %load/vec4 v000001b3566b3a50_0;
    %dup/vec4;
    %pushi/vec4 0, 0, 3;
    %cmp/u;
    %jmp/1 T_41.0, 6;
    %dup/vec4;
    %pushi/vec4 1, 0, 3;
    %cmp/u;
    %jmp/1 T_41.1, 6;
    %dup/vec4;
    %pushi/vec4 4, 0, 3;
    %cmp/u;
    %jmp/1 T_41.2, 6;
    %dup/vec4;
    %pushi/vec4 5, 0, 3;
    %cmp/u;
    %jmp/1 T_41.3, 6;
    %dup/vec4;
    %pushi/vec4 6, 0, 3;
    %cmp/u;
    %jmp/1 T_41.4, 6;
    %dup/vec4;
    %pushi/vec4 7, 0, 3;
    %cmp/u;
    %jmp/1 T_41.5, 6;
    %pushi/vec4 0, 0, 1;
    %store/vec4 v000001b3566b0b70_0, 0, 1;
    %jmp T_41.7;
T_41.0 ;
    %load/vec4 v000001b3566b4810_0;
    %load/vec4 v000001b3566b28d0_0;
    %cmp/e;
    %flag_get/vec4 4;
    %store/vec4 v000001b3566b0b70_0, 0, 1;
    %jmp T_41.7;
T_41.1 ;
    %load/vec4 v000001b3566b4810_0;
    %load/vec4 v000001b3566b28d0_0;
    %cmp/ne;
    %flag_get/vec4 4;
    %store/vec4 v000001b3566b0b70_0, 0, 1;
    %jmp T_41.7;
T_41.2 ;
    %load/vec4 v000001b3566b4810_0;
    %load/vec4 v000001b3566b28d0_0;
    %cmp/s;
    %flag_get/vec4 5;
    %store/vec4 v000001b3566b0b70_0, 0, 1;
    %jmp T_41.7;
T_41.3 ;
    %load/vec4 v000001b3566b28d0_0;
    %load/vec4 v000001b3566b4810_0;
    %cmp/s;
    %flag_get/vec4 4;
    %flag_get/vec4 5;
    %or;
    %store/vec4 v000001b3566b0b70_0, 0, 1;
    %jmp T_41.7;
T_41.4 ;
    %load/vec4 v000001b3566b4810_0;
    %load/vec4 v000001b3566b28d0_0;
    %cmp/u;
    %flag_get/vec4 5;
    %store/vec4 v000001b3566b0b70_0, 0, 1;
    %jmp T_41.7;
T_41.5 ;
    %load/vec4 v000001b3566b28d0_0;
    %load/vec4 v000001b3566b4810_0;
    %cmp/u;
    %flag_get/vec4 4;
    %flag_get/vec4 5;
    %or;
    %store/vec4 v000001b3566b0b70_0, 0, 1;
    %jmp T_41.7;
T_41.7 ;
    %pop/vec4 1;
    %jmp T_41;
    .thread T_41, $push;
    .scope S_000001b356684a40;
T_42 ;
    %wait E_000001b3565daaf0;
    %pushi/vec4 0, 0, 32;
    %store/vec4 v000001b3566b3f50_0, 0, 32;
    %pushi/vec4 0, 0, 32;
    %store/vec4 v000001b3566b4310_0, 0, 32;
    %load/vec4 v000001b3566b39b0_0;
    %flag_set/vec4 8;
    %jmp/0xz  T_42.0, 8;
    %load/vec4 v000001b3566b4130_0;
    %flag_set/vec4 8;
    %jmp/0xz  T_42.2, 8;
    %pushi/vec4 2147483659, 0, 32;
    %store/vec4 v000001b3566b3f50_0, 0, 32;
    %jmp T_42.3;
T_42.2 ;
    %load/vec4 v000001b3566b4270_0;
    %flag_set/vec4 8;
    %jmp/0xz  T_42.4, 8;
    %pushi/vec4 2147483651, 0, 32;
    %store/vec4 v000001b3566b3f50_0, 0, 32;
    %jmp T_42.5;
T_42.4 ;
    %pushi/vec4 2147483655, 0, 32;
    %store/vec4 v000001b3566b3f50_0, 0, 32;
T_42.5 ;
T_42.3 ;
    %jmp T_42.1;
T_42.0 ;
    %load/vec4 v000001b3566b0990_0;
    %flag_set/vec4 8;
    %jmp/0xz  T_42.6, 8;
    %pushi/vec4 11, 0, 32;
    %store/vec4 v000001b3566b3f50_0, 0, 32;
    %jmp T_42.7;
T_42.6 ;
    %load/vec4 v000001b3566b02b0_0;
    %flag_set/vec4 8;
    %jmp/0xz  T_42.8, 8;
    %pushi/vec4 3, 0, 32;
    %store/vec4 v000001b3566b3f50_0, 0, 32;
    %load/vec4 v000001b3566ae5f0_0;
    %store/vec4 v000001b3566b4310_0, 0, 32;
    %jmp T_42.9;
T_42.8 ;
    %pushi/vec4 2, 0, 32;
    %store/vec4 v000001b3566b3f50_0, 0, 32;
    %load/vec4 v000001b3566af3b0_0;
    %store/vec4 v000001b3566b4310_0, 0, 32;
T_42.9 ;
T_42.7 ;
T_42.1 ;
    %jmp T_42;
    .thread T_42, $push;
    .scope S_000001b356684a40;
T_43 ;
    %wait E_000001b3565da870;
    %load/vec4 v000001b3566b2510_0;
    %store/vec4 v000001b3566b3c30_0, 0, 5;
    %load/vec4 v000001b3566b3d70_0;
    %store/vec4 v000001b3566b3050_0, 0, 5;
    %pushi/vec4 0, 0, 32;
    %store/vec4 v000001b3566b3eb0_0, 0, 32;
    %pushi/vec4 0, 0, 32;
    %store/vec4 v000001b3566b3190_0, 0, 32;
    %pushi/vec4 0, 0, 4;
    %store/vec4 v000001b3566afb30_0, 0, 4;
    %pushi/vec4 0, 0, 32;
    %store/vec4 v000001b3566af310_0, 0, 32;
    %pushi/vec4 0, 0, 32;
    %store/vec4 v000001b3566aec30_0, 0, 32;
    %pushi/vec4 0, 0, 32;
    %store/vec4 v000001b3566b07b0_0, 0, 32;
    %load/vec4 v000001b3566aef50_0;
    %addi 4, 0, 32;
    %store/vec4 v000001b3566b2470_0, 0, 32;
    %pushi/vec4 3, 0, 2;
    %store/vec4 v000001b3566b3230_0, 0, 2;
    %pushi/vec4 0, 0, 32;
    %store/vec4 v000001b3566ada10_0, 0, 32;
    %pushi/vec4 0, 0, 32;
    %store/vec4 v000001b3566aeb90_0, 0, 32;
    %pushi/vec4 0, 0, 32;
    %store/vec4 v000001b3566af770_0, 0, 32;
    %pushi/vec4 7, 0, 3;
    %store/vec4 v000001b3566aea50_0, 0, 3;
    %pushi/vec4 7, 0, 3;
    %store/vec4 v000001b3566ae870_0, 0, 3;
    %pushi/vec4 0, 0, 1;
    %store/vec4 v000001b3566b0990_0, 0, 1;
    %pushi/vec4 0, 0, 1;
    %store/vec4 v000001b3566b02b0_0, 0, 1;
    %pushi/vec4 0, 0, 1;
    %store/vec4 v000001b3566b43b0_0, 0, 1;
    %pushi/vec4 0, 0, 1;
    %store/vec4 v000001b3566b3af0_0, 0, 1;
    %pushi/vec4 0, 0, 1;
    %store/vec4 v000001b3566b2330_0, 0, 1;
    %pushi/vec4 0, 0, 1;
    %store/vec4 v000001b3566b30f0_0, 0, 1;
    %load/vec4 v000001b3566b2830_0;
    %dup/vec4;
    %pushi/vec4 55, 0, 7;
    %cmp/u;
    %jmp/1 T_43.0, 6;
    %dup/vec4;
    %pushi/vec4 23, 0, 7;
    %cmp/u;
    %jmp/1 T_43.1, 6;
    %dup/vec4;
    %pushi/vec4 111, 0, 7;
    %cmp/u;
    %jmp/1 T_43.2, 6;
    %dup/vec4;
    %pushi/vec4 103, 0, 7;
    %cmp/u;
    %jmp/1 T_43.3, 6;
    %dup/vec4;
    %pushi/vec4 99, 0, 7;
    %cmp/u;
    %jmp/1 T_43.4, 6;
    %dup/vec4;
    %pushi/vec4 3, 0, 7;
    %cmp/u;
    %jmp/1 T_43.5, 6;
    %dup/vec4;
    %pushi/vec4 35, 0, 7;
    %cmp/u;
    %jmp/1 T_43.6, 6;
    %dup/vec4;
    %pushi/vec4 19, 0, 7;
    %cmp/u;
    %jmp/1 T_43.7, 6;
    %dup/vec4;
    %pushi/vec4 51, 0, 7;
    %cmp/u;
    %jmp/1 T_43.8, 6;
    %dup/vec4;
    %pushi/vec4 15, 0, 7;
    %cmp/u;
    %jmp/1 T_43.9, 6;
    %dup/vec4;
    %pushi/vec4 115, 0, 7;
    %cmp/u;
    %jmp/1 T_43.10, 6;
    %pushi/vec4 3, 0, 2;
    %store/vec4 v000001b3566b3230_0, 0, 2;
    %pushi/vec4 1, 0, 1;
    %store/vec4 v000001b3566b43b0_0, 0, 1;
    %jmp T_43.12;
T_43.0 ;
    %load/vec4 v000001b3566b3410_0;
    %store/vec4 v000001b3566af310_0, 0, 32;
    %pushi/vec4 0, 0, 2;
    %store/vec4 v000001b3566b3230_0, 0, 2;
    %jmp T_43.12;
T_43.1 ;
    %load/vec4 v000001b3566ae5f0_0;
    %load/vec4 v000001b3566b3410_0;
    %add;
    %store/vec4 v000001b3566af310_0, 0, 32;
    %pushi/vec4 0, 0, 2;
    %store/vec4 v000001b3566b3230_0, 0, 2;
    %jmp T_43.12;
T_43.2 ;
    %load/vec4 v000001b3566ae5f0_0;
    %addi 4, 0, 32;
    %store/vec4 v000001b3566af310_0, 0, 32;
    %load/vec4 v000001b3566ae5f0_0;
    %load/vec4 v000001b3566b2c90_0;
    %add;
    %store/vec4 v000001b3566b2470_0, 0, 32;
    %pushi/vec4 0, 0, 2;
    %store/vec4 v000001b3566b3230_0, 0, 2;
    %jmp T_43.12;
T_43.3 ;
    %load/vec4 v000001b3566ae5f0_0;
    %addi 4, 0, 32;
    %store/vec4 v000001b3566af310_0, 0, 32;
    %load/vec4 v000001b3566b4810_0;
    %load/vec4 v000001b3566b35f0_0;
    %add;
    %pushi/vec4 4294967294, 0, 32;
    %and;
    %store/vec4 v000001b3566b2470_0, 0, 32;
    %pushi/vec4 0, 0, 2;
    %store/vec4 v000001b3566b3230_0, 0, 2;
    %jmp T_43.12;
T_43.4 ;
    %load/vec4 v000001b3566b0b70_0;
    %flag_set/vec4 8;
    %jmp/0xz  T_43.13, 8;
    %load/vec4 v000001b3566ae5f0_0;
    %load/vec4 v000001b3566b2dd0_0;
    %add;
    %store/vec4 v000001b3566b2470_0, 0, 32;
T_43.13 ;
    %pushi/vec4 3, 0, 2;
    %store/vec4 v000001b3566b3230_0, 0, 2;
    %jmp T_43.12;
T_43.5 ;
    %load/vec4 v000001b3566b4810_0;
    %store/vec4 v000001b3566b3eb0_0, 0, 32;
    %load/vec4 v000001b3566b35f0_0;
    %store/vec4 v000001b3566b3190_0, 0, 32;
    %pushi/vec4 0, 0, 4;
    %store/vec4 v000001b3566afb30_0, 0, 4;
    %load/vec4 v000001b3566b2010_0;
    %store/vec4 v000001b3566ada10_0, 0, 32;
    %load/vec4 v000001b3566b3a50_0;
    %store/vec4 v000001b3566aea50_0, 0, 3;
    %pushi/vec4 2, 0, 2;
    %store/vec4 v000001b3566b3230_0, 0, 2;
    %jmp T_43.12;
T_43.6 ;
    %load/vec4 v000001b3566b4810_0;
    %store/vec4 v000001b3566b3eb0_0, 0, 32;
    %load/vec4 v000001b3566b25b0_0;
    %store/vec4 v000001b3566b3190_0, 0, 32;
    %pushi/vec4 0, 0, 4;
    %store/vec4 v000001b3566afb30_0, 0, 4;
    %load/vec4 v000001b3566b2010_0;
    %store/vec4 v000001b3566aeb90_0, 0, 32;
    %load/vec4 v000001b3566b28d0_0;
    %store/vec4 v000001b3566af770_0, 0, 32;
    %load/vec4 v000001b3566b3a50_0;
    %store/vec4 v000001b3566ae870_0, 0, 3;
    %pushi/vec4 3, 0, 2;
    %store/vec4 v000001b3566b3230_0, 0, 2;
    %jmp T_43.12;
T_43.7 ;
    %load/vec4 v000001b3566b4810_0;
    %store/vec4 v000001b3566b3eb0_0, 0, 32;
    %load/vec4 v000001b3566b35f0_0;
    %store/vec4 v000001b3566b3190_0, 0, 32;
    %load/vec4 v000001b3566b3a50_0;
    %cmpi/e 5, 0, 3;
    %jmp/0xz  T_43.15, 4;
    %load/vec4 v000001b3566af3b0_0;
    %parti/s 1, 30, 6;
    %load/vec4 v000001b3566b3a50_0;
    %concat/vec4; draw_concat_vec4
    %store/vec4 v000001b3566afb30_0, 0, 4;
    %jmp T_43.16;
T_43.15 ;
    %pushi/vec4 0, 0, 1;
    %load/vec4 v000001b3566b3a50_0;
    %concat/vec4; draw_concat_vec4
    %store/vec4 v000001b3566afb30_0, 0, 4;
T_43.16 ;
    %load/vec4 v000001b3566b2010_0;
    %store/vec4 v000001b3566af310_0, 0, 32;
    %pushi/vec4 0, 0, 2;
    %store/vec4 v000001b3566b3230_0, 0, 2;
    %jmp T_43.12;
T_43.8 ;
    %load/vec4 v000001b3566b4810_0;
    %store/vec4 v000001b3566b3eb0_0, 0, 32;
    %load/vec4 v000001b3566b28d0_0;
    %store/vec4 v000001b3566b3190_0, 0, 32;
    %load/vec4 v000001b3566af3b0_0;
    %parti/s 1, 30, 6;
    %load/vec4 v000001b3566b3a50_0;
    %concat/vec4; draw_concat_vec4
    %store/vec4 v000001b3566afb30_0, 0, 4;
    %load/vec4 v000001b3566b2010_0;
    %store/vec4 v000001b3566af310_0, 0, 32;
    %pushi/vec4 0, 0, 2;
    %store/vec4 v000001b3566b3230_0, 0, 2;
    %jmp T_43.12;
T_43.9 ;
    %pushi/vec4 3, 0, 2;
    %store/vec4 v000001b3566b3230_0, 0, 2;
    %jmp T_43.12;
T_43.10 ;
    %load/vec4 v000001b3566b3a50_0;
    %cmpi/e 0, 0, 3;
    %jmp/0xz  T_43.17, 4;
    %pushi/vec4 3, 0, 2;
    %store/vec4 v000001b3566b3230_0, 0, 2;
    %load/vec4 v000001b3566af3b0_0;
    %parti/s 12, 20, 6;
    %cmpi/e 0, 0, 12;
    %jmp/0xz  T_43.19, 4;
    %pushi/vec4 1, 0, 1;
    %store/vec4 v000001b3566b0990_0, 0, 1;
    %jmp T_43.20;
T_43.19 ;
    %load/vec4 v000001b3566af3b0_0;
    %parti/s 12, 20, 6;
    %cmpi/e 1, 0, 12;
    %jmp/0xz  T_43.21, 4;
    %pushi/vec4 1, 0, 1;
    %store/vec4 v000001b3566b02b0_0, 0, 1;
    %jmp T_43.22;
T_43.21 ;
    %load/vec4 v000001b3566af3b0_0;
    %parti/s 12, 20, 6;
    %cmpi/e 770, 0, 12;
    %jmp/0xz  T_43.23, 4;
    %pushi/vec4 1, 0, 1;
    %store/vec4 v000001b3566b3af0_0, 0, 1;
T_43.23 ;
T_43.22 ;
T_43.20 ;
    %jmp T_43.18;
T_43.17 ;
    %pushi/vec4 1, 0, 2;
    %store/vec4 v000001b3566b3230_0, 0, 2;
    %load/vec4 v000001b3566afa90_0;
    %store/vec4 v000001b3566ae9b0_0, 0, 12;
    %callf/vec4 TD_UART_tb.dut_rx.cpu.GetCSR, S_000001b356685080;
    %store/vec4 v000001b3566b07b0_0, 0, 32;
    %load/vec4 v000001b3566b0df0_0;
    %flag_set/vec4 8;
    %jmp/0xz  T_43.25, 8;
    %load/vec4 v000001b3566b0e90_0;
    %store/vec4 v000001b3566b07b0_0, 0, 32;
T_43.25 ;
    %load/vec4 v000001b3566b07b0_0;
    %store/vec4 v000001b3566af310_0, 0, 32;
    %load/vec4 v000001b3566b3a50_0;
    %cmpi/e 1, 0, 3;
    %jmp/0xz  T_43.27, 4;
    %load/vec4 v000001b3566b4810_0;
    %store/vec4 v000001b3566aec30_0, 0, 32;
    %jmp T_43.28;
T_43.27 ;
    %load/vec4 v000001b3566b3a50_0;
    %cmpi/e 2, 0, 3;
    %jmp/0xz  T_43.29, 4;
    %load/vec4 v000001b3566b07b0_0;
    %load/vec4 v000001b3566b4810_0;
    %or;
    %store/vec4 v000001b3566aec30_0, 0, 32;
    %jmp T_43.30;
T_43.29 ;
    %load/vec4 v000001b3566b3a50_0;
    %cmpi/e 3, 0, 3;
    %jmp/0xz  T_43.31, 4;
    %load/vec4 v000001b3566b07b0_0;
    %load/vec4 v000001b3566b4810_0;
    %inv;
    %and;
    %store/vec4 v000001b3566aec30_0, 0, 32;
    %jmp T_43.32;
T_43.31 ;
    %load/vec4 v000001b3566b3a50_0;
    %cmpi/e 5, 0, 3;
    %jmp/0xz  T_43.33, 4;
    %load/vec4 v000001b3566b2970_0;
    %store/vec4 v000001b3566aec30_0, 0, 32;
    %jmp T_43.34;
T_43.33 ;
    %load/vec4 v000001b3566b3a50_0;
    %cmpi/e 6, 0, 3;
    %jmp/0xz  T_43.35, 4;
    %load/vec4 v000001b3566b07b0_0;
    %load/vec4 v000001b3566b2970_0;
    %or;
    %store/vec4 v000001b3566aec30_0, 0, 32;
    %jmp T_43.36;
T_43.35 ;
    %load/vec4 v000001b3566b3a50_0;
    %cmpi/e 7, 0, 3;
    %jmp/0xz  T_43.37, 4;
    %load/vec4 v000001b3566b07b0_0;
    %load/vec4 v000001b3566b2970_0;
    %inv;
    %and;
    %store/vec4 v000001b3566aec30_0, 0, 32;
    %jmp T_43.38;
T_43.37 ;
    %load/vec4 v000001b3566b07b0_0;
    %store/vec4 v000001b3566aec30_0, 0, 32;
T_43.38 ;
T_43.36 ;
T_43.34 ;
T_43.32 ;
T_43.30 ;
T_43.28 ;
T_43.18 ;
    %jmp T_43.12;
T_43.12 ;
    %pop/vec4 1;
    %load/vec4 v000001b3566b2a10_0;
    %flag_set/vec4 8;
    %flag_get/vec4 8;
    %jmp/0 T_43.39, 8;
    %load/vec4 v000001b3566b39b0_0;
    %flag_set/vec4 8;
    %jmp/1 T_43.42, 8;
    %load/vec4 v000001b3566b0990_0;
    %flag_set/vec4 9;
    %flag_or 8, 9;
T_43.42;
    %jmp/1 T_43.41, 8;
    %load/vec4 v000001b3566b02b0_0;
    %flag_set/vec4 9;
    %flag_or 8, 9;
T_43.41;
    %flag_get/vec4 8;
    %jmp/1 T_43.40, 8;
    %load/vec4 v000001b3566b43b0_0;
    %or;
T_43.40;
    %and;
T_43.39;
    %store/vec4 v000001b3566b2330_0, 0, 1;
    %load/vec4 v000001b3566b2a10_0;
    %flag_set/vec4 8;
    %flag_get/vec4 8;
    %jmp/0 T_43.43, 8;
    %load/vec4 v000001b3566b3af0_0;
    %and;
T_43.43;
    %store/vec4 v000001b3566b30f0_0, 0, 1;
    %load/vec4 v000001b3566b2330_0;
    %flag_set/vec4 8;
    %jmp/0xz  T_43.44, 8;
    %load/vec4 v000001b3566b4630_0;
    %parti/s 30, 2, 3;
    %concati/vec4 0, 0, 2;
    %store/vec4 v000001b3566b2470_0, 0, 32;
    %pushi/vec4 3, 0, 2;
    %store/vec4 v000001b3566b3230_0, 0, 2;
    %pushi/vec4 7, 0, 3;
    %store/vec4 v000001b3566aea50_0, 0, 3;
    %pushi/vec4 7, 0, 3;
    %store/vec4 v000001b3566ae870_0, 0, 3;
    %jmp T_43.45;
T_43.44 ;
    %load/vec4 v000001b3566b30f0_0;
    %flag_set/vec4 8;
    %jmp/0xz  T_43.46, 8;
    %load/vec4 v000001b3566b2650_0;
    %store/vec4 v000001b3566b2470_0, 0, 32;
    %pushi/vec4 3, 0, 2;
    %store/vec4 v000001b3566b3230_0, 0, 2;
T_43.46 ;
T_43.45 ;
    %jmp T_43;
    .thread T_43, $push;
    .scope S_000001b356684a40;
T_44 ;
    %wait E_000001b3565dacb0;
    %load/vec4 v000001b3566b3730_0;
    %flag_set/vec4 8;
    %jmp/0xz  T_44.0, 8;
    %pushi/vec4 0, 0, 32;
    %assign/vec4 v000001b3566aef50_0, 0;
    %pushi/vec4 0, 0, 32;
    %assign/vec4 v000001b3566ae5f0_0, 0;
    %pushi/vec4 0, 0, 1;
    %assign/vec4 v000001b3566b0f30_0, 0;
    %pushi/vec4 0, 0, 64;
    %assign/vec4 v000001b3566b0210_0, 0;
    %pushi/vec4 0, 0, 64;
    %assign/vec4 v000001b3566b2790_0, 0;
    %pushi/vec4 0, 0, 32;
    %assign/vec4 v000001b3566b2bf0_0, 0;
    %pushi/vec4 0, 0, 5;
    %assign/vec4 v000001b3566b41d0_0, 0;
    %pushi/vec4 0, 0, 12;
    %assign/vec4 v000001b3566b3550_0, 0;
    %pushi/vec4 0, 0, 32;
    %assign/vec4 v000001b3566b2b50_0, 0;
    %pushi/vec4 3, 0, 2;
    %assign/vec4 v000001b3566b3cd0_0, 0;
    %jmp T_44.1;
T_44.0 ;
    %load/vec4 v000001b3566b2470_0;
    %assign/vec4 v000001b3566aef50_0, 0;
    %load/vec4 v000001b3566aef50_0;
    %assign/vec4 v000001b3566ae5f0_0, 0;
    %load/vec4 v000001b3566b0a30_0;
    %assign/vec4 v000001b3566b0f30_0, 0;
    %load/vec4 v000001b3566b0210_0;
    %addi 1, 0, 64;
    %assign/vec4 v000001b3566b0210_0, 0;
    %load/vec4 v000001b3566b2a10_0;
    %flag_set/vec4 9;
    %flag_get/vec4 9;
    %jmp/0 T_44.4, 9;
    %load/vec4 v000001b3566b2330_0;
    %nor/r;
    %and;
T_44.4;
    %flag_set/vec4 8;
    %jmp/0xz  T_44.2, 8;
    %load/vec4 v000001b3566b2790_0;
    %addi 1, 0, 64;
    %assign/vec4 v000001b3566b2790_0, 0;
T_44.2 ;
    %load/vec4 v000001b3566af310_0;
    %assign/vec4 v000001b3566b2bf0_0, 0;
    %load/vec4 v000001b3566b48b0_0;
    %assign/vec4 v000001b3566b41d0_0, 0;
    %load/vec4 v000001b3566afa90_0;
    %assign/vec4 v000001b3566b3550_0, 0;
    %load/vec4 v000001b3566aec30_0;
    %assign/vec4 v000001b3566b2b50_0, 0;
    %load/vec4 v000001b3566b3230_0;
    %assign/vec4 v000001b3566b3cd0_0, 0;
T_44.1 ;
    %jmp T_44;
    .thread T_44;
    .scope S_000001b356684a40;
T_45 ;
    %wait E_000001b3565da7f0;
    %pushi/vec4 0, 0, 5;
    %store/vec4 v000001b3566ae0f0_0, 0, 5;
    %pushi/vec4 0, 0, 32;
    %store/vec4 v000001b3566addd0_0, 0, 32;
    %pushi/vec4 0, 0, 1;
    %store/vec4 v000001b3566ad8d0_0, 0, 1;
    %load/vec4 v000001b3566b3cd0_0;
    %cmpi/e 0, 0, 2;
    %jmp/0xz  T_45.0, 4;
    %load/vec4 v000001b3566b41d0_0;
    %store/vec4 v000001b3566ae0f0_0, 0, 5;
    %load/vec4 v000001b3566b2bf0_0;
    %store/vec4 v000001b3566addd0_0, 0, 32;
    %pushi/vec4 1, 0, 1;
    %store/vec4 v000001b3566ad8d0_0, 0, 1;
    %jmp T_45.1;
T_45.0 ;
    %load/vec4 v000001b3566b3cd0_0;
    %cmpi/e 1, 0, 2;
    %jmp/0xz  T_45.2, 4;
    %load/vec4 v000001b3566b41d0_0;
    %store/vec4 v000001b3566ae0f0_0, 0, 5;
    %load/vec4 v000001b3566b2bf0_0;
    %store/vec4 v000001b3566addd0_0, 0, 32;
    %pushi/vec4 1, 0, 1;
    %store/vec4 v000001b3566ad8d0_0, 0, 1;
    %jmp T_45.3;
T_45.2 ;
    %load/vec4 v000001b3566b3cd0_0;
    %cmpi/e 2, 0, 2;
    %jmp/0xz  T_45.4, 4;
    %load/vec4 v000001b3566b41d0_0;
    %store/vec4 v000001b3566ae0f0_0, 0, 5;
    %load/vec4 v000001b3566af8b0_0;
    %store/vec4 v000001b3566addd0_0, 0, 32;
    %pushi/vec4 1, 0, 1;
    %store/vec4 v000001b3566ad8d0_0, 0, 1;
    %jmp T_45.5;
T_45.4 ;
    %pushi/vec4 0, 0, 1;
    %store/vec4 v000001b3566ad8d0_0, 0, 1;
T_45.5 ;
T_45.3 ;
T_45.1 ;
    %jmp T_45;
    .thread T_45, $push;
    .scope S_000001b356684a40;
T_46 ;
    %wait E_000001b3565dacb0;
    %load/vec4 v000001b3566b3730_0;
    %flag_set/vec4 8;
    %jmp/0xz  T_46.0, 8;
    %pushi/vec4 0, 0, 32;
    %assign/vec4 v000001b3566b3b90_0, 0;
    %pushi/vec4 0, 0, 32;
    %assign/vec4 v000001b3566b4450_0, 0;
    %pushi/vec4 0, 0, 32;
    %assign/vec4 v000001b3566b3870_0, 0;
    %pushi/vec4 0, 0, 32;
    %assign/vec4 v000001b3566b4630_0, 0;
    %pushi/vec4 0, 0, 32;
    %assign/vec4 v000001b3566b3e10_0, 0;
    %pushi/vec4 0, 0, 32;
    %assign/vec4 v000001b3566b3ff0_0, 0;
    %pushi/vec4 0, 0, 32;
    %assign/vec4 v000001b3566b34b0_0, 0;
    %pushi/vec4 0, 0, 32;
    %assign/vec4 v000001b3566b2fb0_0, 0;
    %jmp T_46.1;
T_46.0 ;
    %load/vec4 v000001b3566b3cd0_0;
    %cmpi/e 1, 0, 2;
    %jmp/0xz  T_46.2, 4;
    %load/vec4 v000001b3566b3550_0;
    %store/vec4 v000001b3566aeaf0_0, 0, 12;
    %load/vec4 v000001b3566b2b50_0;
    %store/vec4 v000001b3566af130_0, 0, 32;
    %fork TD_UART_tb.dut_rx.cpu.SetCSR, S_000001b356685210;
    %join;
T_46.2 ;
    %load/vec4 v000001b3566b2330_0;
    %flag_set/vec4 8;
    %jmp/0xz  T_46.4, 8;
    %load/vec4 v000001b3566ae5f0_0;
    %assign/vec4 v000001b3566b3e10_0, 0;
    %load/vec4 v000001b3566b3f50_0;
    %assign/vec4 v000001b3566b3ff0_0, 0;
    %load/vec4 v000001b3566b4310_0;
    %assign/vec4 v000001b3566b34b0_0, 0;
    %load/vec4 v000001b3566b3b90_0;
    %parti/s 1, 3, 3;
    %ix/load 4, 7, 0;
    %ix/load 5, 0, 0;
    %flag_set/imm 4, 0;
    %assign/vec4/off/d v000001b3566b3b90_0, 4, 5;
    %pushi/vec4 0, 0, 1;
    %ix/load 4, 3, 0;
    %ix/load 5, 0, 0;
    %flag_set/imm 4, 0;
    %assign/vec4/off/d v000001b3566b3b90_0, 4, 5;
    %pushi/vec4 3, 0, 2;
    %ix/load 4, 11, 0;
    %ix/load 5, 0, 0;
    %flag_set/imm 4, 0;
    %assign/vec4/off/d v000001b3566b3b90_0, 4, 5;
    %jmp T_46.5;
T_46.4 ;
    %load/vec4 v000001b3566b30f0_0;
    %flag_set/vec4 8;
    %jmp/0xz  T_46.6, 8;
    %load/vec4 v000001b3566b3b90_0;
    %parti/s 1, 7, 4;
    %ix/load 4, 3, 0;
    %ix/load 5, 0, 0;
    %flag_set/imm 4, 0;
    %assign/vec4/off/d v000001b3566b3b90_0, 4, 5;
    %pushi/vec4 1, 0, 1;
    %ix/load 4, 7, 0;
    %ix/load 5, 0, 0;
    %flag_set/imm 4, 0;
    %assign/vec4/off/d v000001b3566b3b90_0, 4, 5;
    %pushi/vec4 3, 0, 2;
    %ix/load 4, 11, 0;
    %ix/load 5, 0, 0;
    %flag_set/imm 4, 0;
    %assign/vec4/off/d v000001b3566b3b90_0, 4, 5;
T_46.6 ;
T_46.5 ;
T_46.1 ;
    %jmp T_46;
    .thread T_46;
    .scope S_000001b3566848b0;
T_47 ;
    %wait E_000001b3565d7af0;
    %load/vec4 v000001b3566af810_0;
    %cmpi/e 0, 0, 3;
    %jmp/0xz  T_47.0, 4;
    %load/vec4 v000001b35669c4c0_0;
    %parti/s 8, 0, 2;
    %load/vec4 v000001b35669cf60_0;
    %pad/u 18;
    %ix/vec4 3;
    %ix/load 4, 0, 0; Constant delay
    %assign/vec4/a/d v000001b35669d5a0, 0, 4;
    %jmp T_47.1;
T_47.0 ;
    %load/vec4 v000001b3566af810_0;
    %cmpi/e 1, 0, 3;
    %jmp/0xz  T_47.2, 4;
    %load/vec4 v000001b35669c4c0_0;
    %parti/s 8, 0, 2;
    %load/vec4 v000001b35669cf60_0;
    %pad/u 18;
    %ix/vec4 3;
    %ix/load 4, 0, 0; Constant delay
    %assign/vec4/a/d v000001b35669d5a0, 0, 4;
    %load/vec4 v000001b35669c4c0_0;
    %parti/s 8, 8, 5;
    %load/vec4 v000001b35669cf60_0;
    %pad/u 32;
    %addi 1, 0, 32;
    %ix/vec4 3;
    %ix/load 4, 0, 0; Constant delay
    %assign/vec4/a/d v000001b35669d5a0, 0, 4;
    %jmp T_47.3;
T_47.2 ;
    %load/vec4 v000001b3566af810_0;
    %cmpi/e 2, 0, 3;
    %jmp/0xz  T_47.4, 4;
    %load/vec4 v000001b35669c4c0_0;
    %parti/s 8, 0, 2;
    %load/vec4 v000001b35669cf60_0;
    %pad/u 18;
    %ix/vec4 3;
    %ix/load 4, 0, 0; Constant delay
    %assign/vec4/a/d v000001b35669d5a0, 0, 4;
    %load/vec4 v000001b35669c4c0_0;
    %parti/s 8, 8, 5;
    %load/vec4 v000001b35669cf60_0;
    %pad/u 32;
    %addi 1, 0, 32;
    %ix/vec4 3;
    %ix/load 4, 0, 0; Constant delay
    %assign/vec4/a/d v000001b35669d5a0, 0, 4;
    %load/vec4 v000001b35669c4c0_0;
    %parti/s 8, 16, 6;
    %load/vec4 v000001b35669cf60_0;
    %pad/u 32;
    %addi 2, 0, 32;
    %ix/vec4 3;
    %ix/load 4, 0, 0; Constant delay
    %assign/vec4/a/d v000001b35669d5a0, 0, 4;
    %load/vec4 v000001b35669c4c0_0;
    %parti/s 8, 24, 6;
    %load/vec4 v000001b35669cf60_0;
    %pad/u 32;
    %addi 3, 0, 32;
    %ix/vec4 3;
    %ix/load 4, 0, 0; Constant delay
    %assign/vec4/a/d v000001b35669d5a0, 0, 4;
T_47.4 ;
T_47.3 ;
T_47.1 ;
    %jmp T_47;
    .thread T_47;
    .scope S_000001b3566848b0;
T_48 ;
    %wait E_000001b3565d7af0;
    %load/vec4 v000001b35669cec0_0;
    %cmpi/e 0, 0, 3;
    %jmp/0xz  T_48.0, 4;
    %load/vec4 v000001b35669ce20_0;
    %pad/u 18;
    %ix/vec4 4;
    %load/vec4a v000001b35669d5a0, 4;
    %parti/s 1, 7, 4;
    %replicate 24;
    %load/vec4 v000001b35669ce20_0;
    %pad/u 18;
    %ix/vec4 4;
    %load/vec4a v000001b35669d5a0, 4;
    %concat/vec4; draw_concat_vec4
    %assign/vec4 v000001b35669c920_0, 0;
    %jmp T_48.1;
T_48.0 ;
    %load/vec4 v000001b35669cec0_0;
    %cmpi/e 1, 0, 3;
    %jmp/0xz  T_48.2, 4;
    %load/vec4 v000001b35669ce20_0;
    %pad/u 32;
    %addi 1, 0, 32;
    %ix/vec4 4;
    %load/vec4a v000001b35669d5a0, 4;
    %parti/s 1, 7, 4;
    %replicate 16;
    %load/vec4 v000001b35669ce20_0;
    %pad/u 32;
    %addi 1, 0, 32;
    %ix/vec4 4;
    %load/vec4a v000001b35669d5a0, 4;
    %concat/vec4; draw_concat_vec4
    %load/vec4 v000001b35669ce20_0;
    %pad/u 18;
    %ix/vec4 4;
    %load/vec4a v000001b35669d5a0, 4;
    %concat/vec4; draw_concat_vec4
    %assign/vec4 v000001b35669c920_0, 0;
    %jmp T_48.3;
T_48.2 ;
    %load/vec4 v000001b35669cec0_0;
    %cmpi/e 2, 0, 3;
    %jmp/0xz  T_48.4, 4;
    %load/vec4 v000001b35669ce20_0;
    %pad/u 32;
    %addi 3, 0, 32;
    %ix/vec4 4;
    %load/vec4a v000001b35669d5a0, 4;
    %load/vec4 v000001b35669ce20_0;
    %pad/u 32;
    %addi 2, 0, 32;
    %ix/vec4 4;
    %load/vec4a v000001b35669d5a0, 4;
    %concat/vec4; draw_concat_vec4
    %load/vec4 v000001b35669ce20_0;
    %pad/u 32;
    %addi 1, 0, 32;
    %ix/vec4 4;
    %load/vec4a v000001b35669d5a0, 4;
    %concat/vec4; draw_concat_vec4
    %load/vec4 v000001b35669ce20_0;
    %pad/u 18;
    %ix/vec4 4;
    %load/vec4a v000001b35669d5a0, 4;
    %concat/vec4; draw_concat_vec4
    %assign/vec4 v000001b35669c920_0, 0;
    %jmp T_48.5;
T_48.4 ;
    %load/vec4 v000001b35669cec0_0;
    %cmpi/e 4, 0, 3;
    %jmp/0xz  T_48.6, 4;
    %pushi/vec4 0, 0, 24;
    %load/vec4 v000001b35669ce20_0;
    %pad/u 18;
    %ix/vec4 4;
    %load/vec4a v000001b35669d5a0, 4;
    %concat/vec4; draw_concat_vec4
    %assign/vec4 v000001b35669c920_0, 0;
    %jmp T_48.7;
T_48.6 ;
    %load/vec4 v000001b35669cec0_0;
    %cmpi/e 5, 0, 3;
    %jmp/0xz  T_48.8, 4;
    %pushi/vec4 0, 0, 16;
    %load/vec4 v000001b35669ce20_0;
    %pad/u 32;
    %addi 1, 0, 32;
    %ix/vec4 4;
    %load/vec4a v000001b35669d5a0, 4;
    %concat/vec4; draw_concat_vec4
    %load/vec4 v000001b35669ce20_0;
    %pad/u 18;
    %ix/vec4 4;
    %load/vec4a v000001b35669d5a0, 4;
    %concat/vec4; draw_concat_vec4
    %assign/vec4 v000001b35669c920_0, 0;
    %jmp T_48.9;
T_48.8 ;
    %pushi/vec4 0, 0, 32;
    %assign/vec4 v000001b35669c920_0, 0;
T_48.9 ;
T_48.7 ;
T_48.5 ;
T_48.3 ;
T_48.1 ;
    %load/vec4 v000001b35669d640_0;
    %pad/u 32;
    %addi 3, 0, 32;
    %ix/vec4 4;
    %load/vec4a v000001b35669d5a0, 4;
    %load/vec4 v000001b35669d640_0;
    %pad/u 32;
    %addi 2, 0, 32;
    %ix/vec4 4;
    %load/vec4a v000001b35669d5a0, 4;
    %concat/vec4; draw_concat_vec4
    %load/vec4 v000001b35669d640_0;
    %pad/u 32;
    %addi 1, 0, 32;
    %ix/vec4 4;
    %load/vec4a v000001b35669d5a0, 4;
    %concat/vec4; draw_concat_vec4
    %load/vec4 v000001b35669d640_0;
    %pad/u 18;
    %ix/vec4 4;
    %load/vec4a v000001b35669d5a0, 4;
    %concat/vec4; draw_concat_vec4
    %assign/vec4 v000001b35669c9c0_0, 0;
    %jmp T_48;
    .thread T_48;
    .scope S_000001b356685b70;
T_49 ;
    %wait E_000001b3565dacb0;
    %load/vec4 v000001b3566b6610_0;
    %flag_set/vec4 8;
    %jmp/0xz  T_49.0, 8;
    %pushi/vec4 0, 0, 32;
    %assign/vec4 v000001b3566b5350_0, 0;
    %pushi/vec4 0, 0, 32;
    %assign/vec4 v000001b3566b5490_0, 0;
    %pushi/vec4 0, 0, 32;
    %assign/vec4 v000001b3566b62f0_0, 0;
    %jmp T_49.1;
T_49.0 ;
    %load/vec4 v000001b3566b5e90_0;
    %assign/vec4 v000001b3566b5350_0, 0;
    %load/vec4 v000001b3566b5350_0;
    %assign/vec4 v000001b3566b5490_0, 0;
    %load/vec4 v000001b3566b5490_0;
    %assign/vec4 v000001b3566b62f0_0, 0;
T_49.1 ;
    %jmp T_49;
    .thread T_49;
    .scope S_000001b356685b70;
T_50 ;
    %wait E_000001b3565dacb0;
    %load/vec4 v000001b3566b6610_0;
    %flag_set/vec4 8;
    %jmp/0xz  T_50.0, 8;
    %pushi/vec4 0, 0, 32;
    %assign/vec4 v000001b3566b66b0_0, 0;
    %pushi/vec4 0, 0, 32;
    %assign/vec4 v000001b3566b6a70_0, 0;
    %pushi/vec4 0, 0, 32;
    %assign/vec4 v000001b3566b61b0_0, 0;
    %pushi/vec4 0, 0, 32;
    %assign/vec4 v000001b3566b6d90_0, 0;
    %pushi/vec4 0, 0, 32;
    %assign/vec4 v000001b3566b7010_0, 0;
    %jmp T_50.1;
T_50.0 ;
    %load/vec4 v000001b3566b5030_0;
    %flag_set/vec4 8;
    %jmp/0xz  T_50.2, 8;
    %load/vec4 v000001b3566b6070_0;
    %dup/vec4;
    %pushi/vec4 1, 0, 4;
    %cmp/u;
    %jmp/1 T_50.4, 6;
    %dup/vec4;
    %pushi/vec4 2, 0, 4;
    %cmp/u;
    %jmp/1 T_50.5, 6;
    %dup/vec4;
    %pushi/vec4 3, 0, 4;
    %cmp/u;
    %jmp/1 T_50.6, 6;
    %dup/vec4;
    %pushi/vec4 4, 0, 4;
    %cmp/u;
    %jmp/1 T_50.7, 6;
    %dup/vec4;
    %pushi/vec4 5, 0, 4;
    %cmp/u;
    %jmp/1 T_50.8, 6;
    %dup/vec4;
    %pushi/vec4 6, 0, 4;
    %cmp/u;
    %jmp/1 T_50.9, 6;
    %dup/vec4;
    %pushi/vec4 7, 0, 4;
    %cmp/u;
    %jmp/1 T_50.10, 6;
    %jmp T_50.12;
T_50.4 ;
    %load/vec4 v000001b3566b66b0_0;
    %load/vec4 v000001b3566b6a70_0;
    %inv;
    %and;
    %load/vec4 v000001b3566b6b10_0;
    %or;
    %assign/vec4 v000001b3566b66b0_0, 0;
    %jmp T_50.12;
T_50.5 ;
    %load/vec4 v000001b3566b4ef0_0;
    %assign/vec4 v000001b3566b6a70_0, 0;
    %jmp T_50.12;
T_50.6 ;
    %load/vec4 v000001b3566b66b0_0;
    %load/vec4 v000001b3566b6b10_0;
    %or;
    %assign/vec4 v000001b3566b66b0_0, 0;
    %jmp T_50.12;
T_50.7 ;
    %load/vec4 v000001b3566b66b0_0;
    %load/vec4 v000001b3566b6b10_0;
    %inv;
    %and;
    %assign/vec4 v000001b3566b66b0_0, 0;
    %jmp T_50.12;
T_50.8 ;
    %load/vec4 v000001b3566b4ef0_0;
    %assign/vec4 v000001b3566b61b0_0, 0;
    %jmp T_50.12;
T_50.9 ;
    %load/vec4 v000001b3566b4ef0_0;
    %assign/vec4 v000001b3566b6d90_0, 0;
    %jmp T_50.12;
T_50.10 ;
    %load/vec4 v000001b3566b4ef0_0;
    %assign/vec4 v000001b3566b7010_0, 0;
    %jmp T_50.12;
T_50.12 ;
    %pop/vec4 1;
T_50.2 ;
T_50.1 ;
    %jmp T_50;
    .thread T_50;
    .scope S_000001b356685b70;
T_51 ;
    %wait E_000001b3565dacb0;
    %load/vec4 v000001b3566b6610_0;
    %flag_set/vec4 8;
    %jmp/0xz  T_51.0, 8;
    %pushi/vec4 0, 0, 32;
    %assign/vec4 v000001b3566b67f0_0, 0;
    %jmp T_51.1;
T_51.0 ;
    %load/vec4 v000001b3566b67f0_0;
    %load/vec4 v000001b3566b6f70_0;
    %inv;
    %and;
    %load/vec4 v000001b3566b4a90_0;
    %or;
    %assign/vec4 v000001b3566b67f0_0, 0;
T_51.1 ;
    %jmp T_51;
    .thread T_51;
    .scope S_000001b356685b70;
T_52 ;
    %wait E_000001b3565daf30;
    %load/vec4 v000001b3566b52b0_0;
    %dup/vec4;
    %pushi/vec4 0, 0, 4;
    %cmp/u;
    %jmp/1 T_52.0, 6;
    %dup/vec4;
    %pushi/vec4 1, 0, 4;
    %cmp/u;
    %jmp/1 T_52.1, 6;
    %dup/vec4;
    %pushi/vec4 2, 0, 4;
    %cmp/u;
    %jmp/1 T_52.2, 6;
    %dup/vec4;
    %pushi/vec4 5, 0, 4;
    %cmp/u;
    %jmp/1 T_52.3, 6;
    %dup/vec4;
    %pushi/vec4 6, 0, 4;
    %cmp/u;
    %jmp/1 T_52.4, 6;
    %dup/vec4;
    %pushi/vec4 7, 0, 4;
    %cmp/u;
    %jmp/1 T_52.5, 6;
    %dup/vec4;
    %pushi/vec4 8, 0, 4;
    %cmp/u;
    %jmp/1 T_52.6, 6;
    %pushi/vec4 0, 0, 32;
    %store/vec4 v000001b3566b6e30_0, 0, 32;
    %jmp T_52.8;
T_52.0 ;
    %load/vec4 v000001b3566b5490_0;
    %store/vec4 v000001b3566b6e30_0, 0, 32;
    %jmp T_52.8;
T_52.1 ;
    %load/vec4 v000001b3566b66b0_0;
    %store/vec4 v000001b3566b6e30_0, 0, 32;
    %jmp T_52.8;
T_52.2 ;
    %load/vec4 v000001b3566b6a70_0;
    %store/vec4 v000001b3566b6e30_0, 0, 32;
    %jmp T_52.8;
T_52.3 ;
    %load/vec4 v000001b3566b61b0_0;
    %store/vec4 v000001b3566b6e30_0, 0, 32;
    %jmp T_52.8;
T_52.4 ;
    %load/vec4 v000001b3566b6d90_0;
    %store/vec4 v000001b3566b6e30_0, 0, 32;
    %jmp T_52.8;
T_52.5 ;
    %load/vec4 v000001b3566b7010_0;
    %store/vec4 v000001b3566b6e30_0, 0, 32;
    %jmp T_52.8;
T_52.6 ;
    %load/vec4 v000001b3566b67f0_0;
    %store/vec4 v000001b3566b6e30_0, 0, 32;
    %jmp T_52.8;
T_52.8 ;
    %pop/vec4 1;
    %jmp T_52;
    .thread T_52, $push;
    .scope S_000001b3566bb760;
T_53 ;
    %wait E_000001b3565dacb0;
    %load/vec4 v000001b3566b8550_0;
    %flag_set/vec4 8;
    %jmp/0xz  T_53.0, 8;
    %pushi/vec4 0, 0, 3;
    %assign/vec4 v000001b3566b9450_0, 0;
    %jmp T_53.1;
T_53.0 ;
    %load/vec4 v000001b3566b7ab0_0;
    %flag_set/vec4 8;
    %jmp/0xz  T_53.2, 8;
    %load/vec4 v000001b3566b9130_0;
    %assign/vec4 v000001b3566b9450_0, 0;
T_53.2 ;
T_53.1 ;
    %jmp T_53;
    .thread T_53;
    .scope S_000001b3566bb760;
T_54 ;
    %wait E_000001b3565dacb0;
    %load/vec4 v000001b3566b8550_0;
    %flag_set/vec4 8;
    %jmp/0xz  T_54.0, 8;
    %pushi/vec4 0, 0, 3;
    %assign/vec4 v000001b3566b96d0_0, 0;
    %pushi/vec4 0, 0, 3;
    %assign/vec4 v000001b3566b9270_0, 0;
    %pushi/vec4 0, 0, 4;
    %assign/vec4 v000001b3566b85f0_0, 0;
    %pushi/vec4 0, 0, 3;
    %assign/vec4 v000001b3566b8230_0, 0;
    %pushi/vec4 0, 0, 3;
    %assign/vec4 v000001b3566b8b90_0, 0;
    %pushi/vec4 0, 0, 4;
    %assign/vec4 v000001b3566b87d0_0, 0;
    %pushi/vec4 0, 0, 2;
    %assign/vec4 v000001b3566b9630_0, 0;
    %pushi/vec4 0, 0, 16;
    %assign/vec4 v000001b3566b7c90_0, 0;
    %pushi/vec4 0, 0, 3;
    %assign/vec4 v000001b3566b7dd0_0, 0;
    %pushi/vec4 0, 0, 8;
    %assign/vec4 v000001b3566b9310_0, 0;
    %pushi/vec4 1, 0, 1;
    %assign/vec4 v000001b3566b8c30_0, 0;
    %pushi/vec4 0, 0, 2;
    %assign/vec4 v000001b3566b91d0_0, 0;
    %pushi/vec4 0, 0, 16;
    %assign/vec4 v000001b3566b8d70_0, 0;
    %pushi/vec4 0, 0, 3;
    %assign/vec4 v000001b3566b98b0_0, 0;
    %pushi/vec4 0, 0, 8;
    %assign/vec4 v000001b3566b9090_0, 0;
    %pushi/vec4 1, 0, 1;
    %assign/vec4 v000001b3566b7b50_0, 0;
    %pushi/vec4 1, 0, 1;
    %assign/vec4 v000001b3566b8f50_0, 0;
    %jmp T_54.1;
T_54.0 ;
    %load/vec4 v000001b3566b94f0_0;
    %assign/vec4 v000001b3566b7b50_0, 0;
    %load/vec4 v000001b3566b7b50_0;
    %assign/vec4 v000001b3566b8f50_0, 0;
    %load/vec4 v000001b3566b7f10_0;
    %flag_set/vec4 9;
    %flag_get/vec4 9;
    %jmp/0 T_54.4, 9;
    %load/vec4 v000001b3566b7470_0;
    %nor/r;
    %and;
T_54.4;
    %flag_set/vec4 8;
    %jmp/0xz  T_54.2, 8;
    %load/vec4 v000001b3566b8910_0;
    %load/vec4 v000001b3566b96d0_0;
    %pad/u 5;
    %ix/vec4 3;
    %ix/load 4, 0, 0; Constant delay
    %assign/vec4/a/d v000001b3566b9810, 0, 4;
    %load/vec4 v000001b3566b96d0_0;
    %addi 1, 0, 3;
    %assign/vec4 v000001b3566b96d0_0, 0;
T_54.2 ;
    %load/vec4 v000001b3566b7f10_0;
    %flag_set/vec4 10;
    %flag_get/vec4 10;
    %jmp/0 T_54.8, 10;
    %load/vec4 v000001b3566b7470_0;
    %nor/r;
    %and;
T_54.8;
    %flag_set/vec4 9;
    %flag_get/vec4 9;
    %jmp/0 T_54.7, 9;
    %load/vec4 v000001b3566b93b0_0;
    %nor/r;
    %and;
T_54.7;
    %flag_set/vec4 8;
    %jmp/0xz  T_54.5, 8;
    %load/vec4 v000001b3566b85f0_0;
    %addi 1, 0, 4;
    %assign/vec4 v000001b3566b85f0_0, 0;
    %jmp T_54.6;
T_54.5 ;
    %load/vec4 v000001b3566b7f10_0;
    %flag_set/vec4 10;
    %flag_get/vec4 10;
    %jmp/0 T_54.12, 10;
    %load/vec4 v000001b3566b7470_0;
    %nor/r;
    %and;
T_54.12;
    %nor/r;
    %flag_set/vec4 9;
    %flag_get/vec4 9;
    %jmp/0 T_54.11, 9;
    %load/vec4 v000001b3566b93b0_0;
    %and;
T_54.11;
    %flag_set/vec4 8;
    %jmp/0xz  T_54.9, 8;
    %load/vec4 v000001b3566b85f0_0;
    %subi 1, 0, 4;
    %assign/vec4 v000001b3566b85f0_0, 0;
T_54.9 ;
T_54.6 ;
    %load/vec4 v000001b3566b9630_0;
    %dup/vec4;
    %pushi/vec4 0, 0, 2;
    %cmp/u;
    %jmp/1 T_54.13, 6;
    %dup/vec4;
    %pushi/vec4 1, 0, 2;
    %cmp/u;
    %jmp/1 T_54.14, 6;
    %dup/vec4;
    %pushi/vec4 2, 0, 2;
    %cmp/u;
    %jmp/1 T_54.15, 6;
    %dup/vec4;
    %pushi/vec4 3, 0, 2;
    %cmp/u;
    %jmp/1 T_54.16, 6;
    %jmp T_54.17;
T_54.13 ;
    %pushi/vec4 1, 0, 1;
    %assign/vec4 v000001b3566b8c30_0, 0;
    %pushi/vec4 0, 0, 16;
    %assign/vec4 v000001b3566b7c90_0, 0;
    %pushi/vec4 0, 0, 3;
    %assign/vec4 v000001b3566b7dd0_0, 0;
    %load/vec4 v000001b3566b7e70_0;
    %nor/r;
    %flag_set/vec4 8;
    %jmp/0xz  T_54.18, 8;
    %load/vec4 v000001b3566b9270_0;
    %pad/u 5;
    %ix/vec4 4;
    %load/vec4a v000001b3566b9810, 4;
    %assign/vec4 v000001b3566b9310_0, 0;
    %load/vec4 v000001b3566b9270_0;
    %addi 1, 0, 3;
    %assign/vec4 v000001b3566b9270_0, 0;
    %pushi/vec4 1, 0, 2;
    %assign/vec4 v000001b3566b9630_0, 0;
T_54.18 ;
    %jmp T_54.17;
T_54.14 ;
    %pushi/vec4 0, 0, 1;
    %assign/vec4 v000001b3566b8c30_0, 0;
    %load/vec4 v000001b3566b7c90_0;
    %pad/u 32;
    %cmpi/e 7, 0, 32;
    %jmp/0xz  T_54.20, 4;
    %pushi/vec4 0, 0, 16;
    %assign/vec4 v000001b3566b7c90_0, 0;
    %pushi/vec4 2, 0, 2;
    %assign/vec4 v000001b3566b9630_0, 0;
    %jmp T_54.21;
T_54.20 ;
    %load/vec4 v000001b3566b7c90_0;
    %addi 1, 0, 16;
    %assign/vec4 v000001b3566b7c90_0, 0;
T_54.21 ;
    %jmp T_54.17;
T_54.15 ;
    %load/vec4 v000001b3566b9310_0;
    %load/vec4 v000001b3566b7dd0_0;
    %part/u 1;
    %assign/vec4 v000001b3566b8c30_0, 0;
    %load/vec4 v000001b3566b7c90_0;
    %pad/u 32;
    %cmpi/e 7, 0, 32;
    %jmp/0xz  T_54.22, 4;
    %pushi/vec4 0, 0, 16;
    %assign/vec4 v000001b3566b7c90_0, 0;
    %load/vec4 v000001b3566b7dd0_0;
    %cmpi/e 7, 0, 3;
    %jmp/0xz  T_54.24, 4;
    %pushi/vec4 3, 0, 2;
    %assign/vec4 v000001b3566b9630_0, 0;
    %jmp T_54.25;
T_54.24 ;
    %load/vec4 v000001b3566b7dd0_0;
    %addi 1, 0, 3;
    %assign/vec4 v000001b3566b7dd0_0, 0;
T_54.25 ;
    %jmp T_54.23;
T_54.22 ;
    %load/vec4 v000001b3566b7c90_0;
    %addi 1, 0, 16;
    %assign/vec4 v000001b3566b7c90_0, 0;
T_54.23 ;
    %jmp T_54.17;
T_54.16 ;
    %pushi/vec4 1, 0, 1;
    %assign/vec4 v000001b3566b8c30_0, 0;
    %load/vec4 v000001b3566b7c90_0;
    %pad/u 32;
    %cmpi/e 7, 0, 32;
    %jmp/0xz  T_54.26, 4;
    %pushi/vec4 0, 0, 16;
    %assign/vec4 v000001b3566b7c90_0, 0;
    %pushi/vec4 0, 0, 2;
    %assign/vec4 v000001b3566b9630_0, 0;
    %jmp T_54.27;
T_54.26 ;
    %load/vec4 v000001b3566b7c90_0;
    %addi 1, 0, 16;
    %assign/vec4 v000001b3566b7c90_0, 0;
T_54.27 ;
    %jmp T_54.17;
T_54.17 ;
    %pop/vec4 1;
    %load/vec4 v000001b3566b91d0_0;
    %dup/vec4;
    %pushi/vec4 0, 0, 2;
    %cmp/u;
    %jmp/1 T_54.28, 6;
    %dup/vec4;
    %pushi/vec4 1, 0, 2;
    %cmp/u;
    %jmp/1 T_54.29, 6;
    %dup/vec4;
    %pushi/vec4 2, 0, 2;
    %cmp/u;
    %jmp/1 T_54.30, 6;
    %dup/vec4;
    %pushi/vec4 3, 0, 2;
    %cmp/u;
    %jmp/1 T_54.31, 6;
    %jmp T_54.32;
T_54.28 ;
    %pushi/vec4 0, 0, 16;
    %assign/vec4 v000001b3566b8d70_0, 0;
    %pushi/vec4 0, 0, 3;
    %assign/vec4 v000001b3566b98b0_0, 0;
    %load/vec4 v000001b3566b8f50_0;
    %cmpi/e 0, 0, 1;
    %jmp/0xz  T_54.33, 4;
    %pushi/vec4 1, 0, 2;
    %assign/vec4 v000001b3566b91d0_0, 0;
T_54.33 ;
    %jmp T_54.32;
T_54.29 ;
    %load/vec4 v000001b3566b8d70_0;
    %pad/u 32;
    %cmpi/e 3, 0, 32;
    %jmp/0xz  T_54.35, 4;
    %pushi/vec4 0, 0, 16;
    %assign/vec4 v000001b3566b8d70_0, 0;
    %load/vec4 v000001b3566b8f50_0;
    %cmpi/e 0, 0, 1;
    %jmp/0xz  T_54.37, 4;
    %pushi/vec4 2, 0, 2;
    %assign/vec4 v000001b3566b91d0_0, 0;
    %jmp T_54.38;
T_54.37 ;
    %pushi/vec4 0, 0, 2;
    %assign/vec4 v000001b3566b91d0_0, 0;
T_54.38 ;
    %jmp T_54.36;
T_54.35 ;
    %load/vec4 v000001b3566b8d70_0;
    %addi 1, 0, 16;
    %assign/vec4 v000001b3566b8d70_0, 0;
T_54.36 ;
    %jmp T_54.32;
T_54.30 ;
    %load/vec4 v000001b3566b8d70_0;
    %pad/u 32;
    %cmpi/e 7, 0, 32;
    %jmp/0xz  T_54.39, 4;
    %pushi/vec4 0, 0, 16;
    %assign/vec4 v000001b3566b8d70_0, 0;
    %load/vec4 v000001b3566b8f50_0;
    %ix/load 5, 0, 0;
    %ix/getv 4, v000001b3566b98b0_0;
    %assign/vec4/off/d v000001b3566b9090_0, 4, 5;
    %load/vec4 v000001b3566b98b0_0;
    %cmpi/e 7, 0, 3;
    %jmp/0xz  T_54.41, 4;
    %pushi/vec4 3, 0, 2;
    %assign/vec4 v000001b3566b91d0_0, 0;
    %jmp T_54.42;
T_54.41 ;
    %load/vec4 v000001b3566b98b0_0;
    %addi 1, 0, 3;
    %assign/vec4 v000001b3566b98b0_0, 0;
T_54.42 ;
    %jmp T_54.40;
T_54.39 ;
    %load/vec4 v000001b3566b8d70_0;
    %addi 1, 0, 16;
    %assign/vec4 v000001b3566b8d70_0, 0;
T_54.40 ;
    %jmp T_54.32;
T_54.31 ;
    %load/vec4 v000001b3566b8d70_0;
    %pad/u 32;
    %cmpi/e 7, 0, 32;
    %jmp/0xz  T_54.43, 4;
    %pushi/vec4 0, 0, 16;
    %assign/vec4 v000001b3566b8d70_0, 0;
    %pushi/vec4 0, 0, 2;
    %assign/vec4 v000001b3566b91d0_0, 0;
    %jmp T_54.44;
T_54.43 ;
    %load/vec4 v000001b3566b8d70_0;
    %addi 1, 0, 16;
    %assign/vec4 v000001b3566b8d70_0, 0;
T_54.44 ;
    %jmp T_54.32;
T_54.32 ;
    %pop/vec4 1;
    %load/vec4 v000001b3566b80f0_0;
    %flag_set/vec4 8;
    %jmp/0xz  T_54.45, 8;
    %load/vec4 v000001b3566b9090_0;
    %load/vec4 v000001b3566b8230_0;
    %pad/u 5;
    %ix/vec4 3;
    %ix/load 4, 0, 0; Constant delay
    %assign/vec4/a/d v000001b3566b71f0, 0, 4;
    %load/vec4 v000001b3566b8230_0;
    %addi 1, 0, 3;
    %assign/vec4 v000001b3566b8230_0, 0;
T_54.45 ;
    %load/vec4 v000001b3566b80f0_0;
    %flag_set/vec4 9;
    %flag_get/vec4 9;
    %jmp/0 T_54.49, 9;
    %load/vec4 v000001b3566b7d30_0;
    %flag_set/vec4 9;
    %flag_get/vec4 9;
    %jmp/0 T_54.50, 9;
    %load/vec4 v000001b3566b8af0_0;
    %nor/r;
    %and;
T_54.50;
    %nor/r;
    %and;
T_54.49;
    %flag_set/vec4 8;
    %jmp/0xz  T_54.47, 8;
    %load/vec4 v000001b3566b87d0_0;
    %addi 1, 0, 4;
    %assign/vec4 v000001b3566b87d0_0, 0;
    %jmp T_54.48;
T_54.47 ;
    %load/vec4 v000001b3566b80f0_0;
    %nor/r;
    %flag_set/vec4 9;
    %flag_get/vec4 9;
    %jmp/0 T_54.53, 9;
    %load/vec4 v000001b3566b7d30_0;
    %flag_set/vec4 9;
    %flag_get/vec4 9;
    %jmp/0 T_54.54, 9;
    %load/vec4 v000001b3566b8af0_0;
    %nor/r;
    %and;
T_54.54;
    %and;
T_54.53;
    %flag_set/vec4 8;
    %jmp/0xz  T_54.51, 8;
    %load/vec4 v000001b3566b87d0_0;
    %subi 1, 0, 4;
    %assign/vec4 v000001b3566b87d0_0, 0;
T_54.51 ;
T_54.48 ;
    %load/vec4 v000001b3566b7d30_0;
    %flag_set/vec4 9;
    %flag_get/vec4 9;
    %jmp/0 T_54.57, 9;
    %load/vec4 v000001b3566b8af0_0;
    %nor/r;
    %and;
T_54.57;
    %flag_set/vec4 8;
    %jmp/0xz  T_54.55, 8;
    %load/vec4 v000001b3566b8b90_0;
    %addi 1, 0, 3;
    %assign/vec4 v000001b3566b8b90_0, 0;
T_54.55 ;
T_54.1 ;
    %jmp T_54;
    .thread T_54;
    .scope S_000001b3566bc250;
T_55 ;
    %wait E_000001b3565dacb0;
    %load/vec4 v000001b3566ad0b0_0;
    %flag_set/vec4 8;
    %jmp/0xz  T_55.0, 8;
    %pushi/vec4 0, 0, 3;
    %assign/vec4 v000001b3566ac930_0, 0;
    %jmp T_55.1;
T_55.0 ;
    %load/vec4 v000001b3566ab990_0;
    %flag_set/vec4 8;
    %jmp/0xz  T_55.2, 8;
    %load/vec4 v000001b3566ac2f0_0;
    %assign/vec4 v000001b3566ac930_0, 0;
T_55.2 ;
T_55.1 ;
    %jmp T_55;
    .thread T_55;
    .scope S_000001b3566bc250;
T_56 ;
    %wait E_000001b3565dacb0;
    %load/vec4 v000001b3566ad0b0_0;
    %flag_set/vec4 8;
    %jmp/0xz  T_56.0, 8;
    %pushi/vec4 0, 0, 3;
    %assign/vec4 v000001b3566aac70_0, 0;
    %pushi/vec4 0, 0, 3;
    %assign/vec4 v000001b3566ac430_0, 0;
    %pushi/vec4 0, 0, 4;
    %assign/vec4 v000001b3566ab3f0_0, 0;
    %pushi/vec4 0, 0, 3;
    %assign/vec4 v000001b3566aabd0_0, 0;
    %pushi/vec4 0, 0, 3;
    %assign/vec4 v000001b3566acbb0_0, 0;
    %pushi/vec4 0, 0, 4;
    %assign/vec4 v000001b3566aae50_0, 0;
    %pushi/vec4 0, 0, 2;
    %assign/vec4 v000001b3566ad010_0, 0;
    %pushi/vec4 0, 0, 16;
    %assign/vec4 v000001b3566ac110_0, 0;
    %pushi/vec4 0, 0, 3;
    %assign/vec4 v000001b3566ab350_0, 0;
    %pushi/vec4 0, 0, 8;
    %assign/vec4 v000001b3566ac610_0, 0;
    %pushi/vec4 1, 0, 1;
    %assign/vec4 v000001b3566ac390_0, 0;
    %pushi/vec4 0, 0, 2;
    %assign/vec4 v000001b3566aa950_0, 0;
    %pushi/vec4 0, 0, 16;
    %assign/vec4 v000001b3566abfd0_0, 0;
    %pushi/vec4 0, 0, 3;
    %assign/vec4 v000001b3566ac1b0_0, 0;
    %pushi/vec4 0, 0, 8;
    %assign/vec4 v000001b3566aba30_0, 0;
    %pushi/vec4 1, 0, 1;
    %assign/vec4 v000001b3566accf0_0, 0;
    %pushi/vec4 1, 0, 1;
    %assign/vec4 v000001b3566aad10_0, 0;
    %jmp T_56.1;
T_56.0 ;
    %load/vec4 v000001b3566abe90_0;
    %assign/vec4 v000001b3566accf0_0, 0;
    %load/vec4 v000001b3566accf0_0;
    %assign/vec4 v000001b3566aad10_0, 0;
    %load/vec4 v000001b3566ac890_0;
    %flag_set/vec4 9;
    %flag_get/vec4 9;
    %jmp/0 T_56.4, 9;
    %load/vec4 v000001b3566ace30_0;
    %nor/r;
    %and;
T_56.4;
    %flag_set/vec4 8;
    %jmp/0xz  T_56.2, 8;
    %load/vec4 v000001b3566ab530_0;
    %load/vec4 v000001b3566aac70_0;
    %pad/u 5;
    %ix/vec4 3;
    %ix/load 4, 0, 0; Constant delay
    %assign/vec4/a/d v000001b3566acf70, 0, 4;
    %load/vec4 v000001b3566aac70_0;
    %addi 1, 0, 3;
    %assign/vec4 v000001b3566aac70_0, 0;
T_56.2 ;
    %load/vec4 v000001b3566ac890_0;
    %flag_set/vec4 10;
    %flag_get/vec4 10;
    %jmp/0 T_56.8, 10;
    %load/vec4 v000001b3566ace30_0;
    %nor/r;
    %and;
T_56.8;
    %flag_set/vec4 9;
    %flag_get/vec4 9;
    %jmp/0 T_56.7, 9;
    %load/vec4 v000001b3566aced0_0;
    %nor/r;
    %and;
T_56.7;
    %flag_set/vec4 8;
    %jmp/0xz  T_56.5, 8;
    %load/vec4 v000001b3566ab3f0_0;
    %addi 1, 0, 4;
    %assign/vec4 v000001b3566ab3f0_0, 0;
    %jmp T_56.6;
T_56.5 ;
    %load/vec4 v000001b3566ac890_0;
    %flag_set/vec4 10;
    %flag_get/vec4 10;
    %jmp/0 T_56.12, 10;
    %load/vec4 v000001b3566ace30_0;
    %nor/r;
    %and;
T_56.12;
    %nor/r;
    %flag_set/vec4 9;
    %flag_get/vec4 9;
    %jmp/0 T_56.11, 9;
    %load/vec4 v000001b3566aced0_0;
    %and;
T_56.11;
    %flag_set/vec4 8;
    %jmp/0xz  T_56.9, 8;
    %load/vec4 v000001b3566ab3f0_0;
    %subi 1, 0, 4;
    %assign/vec4 v000001b3566ab3f0_0, 0;
T_56.9 ;
T_56.6 ;
    %load/vec4 v000001b3566ad010_0;
    %dup/vec4;
    %pushi/vec4 0, 0, 2;
    %cmp/u;
    %jmp/1 T_56.13, 6;
    %dup/vec4;
    %pushi/vec4 1, 0, 2;
    %cmp/u;
    %jmp/1 T_56.14, 6;
    %dup/vec4;
    %pushi/vec4 2, 0, 2;
    %cmp/u;
    %jmp/1 T_56.15, 6;
    %dup/vec4;
    %pushi/vec4 3, 0, 2;
    %cmp/u;
    %jmp/1 T_56.16, 6;
    %jmp T_56.17;
T_56.13 ;
    %pushi/vec4 1, 0, 1;
    %assign/vec4 v000001b3566ac390_0, 0;
    %pushi/vec4 0, 0, 16;
    %assign/vec4 v000001b3566ac110_0, 0;
    %pushi/vec4 0, 0, 3;
    %assign/vec4 v000001b3566ab350_0, 0;
    %load/vec4 v000001b3566ac250_0;
    %nor/r;
    %flag_set/vec4 8;
    %jmp/0xz  T_56.18, 8;
    %load/vec4 v000001b3566ac430_0;
    %pad/u 5;
    %ix/vec4 4;
    %load/vec4a v000001b3566acf70, 4;
    %assign/vec4 v000001b3566ac610_0, 0;
    %load/vec4 v000001b3566ac430_0;
    %addi 1, 0, 3;
    %assign/vec4 v000001b3566ac430_0, 0;
    %pushi/vec4 1, 0, 2;
    %assign/vec4 v000001b3566ad010_0, 0;
T_56.18 ;
    %jmp T_56.17;
T_56.14 ;
    %pushi/vec4 0, 0, 1;
    %assign/vec4 v000001b3566ac390_0, 0;
    %load/vec4 v000001b3566ac110_0;
    %pad/u 32;
    %cmpi/e 7, 0, 32;
    %jmp/0xz  T_56.20, 4;
    %pushi/vec4 0, 0, 16;
    %assign/vec4 v000001b3566ac110_0, 0;
    %pushi/vec4 2, 0, 2;
    %assign/vec4 v000001b3566ad010_0, 0;
    %jmp T_56.21;
T_56.20 ;
    %load/vec4 v000001b3566ac110_0;
    %addi 1, 0, 16;
    %assign/vec4 v000001b3566ac110_0, 0;
T_56.21 ;
    %jmp T_56.17;
T_56.15 ;
    %load/vec4 v000001b3566ac610_0;
    %load/vec4 v000001b3566ab350_0;
    %part/u 1;
    %assign/vec4 v000001b3566ac390_0, 0;
    %load/vec4 v000001b3566ac110_0;
    %pad/u 32;
    %cmpi/e 7, 0, 32;
    %jmp/0xz  T_56.22, 4;
    %pushi/vec4 0, 0, 16;
    %assign/vec4 v000001b3566ac110_0, 0;
    %load/vec4 v000001b3566ab350_0;
    %cmpi/e 7, 0, 3;
    %jmp/0xz  T_56.24, 4;
    %pushi/vec4 3, 0, 2;
    %assign/vec4 v000001b3566ad010_0, 0;
    %jmp T_56.25;
T_56.24 ;
    %load/vec4 v000001b3566ab350_0;
    %addi 1, 0, 3;
    %assign/vec4 v000001b3566ab350_0, 0;
T_56.25 ;
    %jmp T_56.23;
T_56.22 ;
    %load/vec4 v000001b3566ac110_0;
    %addi 1, 0, 16;
    %assign/vec4 v000001b3566ac110_0, 0;
T_56.23 ;
    %jmp T_56.17;
T_56.16 ;
    %pushi/vec4 1, 0, 1;
    %assign/vec4 v000001b3566ac390_0, 0;
    %load/vec4 v000001b3566ac110_0;
    %pad/u 32;
    %cmpi/e 7, 0, 32;
    %jmp/0xz  T_56.26, 4;
    %pushi/vec4 0, 0, 16;
    %assign/vec4 v000001b3566ac110_0, 0;
    %pushi/vec4 0, 0, 2;
    %assign/vec4 v000001b3566ad010_0, 0;
    %jmp T_56.27;
T_56.26 ;
    %load/vec4 v000001b3566ac110_0;
    %addi 1, 0, 16;
    %assign/vec4 v000001b3566ac110_0, 0;
T_56.27 ;
    %jmp T_56.17;
T_56.17 ;
    %pop/vec4 1;
    %load/vec4 v000001b3566aa950_0;
    %dup/vec4;
    %pushi/vec4 0, 0, 2;
    %cmp/u;
    %jmp/1 T_56.28, 6;
    %dup/vec4;
    %pushi/vec4 1, 0, 2;
    %cmp/u;
    %jmp/1 T_56.29, 6;
    %dup/vec4;
    %pushi/vec4 2, 0, 2;
    %cmp/u;
    %jmp/1 T_56.30, 6;
    %dup/vec4;
    %pushi/vec4 3, 0, 2;
    %cmp/u;
    %jmp/1 T_56.31, 6;
    %jmp T_56.32;
T_56.28 ;
    %pushi/vec4 0, 0, 16;
    %assign/vec4 v000001b3566abfd0_0, 0;
    %pushi/vec4 0, 0, 3;
    %assign/vec4 v000001b3566ac1b0_0, 0;
    %load/vec4 v000001b3566aad10_0;
    %cmpi/e 0, 0, 1;
    %jmp/0xz  T_56.33, 4;
    %pushi/vec4 1, 0, 2;
    %assign/vec4 v000001b3566aa950_0, 0;
T_56.33 ;
    %jmp T_56.32;
T_56.29 ;
    %load/vec4 v000001b3566abfd0_0;
    %pad/u 32;
    %cmpi/e 3, 0, 32;
    %jmp/0xz  T_56.35, 4;
    %pushi/vec4 0, 0, 16;
    %assign/vec4 v000001b3566abfd0_0, 0;
    %load/vec4 v000001b3566aad10_0;
    %cmpi/e 0, 0, 1;
    %jmp/0xz  T_56.37, 4;
    %pushi/vec4 2, 0, 2;
    %assign/vec4 v000001b3566aa950_0, 0;
    %jmp T_56.38;
T_56.37 ;
    %pushi/vec4 0, 0, 2;
    %assign/vec4 v000001b3566aa950_0, 0;
T_56.38 ;
    %jmp T_56.36;
T_56.35 ;
    %load/vec4 v000001b3566abfd0_0;
    %addi 1, 0, 16;
    %assign/vec4 v000001b3566abfd0_0, 0;
T_56.36 ;
    %jmp T_56.32;
T_56.30 ;
    %load/vec4 v000001b3566abfd0_0;
    %pad/u 32;
    %cmpi/e 7, 0, 32;
    %jmp/0xz  T_56.39, 4;
    %pushi/vec4 0, 0, 16;
    %assign/vec4 v000001b3566abfd0_0, 0;
    %load/vec4 v000001b3566aad10_0;
    %ix/load 5, 0, 0;
    %ix/getv 4, v000001b3566ac1b0_0;
    %assign/vec4/off/d v000001b3566aba30_0, 4, 5;
    %load/vec4 v000001b3566ac1b0_0;
    %cmpi/e 7, 0, 3;
    %jmp/0xz  T_56.41, 4;
    %pushi/vec4 3, 0, 2;
    %assign/vec4 v000001b3566aa950_0, 0;
    %jmp T_56.42;
T_56.41 ;
    %load/vec4 v000001b3566ac1b0_0;
    %addi 1, 0, 3;
    %assign/vec4 v000001b3566ac1b0_0, 0;
T_56.42 ;
    %jmp T_56.40;
T_56.39 ;
    %load/vec4 v000001b3566abfd0_0;
    %addi 1, 0, 16;
    %assign/vec4 v000001b3566abfd0_0, 0;
T_56.40 ;
    %jmp T_56.32;
T_56.31 ;
    %load/vec4 v000001b3566abfd0_0;
    %pad/u 32;
    %cmpi/e 7, 0, 32;
    %jmp/0xz  T_56.43, 4;
    %pushi/vec4 0, 0, 16;
    %assign/vec4 v000001b3566abfd0_0, 0;
    %pushi/vec4 0, 0, 2;
    %assign/vec4 v000001b3566aa950_0, 0;
    %jmp T_56.44;
T_56.43 ;
    %load/vec4 v000001b3566abfd0_0;
    %addi 1, 0, 16;
    %assign/vec4 v000001b3566abfd0_0, 0;
T_56.44 ;
    %jmp T_56.32;
T_56.32 ;
    %pop/vec4 1;
    %load/vec4 v000001b3566abf30_0;
    %flag_set/vec4 8;
    %jmp/0xz  T_56.45, 8;
    %load/vec4 v000001b3566aba30_0;
    %load/vec4 v000001b3566aabd0_0;
    %pad/u 5;
    %ix/vec4 3;
    %ix/load 4, 0, 0; Constant delay
    %assign/vec4/a/d v000001b3566acd90, 0, 4;
    %load/vec4 v000001b3566aabd0_0;
    %addi 1, 0, 3;
    %assign/vec4 v000001b3566aabd0_0, 0;
T_56.45 ;
    %load/vec4 v000001b3566abf30_0;
    %flag_set/vec4 9;
    %flag_get/vec4 9;
    %jmp/0 T_56.49, 9;
    %load/vec4 v000001b3566ab670_0;
    %flag_set/vec4 9;
    %flag_get/vec4 9;
    %jmp/0 T_56.50, 9;
    %load/vec4 v000001b3566abad0_0;
    %nor/r;
    %and;
T_56.50;
    %nor/r;
    %and;
T_56.49;
    %flag_set/vec4 8;
    %jmp/0xz  T_56.47, 8;
    %load/vec4 v000001b3566aae50_0;
    %addi 1, 0, 4;
    %assign/vec4 v000001b3566aae50_0, 0;
    %jmp T_56.48;
T_56.47 ;
    %load/vec4 v000001b3566abf30_0;
    %nor/r;
    %flag_set/vec4 9;
    %flag_get/vec4 9;
    %jmp/0 T_56.53, 9;
    %load/vec4 v000001b3566ab670_0;
    %flag_set/vec4 9;
    %flag_get/vec4 9;
    %jmp/0 T_56.54, 9;
    %load/vec4 v000001b3566abad0_0;
    %nor/r;
    %and;
T_56.54;
    %and;
T_56.53;
    %flag_set/vec4 8;
    %jmp/0xz  T_56.51, 8;
    %load/vec4 v000001b3566aae50_0;
    %subi 1, 0, 4;
    %assign/vec4 v000001b3566aae50_0, 0;
T_56.51 ;
T_56.48 ;
    %load/vec4 v000001b3566ab670_0;
    %flag_set/vec4 9;
    %flag_get/vec4 9;
    %jmp/0 T_56.57, 9;
    %load/vec4 v000001b3566abad0_0;
    %nor/r;
    %and;
T_56.57;
    %flag_set/vec4 8;
    %jmp/0xz  T_56.55, 8;
    %load/vec4 v000001b3566acbb0_0;
    %addi 1, 0, 3;
    %assign/vec4 v000001b3566acbb0_0, 0;
T_56.55 ;
T_56.1 ;
    %jmp T_56;
    .thread T_56;
    .scope S_000001b3566bd510;
T_57 ;
    %wait E_000001b3565dacb0;
    %load/vec4 v000001b3566be900_0;
    %flag_set/vec4 8;
    %jmp/0xz  T_57.0, 8;
    %pushi/vec4 0, 0, 3;
    %assign/vec4 v000001b3566bf580_0, 0;
    %jmp T_57.1;
T_57.0 ;
    %load/vec4 v000001b3566c0ac0_0;
    %flag_set/vec4 8;
    %jmp/0xz  T_57.2, 8;
    %load/vec4 v000001b3566be860_0;
    %assign/vec4 v000001b3566bf580_0, 0;
T_57.2 ;
T_57.1 ;
    %jmp T_57;
    .thread T_57;
    .scope S_000001b3566bd510;
T_58 ;
    %wait E_000001b3565dacb0;
    %load/vec4 v000001b3566be900_0;
    %flag_set/vec4 8;
    %jmp/0xz  T_58.0, 8;
    %pushi/vec4 0, 0, 3;
    %assign/vec4 v000001b3566bea40_0, 0;
    %pushi/vec4 0, 0, 3;
    %assign/vec4 v000001b3566c0700_0, 0;
    %pushi/vec4 0, 0, 4;
    %assign/vec4 v000001b3566bee00_0, 0;
    %pushi/vec4 0, 0, 3;
    %assign/vec4 v000001b3566be680_0, 0;
    %pushi/vec4 0, 0, 3;
    %assign/vec4 v000001b3566bf260_0, 0;
    %pushi/vec4 0, 0, 4;
    %assign/vec4 v000001b3566c0340_0, 0;
    %pushi/vec4 0, 0, 2;
    %assign/vec4 v000001b3566be7c0_0, 0;
    %pushi/vec4 0, 0, 16;
    %assign/vec4 v000001b3566bf6c0_0, 0;
    %pushi/vec4 0, 0, 3;
    %assign/vec4 v000001b3566bf440_0, 0;
    %pushi/vec4 0, 0, 8;
    %assign/vec4 v000001b3566bfbc0_0, 0;
    %pushi/vec4 1, 0, 1;
    %assign/vec4 v000001b3566c0660_0, 0;
    %pushi/vec4 0, 0, 2;
    %assign/vec4 v000001b3566c0520_0, 0;
    %pushi/vec4 0, 0, 16;
    %assign/vec4 v000001b3566bfe40_0, 0;
    %pushi/vec4 0, 0, 3;
    %assign/vec4 v000001b3566c0b60_0, 0;
    %pushi/vec4 0, 0, 8;
    %assign/vec4 v000001b3566bf300_0, 0;
    %pushi/vec4 1, 0, 1;
    %assign/vec4 v000001b3566bfc60_0, 0;
    %pushi/vec4 1, 0, 1;
    %assign/vec4 v000001b3566c0ca0_0, 0;
    %jmp T_58.1;
T_58.0 ;
    %load/vec4 v000001b3566bf120_0;
    %assign/vec4 v000001b3566bfc60_0, 0;
    %load/vec4 v000001b3566bfc60_0;
    %assign/vec4 v000001b3566c0ca0_0, 0;
    %load/vec4 v000001b3566bec20_0;
    %flag_set/vec4 9;
    %flag_get/vec4 9;
    %jmp/0 T_58.4, 9;
    %load/vec4 v000001b3566bfb20_0;
    %nor/r;
    %and;
T_58.4;
    %flag_set/vec4 8;
    %jmp/0xz  T_58.2, 8;
    %load/vec4 v000001b3566beb80_0;
    %load/vec4 v000001b3566bea40_0;
    %pad/u 5;
    %ix/vec4 3;
    %ix/load 4, 0, 0; Constant delay
    %assign/vec4/a/d v000001b3566beae0, 0, 4;
    %load/vec4 v000001b3566bea40_0;
    %addi 1, 0, 3;
    %assign/vec4 v000001b3566bea40_0, 0;
T_58.2 ;
    %load/vec4 v000001b3566bec20_0;
    %flag_set/vec4 10;
    %flag_get/vec4 10;
    %jmp/0 T_58.8, 10;
    %load/vec4 v000001b3566bfb20_0;
    %nor/r;
    %and;
T_58.8;
    %flag_set/vec4 9;
    %flag_get/vec4 9;
    %jmp/0 T_58.7, 9;
    %load/vec4 v000001b3566be9a0_0;
    %nor/r;
    %and;
T_58.7;
    %flag_set/vec4 8;
    %jmp/0xz  T_58.5, 8;
    %load/vec4 v000001b3566bee00_0;
    %addi 1, 0, 4;
    %assign/vec4 v000001b3566bee00_0, 0;
    %jmp T_58.6;
T_58.5 ;
    %load/vec4 v000001b3566bec20_0;
    %flag_set/vec4 10;
    %flag_get/vec4 10;
    %jmp/0 T_58.12, 10;
    %load/vec4 v000001b3566bfb20_0;
    %nor/r;
    %and;
T_58.12;
    %nor/r;
    %flag_set/vec4 9;
    %flag_get/vec4 9;
    %jmp/0 T_58.11, 9;
    %load/vec4 v000001b3566be9a0_0;
    %and;
T_58.11;
    %flag_set/vec4 8;
    %jmp/0xz  T_58.9, 8;
    %load/vec4 v000001b3566bee00_0;
    %subi 1, 0, 4;
    %assign/vec4 v000001b3566bee00_0, 0;
T_58.9 ;
T_58.6 ;
    %load/vec4 v000001b3566be7c0_0;
    %dup/vec4;
    %pushi/vec4 0, 0, 2;
    %cmp/u;
    %jmp/1 T_58.13, 6;
    %dup/vec4;
    %pushi/vec4 1, 0, 2;
    %cmp/u;
    %jmp/1 T_58.14, 6;
    %dup/vec4;
    %pushi/vec4 2, 0, 2;
    %cmp/u;
    %jmp/1 T_58.15, 6;
    %dup/vec4;
    %pushi/vec4 3, 0, 2;
    %cmp/u;
    %jmp/1 T_58.16, 6;
    %jmp T_58.17;
T_58.13 ;
    %pushi/vec4 1, 0, 1;
    %assign/vec4 v000001b3566c0660_0, 0;
    %pushi/vec4 0, 0, 16;
    %assign/vec4 v000001b3566bf6c0_0, 0;
    %pushi/vec4 0, 0, 3;
    %assign/vec4 v000001b3566bf440_0, 0;
    %load/vec4 v000001b3566bf940_0;
    %nor/r;
    %flag_set/vec4 8;
    %jmp/0xz  T_58.18, 8;
    %load/vec4 v000001b3566c0700_0;
    %pad/u 5;
    %ix/vec4 4;
    %load/vec4a v000001b3566beae0, 4;
    %assign/vec4 v000001b3566bfbc0_0, 0;
    %load/vec4 v000001b3566c0700_0;
    %addi 1, 0, 3;
    %assign/vec4 v000001b3566c0700_0, 0;
    %pushi/vec4 1, 0, 2;
    %assign/vec4 v000001b3566be7c0_0, 0;
T_58.18 ;
    %jmp T_58.17;
T_58.14 ;
    %pushi/vec4 0, 0, 1;
    %assign/vec4 v000001b3566c0660_0, 0;
    %load/vec4 v000001b3566bf6c0_0;
    %pad/u 32;
    %cmpi/e 7, 0, 32;
    %jmp/0xz  T_58.20, 4;
    %pushi/vec4 0, 0, 16;
    %assign/vec4 v000001b3566bf6c0_0, 0;
    %pushi/vec4 2, 0, 2;
    %assign/vec4 v000001b3566be7c0_0, 0;
    %jmp T_58.21;
T_58.20 ;
    %load/vec4 v000001b3566bf6c0_0;
    %addi 1, 0, 16;
    %assign/vec4 v000001b3566bf6c0_0, 0;
T_58.21 ;
    %jmp T_58.17;
T_58.15 ;
    %load/vec4 v000001b3566bfbc0_0;
    %load/vec4 v000001b3566bf440_0;
    %part/u 1;
    %assign/vec4 v000001b3566c0660_0, 0;
    %load/vec4 v000001b3566bf6c0_0;
    %pad/u 32;
    %cmpi/e 7, 0, 32;
    %jmp/0xz  T_58.22, 4;
    %pushi/vec4 0, 0, 16;
    %assign/vec4 v000001b3566bf6c0_0, 0;
    %load/vec4 v000001b3566bf440_0;
    %cmpi/e 7, 0, 3;
    %jmp/0xz  T_58.24, 4;
    %pushi/vec4 3, 0, 2;
    %assign/vec4 v000001b3566be7c0_0, 0;
    %jmp T_58.25;
T_58.24 ;
    %load/vec4 v000001b3566bf440_0;
    %addi 1, 0, 3;
    %assign/vec4 v000001b3566bf440_0, 0;
T_58.25 ;
    %jmp T_58.23;
T_58.22 ;
    %load/vec4 v000001b3566bf6c0_0;
    %addi 1, 0, 16;
    %assign/vec4 v000001b3566bf6c0_0, 0;
T_58.23 ;
    %jmp T_58.17;
T_58.16 ;
    %pushi/vec4 1, 0, 1;
    %assign/vec4 v000001b3566c0660_0, 0;
    %load/vec4 v000001b3566bf6c0_0;
    %pad/u 32;
    %cmpi/e 7, 0, 32;
    %jmp/0xz  T_58.26, 4;
    %pushi/vec4 0, 0, 16;
    %assign/vec4 v000001b3566bf6c0_0, 0;
    %pushi/vec4 0, 0, 2;
    %assign/vec4 v000001b3566be7c0_0, 0;
    %jmp T_58.27;
T_58.26 ;
    %load/vec4 v000001b3566bf6c0_0;
    %addi 1, 0, 16;
    %assign/vec4 v000001b3566bf6c0_0, 0;
T_58.27 ;
    %jmp T_58.17;
T_58.17 ;
    %pop/vec4 1;
    %load/vec4 v000001b3566c0520_0;
    %dup/vec4;
    %pushi/vec4 0, 0, 2;
    %cmp/u;
    %jmp/1 T_58.28, 6;
    %dup/vec4;
    %pushi/vec4 1, 0, 2;
    %cmp/u;
    %jmp/1 T_58.29, 6;
    %dup/vec4;
    %pushi/vec4 2, 0, 2;
    %cmp/u;
    %jmp/1 T_58.30, 6;
    %dup/vec4;
    %pushi/vec4 3, 0, 2;
    %cmp/u;
    %jmp/1 T_58.31, 6;
    %jmp T_58.32;
T_58.28 ;
    %pushi/vec4 0, 0, 16;
    %assign/vec4 v000001b3566bfe40_0, 0;
    %pushi/vec4 0, 0, 3;
    %assign/vec4 v000001b3566c0b60_0, 0;
    %load/vec4 v000001b3566c0ca0_0;
    %cmpi/e 0, 0, 1;
    %jmp/0xz  T_58.33, 4;
    %pushi/vec4 1, 0, 2;
    %assign/vec4 v000001b3566c0520_0, 0;
T_58.33 ;
    %jmp T_58.32;
T_58.29 ;
    %load/vec4 v000001b3566bfe40_0;
    %pad/u 32;
    %cmpi/e 3, 0, 32;
    %jmp/0xz  T_58.35, 4;
    %pushi/vec4 0, 0, 16;
    %assign/vec4 v000001b3566bfe40_0, 0;
    %load/vec4 v000001b3566c0ca0_0;
    %cmpi/e 0, 0, 1;
    %jmp/0xz  T_58.37, 4;
    %pushi/vec4 2, 0, 2;
    %assign/vec4 v000001b3566c0520_0, 0;
    %jmp T_58.38;
T_58.37 ;
    %pushi/vec4 0, 0, 2;
    %assign/vec4 v000001b3566c0520_0, 0;
T_58.38 ;
    %jmp T_58.36;
T_58.35 ;
    %load/vec4 v000001b3566bfe40_0;
    %addi 1, 0, 16;
    %assign/vec4 v000001b3566bfe40_0, 0;
T_58.36 ;
    %jmp T_58.32;
T_58.30 ;
    %load/vec4 v000001b3566bfe40_0;
    %pad/u 32;
    %cmpi/e 7, 0, 32;
    %jmp/0xz  T_58.39, 4;
    %pushi/vec4 0, 0, 16;
    %assign/vec4 v000001b3566bfe40_0, 0;
    %load/vec4 v000001b3566c0ca0_0;
    %ix/load 5, 0, 0;
    %ix/getv 4, v000001b3566c0b60_0;
    %assign/vec4/off/d v000001b3566bf300_0, 4, 5;
    %load/vec4 v000001b3566c0b60_0;
    %cmpi/e 7, 0, 3;
    %jmp/0xz  T_58.41, 4;
    %pushi/vec4 3, 0, 2;
    %assign/vec4 v000001b3566c0520_0, 0;
    %jmp T_58.42;
T_58.41 ;
    %load/vec4 v000001b3566c0b60_0;
    %addi 1, 0, 3;
    %assign/vec4 v000001b3566c0b60_0, 0;
T_58.42 ;
    %jmp T_58.40;
T_58.39 ;
    %load/vec4 v000001b3566bfe40_0;
    %addi 1, 0, 16;
    %assign/vec4 v000001b3566bfe40_0, 0;
T_58.40 ;
    %jmp T_58.32;
T_58.31 ;
    %load/vec4 v000001b3566bfe40_0;
    %pad/u 32;
    %cmpi/e 7, 0, 32;
    %jmp/0xz  T_58.43, 4;
    %pushi/vec4 0, 0, 16;
    %assign/vec4 v000001b3566bfe40_0, 0;
    %pushi/vec4 0, 0, 2;
    %assign/vec4 v000001b3566c0520_0, 0;
    %jmp T_58.44;
T_58.43 ;
    %load/vec4 v000001b3566bfe40_0;
    %addi 1, 0, 16;
    %assign/vec4 v000001b3566bfe40_0, 0;
T_58.44 ;
    %jmp T_58.32;
T_58.32 ;
    %pop/vec4 1;
    %load/vec4 v000001b3566c07a0_0;
    %flag_set/vec4 8;
    %jmp/0xz  T_58.45, 8;
    %load/vec4 v000001b3566bf300_0;
    %load/vec4 v000001b3566be680_0;
    %pad/u 5;
    %ix/vec4 3;
    %ix/load 4, 0, 0; Constant delay
    %assign/vec4/a/d v000001b3566be720, 0, 4;
    %load/vec4 v000001b3566be680_0;
    %addi 1, 0, 3;
    %assign/vec4 v000001b3566be680_0, 0;
T_58.45 ;
    %load/vec4 v000001b3566c07a0_0;
    %flag_set/vec4 9;
    %flag_get/vec4 9;
    %jmp/0 T_58.49, 9;
    %load/vec4 v000001b3566bf080_0;
    %flag_set/vec4 9;
    %flag_get/vec4 9;
    %jmp/0 T_58.50, 9;
    %load/vec4 v000001b3566c0c00_0;
    %nor/r;
    %and;
T_58.50;
    %nor/r;
    %and;
T_58.49;
    %flag_set/vec4 8;
    %jmp/0xz  T_58.47, 8;
    %load/vec4 v000001b3566c0340_0;
    %addi 1, 0, 4;
    %assign/vec4 v000001b3566c0340_0, 0;
    %jmp T_58.48;
T_58.47 ;
    %load/vec4 v000001b3566c07a0_0;
    %nor/r;
    %flag_set/vec4 9;
    %flag_get/vec4 9;
    %jmp/0 T_58.53, 9;
    %load/vec4 v000001b3566bf080_0;
    %flag_set/vec4 9;
    %flag_get/vec4 9;
    %jmp/0 T_58.54, 9;
    %load/vec4 v000001b3566c0c00_0;
    %nor/r;
    %and;
T_58.54;
    %and;
T_58.53;
    %flag_set/vec4 8;
    %jmp/0xz  T_58.51, 8;
    %load/vec4 v000001b3566c0340_0;
    %subi 1, 0, 4;
    %assign/vec4 v000001b3566c0340_0, 0;
T_58.51 ;
T_58.48 ;
    %load/vec4 v000001b3566bf080_0;
    %flag_set/vec4 9;
    %flag_get/vec4 9;
    %jmp/0 T_58.57, 9;
    %load/vec4 v000001b3566c0c00_0;
    %nor/r;
    %and;
T_58.57;
    %flag_set/vec4 8;
    %jmp/0xz  T_58.55, 8;
    %load/vec4 v000001b3566bf260_0;
    %addi 1, 0, 3;
    %assign/vec4 v000001b3566bf260_0, 0;
T_58.55 ;
T_58.1 ;
    %jmp T_58;
    .thread T_58;
    .scope S_000001b3566bd380;
T_59 ;
    %wait E_000001b3565dacb0;
    %load/vec4 v000001b3566c32c0_0;
    %flag_set/vec4 8;
    %jmp/0xz  T_59.0, 8;
    %pushi/vec4 0, 0, 3;
    %assign/vec4 v000001b3566c3180_0, 0;
    %jmp T_59.1;
T_59.0 ;
    %load/vec4 v000001b3566c1ba0_0;
    %flag_set/vec4 8;
    %jmp/0xz  T_59.2, 8;
    %load/vec4 v000001b3566c0e80_0;
    %assign/vec4 v000001b3566c3180_0, 0;
T_59.2 ;
T_59.1 ;
    %jmp T_59;
    .thread T_59;
    .scope S_000001b3566bd380;
T_60 ;
    %wait E_000001b3565dacb0;
    %load/vec4 v000001b3566c32c0_0;
    %flag_set/vec4 8;
    %jmp/0xz  T_60.0, 8;
    %pushi/vec4 0, 0, 3;
    %assign/vec4 v000001b3566c4300_0, 0;
    %pushi/vec4 0, 0, 3;
    %assign/vec4 v000001b3566c3860_0, 0;
    %pushi/vec4 0, 0, 4;
    %assign/vec4 v000001b3566c52a0_0, 0;
    %pushi/vec4 0, 0, 3;
    %assign/vec4 v000001b3566c3040_0, 0;
    %pushi/vec4 0, 0, 3;
    %assign/vec4 v000001b3566c1380_0, 0;
    %pushi/vec4 0, 0, 4;
    %assign/vec4 v000001b3566c1e20_0, 0;
    %pushi/vec4 0, 0, 2;
    %assign/vec4 v000001b3566c4120_0, 0;
    %pushi/vec4 0, 0, 16;
    %assign/vec4 v000001b3566c2c80_0, 0;
    %pushi/vec4 0, 0, 3;
    %assign/vec4 v000001b3566c2d20_0, 0;
    %pushi/vec4 0, 0, 8;
    %assign/vec4 v000001b3566c5ac0_0, 0;
    %pushi/vec4 1, 0, 1;
    %assign/vec4 v000001b3566c4260_0, 0;
    %pushi/vec4 0, 0, 2;
    %assign/vec4 v000001b3566c21e0_0, 0;
    %pushi/vec4 0, 0, 16;
    %assign/vec4 v000001b3566c1100_0, 0;
    %pushi/vec4 0, 0, 3;
    %assign/vec4 v000001b3566c1d80_0, 0;
    %pushi/vec4 0, 0, 8;
    %assign/vec4 v000001b3566c17e0_0, 0;
    %pushi/vec4 1, 0, 1;
    %assign/vec4 v000001b3566c2140_0, 0;
    %pushi/vec4 1, 0, 1;
    %assign/vec4 v000001b3566c16a0_0, 0;
    %jmp T_60.1;
T_60.0 ;
    %load/vec4 v000001b3566c20a0_0;
    %assign/vec4 v000001b3566c2140_0, 0;
    %load/vec4 v000001b3566c2140_0;
    %assign/vec4 v000001b3566c16a0_0, 0;
    %load/vec4 v000001b3566c5020_0;
    %flag_set/vec4 9;
    %flag_get/vec4 9;
    %jmp/0 T_60.4, 9;
    %load/vec4 v000001b3566c3a40_0;
    %nor/r;
    %and;
T_60.4;
    %flag_set/vec4 8;
    %jmp/0xz  T_60.2, 8;
    %load/vec4 v000001b3566c4ee0_0;
    %load/vec4 v000001b3566c4300_0;
    %pad/u 5;
    %ix/vec4 3;
    %ix/load 4, 0, 0; Constant delay
    %assign/vec4/a/d v000001b3566c4d00, 0, 4;
    %load/vec4 v000001b3566c4300_0;
    %addi 1, 0, 3;
    %assign/vec4 v000001b3566c4300_0, 0;
T_60.2 ;
    %load/vec4 v000001b3566c5020_0;
    %flag_set/vec4 10;
    %flag_get/vec4 10;
    %jmp/0 T_60.8, 10;
    %load/vec4 v000001b3566c3a40_0;
    %nor/r;
    %and;
T_60.8;
    %flag_set/vec4 9;
    %flag_get/vec4 9;
    %jmp/0 T_60.7, 9;
    %load/vec4 v000001b3566c4e40_0;
    %nor/r;
    %and;
T_60.7;
    %flag_set/vec4 8;
    %jmp/0xz  T_60.5, 8;
    %load/vec4 v000001b3566c52a0_0;
    %addi 1, 0, 4;
    %assign/vec4 v000001b3566c52a0_0, 0;
    %jmp T_60.6;
T_60.5 ;
    %load/vec4 v000001b3566c5020_0;
    %flag_set/vec4 10;
    %flag_get/vec4 10;
    %jmp/0 T_60.12, 10;
    %load/vec4 v000001b3566c3a40_0;
    %nor/r;
    %and;
T_60.12;
    %nor/r;
    %flag_set/vec4 9;
    %flag_get/vec4 9;
    %jmp/0 T_60.11, 9;
    %load/vec4 v000001b3566c4e40_0;
    %and;
T_60.11;
    %flag_set/vec4 8;
    %jmp/0xz  T_60.9, 8;
    %load/vec4 v000001b3566c52a0_0;
    %subi 1, 0, 4;
    %assign/vec4 v000001b3566c52a0_0, 0;
T_60.9 ;
T_60.6 ;
    %load/vec4 v000001b3566c4120_0;
    %dup/vec4;
    %pushi/vec4 0, 0, 2;
    %cmp/u;
    %jmp/1 T_60.13, 6;
    %dup/vec4;
    %pushi/vec4 1, 0, 2;
    %cmp/u;
    %jmp/1 T_60.14, 6;
    %dup/vec4;
    %pushi/vec4 2, 0, 2;
    %cmp/u;
    %jmp/1 T_60.15, 6;
    %dup/vec4;
    %pushi/vec4 3, 0, 2;
    %cmp/u;
    %jmp/1 T_60.16, 6;
    %jmp T_60.17;
T_60.13 ;
    %pushi/vec4 1, 0, 1;
    %assign/vec4 v000001b3566c4260_0, 0;
    %pushi/vec4 0, 0, 16;
    %assign/vec4 v000001b3566c2c80_0, 0;
    %pushi/vec4 0, 0, 3;
    %assign/vec4 v000001b3566c2d20_0, 0;
    %load/vec4 v000001b3566c5b60_0;
    %nor/r;
    %flag_set/vec4 8;
    %jmp/0xz  T_60.18, 8;
    %load/vec4 v000001b3566c3860_0;
    %pad/u 5;
    %ix/vec4 4;
    %load/vec4a v000001b3566c4d00, 4;
    %assign/vec4 v000001b3566c5ac0_0, 0;
    %load/vec4 v000001b3566c3860_0;
    %addi 1, 0, 3;
    %assign/vec4 v000001b3566c3860_0, 0;
    %pushi/vec4 1, 0, 2;
    %assign/vec4 v000001b3566c4120_0, 0;
T_60.18 ;
    %jmp T_60.17;
T_60.14 ;
    %pushi/vec4 0, 0, 1;
    %assign/vec4 v000001b3566c4260_0, 0;
    %load/vec4 v000001b3566c2c80_0;
    %pad/u 32;
    %cmpi/e 7, 0, 32;
    %jmp/0xz  T_60.20, 4;
    %pushi/vec4 0, 0, 16;
    %assign/vec4 v000001b3566c2c80_0, 0;
    %pushi/vec4 2, 0, 2;
    %assign/vec4 v000001b3566c4120_0, 0;
    %jmp T_60.21;
T_60.20 ;
    %load/vec4 v000001b3566c2c80_0;
    %addi 1, 0, 16;
    %assign/vec4 v000001b3566c2c80_0, 0;
T_60.21 ;
    %jmp T_60.17;
T_60.15 ;
    %load/vec4 v000001b3566c5ac0_0;
    %load/vec4 v000001b3566c2d20_0;
    %part/u 1;
    %assign/vec4 v000001b3566c4260_0, 0;
    %load/vec4 v000001b3566c2c80_0;
    %pad/u 32;
    %cmpi/e 7, 0, 32;
    %jmp/0xz  T_60.22, 4;
    %pushi/vec4 0, 0, 16;
    %assign/vec4 v000001b3566c2c80_0, 0;
    %load/vec4 v000001b3566c2d20_0;
    %cmpi/e 7, 0, 3;
    %jmp/0xz  T_60.24, 4;
    %pushi/vec4 3, 0, 2;
    %assign/vec4 v000001b3566c4120_0, 0;
    %jmp T_60.25;
T_60.24 ;
    %load/vec4 v000001b3566c2d20_0;
    %addi 1, 0, 3;
    %assign/vec4 v000001b3566c2d20_0, 0;
T_60.25 ;
    %jmp T_60.23;
T_60.22 ;
    %load/vec4 v000001b3566c2c80_0;
    %addi 1, 0, 16;
    %assign/vec4 v000001b3566c2c80_0, 0;
T_60.23 ;
    %jmp T_60.17;
T_60.16 ;
    %pushi/vec4 1, 0, 1;
    %assign/vec4 v000001b3566c4260_0, 0;
    %load/vec4 v000001b3566c2c80_0;
    %pad/u 32;
    %cmpi/e 7, 0, 32;
    %jmp/0xz  T_60.26, 4;
    %pushi/vec4 0, 0, 16;
    %assign/vec4 v000001b3566c2c80_0, 0;
    %pushi/vec4 0, 0, 2;
    %assign/vec4 v000001b3566c4120_0, 0;
    %jmp T_60.27;
T_60.26 ;
    %load/vec4 v000001b3566c2c80_0;
    %addi 1, 0, 16;
    %assign/vec4 v000001b3566c2c80_0, 0;
T_60.27 ;
    %jmp T_60.17;
T_60.17 ;
    %pop/vec4 1;
    %load/vec4 v000001b3566c21e0_0;
    %dup/vec4;
    %pushi/vec4 0, 0, 2;
    %cmp/u;
    %jmp/1 T_60.28, 6;
    %dup/vec4;
    %pushi/vec4 1, 0, 2;
    %cmp/u;
    %jmp/1 T_60.29, 6;
    %dup/vec4;
    %pushi/vec4 2, 0, 2;
    %cmp/u;
    %jmp/1 T_60.30, 6;
    %dup/vec4;
    %pushi/vec4 3, 0, 2;
    %cmp/u;
    %jmp/1 T_60.31, 6;
    %jmp T_60.32;
T_60.28 ;
    %pushi/vec4 0, 0, 16;
    %assign/vec4 v000001b3566c1100_0, 0;
    %pushi/vec4 0, 0, 3;
    %assign/vec4 v000001b3566c1d80_0, 0;
    %load/vec4 v000001b3566c16a0_0;
    %cmpi/e 0, 0, 1;
    %jmp/0xz  T_60.33, 4;
    %pushi/vec4 1, 0, 2;
    %assign/vec4 v000001b3566c21e0_0, 0;
T_60.33 ;
    %jmp T_60.32;
T_60.29 ;
    %load/vec4 v000001b3566c1100_0;
    %pad/u 32;
    %cmpi/e 3, 0, 32;
    %jmp/0xz  T_60.35, 4;
    %pushi/vec4 0, 0, 16;
    %assign/vec4 v000001b3566c1100_0, 0;
    %load/vec4 v000001b3566c16a0_0;
    %cmpi/e 0, 0, 1;
    %jmp/0xz  T_60.37, 4;
    %pushi/vec4 2, 0, 2;
    %assign/vec4 v000001b3566c21e0_0, 0;
    %jmp T_60.38;
T_60.37 ;
    %pushi/vec4 0, 0, 2;
    %assign/vec4 v000001b3566c21e0_0, 0;
T_60.38 ;
    %jmp T_60.36;
T_60.35 ;
    %load/vec4 v000001b3566c1100_0;
    %addi 1, 0, 16;
    %assign/vec4 v000001b3566c1100_0, 0;
T_60.36 ;
    %jmp T_60.32;
T_60.30 ;
    %load/vec4 v000001b3566c1100_0;
    %pad/u 32;
    %cmpi/e 7, 0, 32;
    %jmp/0xz  T_60.39, 4;
    %pushi/vec4 0, 0, 16;
    %assign/vec4 v000001b3566c1100_0, 0;
    %load/vec4 v000001b3566c16a0_0;
    %ix/load 5, 0, 0;
    %ix/getv 4, v000001b3566c1d80_0;
    %assign/vec4/off/d v000001b3566c17e0_0, 4, 5;
    %load/vec4 v000001b3566c1d80_0;
    %cmpi/e 7, 0, 3;
    %jmp/0xz  T_60.41, 4;
    %pushi/vec4 3, 0, 2;
    %assign/vec4 v000001b3566c21e0_0, 0;
    %jmp T_60.42;
T_60.41 ;
    %load/vec4 v000001b3566c1d80_0;
    %addi 1, 0, 3;
    %assign/vec4 v000001b3566c1d80_0, 0;
T_60.42 ;
    %jmp T_60.40;
T_60.39 ;
    %load/vec4 v000001b3566c1100_0;
    %addi 1, 0, 16;
    %assign/vec4 v000001b3566c1100_0, 0;
T_60.40 ;
    %jmp T_60.32;
T_60.31 ;
    %load/vec4 v000001b3566c1100_0;
    %pad/u 32;
    %cmpi/e 7, 0, 32;
    %jmp/0xz  T_60.43, 4;
    %pushi/vec4 0, 0, 16;
    %assign/vec4 v000001b3566c1100_0, 0;
    %pushi/vec4 0, 0, 2;
    %assign/vec4 v000001b3566c21e0_0, 0;
    %jmp T_60.44;
T_60.43 ;
    %load/vec4 v000001b3566c1100_0;
    %addi 1, 0, 16;
    %assign/vec4 v000001b3566c1100_0, 0;
T_60.44 ;
    %jmp T_60.32;
T_60.32 ;
    %pop/vec4 1;
    %load/vec4 v000001b3566c0de0_0;
    %flag_set/vec4 8;
    %jmp/0xz  T_60.45, 8;
    %load/vec4 v000001b3566c17e0_0;
    %load/vec4 v000001b3566c3040_0;
    %pad/u 5;
    %ix/vec4 3;
    %ix/load 4, 0, 0; Constant delay
    %assign/vec4/a/d v000001b3566c30e0, 0, 4;
    %load/vec4 v000001b3566c3040_0;
    %addi 1, 0, 3;
    %assign/vec4 v000001b3566c3040_0, 0;
T_60.45 ;
    %load/vec4 v000001b3566c0de0_0;
    %flag_set/vec4 9;
    %flag_get/vec4 9;
    %jmp/0 T_60.49, 9;
    %load/vec4 v000001b3566c2460_0;
    %flag_set/vec4 9;
    %flag_get/vec4 9;
    %jmp/0 T_60.50, 9;
    %load/vec4 v000001b3566c2aa0_0;
    %nor/r;
    %and;
T_60.50;
    %nor/r;
    %and;
T_60.49;
    %flag_set/vec4 8;
    %jmp/0xz  T_60.47, 8;
    %load/vec4 v000001b3566c1e20_0;
    %addi 1, 0, 4;
    %assign/vec4 v000001b3566c1e20_0, 0;
    %jmp T_60.48;
T_60.47 ;
    %load/vec4 v000001b3566c0de0_0;
    %nor/r;
    %flag_set/vec4 9;
    %flag_get/vec4 9;
    %jmp/0 T_60.53, 9;
    %load/vec4 v000001b3566c2460_0;
    %flag_set/vec4 9;
    %flag_get/vec4 9;
    %jmp/0 T_60.54, 9;
    %load/vec4 v000001b3566c2aa0_0;
    %nor/r;
    %and;
T_60.54;
    %and;
T_60.53;
    %flag_set/vec4 8;
    %jmp/0xz  T_60.51, 8;
    %load/vec4 v000001b3566c1e20_0;
    %subi 1, 0, 4;
    %assign/vec4 v000001b3566c1e20_0, 0;
T_60.51 ;
T_60.48 ;
    %load/vec4 v000001b3566c2460_0;
    %flag_set/vec4 9;
    %flag_get/vec4 9;
    %jmp/0 T_60.57, 9;
    %load/vec4 v000001b3566c2aa0_0;
    %nor/r;
    %and;
T_60.57;
    %flag_set/vec4 8;
    %jmp/0xz  T_60.55, 8;
    %load/vec4 v000001b3566c1380_0;
    %addi 1, 0, 3;
    %assign/vec4 v000001b3566c1380_0, 0;
T_60.55 ;
T_60.1 ;
    %jmp T_60;
    .thread T_60;
    .scope S_000001b356684590;
T_61 ;
    %wait E_000001b3565dacb0;
    %load/vec4 v000001b3566c5fc0_0;
    %flag_set/vec4 8;
    %jmp/0xz  T_61.0, 8;
    %pushi/vec4 0, 0, 64;
    %assign/vec4 v000001b3566c6600_0, 0;
    %pushi/vec4 4294967295, 0, 32;
    %concati/vec4 4294967295, 0, 32;
    %assign/vec4 v000001b3566c6ec0_0, 0;
    %pushi/vec4 0, 0, 1;
    %assign/vec4 v000001b3566c6240_0, 0;
    %jmp T_61.1;
T_61.0 ;
    %load/vec4 v000001b3566c6600_0;
    %addi 1, 0, 64;
    %assign/vec4 v000001b3566c6600_0, 0;
    %load/vec4 v000001b3566c5de0_0;
    %flag_set/vec4 8;
    %jmp/0xz  T_61.2, 8;
    %load/vec4 v000001b3566c6420_0;
    %dup/vec4;
    %pushi/vec4 49, 0, 6;
    %cmp/u;
    %jmp/1 T_61.4, 6;
    %dup/vec4;
    %pushi/vec4 50, 0, 6;
    %cmp/u;
    %jmp/1 T_61.5, 6;
    %dup/vec4;
    %pushi/vec4 51, 0, 6;
    %cmp/u;
    %jmp/1 T_61.6, 6;
    %dup/vec4;
    %pushi/vec4 52, 0, 6;
    %cmp/u;
    %jmp/1 T_61.7, 6;
    %dup/vec4;
    %pushi/vec4 48, 0, 6;
    %cmp/u;
    %jmp/1 T_61.8, 6;
    %jmp T_61.10;
T_61.4 ;
    %load/vec4 v000001b3566c7960_0;
    %ix/load 4, 0, 0;
    %ix/load 5, 0, 0;
    %flag_set/imm 4, 0;
    %assign/vec4/off/d v000001b3566c6ec0_0, 4, 5;
    %jmp T_61.10;
T_61.5 ;
    %load/vec4 v000001b3566c7960_0;
    %ix/load 4, 32, 0;
    %ix/load 5, 0, 0;
    %flag_set/imm 4, 0;
    %assign/vec4/off/d v000001b3566c6ec0_0, 4, 5;
    %jmp T_61.10;
T_61.6 ;
    %load/vec4 v000001b3566c7960_0;
    %ix/load 4, 0, 0;
    %ix/load 5, 0, 0;
    %flag_set/imm 4, 0;
    %assign/vec4/off/d v000001b3566c6600_0, 4, 5;
    %jmp T_61.10;
T_61.7 ;
    %load/vec4 v000001b3566c7960_0;
    %ix/load 4, 32, 0;
    %ix/load 5, 0, 0;
    %flag_set/imm 4, 0;
    %assign/vec4/off/d v000001b3566c6600_0, 4, 5;
    %jmp T_61.10;
T_61.8 ;
    %load/vec4 v000001b3566c7960_0;
    %parti/s 1, 0, 2;
    %assign/vec4 v000001b3566c6240_0, 0;
    %jmp T_61.10;
T_61.10 ;
    %pop/vec4 1;
T_61.2 ;
T_61.1 ;
    %jmp T_61;
    .thread T_61;
    .scope S_000001b356684590;
T_62 ;
    %wait E_000001b3565da430;
    %load/vec4 v000001b3566c70a0_0;
    %cmpi/u 8, 0, 6;
    %flag_or 5, 4;
    %jmp/0xz  T_62.0, 5;
    %load/vec4 v000001b3566c4c60_0;
    %store/vec4 v000001b3566c7d20_0, 0, 32;
    %jmp T_62.1;
T_62.0 ;
    %load/vec4 v000001b3566c70a0_0;
    %cmpi/u 16, 0, 6;
    %flag_inv 5; GE is !LT
    %flag_get/vec4 5;
    %jmp/0 T_62.4, 5;
    %load/vec4 v000001b3566c70a0_0;
    %cmpi/u 31, 0, 6;
    %flag_get/vec4 4;
    %flag_get/vec4 5;
    %or;
    %and;
T_62.4;
    %flag_set/vec4 8;
    %jmp/0xz  T_62.2, 8;
    %load/vec4 v000001b3566c70a0_0;
    %parti/s 4, 2, 3;
    %dup/vec4;
    %pushi/vec4 4, 0, 4;
    %cmp/u;
    %jmp/1 T_62.5, 6;
    %dup/vec4;
    %pushi/vec4 5, 0, 4;
    %cmp/u;
    %jmp/1 T_62.6, 6;
    %dup/vec4;
    %pushi/vec4 6, 0, 4;
    %cmp/u;
    %jmp/1 T_62.7, 6;
    %dup/vec4;
    %pushi/vec4 7, 0, 4;
    %cmp/u;
    %jmp/1 T_62.8, 6;
    %pushi/vec4 0, 0, 32;
    %store/vec4 v000001b3566c7d20_0, 0, 32;
    %jmp T_62.10;
T_62.5 ;
    %load/vec4 v000001b3566c6060_0;
    %store/vec4 v000001b3566c7d20_0, 0, 32;
    %jmp T_62.10;
T_62.6 ;
    %load/vec4 v000001b3566c6100_0;
    %store/vec4 v000001b3566c7d20_0, 0, 32;
    %jmp T_62.10;
T_62.7 ;
    %load/vec4 v000001b3566c8220_0;
    %store/vec4 v000001b3566c7d20_0, 0, 32;
    %jmp T_62.10;
T_62.8 ;
    %load/vec4 v000001b3566c62e0_0;
    %store/vec4 v000001b3566c7d20_0, 0, 32;
    %jmp T_62.10;
T_62.10 ;
    %pop/vec4 1;
    %jmp T_62.3;
T_62.2 ;
    %load/vec4 v000001b3566c70a0_0;
    %cmpi/e 40, 0, 6;
    %jmp/0xz  T_62.11, 4;
    %load/vec4 v000001b3566c8360_0;
    %store/vec4 v000001b3566c7d20_0, 0, 32;
    %jmp T_62.12;
T_62.11 ;
    %load/vec4 v000001b3566c70a0_0;
    %dup/vec4;
    %pushi/vec4 48, 0, 6;
    %cmp/u;
    %jmp/1 T_62.13, 6;
    %dup/vec4;
    %pushi/vec4 49, 0, 6;
    %cmp/u;
    %jmp/1 T_62.14, 6;
    %dup/vec4;
    %pushi/vec4 50, 0, 6;
    %cmp/u;
    %jmp/1 T_62.15, 6;
    %dup/vec4;
    %pushi/vec4 51, 0, 6;
    %cmp/u;
    %jmp/1 T_62.16, 6;
    %dup/vec4;
    %pushi/vec4 52, 0, 6;
    %cmp/u;
    %jmp/1 T_62.17, 6;
    %pushi/vec4 0, 0, 32;
    %store/vec4 v000001b3566c7d20_0, 0, 32;
    %jmp T_62.19;
T_62.13 ;
    %pushi/vec4 0, 0, 31;
    %load/vec4 v000001b3566c6240_0;
    %concat/vec4; draw_concat_vec4
    %store/vec4 v000001b3566c7d20_0, 0, 32;
    %jmp T_62.19;
T_62.14 ;
    %load/vec4 v000001b3566c6ec0_0;
    %parti/s 32, 0, 2;
    %store/vec4 v000001b3566c7d20_0, 0, 32;
    %jmp T_62.19;
T_62.15 ;
    %load/vec4 v000001b3566c6ec0_0;
    %parti/s 32, 32, 7;
    %store/vec4 v000001b3566c7d20_0, 0, 32;
    %jmp T_62.19;
T_62.16 ;
    %load/vec4 v000001b3566c6600_0;
    %parti/s 32, 0, 2;
    %store/vec4 v000001b3566c7d20_0, 0, 32;
    %jmp T_62.19;
T_62.17 ;
    %load/vec4 v000001b3566c6600_0;
    %parti/s 32, 32, 7;
    %store/vec4 v000001b3566c7d20_0, 0, 32;
    %jmp T_62.19;
T_62.19 ;
    %pop/vec4 1;
T_62.12 ;
T_62.3 ;
T_62.1 ;
    %jmp T_62;
    .thread T_62, $push;
    .scope S_000001b356684590;
T_63 ;
    %wait E_000001b3565d7af0;
    %load/vec4 v000001b3566c73c0_0;
    %assign/vec4 v000001b3566c84a0_0, 0;
    %load/vec4 v000001b3566c7d20_0;
    %assign/vec4 v000001b3566c5e80_0, 0;
    %jmp T_63;
    .thread T_63;
    .scope S_000001b356684400;
T_64 ;
    %wait E_000001b3565db070;
    %load/vec4 v000001b35667a9d0_0;
    %pad/u 7;
    %ix/vec4 4;
    %load/vec4a v000001b356678950, 4;
    %store/vec4 v000001b356679fd0_0, 0, 32;
    %load/vec4 v000001b3566789f0_0;
    %pad/u 7;
    %ix/vec4 4;
    %load/vec4a v000001b356678950, 4;
    %store/vec4 v000001b3566795d0_0, 0, 32;
    %jmp T_64;
    .thread T_64, $push;
    .scope S_000001b356684400;
T_65 ;
    %wait E_000001b3565dacb0;
    %load/vec4 v000001b35667c5f0_0;
    %flag_set/vec4 8;
    %jmp/0xz  T_65.0, 8;
    %fork t_5, S_000001b356683f50;
    %jmp t_4;
    .scope S_000001b356683f50;
t_5 ;
    %pushi/vec4 0, 0, 32;
    %store/vec4 v000001b356679210_0, 0, 32;
T_65.2 ;
    %load/vec4 v000001b356679210_0;
    %cmpi/s 32, 0, 32;
    %jmp/0xz T_65.3, 5;
    %pushi/vec4 0, 0, 32;
    %ix/getv/s 3, v000001b356679210_0;
    %ix/load 4, 0, 0; Constant delay
    %assign/vec4/a/d v000001b356678950, 0, 4;
    %load/vec4 v000001b356679210_0;
    %addi 1, 0, 32;
    %store/vec4 v000001b356679210_0, 0, 32;
    %jmp T_65.2;
T_65.3 ;
    %end;
    .scope S_000001b356684400;
t_4 %join;
    %jmp T_65.1;
T_65.0 ;
    %load/vec4 v000001b3566788b0_0;
    %flag_set/vec4 9;
    %flag_get/vec4 9;
    %jmp/0 T_65.6, 9;
    %load/vec4 v000001b3566793f0_0;
    %pushi/vec4 0, 0, 5;
    %cmp/ne;
    %flag_get/vec4 4;
    %and;
T_65.6;
    %flag_set/vec4 8;
    %jmp/0xz  T_65.4, 8;
    %load/vec4 v000001b35667a930_0;
    %load/vec4 v000001b3566793f0_0;
    %pad/u 7;
    %ix/vec4 3;
    %ix/load 4, 0, 0; Constant delay
    %assign/vec4/a/d v000001b356678950, 0, 4;
T_65.4 ;
T_65.1 ;
    %jmp T_65;
    .thread T_65;
    .scope S_000001b356685530;
T_66 ;
    %wait E_000001b3565dacf0;
    %load/vec4 v000001b356678770_0;
    %dup/vec4;
    %pushi/vec4 0, 0, 4;
    %cmp/u;
    %jmp/1 T_66.0, 6;
    %dup/vec4;
    %pushi/vec4 1, 0, 4;
    %cmp/u;
    %jmp/1 T_66.1, 6;
    %dup/vec4;
    %pushi/vec4 2, 0, 4;
    %cmp/u;
    %jmp/1 T_66.2, 6;
    %dup/vec4;
    %pushi/vec4 3, 0, 4;
    %cmp/u;
    %jmp/1 T_66.3, 6;
    %dup/vec4;
    %pushi/vec4 4, 0, 4;
    %cmp/u;
    %jmp/1 T_66.4, 6;
    %dup/vec4;
    %pushi/vec4 5, 0, 4;
    %cmp/u;
    %jmp/1 T_66.5, 6;
    %dup/vec4;
    %pushi/vec4 6, 0, 4;
    %cmp/u;
    %jmp/1 T_66.6, 6;
    %dup/vec4;
    %pushi/vec4 7, 0, 4;
    %cmp/u;
    %jmp/1 T_66.7, 6;
    %dup/vec4;
    %pushi/vec4 8, 0, 4;
    %cmp/u;
    %jmp/1 T_66.8, 6;
    %dup/vec4;
    %pushi/vec4 13, 0, 4;
    %cmp/u;
    %jmp/1 T_66.9, 6;
    %pushi/vec4 0, 0, 32;
    %store/vec4 v000001b356679530_0, 0, 32;
    %jmp T_66.11;
T_66.0 ;
    %load/vec4 v000001b356679a30_0;
    %load/vec4 v000001b356679170_0;
    %add;
    %store/vec4 v000001b356679530_0, 0, 32;
    %jmp T_66.11;
T_66.1 ;
    %load/vec4 v000001b356679a30_0;
    %load/vec4 v000001b356679170_0;
    %parti/s 5, 0, 2;
    %ix/vec4 4;
    %shiftl 4;
    %store/vec4 v000001b356679530_0, 0, 32;
    %jmp T_66.11;
T_66.2 ;
    %load/vec4 v000001b35667a610_0;
    %load/vec4 v000001b35667a7f0_0;
    %cmp/s;
    %jmp/0xz  T_66.12, 5;
    %pushi/vec4 1, 0, 32;
    %store/vec4 v000001b356679530_0, 0, 32;
    %jmp T_66.13;
T_66.12 ;
    %pushi/vec4 0, 0, 32;
    %store/vec4 v000001b356679530_0, 0, 32;
T_66.13 ;
    %jmp T_66.11;
T_66.3 ;
    %load/vec4 v000001b356679a30_0;
    %load/vec4 v000001b356679170_0;
    %cmp/u;
    %jmp/0xz  T_66.14, 5;
    %pushi/vec4 1, 0, 32;
    %store/vec4 v000001b356679530_0, 0, 32;
    %jmp T_66.15;
T_66.14 ;
    %pushi/vec4 0, 0, 32;
    %store/vec4 v000001b356679530_0, 0, 32;
T_66.15 ;
    %jmp T_66.11;
T_66.4 ;
    %load/vec4 v000001b356679a30_0;
    %load/vec4 v000001b356679170_0;
    %xor;
    %store/vec4 v000001b356679530_0, 0, 32;
    %jmp T_66.11;
T_66.5 ;
    %load/vec4 v000001b356679a30_0;
    %load/vec4 v000001b356679170_0;
    %parti/s 5, 0, 2;
    %ix/vec4 4;
    %shiftr 4;
    %store/vec4 v000001b356679530_0, 0, 32;
    %jmp T_66.11;
T_66.6 ;
    %load/vec4 v000001b356679a30_0;
    %load/vec4 v000001b356679170_0;
    %or;
    %store/vec4 v000001b356679530_0, 0, 32;
    %jmp T_66.11;
T_66.7 ;
    %load/vec4 v000001b356679a30_0;
    %load/vec4 v000001b356679170_0;
    %and;
    %store/vec4 v000001b356679530_0, 0, 32;
    %jmp T_66.11;
T_66.8 ;
    %load/vec4 v000001b356679a30_0;
    %load/vec4 v000001b356679170_0;
    %sub;
    %store/vec4 v000001b356679530_0, 0, 32;
    %jmp T_66.11;
T_66.9 ;
    %load/vec4 v000001b35667a610_0;
    %load/vec4 v000001b356679170_0;
    %parti/s 5, 0, 2;
    %ix/vec4 4;
    %shiftr/s 4;
    %store/vec4 v000001b356679530_0, 0, 32;
    %jmp T_66.11;
T_66.11 ;
    %pop/vec4 1;
    %jmp T_66;
    .thread T_66, $push;
    .scope S_000001b356669720;
T_67 ;
    %wait E_000001b3565da630;
    %load/vec4 v000001b35667f1b0_0;
    %dup/vec4;
    %pushi/vec4 0, 0, 3;
    %cmp/u;
    %jmp/1 T_67.0, 6;
    %dup/vec4;
    %pushi/vec4 1, 0, 3;
    %cmp/u;
    %jmp/1 T_67.1, 6;
    %dup/vec4;
    %pushi/vec4 4, 0, 3;
    %cmp/u;
    %jmp/1 T_67.2, 6;
    %dup/vec4;
    %pushi/vec4 5, 0, 3;
    %cmp/u;
    %jmp/1 T_67.3, 6;
    %dup/vec4;
    %pushi/vec4 6, 0, 3;
    %cmp/u;
    %jmp/1 T_67.4, 6;
    %dup/vec4;
    %pushi/vec4 7, 0, 3;
    %cmp/u;
    %jmp/1 T_67.5, 6;
    %pushi/vec4 0, 0, 1;
    %store/vec4 v000001b35667f110_0, 0, 1;
    %jmp T_67.7;
T_67.0 ;
    %load/vec4 v000001b356681f50_0;
    %load/vec4 v000001b356682130_0;
    %cmp/e;
    %flag_get/vec4 4;
    %store/vec4 v000001b35667f110_0, 0, 1;
    %jmp T_67.7;
T_67.1 ;
    %load/vec4 v000001b356681f50_0;
    %load/vec4 v000001b356682130_0;
    %cmp/ne;
    %flag_get/vec4 4;
    %store/vec4 v000001b35667f110_0, 0, 1;
    %jmp T_67.7;
T_67.2 ;
    %load/vec4 v000001b356681f50_0;
    %load/vec4 v000001b356682130_0;
    %cmp/s;
    %flag_get/vec4 5;
    %store/vec4 v000001b35667f110_0, 0, 1;
    %jmp T_67.7;
T_67.3 ;
    %load/vec4 v000001b356682130_0;
    %load/vec4 v000001b356681f50_0;
    %cmp/s;
    %flag_get/vec4 4;
    %flag_get/vec4 5;
    %or;
    %store/vec4 v000001b35667f110_0, 0, 1;
    %jmp T_67.7;
T_67.4 ;
    %load/vec4 v000001b356681f50_0;
    %load/vec4 v000001b356682130_0;
    %cmp/u;
    %flag_get/vec4 5;
    %store/vec4 v000001b35667f110_0, 0, 1;
    %jmp T_67.7;
T_67.5 ;
    %load/vec4 v000001b356682130_0;
    %load/vec4 v000001b356681f50_0;
    %cmp/u;
    %flag_get/vec4 4;
    %flag_get/vec4 5;
    %or;
    %store/vec4 v000001b35667f110_0, 0, 1;
    %jmp T_67.7;
T_67.7 ;
    %pop/vec4 1;
    %jmp T_67;
    .thread T_67, $push;
    .scope S_000001b356669720;
T_68 ;
    %wait E_000001b3565da5f0;
    %pushi/vec4 0, 0, 32;
    %store/vec4 v000001b3566814b0_0, 0, 32;
    %pushi/vec4 0, 0, 32;
    %store/vec4 v000001b356681870_0, 0, 32;
    %load/vec4 v000001b35667f2f0_0;
    %flag_set/vec4 8;
    %jmp/0xz  T_68.0, 8;
    %load/vec4 v000001b35667d8b0_0;
    %flag_set/vec4 8;
    %jmp/0xz  T_68.2, 8;
    %pushi/vec4 2147483659, 0, 32;
    %store/vec4 v000001b3566814b0_0, 0, 32;
    %jmp T_68.3;
T_68.2 ;
    %load/vec4 v000001b35667dc70_0;
    %flag_set/vec4 8;
    %jmp/0xz  T_68.4, 8;
    %pushi/vec4 2147483651, 0, 32;
    %store/vec4 v000001b3566814b0_0, 0, 32;
    %jmp T_68.5;
T_68.4 ;
    %pushi/vec4 2147483655, 0, 32;
    %store/vec4 v000001b3566814b0_0, 0, 32;
T_68.5 ;
T_68.3 ;
    %jmp T_68.1;
T_68.0 ;
    %load/vec4 v000001b35667ead0_0;
    %flag_set/vec4 8;
    %jmp/0xz  T_68.6, 8;
    %pushi/vec4 11, 0, 32;
    %store/vec4 v000001b3566814b0_0, 0, 32;
    %jmp T_68.7;
T_68.6 ;
    %load/vec4 v000001b35667e5d0_0;
    %flag_set/vec4 8;
    %jmp/0xz  T_68.8, 8;
    %pushi/vec4 3, 0, 32;
    %store/vec4 v000001b3566814b0_0, 0, 32;
    %load/vec4 v000001b35667b8d0_0;
    %store/vec4 v000001b356681870_0, 0, 32;
    %jmp T_68.9;
T_68.8 ;
    %pushi/vec4 2, 0, 32;
    %store/vec4 v000001b3566814b0_0, 0, 32;
    %load/vec4 v000001b35667ca50_0;
    %store/vec4 v000001b356681870_0, 0, 32;
T_68.9 ;
T_68.7 ;
T_68.1 ;
    %jmp T_68;
    .thread T_68, $push;
    .scope S_000001b356669720;
T_69 ;
    %wait E_000001b3565da2b0;
    %load/vec4 v000001b3566801f0_0;
    %store/vec4 v000001b356681230_0, 0, 5;
    %load/vec4 v000001b356680010_0;
    %store/vec4 v000001b35667fed0_0, 0, 5;
    %pushi/vec4 0, 0, 32;
    %store/vec4 v000001b356682310_0, 0, 32;
    %pushi/vec4 0, 0, 32;
    %store/vec4 v000001b356681410_0, 0, 32;
    %pushi/vec4 0, 0, 4;
    %store/vec4 v000001b35667e7b0_0, 0, 4;
    %pushi/vec4 0, 0, 32;
    %store/vec4 v000001b35667c910_0, 0, 32;
    %pushi/vec4 0, 0, 32;
    %store/vec4 v000001b35667caf0_0, 0, 32;
    %pushi/vec4 0, 0, 32;
    %store/vec4 v000001b35667f9d0_0, 0, 32;
    %load/vec4 v000001b35667b790_0;
    %addi 4, 0, 32;
    %store/vec4 v000001b356680fb0_0, 0, 32;
    %pushi/vec4 3, 0, 2;
    %store/vec4 v000001b3566821d0_0, 0, 2;
    %pushi/vec4 0, 0, 32;
    %store/vec4 v000001b35667ac50_0, 0, 32;
    %pushi/vec4 0, 0, 32;
    %store/vec4 v000001b35667c230_0, 0, 32;
    %pushi/vec4 0, 0, 32;
    %store/vec4 v000001b35667b470_0, 0, 32;
    %pushi/vec4 7, 0, 3;
    %store/vec4 v000001b35667d130_0, 0, 3;
    %pushi/vec4 7, 0, 3;
    %store/vec4 v000001b35667abb0_0, 0, 3;
    %pushi/vec4 0, 0, 1;
    %store/vec4 v000001b35667ead0_0, 0, 1;
    %pushi/vec4 0, 0, 1;
    %store/vec4 v000001b35667e5d0_0, 0, 1;
    %pushi/vec4 0, 0, 1;
    %store/vec4 v000001b35667d450_0, 0, 1;
    %pushi/vec4 0, 0, 1;
    %store/vec4 v000001b356680330_0, 0, 1;
    %pushi/vec4 0, 0, 1;
    %store/vec4 v000001b356680650_0, 0, 1;
    %pushi/vec4 0, 0, 1;
    %store/vec4 v000001b356681050_0, 0, 1;
    %load/vec4 v000001b3566817d0_0;
    %dup/vec4;
    %pushi/vec4 55, 0, 7;
    %cmp/u;
    %jmp/1 T_69.0, 6;
    %dup/vec4;
    %pushi/vec4 23, 0, 7;
    %cmp/u;
    %jmp/1 T_69.1, 6;
    %dup/vec4;
    %pushi/vec4 111, 0, 7;
    %cmp/u;
    %jmp/1 T_69.2, 6;
    %dup/vec4;
    %pushi/vec4 103, 0, 7;
    %cmp/u;
    %jmp/1 T_69.3, 6;
    %dup/vec4;
    %pushi/vec4 99, 0, 7;
    %cmp/u;
    %jmp/1 T_69.4, 6;
    %dup/vec4;
    %pushi/vec4 3, 0, 7;
    %cmp/u;
    %jmp/1 T_69.5, 6;
    %dup/vec4;
    %pushi/vec4 35, 0, 7;
    %cmp/u;
    %jmp/1 T_69.6, 6;
    %dup/vec4;
    %pushi/vec4 19, 0, 7;
    %cmp/u;
    %jmp/1 T_69.7, 6;
    %dup/vec4;
    %pushi/vec4 51, 0, 7;
    %cmp/u;
    %jmp/1 T_69.8, 6;
    %dup/vec4;
    %pushi/vec4 15, 0, 7;
    %cmp/u;
    %jmp/1 T_69.9, 6;
    %dup/vec4;
    %pushi/vec4 115, 0, 7;
    %cmp/u;
    %jmp/1 T_69.10, 6;
    %pushi/vec4 3, 0, 2;
    %store/vec4 v000001b3566821d0_0, 0, 2;
    %pushi/vec4 1, 0, 1;
    %store/vec4 v000001b35667d450_0, 0, 1;
    %jmp T_69.12;
T_69.0 ;
    %load/vec4 v000001b35667d810_0;
    %store/vec4 v000001b35667c910_0, 0, 32;
    %pushi/vec4 0, 0, 2;
    %store/vec4 v000001b3566821d0_0, 0, 2;
    %jmp T_69.12;
T_69.1 ;
    %load/vec4 v000001b35667b8d0_0;
    %load/vec4 v000001b35667d810_0;
    %add;
    %store/vec4 v000001b35667c910_0, 0, 32;
    %pushi/vec4 0, 0, 2;
    %store/vec4 v000001b3566821d0_0, 0, 2;
    %jmp T_69.12;
T_69.2 ;
    %load/vec4 v000001b35667b8d0_0;
    %addi 4, 0, 32;
    %store/vec4 v000001b35667c910_0, 0, 32;
    %load/vec4 v000001b35667b8d0_0;
    %load/vec4 v000001b35667d590_0;
    %add;
    %store/vec4 v000001b356680fb0_0, 0, 32;
    %pushi/vec4 0, 0, 2;
    %store/vec4 v000001b3566821d0_0, 0, 2;
    %jmp T_69.12;
T_69.3 ;
    %load/vec4 v000001b35667b8d0_0;
    %addi 4, 0, 32;
    %store/vec4 v000001b35667c910_0, 0, 32;
    %load/vec4 v000001b356681f50_0;
    %load/vec4 v000001b35667f070_0;
    %add;
    %pushi/vec4 4294967294, 0, 32;
    %and;
    %store/vec4 v000001b356680fb0_0, 0, 32;
    %pushi/vec4 0, 0, 2;
    %store/vec4 v000001b3566821d0_0, 0, 2;
    %jmp T_69.12;
T_69.4 ;
    %load/vec4 v000001b35667f110_0;
    %flag_set/vec4 8;
    %jmp/0xz  T_69.13, 8;
    %load/vec4 v000001b35667b8d0_0;
    %load/vec4 v000001b35667f6b0_0;
    %add;
    %store/vec4 v000001b356680fb0_0, 0, 32;
T_69.13 ;
    %pushi/vec4 3, 0, 2;
    %store/vec4 v000001b3566821d0_0, 0, 2;
    %jmp T_69.12;
T_69.5 ;
    %load/vec4 v000001b356681f50_0;
    %store/vec4 v000001b356682310_0, 0, 32;
    %load/vec4 v000001b35667f070_0;
    %store/vec4 v000001b356681410_0, 0, 32;
    %pushi/vec4 0, 0, 4;
    %store/vec4 v000001b35667e7b0_0, 0, 4;
    %load/vec4 v000001b35667f250_0;
    %store/vec4 v000001b35667ac50_0, 0, 32;
    %load/vec4 v000001b35667f1b0_0;
    %store/vec4 v000001b35667d130_0, 0, 3;
    %pushi/vec4 2, 0, 2;
    %store/vec4 v000001b3566821d0_0, 0, 2;
    %jmp T_69.12;
T_69.6 ;
    %load/vec4 v000001b356681f50_0;
    %store/vec4 v000001b356682310_0, 0, 32;
    %load/vec4 v000001b35667d770_0;
    %store/vec4 v000001b356681410_0, 0, 32;
    %pushi/vec4 0, 0, 4;
    %store/vec4 v000001b35667e7b0_0, 0, 4;
    %load/vec4 v000001b35667f250_0;
    %store/vec4 v000001b35667c230_0, 0, 32;
    %load/vec4 v000001b356682130_0;
    %store/vec4 v000001b35667b470_0, 0, 32;
    %load/vec4 v000001b35667f1b0_0;
    %store/vec4 v000001b35667abb0_0, 0, 3;
    %pushi/vec4 3, 0, 2;
    %store/vec4 v000001b3566821d0_0, 0, 2;
    %jmp T_69.12;
T_69.7 ;
    %load/vec4 v000001b356681f50_0;
    %store/vec4 v000001b356682310_0, 0, 32;
    %load/vec4 v000001b35667f070_0;
    %store/vec4 v000001b356681410_0, 0, 32;
    %load/vec4 v000001b35667f1b0_0;
    %cmpi/e 5, 0, 3;
    %jmp/0xz  T_69.15, 4;
    %load/vec4 v000001b35667ca50_0;
    %parti/s 1, 30, 6;
    %load/vec4 v000001b35667f1b0_0;
    %concat/vec4; draw_concat_vec4
    %store/vec4 v000001b35667e7b0_0, 0, 4;
    %jmp T_69.16;
T_69.15 ;
    %pushi/vec4 0, 0, 1;
    %load/vec4 v000001b35667f1b0_0;
    %concat/vec4; draw_concat_vec4
    %store/vec4 v000001b35667e7b0_0, 0, 4;
T_69.16 ;
    %load/vec4 v000001b35667f250_0;
    %store/vec4 v000001b35667c910_0, 0, 32;
    %pushi/vec4 0, 0, 2;
    %store/vec4 v000001b3566821d0_0, 0, 2;
    %jmp T_69.12;
T_69.8 ;
    %load/vec4 v000001b356681f50_0;
    %store/vec4 v000001b356682310_0, 0, 32;
    %load/vec4 v000001b356682130_0;
    %store/vec4 v000001b356681410_0, 0, 32;
    %load/vec4 v000001b35667ca50_0;
    %parti/s 1, 30, 6;
    %load/vec4 v000001b35667f1b0_0;
    %concat/vec4; draw_concat_vec4
    %store/vec4 v000001b35667e7b0_0, 0, 4;
    %load/vec4 v000001b35667f250_0;
    %store/vec4 v000001b35667c910_0, 0, 32;
    %pushi/vec4 0, 0, 2;
    %store/vec4 v000001b3566821d0_0, 0, 2;
    %jmp T_69.12;
T_69.9 ;
    %pushi/vec4 3, 0, 2;
    %store/vec4 v000001b3566821d0_0, 0, 2;
    %jmp T_69.12;
T_69.10 ;
    %load/vec4 v000001b35667f1b0_0;
    %cmpi/e 0, 0, 3;
    %jmp/0xz  T_69.17, 4;
    %pushi/vec4 3, 0, 2;
    %store/vec4 v000001b3566821d0_0, 0, 2;
    %load/vec4 v000001b35667ca50_0;
    %parti/s 12, 20, 6;
    %cmpi/e 0, 0, 12;
    %jmp/0xz  T_69.19, 4;
    %pushi/vec4 1, 0, 1;
    %store/vec4 v000001b35667ead0_0, 0, 1;
    %jmp T_69.20;
T_69.19 ;
    %load/vec4 v000001b35667ca50_0;
    %parti/s 12, 20, 6;
    %cmpi/e 1, 0, 12;
    %jmp/0xz  T_69.21, 4;
    %pushi/vec4 1, 0, 1;
    %store/vec4 v000001b35667e5d0_0, 0, 1;
    %jmp T_69.22;
T_69.21 ;
    %load/vec4 v000001b35667ca50_0;
    %parti/s 12, 20, 6;
    %cmpi/e 770, 0, 12;
    %jmp/0xz  T_69.23, 4;
    %pushi/vec4 1, 0, 1;
    %store/vec4 v000001b356680330_0, 0, 1;
T_69.23 ;
T_69.22 ;
T_69.20 ;
    %jmp T_69.18;
T_69.17 ;
    %pushi/vec4 1, 0, 2;
    %store/vec4 v000001b3566821d0_0, 0, 2;
    %load/vec4 v000001b35667f890_0;
    %store/vec4 v000001b356679670_0, 0, 12;
    %callf/vec4 TD_UART_tb.dut_loop.cpu.GetCSR, S_000001b356684270;
    %store/vec4 v000001b35667f9d0_0, 0, 32;
    %load/vec4 v000001b35667f7f0_0;
    %flag_set/vec4 8;
    %jmp/0xz  T_69.25, 8;
    %load/vec4 v000001b35667efd0_0;
    %store/vec4 v000001b35667f9d0_0, 0, 32;
T_69.25 ;
    %load/vec4 v000001b35667f9d0_0;
    %store/vec4 v000001b35667c910_0, 0, 32;
    %load/vec4 v000001b35667f1b0_0;
    %cmpi/e 1, 0, 3;
    %jmp/0xz  T_69.27, 4;
    %load/vec4 v000001b356681f50_0;
    %store/vec4 v000001b35667caf0_0, 0, 32;
    %jmp T_69.28;
T_69.27 ;
    %load/vec4 v000001b35667f1b0_0;
    %cmpi/e 2, 0, 3;
    %jmp/0xz  T_69.29, 4;
    %load/vec4 v000001b35667f9d0_0;
    %load/vec4 v000001b356681f50_0;
    %or;
    %store/vec4 v000001b35667caf0_0, 0, 32;
    %jmp T_69.30;
T_69.29 ;
    %load/vec4 v000001b35667f1b0_0;
    %cmpi/e 3, 0, 3;
    %jmp/0xz  T_69.31, 4;
    %load/vec4 v000001b35667f9d0_0;
    %load/vec4 v000001b356681f50_0;
    %inv;
    %and;
    %store/vec4 v000001b35667caf0_0, 0, 32;
    %jmp T_69.32;
T_69.31 ;
    %load/vec4 v000001b35667f1b0_0;
    %cmpi/e 5, 0, 3;
    %jmp/0xz  T_69.33, 4;
    %load/vec4 v000001b356682270_0;
    %store/vec4 v000001b35667caf0_0, 0, 32;
    %jmp T_69.34;
T_69.33 ;
    %load/vec4 v000001b35667f1b0_0;
    %cmpi/e 6, 0, 3;
    %jmp/0xz  T_69.35, 4;
    %load/vec4 v000001b35667f9d0_0;
    %load/vec4 v000001b356682270_0;
    %or;
    %store/vec4 v000001b35667caf0_0, 0, 32;
    %jmp T_69.36;
T_69.35 ;
    %load/vec4 v000001b35667f1b0_0;
    %cmpi/e 7, 0, 3;
    %jmp/0xz  T_69.37, 4;
    %load/vec4 v000001b35667f9d0_0;
    %load/vec4 v000001b356682270_0;
    %inv;
    %and;
    %store/vec4 v000001b35667caf0_0, 0, 32;
    %jmp T_69.38;
T_69.37 ;
    %load/vec4 v000001b35667f9d0_0;
    %store/vec4 v000001b35667caf0_0, 0, 32;
T_69.38 ;
T_69.36 ;
T_69.34 ;
T_69.32 ;
T_69.30 ;
T_69.28 ;
T_69.18 ;
    %jmp T_69.12;
T_69.12 ;
    %pop/vec4 1;
    %load/vec4 v000001b3566800b0_0;
    %flag_set/vec4 8;
    %flag_get/vec4 8;
    %jmp/0 T_69.39, 8;
    %load/vec4 v000001b35667f2f0_0;
    %flag_set/vec4 8;
    %jmp/1 T_69.42, 8;
    %load/vec4 v000001b35667ead0_0;
    %flag_set/vec4 9;
    %flag_or 8, 9;
T_69.42;
    %jmp/1 T_69.41, 8;
    %load/vec4 v000001b35667e5d0_0;
    %flag_set/vec4 9;
    %flag_or 8, 9;
T_69.41;
    %flag_get/vec4 8;
    %jmp/1 T_69.40, 8;
    %load/vec4 v000001b35667d450_0;
    %or;
T_69.40;
    %and;
T_69.39;
    %store/vec4 v000001b356680650_0, 0, 1;
    %load/vec4 v000001b3566800b0_0;
    %flag_set/vec4 8;
    %flag_get/vec4 8;
    %jmp/0 T_69.43, 8;
    %load/vec4 v000001b356680330_0;
    %and;
T_69.43;
    %store/vec4 v000001b356681050_0, 0, 1;
    %load/vec4 v000001b356680650_0;
    %flag_set/vec4 8;
    %jmp/0xz  T_69.44, 8;
    %load/vec4 v000001b356680ab0_0;
    %parti/s 30, 2, 3;
    %concati/vec4 0, 0, 2;
    %store/vec4 v000001b356680fb0_0, 0, 32;
    %pushi/vec4 3, 0, 2;
    %store/vec4 v000001b3566821d0_0, 0, 2;
    %pushi/vec4 7, 0, 3;
    %store/vec4 v000001b35667d130_0, 0, 3;
    %pushi/vec4 7, 0, 3;
    %store/vec4 v000001b35667abb0_0, 0, 3;
    %jmp T_69.45;
T_69.44 ;
    %load/vec4 v000001b356681050_0;
    %flag_set/vec4 8;
    %jmp/0xz  T_69.46, 8;
    %load/vec4 v000001b35667fe30_0;
    %store/vec4 v000001b356680fb0_0, 0, 32;
    %pushi/vec4 3, 0, 2;
    %store/vec4 v000001b3566821d0_0, 0, 2;
T_69.46 ;
T_69.45 ;
    %jmp T_69;
    .thread T_69, $push;
    .scope S_000001b356669720;
T_70 ;
    %wait E_000001b3565dacb0;
    %load/vec4 v000001b356681eb0_0;
    %flag_set/vec4 8;
    %jmp/0xz  T_70.0, 8;
    %pushi/vec4 0, 0, 32;
    %assign/vec4 v000001b35667b790_0, 0;
    %pushi/vec4 0, 0, 32;
    %assign/vec4 v000001b35667b8d0_0, 0;
    %pushi/vec4 0, 0, 1;
    %assign/vec4 v000001b35667f570_0, 0;
    %pushi/vec4 0, 0, 64;
    %assign/vec4 v000001b35667d630_0, 0;
    %pushi/vec4 0, 0, 64;
    %assign/vec4 v000001b35667e850_0, 0;
    %pushi/vec4 0, 0, 32;
    %assign/vec4 v000001b356680290_0, 0;
    %pushi/vec4 0, 0, 5;
    %assign/vec4 v000001b356681690_0, 0;
    %pushi/vec4 0, 0, 12;
    %assign/vec4 v000001b356681c30_0, 0;
    %pushi/vec4 0, 0, 32;
    %assign/vec4 v000001b35667fcf0_0, 0;
    %pushi/vec4 3, 0, 2;
    %assign/vec4 v000001b356681730_0, 0;
    %jmp T_70.1;
T_70.0 ;
    %load/vec4 v000001b356680fb0_0;
    %assign/vec4 v000001b35667b790_0, 0;
    %load/vec4 v000001b35667b790_0;
    %assign/vec4 v000001b35667b8d0_0, 0;
    %load/vec4 v000001b35667df90_0;
    %assign/vec4 v000001b35667f570_0, 0;
    %load/vec4 v000001b35667d630_0;
    %addi 1, 0, 64;
    %assign/vec4 v000001b35667d630_0, 0;
    %load/vec4 v000001b3566800b0_0;
    %flag_set/vec4 9;
    %flag_get/vec4 9;
    %jmp/0 T_70.4, 9;
    %load/vec4 v000001b356680650_0;
    %nor/r;
    %and;
T_70.4;
    %flag_set/vec4 8;
    %jmp/0xz  T_70.2, 8;
    %load/vec4 v000001b35667e850_0;
    %addi 1, 0, 64;
    %assign/vec4 v000001b35667e850_0, 0;
T_70.2 ;
    %load/vec4 v000001b35667c910_0;
    %assign/vec4 v000001b356680290_0, 0;
    %load/vec4 v000001b356680150_0;
    %assign/vec4 v000001b356681690_0, 0;
    %load/vec4 v000001b35667f890_0;
    %assign/vec4 v000001b356681c30_0, 0;
    %load/vec4 v000001b35667caf0_0;
    %assign/vec4 v000001b35667fcf0_0, 0;
    %load/vec4 v000001b3566821d0_0;
    %assign/vec4 v000001b356681730_0, 0;
T_70.1 ;
    %jmp T_70;
    .thread T_70;
    .scope S_000001b356669720;
T_71 ;
    %wait E_000001b3565db0f0;
    %pushi/vec4 0, 0, 5;
    %store/vec4 v000001b35667c4b0_0, 0, 5;
    %pushi/vec4 0, 0, 32;
    %store/vec4 v000001b35667b830_0, 0, 32;
    %pushi/vec4 0, 0, 1;
    %store/vec4 v000001b35667bbf0_0, 0, 1;
    %load/vec4 v000001b356681730_0;
    %cmpi/e 0, 0, 2;
    %jmp/0xz  T_71.0, 4;
    %load/vec4 v000001b356681690_0;
    %store/vec4 v000001b35667c4b0_0, 0, 5;
    %load/vec4 v000001b356680290_0;
    %store/vec4 v000001b35667b830_0, 0, 32;
    %pushi/vec4 1, 0, 1;
    %store/vec4 v000001b35667bbf0_0, 0, 1;
    %jmp T_71.1;
T_71.0 ;
    %load/vec4 v000001b356681730_0;
    %cmpi/e 1, 0, 2;
    %jmp/0xz  T_71.2, 4;
    %load/vec4 v000001b356681690_0;
    %store/vec4 v000001b35667c4b0_0, 0, 5;
    %load/vec4 v000001b356680290_0;
    %store/vec4 v000001b35667b830_0, 0, 32;
    %pushi/vec4 1, 0, 1;
    %store/vec4 v000001b35667bbf0_0, 0, 1;
    %jmp T_71.3;
T_71.2 ;
    %load/vec4 v000001b356681730_0;
    %cmpi/e 2, 0, 2;
    %jmp/0xz  T_71.4, 4;
    %load/vec4 v000001b356681690_0;
    %store/vec4 v000001b35667c4b0_0, 0, 5;
    %load/vec4 v000001b35667b010_0;
    %store/vec4 v000001b35667b830_0, 0, 32;
    %pushi/vec4 1, 0, 1;
    %store/vec4 v000001b35667bbf0_0, 0, 1;
    %jmp T_71.5;
T_71.4 ;
    %pushi/vec4 0, 0, 1;
    %store/vec4 v000001b35667bbf0_0, 0, 1;
T_71.5 ;
T_71.3 ;
T_71.1 ;
    %jmp T_71;
    .thread T_71, $push;
    .scope S_000001b356669720;
T_72 ;
    %wait E_000001b3565dacb0;
    %load/vec4 v000001b356681eb0_0;
    %flag_set/vec4 8;
    %jmp/0xz  T_72.0, 8;
    %pushi/vec4 0, 0, 32;
    %assign/vec4 v000001b3566815f0_0, 0;
    %pushi/vec4 0, 0, 32;
    %assign/vec4 v000001b356682090_0, 0;
    %pushi/vec4 0, 0, 32;
    %assign/vec4 v000001b3566806f0_0, 0;
    %pushi/vec4 0, 0, 32;
    %assign/vec4 v000001b356680ab0_0, 0;
    %pushi/vec4 0, 0, 32;
    %assign/vec4 v000001b356681d70_0, 0;
    %pushi/vec4 0, 0, 32;
    %assign/vec4 v000001b35667ddb0_0, 0;
    %pushi/vec4 0, 0, 32;
    %assign/vec4 v000001b356680bf0_0, 0;
    %pushi/vec4 0, 0, 32;
    %assign/vec4 v000001b356681910_0, 0;
    %jmp T_72.1;
T_72.0 ;
    %load/vec4 v000001b356681730_0;
    %cmpi/e 1, 0, 2;
    %jmp/0xz  T_72.2, 4;
    %load/vec4 v000001b356681c30_0;
    %store/vec4 v000001b35667a890_0, 0, 12;
    %load/vec4 v000001b35667fcf0_0;
    %store/vec4 v000001b3566790d0_0, 0, 32;
    %fork TD_UART_tb.dut_loop.cpu.SetCSR, S_000001b356683dc0;
    %join;
T_72.2 ;
    %load/vec4 v000001b356680650_0;
    %flag_set/vec4 8;
    %jmp/0xz  T_72.4, 8;
    %load/vec4 v000001b35667b8d0_0;
    %assign/vec4 v000001b356681d70_0, 0;
    %load/vec4 v000001b3566814b0_0;
    %assign/vec4 v000001b35667ddb0_0, 0;
    %load/vec4 v000001b356681870_0;
    %assign/vec4 v000001b356680bf0_0, 0;
    %load/vec4 v000001b3566815f0_0;
    %parti/s 1, 3, 3;
    %ix/load 4, 7, 0;
    %ix/load 5, 0, 0;
    %flag_set/imm 4, 0;
    %assign/vec4/off/d v000001b3566815f0_0, 4, 5;
    %pushi/vec4 0, 0, 1;
    %ix/load 4, 3, 0;
    %ix/load 5, 0, 0;
    %flag_set/imm 4, 0;
    %assign/vec4/off/d v000001b3566815f0_0, 4, 5;
    %pushi/vec4 3, 0, 2;
    %ix/load 4, 11, 0;
    %ix/load 5, 0, 0;
    %flag_set/imm 4, 0;
    %assign/vec4/off/d v000001b3566815f0_0, 4, 5;
    %jmp T_72.5;
T_72.4 ;
    %load/vec4 v000001b356681050_0;
    %flag_set/vec4 8;
    %jmp/0xz  T_72.6, 8;
    %load/vec4 v000001b3566815f0_0;
    %parti/s 1, 7, 4;
    %ix/load 4, 3, 0;
    %ix/load 5, 0, 0;
    %flag_set/imm 4, 0;
    %assign/vec4/off/d v000001b3566815f0_0, 4, 5;
    %pushi/vec4 1, 0, 1;
    %ix/load 4, 7, 0;
    %ix/load 5, 0, 0;
    %flag_set/imm 4, 0;
    %assign/vec4/off/d v000001b3566815f0_0, 4, 5;
    %pushi/vec4 3, 0, 2;
    %ix/load 4, 11, 0;
    %ix/load 5, 0, 0;
    %flag_set/imm 4, 0;
    %assign/vec4/off/d v000001b3566815f0_0, 4, 5;
T_72.6 ;
T_72.5 ;
T_72.1 ;
    %jmp T_72;
    .thread T_72;
    .scope S_000001b35666a080;
T_73 ;
    %wait E_000001b3565d7af0;
    %load/vec4 v000001b3566784f0_0;
    %cmpi/e 0, 0, 3;
    %jmp/0xz  T_73.0, 4;
    %load/vec4 v000001b35667a570_0;
    %parti/s 8, 0, 2;
    %load/vec4 v000001b356678db0_0;
    %pad/u 18;
    %ix/vec4 3;
    %ix/load 4, 0, 0; Constant delay
    %assign/vec4/a/d v000001b35667a430, 0, 4;
    %jmp T_73.1;
T_73.0 ;
    %load/vec4 v000001b3566784f0_0;
    %cmpi/e 1, 0, 3;
    %jmp/0xz  T_73.2, 4;
    %load/vec4 v000001b35667a570_0;
    %parti/s 8, 0, 2;
    %load/vec4 v000001b356678db0_0;
    %pad/u 18;
    %ix/vec4 3;
    %ix/load 4, 0, 0; Constant delay
    %assign/vec4/a/d v000001b35667a430, 0, 4;
    %load/vec4 v000001b35667a570_0;
    %parti/s 8, 8, 5;
    %load/vec4 v000001b356678db0_0;
    %pad/u 32;
    %addi 1, 0, 32;
    %ix/vec4 3;
    %ix/load 4, 0, 0; Constant delay
    %assign/vec4/a/d v000001b35667a430, 0, 4;
    %jmp T_73.3;
T_73.2 ;
    %load/vec4 v000001b3566784f0_0;
    %cmpi/e 2, 0, 3;
    %jmp/0xz  T_73.4, 4;
    %load/vec4 v000001b35667a570_0;
    %parti/s 8, 0, 2;
    %load/vec4 v000001b356678db0_0;
    %pad/u 18;
    %ix/vec4 3;
    %ix/load 4, 0, 0; Constant delay
    %assign/vec4/a/d v000001b35667a430, 0, 4;
    %load/vec4 v000001b35667a570_0;
    %parti/s 8, 8, 5;
    %load/vec4 v000001b356678db0_0;
    %pad/u 32;
    %addi 1, 0, 32;
    %ix/vec4 3;
    %ix/load 4, 0, 0; Constant delay
    %assign/vec4/a/d v000001b35667a430, 0, 4;
    %load/vec4 v000001b35667a570_0;
    %parti/s 8, 16, 6;
    %load/vec4 v000001b356678db0_0;
    %pad/u 32;
    %addi 2, 0, 32;
    %ix/vec4 3;
    %ix/load 4, 0, 0; Constant delay
    %assign/vec4/a/d v000001b35667a430, 0, 4;
    %load/vec4 v000001b35667a570_0;
    %parti/s 8, 24, 6;
    %load/vec4 v000001b356678db0_0;
    %pad/u 32;
    %addi 3, 0, 32;
    %ix/vec4 3;
    %ix/load 4, 0, 0; Constant delay
    %assign/vec4/a/d v000001b35667a430, 0, 4;
T_73.4 ;
T_73.3 ;
T_73.1 ;
    %jmp T_73;
    .thread T_73;
    .scope S_000001b35666a080;
T_74 ;
    %wait E_000001b3565d7af0;
    %load/vec4 v000001b356679990_0;
    %cmpi/e 0, 0, 3;
    %jmp/0xz  T_74.0, 4;
    %load/vec4 v000001b356679030_0;
    %pad/u 18;
    %ix/vec4 4;
    %load/vec4a v000001b35667a430, 4;
    %parti/s 1, 7, 4;
    %replicate 24;
    %load/vec4 v000001b356679030_0;
    %pad/u 18;
    %ix/vec4 4;
    %load/vec4a v000001b35667a430, 4;
    %concat/vec4; draw_concat_vec4
    %assign/vec4 v000001b35667ab10_0, 0;
    %jmp T_74.1;
T_74.0 ;
    %load/vec4 v000001b356679990_0;
    %cmpi/e 1, 0, 3;
    %jmp/0xz  T_74.2, 4;
    %load/vec4 v000001b356679030_0;
    %pad/u 32;
    %addi 1, 0, 32;
    %ix/vec4 4;
    %load/vec4a v000001b35667a430, 4;
    %parti/s 1, 7, 4;
    %replicate 16;
    %load/vec4 v000001b356679030_0;
    %pad/u 32;
    %addi 1, 0, 32;
    %ix/vec4 4;
    %load/vec4a v000001b35667a430, 4;
    %concat/vec4; draw_concat_vec4
    %load/vec4 v000001b356679030_0;
    %pad/u 18;
    %ix/vec4 4;
    %load/vec4a v000001b35667a430, 4;
    %concat/vec4; draw_concat_vec4
    %assign/vec4 v000001b35667ab10_0, 0;
    %jmp T_74.3;
T_74.2 ;
    %load/vec4 v000001b356679990_0;
    %cmpi/e 2, 0, 3;
    %jmp/0xz  T_74.4, 4;
    %load/vec4 v000001b356679030_0;
    %pad/u 32;
    %addi 3, 0, 32;
    %ix/vec4 4;
    %load/vec4a v000001b35667a430, 4;
    %load/vec4 v000001b356679030_0;
    %pad/u 32;
    %addi 2, 0, 32;
    %ix/vec4 4;
    %load/vec4a v000001b35667a430, 4;
    %concat/vec4; draw_concat_vec4
    %load/vec4 v000001b356679030_0;
    %pad/u 32;
    %addi 1, 0, 32;
    %ix/vec4 4;
    %load/vec4a v000001b35667a430, 4;
    %concat/vec4; draw_concat_vec4
    %load/vec4 v000001b356679030_0;
    %pad/u 18;
    %ix/vec4 4;
    %load/vec4a v000001b35667a430, 4;
    %concat/vec4; draw_concat_vec4
    %assign/vec4 v000001b35667ab10_0, 0;
    %jmp T_74.5;
T_74.4 ;
    %load/vec4 v000001b356679990_0;
    %cmpi/e 4, 0, 3;
    %jmp/0xz  T_74.6, 4;
    %pushi/vec4 0, 0, 24;
    %load/vec4 v000001b356679030_0;
    %pad/u 18;
    %ix/vec4 4;
    %load/vec4a v000001b35667a430, 4;
    %concat/vec4; draw_concat_vec4
    %assign/vec4 v000001b35667ab10_0, 0;
    %jmp T_74.7;
T_74.6 ;
    %load/vec4 v000001b356679990_0;
    %cmpi/e 5, 0, 3;
    %jmp/0xz  T_74.8, 4;
    %pushi/vec4 0, 0, 16;
    %load/vec4 v000001b356679030_0;
    %pad/u 32;
    %addi 1, 0, 32;
    %ix/vec4 4;
    %load/vec4a v000001b35667a430, 4;
    %concat/vec4; draw_concat_vec4
    %load/vec4 v000001b356679030_0;
    %pad/u 18;
    %ix/vec4 4;
    %load/vec4a v000001b35667a430, 4;
    %concat/vec4; draw_concat_vec4
    %assign/vec4 v000001b35667ab10_0, 0;
    %jmp T_74.9;
T_74.8 ;
    %pushi/vec4 0, 0, 32;
    %assign/vec4 v000001b35667ab10_0, 0;
T_74.9 ;
T_74.7 ;
T_74.5 ;
T_74.3 ;
T_74.1 ;
    %load/vec4 v000001b3566786d0_0;
    %pad/u 32;
    %addi 3, 0, 32;
    %ix/vec4 4;
    %load/vec4a v000001b35667a430, 4;
    %load/vec4 v000001b3566786d0_0;
    %pad/u 32;
    %addi 2, 0, 32;
    %ix/vec4 4;
    %load/vec4a v000001b35667a430, 4;
    %concat/vec4; draw_concat_vec4
    %load/vec4 v000001b3566786d0_0;
    %pad/u 32;
    %addi 1, 0, 32;
    %ix/vec4 4;
    %load/vec4a v000001b35667a430, 4;
    %concat/vec4; draw_concat_vec4
    %load/vec4 v000001b3566786d0_0;
    %pad/u 18;
    %ix/vec4 4;
    %load/vec4a v000001b35667a430, 4;
    %concat/vec4; draw_concat_vec4
    %assign/vec4 v000001b356678d10_0, 0;
    %jmp T_74;
    .thread T_74;
    .scope S_000001b356684bd0;
T_75 ;
    %wait E_000001b3565dacb0;
    %load/vec4 v000001b356682bd0_0;
    %flag_set/vec4 8;
    %jmp/0xz  T_75.0, 8;
    %pushi/vec4 0, 0, 32;
    %assign/vec4 v000001b356682950_0, 0;
    %pushi/vec4 0, 0, 32;
    %assign/vec4 v000001b356682db0_0, 0;
    %pushi/vec4 0, 0, 32;
    %assign/vec4 v000001b3566828b0_0, 0;
    %jmp T_75.1;
T_75.0 ;
    %load/vec4 v000001b3566810f0_0;
    %assign/vec4 v000001b356682950_0, 0;
    %load/vec4 v000001b356682950_0;
    %assign/vec4 v000001b356682db0_0, 0;
    %load/vec4 v000001b356682db0_0;
    %assign/vec4 v000001b3566828b0_0, 0;
T_75.1 ;
    %jmp T_75;
    .thread T_75;
    .scope S_000001b356684bd0;
T_76 ;
    %wait E_000001b3565dacb0;
    %load/vec4 v000001b356682bd0_0;
    %flag_set/vec4 8;
    %jmp/0xz  T_76.0, 8;
    %pushi/vec4 0, 0, 32;
    %assign/vec4 v000001b356680510_0, 0;
    %pushi/vec4 0, 0, 32;
    %assign/vec4 v000001b3566805b0_0, 0;
    %pushi/vec4 0, 0, 32;
    %assign/vec4 v000001b356680b50_0, 0;
    %pushi/vec4 0, 0, 32;
    %assign/vec4 v000001b356680c90_0, 0;
    %pushi/vec4 0, 0, 32;
    %assign/vec4 v000001b356681cd0_0, 0;
    %jmp T_76.1;
T_76.0 ;
    %load/vec4 v000001b356682a90_0;
    %flag_set/vec4 8;
    %jmp/0xz  T_76.2, 8;
    %load/vec4 v000001b3566829f0_0;
    %dup/vec4;
    %pushi/vec4 1, 0, 4;
    %cmp/u;
    %jmp/1 T_76.4, 6;
    %dup/vec4;
    %pushi/vec4 2, 0, 4;
    %cmp/u;
    %jmp/1 T_76.5, 6;
    %dup/vec4;
    %pushi/vec4 3, 0, 4;
    %cmp/u;
    %jmp/1 T_76.6, 6;
    %dup/vec4;
    %pushi/vec4 4, 0, 4;
    %cmp/u;
    %jmp/1 T_76.7, 6;
    %dup/vec4;
    %pushi/vec4 5, 0, 4;
    %cmp/u;
    %jmp/1 T_76.8, 6;
    %dup/vec4;
    %pushi/vec4 6, 0, 4;
    %cmp/u;
    %jmp/1 T_76.9, 6;
    %dup/vec4;
    %pushi/vec4 7, 0, 4;
    %cmp/u;
    %jmp/1 T_76.10, 6;
    %jmp T_76.12;
T_76.4 ;
    %load/vec4 v000001b356680510_0;
    %load/vec4 v000001b3566805b0_0;
    %inv;
    %and;
    %load/vec4 v000001b356683210_0;
    %or;
    %assign/vec4 v000001b356680510_0, 0;
    %jmp T_76.12;
T_76.5 ;
    %load/vec4 v000001b356683170_0;
    %assign/vec4 v000001b3566805b0_0, 0;
    %jmp T_76.12;
T_76.6 ;
    %load/vec4 v000001b356680510_0;
    %load/vec4 v000001b356683210_0;
    %or;
    %assign/vec4 v000001b356680510_0, 0;
    %jmp T_76.12;
T_76.7 ;
    %load/vec4 v000001b356680510_0;
    %load/vec4 v000001b356683210_0;
    %inv;
    %and;
    %assign/vec4 v000001b356680510_0, 0;
    %jmp T_76.12;
T_76.8 ;
    %load/vec4 v000001b356683170_0;
    %assign/vec4 v000001b356680b50_0, 0;
    %jmp T_76.12;
T_76.9 ;
    %load/vec4 v000001b356683170_0;
    %assign/vec4 v000001b356680c90_0, 0;
    %jmp T_76.12;
T_76.10 ;
    %load/vec4 v000001b356683170_0;
    %assign/vec4 v000001b356681cd0_0, 0;
    %jmp T_76.12;
T_76.12 ;
    %pop/vec4 1;
T_76.2 ;
T_76.1 ;
    %jmp T_76;
    .thread T_76;
    .scope S_000001b356684bd0;
T_77 ;
    %wait E_000001b3565dacb0;
    %load/vec4 v000001b356682bd0_0;
    %flag_set/vec4 8;
    %jmp/0xz  T_77.0, 8;
    %pushi/vec4 0, 0, 32;
    %assign/vec4 v000001b356681e10_0, 0;
    %jmp T_77.1;
T_77.0 ;
    %load/vec4 v000001b356681e10_0;
    %load/vec4 v000001b356680e70_0;
    %inv;
    %and;
    %load/vec4 v000001b3566808d0_0;
    %or;
    %assign/vec4 v000001b356681e10_0, 0;
T_77.1 ;
    %jmp T_77;
    .thread T_77;
    .scope S_000001b356684bd0;
T_78 ;
    %wait E_000001b3565daab0;
    %load/vec4 v000001b356682e50_0;
    %dup/vec4;
    %pushi/vec4 0, 0, 4;
    %cmp/u;
    %jmp/1 T_78.0, 6;
    %dup/vec4;
    %pushi/vec4 1, 0, 4;
    %cmp/u;
    %jmp/1 T_78.1, 6;
    %dup/vec4;
    %pushi/vec4 2, 0, 4;
    %cmp/u;
    %jmp/1 T_78.2, 6;
    %dup/vec4;
    %pushi/vec4 5, 0, 4;
    %cmp/u;
    %jmp/1 T_78.3, 6;
    %dup/vec4;
    %pushi/vec4 6, 0, 4;
    %cmp/u;
    %jmp/1 T_78.4, 6;
    %dup/vec4;
    %pushi/vec4 7, 0, 4;
    %cmp/u;
    %jmp/1 T_78.5, 6;
    %dup/vec4;
    %pushi/vec4 8, 0, 4;
    %cmp/u;
    %jmp/1 T_78.6, 6;
    %pushi/vec4 0, 0, 32;
    %store/vec4 v000001b356683030_0, 0, 32;
    %jmp T_78.8;
T_78.0 ;
    %load/vec4 v000001b356682db0_0;
    %store/vec4 v000001b356683030_0, 0, 32;
    %jmp T_78.8;
T_78.1 ;
    %load/vec4 v000001b356680510_0;
    %store/vec4 v000001b356683030_0, 0, 32;
    %jmp T_78.8;
T_78.2 ;
    %load/vec4 v000001b3566805b0_0;
    %store/vec4 v000001b356683030_0, 0, 32;
    %jmp T_78.8;
T_78.3 ;
    %load/vec4 v000001b356680b50_0;
    %store/vec4 v000001b356683030_0, 0, 32;
    %jmp T_78.8;
T_78.4 ;
    %load/vec4 v000001b356680c90_0;
    %store/vec4 v000001b356683030_0, 0, 32;
    %jmp T_78.8;
T_78.5 ;
    %load/vec4 v000001b356681cd0_0;
    %store/vec4 v000001b356683030_0, 0, 32;
    %jmp T_78.8;
T_78.6 ;
    %load/vec4 v000001b356681e10_0;
    %store/vec4 v000001b356683030_0, 0, 32;
    %jmp T_78.8;
T_78.8 ;
    %pop/vec4 1;
    %jmp T_78;
    .thread T_78, $push;
    .scope S_000001b3566840e0;
T_79 ;
    %wait E_000001b3565dacb0;
    %load/vec4 v000001b35669fb20_0;
    %flag_set/vec4 8;
    %jmp/0xz  T_79.0, 8;
    %pushi/vec4 0, 0, 3;
    %assign/vec4 v000001b35669db40_0, 0;
    %jmp T_79.1;
T_79.0 ;
    %load/vec4 v000001b35669f1c0_0;
    %flag_set/vec4 8;
    %jmp/0xz  T_79.2, 8;
    %load/vec4 v000001b35669fa80_0;
    %assign/vec4 v000001b35669db40_0, 0;
T_79.2 ;
T_79.1 ;
    %jmp T_79;
    .thread T_79;
    .scope S_000001b3566840e0;
T_80 ;
    %wait E_000001b3565dacb0;
    %load/vec4 v000001b35669fb20_0;
    %flag_set/vec4 8;
    %jmp/0xz  T_80.0, 8;
    %pushi/vec4 0, 0, 3;
    %assign/vec4 v000001b3566a0de0_0, 0;
    %pushi/vec4 0, 0, 3;
    %assign/vec4 v000001b35669ecc0_0, 0;
    %pushi/vec4 0, 0, 4;
    %assign/vec4 v000001b35669e7c0_0, 0;
    %pushi/vec4 0, 0, 3;
    %assign/vec4 v000001b35669f760_0, 0;
    %pushi/vec4 0, 0, 3;
    %assign/vec4 v000001b35669fbc0_0, 0;
    %pushi/vec4 0, 0, 4;
    %assign/vec4 v000001b35669fee0_0, 0;
    %pushi/vec4 0, 0, 2;
    %assign/vec4 v000001b35669f9e0_0, 0;
    %pushi/vec4 0, 0, 16;
    %assign/vec4 v000001b35669f940_0, 0;
    %pushi/vec4 0, 0, 3;
    %assign/vec4 v000001b35669e860_0, 0;
    %pushi/vec4 0, 0, 8;
    %assign/vec4 v000001b35669ed60_0, 0;
    %pushi/vec4 1, 0, 1;
    %assign/vec4 v000001b35669eb80_0, 0;
    %pushi/vec4 0, 0, 2;
    %assign/vec4 v000001b35669e360_0, 0;
    %pushi/vec4 0, 0, 16;
    %assign/vec4 v000001b35669e180_0, 0;
    %pushi/vec4 0, 0, 3;
    %assign/vec4 v000001b35669f4e0_0, 0;
    %pushi/vec4 0, 0, 8;
    %assign/vec4 v000001b35669e2c0_0, 0;
    %pushi/vec4 1, 0, 1;
    %assign/vec4 v000001b3566a0200_0, 0;
    %pushi/vec4 1, 0, 1;
    %assign/vec4 v000001b35669fc60_0, 0;
    %jmp T_80.1;
T_80.0 ;
    %load/vec4 v000001b35669ff80_0;
    %assign/vec4 v000001b3566a0200_0, 0;
    %load/vec4 v000001b3566a0200_0;
    %assign/vec4 v000001b35669fc60_0, 0;
    %load/vec4 v000001b3566a1a60_0;
    %flag_set/vec4 9;
    %flag_get/vec4 9;
    %jmp/0 T_80.4, 9;
    %load/vec4 v000001b35669f800_0;
    %nor/r;
    %and;
T_80.4;
    %flag_set/vec4 8;
    %jmp/0xz  T_80.2, 8;
    %load/vec4 v000001b3566a19c0_0;
    %load/vec4 v000001b3566a0de0_0;
    %pad/u 5;
    %ix/vec4 3;
    %ix/load 4, 0, 0; Constant delay
    %assign/vec4/a/d v000001b3566a1c40, 0, 4;
    %load/vec4 v000001b3566a0de0_0;
    %addi 1, 0, 3;
    %assign/vec4 v000001b3566a0de0_0, 0;
T_80.2 ;
    %load/vec4 v000001b3566a1a60_0;
    %flag_set/vec4 10;
    %flag_get/vec4 10;
    %jmp/0 T_80.8, 10;
    %load/vec4 v000001b35669f800_0;
    %nor/r;
    %and;
T_80.8;
    %flag_set/vec4 9;
    %flag_get/vec4 9;
    %jmp/0 T_80.7, 9;
    %load/vec4 v000001b35669ec20_0;
    %nor/r;
    %and;
T_80.7;
    %flag_set/vec4 8;
    %jmp/0xz  T_80.5, 8;
    %load/vec4 v000001b35669e7c0_0;
    %addi 1, 0, 4;
    %assign/vec4 v000001b35669e7c0_0, 0;
    %jmp T_80.6;
T_80.5 ;
    %load/vec4 v000001b3566a1a60_0;
    %flag_set/vec4 10;
    %flag_get/vec4 10;
    %jmp/0 T_80.12, 10;
    %load/vec4 v000001b35669f800_0;
    %nor/r;
    %and;
T_80.12;
    %nor/r;
    %flag_set/vec4 9;
    %flag_get/vec4 9;
    %jmp/0 T_80.11, 9;
    %load/vec4 v000001b35669ec20_0;
    %and;
T_80.11;
    %flag_set/vec4 8;
    %jmp/0xz  T_80.9, 8;
    %load/vec4 v000001b35669e7c0_0;
    %subi 1, 0, 4;
    %assign/vec4 v000001b35669e7c0_0, 0;
T_80.9 ;
T_80.6 ;
    %load/vec4 v000001b35669f9e0_0;
    %dup/vec4;
    %pushi/vec4 0, 0, 2;
    %cmp/u;
    %jmp/1 T_80.13, 6;
    %dup/vec4;
    %pushi/vec4 1, 0, 2;
    %cmp/u;
    %jmp/1 T_80.14, 6;
    %dup/vec4;
    %pushi/vec4 2, 0, 2;
    %cmp/u;
    %jmp/1 T_80.15, 6;
    %dup/vec4;
    %pushi/vec4 3, 0, 2;
    %cmp/u;
    %jmp/1 T_80.16, 6;
    %jmp T_80.17;
T_80.13 ;
    %pushi/vec4 1, 0, 1;
    %assign/vec4 v000001b35669eb80_0, 0;
    %pushi/vec4 0, 0, 16;
    %assign/vec4 v000001b35669f940_0, 0;
    %pushi/vec4 0, 0, 3;
    %assign/vec4 v000001b35669e860_0, 0;
    %load/vec4 v000001b35669f6c0_0;
    %nor/r;
    %flag_set/vec4 8;
    %jmp/0xz  T_80.18, 8;
    %load/vec4 v000001b35669ecc0_0;
    %pad/u 5;
    %ix/vec4 4;
    %load/vec4a v000001b3566a1c40, 4;
    %assign/vec4 v000001b35669ed60_0, 0;
    %load/vec4 v000001b35669ecc0_0;
    %addi 1, 0, 3;
    %assign/vec4 v000001b35669ecc0_0, 0;
    %pushi/vec4 1, 0, 2;
    %assign/vec4 v000001b35669f9e0_0, 0;
T_80.18 ;
    %jmp T_80.17;
T_80.14 ;
    %pushi/vec4 0, 0, 1;
    %assign/vec4 v000001b35669eb80_0, 0;
    %load/vec4 v000001b35669f940_0;
    %pad/u 32;
    %cmpi/e 7, 0, 32;
    %jmp/0xz  T_80.20, 4;
    %pushi/vec4 0, 0, 16;
    %assign/vec4 v000001b35669f940_0, 0;
    %pushi/vec4 2, 0, 2;
    %assign/vec4 v000001b35669f9e0_0, 0;
    %jmp T_80.21;
T_80.20 ;
    %load/vec4 v000001b35669f940_0;
    %addi 1, 0, 16;
    %assign/vec4 v000001b35669f940_0, 0;
T_80.21 ;
    %jmp T_80.17;
T_80.15 ;
    %load/vec4 v000001b35669ed60_0;
    %load/vec4 v000001b35669e860_0;
    %part/u 1;
    %assign/vec4 v000001b35669eb80_0, 0;
    %load/vec4 v000001b35669f940_0;
    %pad/u 32;
    %cmpi/e 7, 0, 32;
    %jmp/0xz  T_80.22, 4;
    %pushi/vec4 0, 0, 16;
    %assign/vec4 v000001b35669f940_0, 0;
    %load/vec4 v000001b35669e860_0;
    %cmpi/e 7, 0, 3;
    %jmp/0xz  T_80.24, 4;
    %pushi/vec4 3, 0, 2;
    %assign/vec4 v000001b35669f9e0_0, 0;
    %jmp T_80.25;
T_80.24 ;
    %load/vec4 v000001b35669e860_0;
    %addi 1, 0, 3;
    %assign/vec4 v000001b35669e860_0, 0;
T_80.25 ;
    %jmp T_80.23;
T_80.22 ;
    %load/vec4 v000001b35669f940_0;
    %addi 1, 0, 16;
    %assign/vec4 v000001b35669f940_0, 0;
T_80.23 ;
    %jmp T_80.17;
T_80.16 ;
    %pushi/vec4 1, 0, 1;
    %assign/vec4 v000001b35669eb80_0, 0;
    %load/vec4 v000001b35669f940_0;
    %pad/u 32;
    %cmpi/e 7, 0, 32;
    %jmp/0xz  T_80.26, 4;
    %pushi/vec4 0, 0, 16;
    %assign/vec4 v000001b35669f940_0, 0;
    %pushi/vec4 0, 0, 2;
    %assign/vec4 v000001b35669f9e0_0, 0;
    %jmp T_80.27;
T_80.26 ;
    %load/vec4 v000001b35669f940_0;
    %addi 1, 0, 16;
    %assign/vec4 v000001b35669f940_0, 0;
T_80.27 ;
    %jmp T_80.17;
T_80.17 ;
    %pop/vec4 1;
    %load/vec4 v000001b35669e360_0;
    %dup/vec4;
    %pushi/vec4 0, 0, 2;
    %cmp/u;
    %jmp/1 T_80.28, 6;
    %dup/vec4;
    %pushi/vec4 1, 0, 2;
    %cmp/u;
    %jmp/1 T_80.29, 6;
    %dup/vec4;
    %pushi/vec4 2, 0, 2;
    %cmp/u;
    %jmp/1 T_80.30, 6;
    %dup/vec4;
    %pushi/vec4 3, 0, 2;
    %cmp/u;
    %jmp/1 T_80.31, 6;
    %jmp T_80.32;
T_80.28 ;
    %pushi/vec4 0, 0, 16;
    %assign/vec4 v000001b35669e180_0, 0;
    %pushi/vec4 0, 0, 3;
    %assign/vec4 v000001b35669f4e0_0, 0;
    %load/vec4 v000001b35669fc60_0;
    %cmpi/e 0, 0, 1;
    %jmp/0xz  T_80.33, 4;
    %pushi/vec4 1, 0, 2;
    %assign/vec4 v000001b35669e360_0, 0;
T_80.33 ;
    %jmp T_80.32;
T_80.29 ;
    %load/vec4 v000001b35669e180_0;
    %pad/u 32;
    %cmpi/e 3, 0, 32;
    %jmp/0xz  T_80.35, 4;
    %pushi/vec4 0, 0, 16;
    %assign/vec4 v000001b35669e180_0, 0;
    %load/vec4 v000001b35669fc60_0;
    %cmpi/e 0, 0, 1;
    %jmp/0xz  T_80.37, 4;
    %pushi/vec4 2, 0, 2;
    %assign/vec4 v000001b35669e360_0, 0;
    %jmp T_80.38;
T_80.37 ;
    %pushi/vec4 0, 0, 2;
    %assign/vec4 v000001b35669e360_0, 0;
T_80.38 ;
    %jmp T_80.36;
T_80.35 ;
    %load/vec4 v000001b35669e180_0;
    %addi 1, 0, 16;
    %assign/vec4 v000001b35669e180_0, 0;
T_80.36 ;
    %jmp T_80.32;
T_80.30 ;
    %load/vec4 v000001b35669e180_0;
    %pad/u 32;
    %cmpi/e 7, 0, 32;
    %jmp/0xz  T_80.39, 4;
    %pushi/vec4 0, 0, 16;
    %assign/vec4 v000001b35669e180_0, 0;
    %load/vec4 v000001b35669fc60_0;
    %ix/load 5, 0, 0;
    %ix/getv 4, v000001b35669f4e0_0;
    %assign/vec4/off/d v000001b35669e2c0_0, 4, 5;
    %load/vec4 v000001b35669f4e0_0;
    %cmpi/e 7, 0, 3;
    %jmp/0xz  T_80.41, 4;
    %pushi/vec4 3, 0, 2;
    %assign/vec4 v000001b35669e360_0, 0;
    %jmp T_80.42;
T_80.41 ;
    %load/vec4 v000001b35669f4e0_0;
    %addi 1, 0, 3;
    %assign/vec4 v000001b35669f4e0_0, 0;
T_80.42 ;
    %jmp T_80.40;
T_80.39 ;
    %load/vec4 v000001b35669e180_0;
    %addi 1, 0, 16;
    %assign/vec4 v000001b35669e180_0, 0;
T_80.40 ;
    %jmp T_80.32;
T_80.31 ;
    %load/vec4 v000001b35669e180_0;
    %pad/u 32;
    %cmpi/e 7, 0, 32;
    %jmp/0xz  T_80.43, 4;
    %pushi/vec4 0, 0, 16;
    %assign/vec4 v000001b35669e180_0, 0;
    %pushi/vec4 0, 0, 2;
    %assign/vec4 v000001b35669e360_0, 0;
    %jmp T_80.44;
T_80.43 ;
    %load/vec4 v000001b35669e180_0;
    %addi 1, 0, 16;
    %assign/vec4 v000001b35669e180_0, 0;
T_80.44 ;
    %jmp T_80.32;
T_80.32 ;
    %pop/vec4 1;
    %load/vec4 v000001b35669e680_0;
    %flag_set/vec4 8;
    %jmp/0xz  T_80.45, 8;
    %load/vec4 v000001b35669e2c0_0;
    %load/vec4 v000001b35669f760_0;
    %pad/u 5;
    %ix/vec4 3;
    %ix/load 4, 0, 0; Constant delay
    %assign/vec4/a/d v000001b35669e4a0, 0, 4;
    %load/vec4 v000001b35669f760_0;
    %addi 1, 0, 3;
    %assign/vec4 v000001b35669f760_0, 0;
T_80.45 ;
    %load/vec4 v000001b35669e680_0;
    %flag_set/vec4 9;
    %flag_get/vec4 9;
    %jmp/0 T_80.49, 9;
    %load/vec4 v000001b35669f260_0;
    %flag_set/vec4 9;
    %flag_get/vec4 9;
    %jmp/0 T_80.50, 9;
    %load/vec4 v000001b35669e220_0;
    %nor/r;
    %and;
T_80.50;
    %nor/r;
    %and;
T_80.49;
    %flag_set/vec4 8;
    %jmp/0xz  T_80.47, 8;
    %load/vec4 v000001b35669fee0_0;
    %addi 1, 0, 4;
    %assign/vec4 v000001b35669fee0_0, 0;
    %jmp T_80.48;
T_80.47 ;
    %load/vec4 v000001b35669e680_0;
    %nor/r;
    %flag_set/vec4 9;
    %flag_get/vec4 9;
    %jmp/0 T_80.53, 9;
    %load/vec4 v000001b35669f260_0;
    %flag_set/vec4 9;
    %flag_get/vec4 9;
    %jmp/0 T_80.54, 9;
    %load/vec4 v000001b35669e220_0;
    %nor/r;
    %and;
T_80.54;
    %and;
T_80.53;
    %flag_set/vec4 8;
    %jmp/0xz  T_80.51, 8;
    %load/vec4 v000001b35669fee0_0;
    %subi 1, 0, 4;
    %assign/vec4 v000001b35669fee0_0, 0;
T_80.51 ;
T_80.48 ;
    %load/vec4 v000001b35669f260_0;
    %flag_set/vec4 9;
    %flag_get/vec4 9;
    %jmp/0 T_80.57, 9;
    %load/vec4 v000001b35669e220_0;
    %nor/r;
    %and;
T_80.57;
    %flag_set/vec4 8;
    %jmp/0xz  T_80.55, 8;
    %load/vec4 v000001b35669fbc0_0;
    %addi 1, 0, 3;
    %assign/vec4 v000001b35669fbc0_0, 0;
T_80.55 ;
T_80.1 ;
    %jmp T_80;
    .thread T_80;
    .scope S_000001b356684d60;
T_81 ;
    %wait E_000001b3565dacb0;
    %load/vec4 v000001b3566a03e0_0;
    %flag_set/vec4 8;
    %jmp/0xz  T_81.0, 8;
    %pushi/vec4 0, 0, 3;
    %assign/vec4 v000001b3566a0520_0, 0;
    %jmp T_81.1;
T_81.0 ;
    %load/vec4 v000001b3566a1240_0;
    %flag_set/vec4 8;
    %jmp/0xz  T_81.2, 8;
    %load/vec4 v000001b3566a11a0_0;
    %assign/vec4 v000001b3566a0520_0, 0;
T_81.2 ;
T_81.1 ;
    %jmp T_81;
    .thread T_81;
    .scope S_000001b356684d60;
T_82 ;
    %wait E_000001b3565dacb0;
    %load/vec4 v000001b3566a03e0_0;
    %flag_set/vec4 8;
    %jmp/0xz  T_82.0, 8;
    %pushi/vec4 0, 0, 3;
    %assign/vec4 v000001b3566a4e40_0, 0;
    %pushi/vec4 0, 0, 3;
    %assign/vec4 v000001b3566a4300_0, 0;
    %pushi/vec4 0, 0, 4;
    %assign/vec4 v000001b3566a3f40_0, 0;
    %pushi/vec4 0, 0, 3;
    %assign/vec4 v000001b3566a3e00_0, 0;
    %pushi/vec4 0, 0, 3;
    %assign/vec4 v000001b3566a1600_0, 0;
    %pushi/vec4 0, 0, 4;
    %assign/vec4 v000001b3566a23c0_0, 0;
    %pushi/vec4 0, 0, 2;
    %assign/vec4 v000001b3566a4800_0, 0;
    %pushi/vec4 0, 0, 16;
    %assign/vec4 v000001b3566a4da0_0, 0;
    %pushi/vec4 0, 0, 3;
    %assign/vec4 v000001b3566a34a0_0, 0;
    %pushi/vec4 0, 0, 8;
    %assign/vec4 v000001b3566a4d00_0, 0;
    %pushi/vec4 1, 0, 1;
    %assign/vec4 v000001b3566a4a80_0, 0;
    %pushi/vec4 0, 0, 2;
    %assign/vec4 v000001b3566a4c60_0, 0;
    %pushi/vec4 0, 0, 16;
    %assign/vec4 v000001b3566a1560_0, 0;
    %pushi/vec4 0, 0, 3;
    %assign/vec4 v000001b3566a0480_0, 0;
    %pushi/vec4 0, 0, 8;
    %assign/vec4 v000001b3566a43a0_0, 0;
    %pushi/vec4 1, 0, 1;
    %assign/vec4 v000001b3566a1740_0, 0;
    %pushi/vec4 1, 0, 1;
    %assign/vec4 v000001b3566a1880_0, 0;
    %jmp T_82.1;
T_82.0 ;
    %load/vec4 v000001b3566a14c0_0;
    %assign/vec4 v000001b3566a1740_0, 0;
    %load/vec4 v000001b3566a1740_0;
    %assign/vec4 v000001b3566a1880_0, 0;
    %load/vec4 v000001b3566a5160_0;
    %flag_set/vec4 9;
    %flag_get/vec4 9;
    %jmp/0 T_82.4, 9;
    %load/vec4 v000001b3566a3ea0_0;
    %nor/r;
    %and;
T_82.4;
    %flag_set/vec4 8;
    %jmp/0xz  T_82.2, 8;
    %load/vec4 v000001b3566a4580_0;
    %load/vec4 v000001b3566a4e40_0;
    %pad/u 5;
    %ix/vec4 3;
    %ix/load 4, 0, 0; Constant delay
    %assign/vec4/a/d v000001b3566a4b20, 0, 4;
    %load/vec4 v000001b3566a4e40_0;
    %addi 1, 0, 3;
    %assign/vec4 v000001b3566a4e40_0, 0;
T_82.2 ;
    %load/vec4 v000001b3566a5160_0;
    %flag_set/vec4 10;
    %flag_get/vec4 10;
    %jmp/0 T_82.8, 10;
    %load/vec4 v000001b3566a3ea0_0;
    %nor/r;
    %and;
T_82.8;
    %flag_set/vec4 9;
    %flag_get/vec4 9;
    %jmp/0 T_82.7, 9;
    %load/vec4 v000001b3566a3540_0;
    %nor/r;
    %and;
T_82.7;
    %flag_set/vec4 8;
    %jmp/0xz  T_82.5, 8;
    %load/vec4 v000001b3566a3f40_0;
    %addi 1, 0, 4;
    %assign/vec4 v000001b3566a3f40_0, 0;
    %jmp T_82.6;
T_82.5 ;
    %load/vec4 v000001b3566a5160_0;
    %flag_set/vec4 10;
    %flag_get/vec4 10;
    %jmp/0 T_82.12, 10;
    %load/vec4 v000001b3566a3ea0_0;
    %nor/r;
    %and;
T_82.12;
    %nor/r;
    %flag_set/vec4 9;
    %flag_get/vec4 9;
    %jmp/0 T_82.11, 9;
    %load/vec4 v000001b3566a3540_0;
    %and;
T_82.11;
    %flag_set/vec4 8;
    %jmp/0xz  T_82.9, 8;
    %load/vec4 v000001b3566a3f40_0;
    %subi 1, 0, 4;
    %assign/vec4 v000001b3566a3f40_0, 0;
T_82.9 ;
T_82.6 ;
    %load/vec4 v000001b3566a4800_0;
    %dup/vec4;
    %pushi/vec4 0, 0, 2;
    %cmp/u;
    %jmp/1 T_82.13, 6;
    %dup/vec4;
    %pushi/vec4 1, 0, 2;
    %cmp/u;
    %jmp/1 T_82.14, 6;
    %dup/vec4;
    %pushi/vec4 2, 0, 2;
    %cmp/u;
    %jmp/1 T_82.15, 6;
    %dup/vec4;
    %pushi/vec4 3, 0, 2;
    %cmp/u;
    %jmp/1 T_82.16, 6;
    %jmp T_82.17;
T_82.13 ;
    %pushi/vec4 1, 0, 1;
    %assign/vec4 v000001b3566a4a80_0, 0;
    %pushi/vec4 0, 0, 16;
    %assign/vec4 v000001b3566a4da0_0, 0;
    %pushi/vec4 0, 0, 3;
    %assign/vec4 v000001b3566a34a0_0, 0;
    %load/vec4 v000001b3566a2be0_0;
    %nor/r;
    %flag_set/vec4 8;
    %jmp/0xz  T_82.18, 8;
    %load/vec4 v000001b3566a4300_0;
    %pad/u 5;
    %ix/vec4 4;
    %load/vec4a v000001b3566a4b20, 4;
    %assign/vec4 v000001b3566a4d00_0, 0;
    %load/vec4 v000001b3566a4300_0;
    %addi 1, 0, 3;
    %assign/vec4 v000001b3566a4300_0, 0;
    %pushi/vec4 1, 0, 2;
    %assign/vec4 v000001b3566a4800_0, 0;
T_82.18 ;
    %jmp T_82.17;
T_82.14 ;
    %pushi/vec4 0, 0, 1;
    %assign/vec4 v000001b3566a4a80_0, 0;
    %load/vec4 v000001b3566a4da0_0;
    %pad/u 32;
    %cmpi/e 7, 0, 32;
    %jmp/0xz  T_82.20, 4;
    %pushi/vec4 0, 0, 16;
    %assign/vec4 v000001b3566a4da0_0, 0;
    %pushi/vec4 2, 0, 2;
    %assign/vec4 v000001b3566a4800_0, 0;
    %jmp T_82.21;
T_82.20 ;
    %load/vec4 v000001b3566a4da0_0;
    %addi 1, 0, 16;
    %assign/vec4 v000001b3566a4da0_0, 0;
T_82.21 ;
    %jmp T_82.17;
T_82.15 ;
    %load/vec4 v000001b3566a4d00_0;
    %load/vec4 v000001b3566a34a0_0;
    %part/u 1;
    %assign/vec4 v000001b3566a4a80_0, 0;
    %load/vec4 v000001b3566a4da0_0;
    %pad/u 32;
    %cmpi/e 7, 0, 32;
    %jmp/0xz  T_82.22, 4;
    %pushi/vec4 0, 0, 16;
    %assign/vec4 v000001b3566a4da0_0, 0;
    %load/vec4 v000001b3566a34a0_0;
    %cmpi/e 7, 0, 3;
    %jmp/0xz  T_82.24, 4;
    %pushi/vec4 3, 0, 2;
    %assign/vec4 v000001b3566a4800_0, 0;
    %jmp T_82.25;
T_82.24 ;
    %load/vec4 v000001b3566a34a0_0;
    %addi 1, 0, 3;
    %assign/vec4 v000001b3566a34a0_0, 0;
T_82.25 ;
    %jmp T_82.23;
T_82.22 ;
    %load/vec4 v000001b3566a4da0_0;
    %addi 1, 0, 16;
    %assign/vec4 v000001b3566a4da0_0, 0;
T_82.23 ;
    %jmp T_82.17;
T_82.16 ;
    %pushi/vec4 1, 0, 1;
    %assign/vec4 v000001b3566a4a80_0, 0;
    %load/vec4 v000001b3566a4da0_0;
    %pad/u 32;
    %cmpi/e 7, 0, 32;
    %jmp/0xz  T_82.26, 4;
    %pushi/vec4 0, 0, 16;
    %assign/vec4 v000001b3566a4da0_0, 0;
    %pushi/vec4 0, 0, 2;
    %assign/vec4 v000001b3566a4800_0, 0;
    %jmp T_82.27;
T_82.26 ;
    %load/vec4 v000001b3566a4da0_0;
    %addi 1, 0, 16;
    %assign/vec4 v000001b3566a4da0_0, 0;
T_82.27 ;
    %jmp T_82.17;
T_82.17 ;
    %pop/vec4 1;
    %load/vec4 v000001b3566a4c60_0;
    %dup/vec4;
    %pushi/vec4 0, 0, 2;
    %cmp/u;
    %jmp/1 T_82.28, 6;
    %dup/vec4;
    %pushi/vec4 1, 0, 2;
    %cmp/u;
    %jmp/1 T_82.29, 6;
    %dup/vec4;
    %pushi/vec4 2, 0, 2;
    %cmp/u;
    %jmp/1 T_82.30, 6;
    %dup/vec4;
    %pushi/vec4 3, 0, 2;
    %cmp/u;
    %jmp/1 T_82.31, 6;
    %jmp T_82.32;
T_82.28 ;
    %pushi/vec4 0, 0, 16;
    %assign/vec4 v000001b3566a1560_0, 0;
    %pushi/vec4 0, 0, 3;
    %assign/vec4 v000001b3566a0480_0, 0;
    %load/vec4 v000001b3566a1880_0;
    %cmpi/e 0, 0, 1;
    %jmp/0xz  T_82.33, 4;
    %pushi/vec4 1, 0, 2;
    %assign/vec4 v000001b3566a4c60_0, 0;
T_82.33 ;
    %jmp T_82.32;
T_82.29 ;
    %load/vec4 v000001b3566a1560_0;
    %pad/u 32;
    %cmpi/e 3, 0, 32;
    %jmp/0xz  T_82.35, 4;
    %pushi/vec4 0, 0, 16;
    %assign/vec4 v000001b3566a1560_0, 0;
    %load/vec4 v000001b3566a1880_0;
    %cmpi/e 0, 0, 1;
    %jmp/0xz  T_82.37, 4;
    %pushi/vec4 2, 0, 2;
    %assign/vec4 v000001b3566a4c60_0, 0;
    %jmp T_82.38;
T_82.37 ;
    %pushi/vec4 0, 0, 2;
    %assign/vec4 v000001b3566a4c60_0, 0;
T_82.38 ;
    %jmp T_82.36;
T_82.35 ;
    %load/vec4 v000001b3566a1560_0;
    %addi 1, 0, 16;
    %assign/vec4 v000001b3566a1560_0, 0;
T_82.36 ;
    %jmp T_82.32;
T_82.30 ;
    %load/vec4 v000001b3566a1560_0;
    %pad/u 32;
    %cmpi/e 7, 0, 32;
    %jmp/0xz  T_82.39, 4;
    %pushi/vec4 0, 0, 16;
    %assign/vec4 v000001b3566a1560_0, 0;
    %load/vec4 v000001b3566a1880_0;
    %ix/load 5, 0, 0;
    %ix/getv 4, v000001b3566a0480_0;
    %assign/vec4/off/d v000001b3566a43a0_0, 4, 5;
    %load/vec4 v000001b3566a0480_0;
    %cmpi/e 7, 0, 3;
    %jmp/0xz  T_82.41, 4;
    %pushi/vec4 3, 0, 2;
    %assign/vec4 v000001b3566a4c60_0, 0;
    %jmp T_82.42;
T_82.41 ;
    %load/vec4 v000001b3566a0480_0;
    %addi 1, 0, 3;
    %assign/vec4 v000001b3566a0480_0, 0;
T_82.42 ;
    %jmp T_82.40;
T_82.39 ;
    %load/vec4 v000001b3566a1560_0;
    %addi 1, 0, 16;
    %assign/vec4 v000001b3566a1560_0, 0;
T_82.40 ;
    %jmp T_82.32;
T_82.31 ;
    %load/vec4 v000001b3566a1560_0;
    %pad/u 32;
    %cmpi/e 7, 0, 32;
    %jmp/0xz  T_82.43, 4;
    %pushi/vec4 0, 0, 16;
    %assign/vec4 v000001b3566a1560_0, 0;
    %pushi/vec4 0, 0, 2;
    %assign/vec4 v000001b3566a4c60_0, 0;
    %jmp T_82.44;
T_82.43 ;
    %load/vec4 v000001b3566a1560_0;
    %addi 1, 0, 16;
    %assign/vec4 v000001b3566a1560_0, 0;
T_82.44 ;
    %jmp T_82.32;
T_82.32 ;
    %pop/vec4 1;
    %load/vec4 v000001b3566a0ac0_0;
    %flag_set/vec4 8;
    %jmp/0xz  T_82.45, 8;
    %load/vec4 v000001b3566a43a0_0;
    %load/vec4 v000001b3566a3e00_0;
    %pad/u 5;
    %ix/vec4 3;
    %ix/load 4, 0, 0; Constant delay
    %assign/vec4/a/d v000001b3566a2e60, 0, 4;
    %load/vec4 v000001b3566a3e00_0;
    %addi 1, 0, 3;
    %assign/vec4 v000001b3566a3e00_0, 0;
T_82.45 ;
    %load/vec4 v000001b3566a0ac0_0;
    %flag_set/vec4 9;
    %flag_get/vec4 9;
    %jmp/0 T_82.49, 9;
    %load/vec4 v000001b3566a12e0_0;
    %flag_set/vec4 9;
    %flag_get/vec4 9;
    %jmp/0 T_82.50, 9;
    %load/vec4 v000001b3566a16a0_0;
    %nor/r;
    %and;
T_82.50;
    %nor/r;
    %and;
T_82.49;
    %flag_set/vec4 8;
    %jmp/0xz  T_82.47, 8;
    %load/vec4 v000001b3566a23c0_0;
    %addi 1, 0, 4;
    %assign/vec4 v000001b3566a23c0_0, 0;
    %jmp T_82.48;
T_82.47 ;
    %load/vec4 v000001b3566a0ac0_0;
    %nor/r;
    %flag_set/vec4 9;
    %flag_get/vec4 9;
    %jmp/0 T_82.53, 9;
    %load/vec4 v000001b3566a12e0_0;
    %flag_set/vec4 9;
    %flag_get/vec4 9;
    %jmp/0 T_82.54, 9;
    %load/vec4 v000001b3566a16a0_0;
    %nor/r;
    %and;
T_82.54;
    %and;
T_82.53;
    %flag_set/vec4 8;
    %jmp/0xz  T_82.51, 8;
    %load/vec4 v000001b3566a23c0_0;
    %subi 1, 0, 4;
    %assign/vec4 v000001b3566a23c0_0, 0;
T_82.51 ;
T_82.48 ;
    %load/vec4 v000001b3566a12e0_0;
    %flag_set/vec4 9;
    %flag_get/vec4 9;
    %jmp/0 T_82.57, 9;
    %load/vec4 v000001b3566a16a0_0;
    %nor/r;
    %and;
T_82.57;
    %flag_set/vec4 8;
    %jmp/0xz  T_82.55, 8;
    %load/vec4 v000001b3566a1600_0;
    %addi 1, 0, 3;
    %assign/vec4 v000001b3566a1600_0, 0;
T_82.55 ;
T_82.1 ;
    %jmp T_82;
    .thread T_82;
    .scope S_000001b356685850;
T_83 ;
    %wait E_000001b3565dacb0;
    %load/vec4 v000001b3566a5520_0;
    %flag_set/vec4 8;
    %jmp/0xz  T_83.0, 8;
    %pushi/vec4 0, 0, 3;
    %assign/vec4 v000001b3566a3860_0, 0;
    %jmp T_83.1;
T_83.0 ;
    %load/vec4 v000001b3566a7280_0;
    %flag_set/vec4 8;
    %jmp/0xz  T_83.2, 8;
    %load/vec4 v000001b3566a3d60_0;
    %assign/vec4 v000001b3566a3860_0, 0;
T_83.2 ;
T_83.1 ;
    %jmp T_83;
    .thread T_83;
    .scope S_000001b356685850;
T_84 ;
    %wait E_000001b3565dacb0;
    %load/vec4 v000001b3566a5520_0;
    %flag_set/vec4 8;
    %jmp/0xz  T_84.0, 8;
    %pushi/vec4 0, 0, 3;
    %assign/vec4 v000001b3566a5a20_0, 0;
    %pushi/vec4 0, 0, 3;
    %assign/vec4 v000001b3566a6ce0_0, 0;
    %pushi/vec4 0, 0, 4;
    %assign/vec4 v000001b3566a7a00_0, 0;
    %pushi/vec4 0, 0, 3;
    %assign/vec4 v000001b3566a6600_0, 0;
    %pushi/vec4 0, 0, 3;
    %assign/vec4 v000001b3566a5fc0_0, 0;
    %pushi/vec4 0, 0, 4;
    %assign/vec4 v000001b3566a7320_0, 0;
    %pushi/vec4 0, 0, 2;
    %assign/vec4 v000001b3566a57a0_0, 0;
    %pushi/vec4 0, 0, 16;
    %assign/vec4 v000001b3566a55c0_0, 0;
    %pushi/vec4 0, 0, 3;
    %assign/vec4 v000001b3566a5c00_0, 0;
    %pushi/vec4 0, 0, 8;
    %assign/vec4 v000001b3566a69c0_0, 0;
    %pushi/vec4 1, 0, 1;
    %assign/vec4 v000001b3566a5700_0, 0;
    %pushi/vec4 0, 0, 2;
    %assign/vec4 v000001b3566a78c0_0, 0;
    %pushi/vec4 0, 0, 16;
    %assign/vec4 v000001b3566a6380_0, 0;
    %pushi/vec4 0, 0, 3;
    %assign/vec4 v000001b3566a66a0_0, 0;
    %pushi/vec4 0, 0, 8;
    %assign/vec4 v000001b3566a7820_0, 0;
    %pushi/vec4 1, 0, 1;
    %assign/vec4 v000001b3566a6c40_0, 0;
    %pushi/vec4 1, 0, 1;
    %assign/vec4 v000001b3566a7960_0, 0;
    %jmp T_84.1;
T_84.0 ;
    %load/vec4 v000001b3566a5f20_0;
    %assign/vec4 v000001b3566a6c40_0, 0;
    %load/vec4 v000001b3566a6c40_0;
    %assign/vec4 v000001b3566a7960_0, 0;
    %load/vec4 v000001b3566a53e0_0;
    %flag_set/vec4 9;
    %flag_get/vec4 9;
    %jmp/0 T_84.4, 9;
    %load/vec4 v000001b3566a5980_0;
    %nor/r;
    %and;
T_84.4;
    %flag_set/vec4 8;
    %jmp/0xz  T_84.2, 8;
    %load/vec4 v000001b3566a5660_0;
    %load/vec4 v000001b3566a5a20_0;
    %pad/u 5;
    %ix/vec4 3;
    %ix/load 4, 0, 0; Constant delay
    %assign/vec4/a/d v000001b3566a6b00, 0, 4;
    %load/vec4 v000001b3566a5a20_0;
    %addi 1, 0, 3;
    %assign/vec4 v000001b3566a5a20_0, 0;
T_84.2 ;
    %load/vec4 v000001b3566a53e0_0;
    %flag_set/vec4 10;
    %flag_get/vec4 10;
    %jmp/0 T_84.8, 10;
    %load/vec4 v000001b3566a5980_0;
    %nor/r;
    %and;
T_84.8;
    %flag_set/vec4 9;
    %flag_get/vec4 9;
    %jmp/0 T_84.7, 9;
    %load/vec4 v000001b3566a5b60_0;
    %nor/r;
    %and;
T_84.7;
    %flag_set/vec4 8;
    %jmp/0xz  T_84.5, 8;
    %load/vec4 v000001b3566a7a00_0;
    %addi 1, 0, 4;
    %assign/vec4 v000001b3566a7a00_0, 0;
    %jmp T_84.6;
T_84.5 ;
    %load/vec4 v000001b3566a53e0_0;
    %flag_set/vec4 10;
    %flag_get/vec4 10;
    %jmp/0 T_84.12, 10;
    %load/vec4 v000001b3566a5980_0;
    %nor/r;
    %and;
T_84.12;
    %nor/r;
    %flag_set/vec4 9;
    %flag_get/vec4 9;
    %jmp/0 T_84.11, 9;
    %load/vec4 v000001b3566a5b60_0;
    %and;
T_84.11;
    %flag_set/vec4 8;
    %jmp/0xz  T_84.9, 8;
    %load/vec4 v000001b3566a7a00_0;
    %subi 1, 0, 4;
    %assign/vec4 v000001b3566a7a00_0, 0;
T_84.9 ;
T_84.6 ;
    %load/vec4 v000001b3566a57a0_0;
    %dup/vec4;
    %pushi/vec4 0, 0, 2;
    %cmp/u;
    %jmp/1 T_84.13, 6;
    %dup/vec4;
    %pushi/vec4 1, 0, 2;
    %cmp/u;
    %jmp/1 T_84.14, 6;
    %dup/vec4;
    %pushi/vec4 2, 0, 2;
    %cmp/u;
    %jmp/1 T_84.15, 6;
    %dup/vec4;
    %pushi/vec4 3, 0, 2;
    %cmp/u;
    %jmp/1 T_84.16, 6;
    %jmp T_84.17;
T_84.13 ;
    %pushi/vec4 1, 0, 1;
    %assign/vec4 v000001b3566a5700_0, 0;
    %pushi/vec4 0, 0, 16;
    %assign/vec4 v000001b3566a55c0_0, 0;
    %pushi/vec4 0, 0, 3;
    %assign/vec4 v000001b3566a5c00_0, 0;
    %load/vec4 v000001b3566a5340_0;
    %nor/r;
    %flag_set/vec4 8;
    %jmp/0xz  T_84.18, 8;
    %load/vec4 v000001b3566a6ce0_0;
    %pad/u 5;
    %ix/vec4 4;
    %load/vec4a v000001b3566a6b00, 4;
    %assign/vec4 v000001b3566a69c0_0, 0;
    %load/vec4 v000001b3566a6ce0_0;
    %addi 1, 0, 3;
    %assign/vec4 v000001b3566a6ce0_0, 0;
    %pushi/vec4 1, 0, 2;
    %assign/vec4 v000001b3566a57a0_0, 0;
T_84.18 ;
    %jmp T_84.17;
T_84.14 ;
    %pushi/vec4 0, 0, 1;
    %assign/vec4 v000001b3566a5700_0, 0;
    %load/vec4 v000001b3566a55c0_0;
    %pad/u 32;
    %cmpi/e 7, 0, 32;
    %jmp/0xz  T_84.20, 4;
    %pushi/vec4 0, 0, 16;
    %assign/vec4 v000001b3566a55c0_0, 0;
    %pushi/vec4 2, 0, 2;
    %assign/vec4 v000001b3566a57a0_0, 0;
    %jmp T_84.21;
T_84.20 ;
    %load/vec4 v000001b3566a55c0_0;
    %addi 1, 0, 16;
    %assign/vec4 v000001b3566a55c0_0, 0;
T_84.21 ;
    %jmp T_84.17;
T_84.15 ;
    %load/vec4 v000001b3566a69c0_0;
    %load/vec4 v000001b3566a5c00_0;
    %part/u 1;
    %assign/vec4 v000001b3566a5700_0, 0;
    %load/vec4 v000001b3566a55c0_0;
    %pad/u 32;
    %cmpi/e 7, 0, 32;
    %jmp/0xz  T_84.22, 4;
    %pushi/vec4 0, 0, 16;
    %assign/vec4 v000001b3566a55c0_0, 0;
    %load/vec4 v000001b3566a5c00_0;
    %cmpi/e 7, 0, 3;
    %jmp/0xz  T_84.24, 4;
    %pushi/vec4 3, 0, 2;
    %assign/vec4 v000001b3566a57a0_0, 0;
    %jmp T_84.25;
T_84.24 ;
    %load/vec4 v000001b3566a5c00_0;
    %addi 1, 0, 3;
    %assign/vec4 v000001b3566a5c00_0, 0;
T_84.25 ;
    %jmp T_84.23;
T_84.22 ;
    %load/vec4 v000001b3566a55c0_0;
    %addi 1, 0, 16;
    %assign/vec4 v000001b3566a55c0_0, 0;
T_84.23 ;
    %jmp T_84.17;
T_84.16 ;
    %pushi/vec4 1, 0, 1;
    %assign/vec4 v000001b3566a5700_0, 0;
    %load/vec4 v000001b3566a55c0_0;
    %pad/u 32;
    %cmpi/e 7, 0, 32;
    %jmp/0xz  T_84.26, 4;
    %pushi/vec4 0, 0, 16;
    %assign/vec4 v000001b3566a55c0_0, 0;
    %pushi/vec4 0, 0, 2;
    %assign/vec4 v000001b3566a57a0_0, 0;
    %jmp T_84.27;
T_84.26 ;
    %load/vec4 v000001b3566a55c0_0;
    %addi 1, 0, 16;
    %assign/vec4 v000001b3566a55c0_0, 0;
T_84.27 ;
    %jmp T_84.17;
T_84.17 ;
    %pop/vec4 1;
    %load/vec4 v000001b3566a78c0_0;
    %dup/vec4;
    %pushi/vec4 0, 0, 2;
    %cmp/u;
    %jmp/1 T_84.28, 6;
    %dup/vec4;
    %pushi/vec4 1, 0, 2;
    %cmp/u;
    %jmp/1 T_84.29, 6;
    %dup/vec4;
    %pushi/vec4 2, 0, 2;
    %cmp/u;
    %jmp/1 T_84.30, 6;
    %dup/vec4;
    %pushi/vec4 3, 0, 2;
    %cmp/u;
    %jmp/1 T_84.31, 6;
    %jmp T_84.32;
T_84.28 ;
    %pushi/vec4 0, 0, 16;
    %assign/vec4 v000001b3566a6380_0, 0;
    %pushi/vec4 0, 0, 3;
    %assign/vec4 v000001b3566a66a0_0, 0;
    %load/vec4 v000001b3566a7960_0;
    %cmpi/e 0, 0, 1;
    %jmp/0xz  T_84.33, 4;
    %pushi/vec4 1, 0, 2;
    %assign/vec4 v000001b3566a78c0_0, 0;
T_84.33 ;
    %jmp T_84.32;
T_84.29 ;
    %load/vec4 v000001b3566a6380_0;
    %pad/u 32;
    %cmpi/e 3, 0, 32;
    %jmp/0xz  T_84.35, 4;
    %pushi/vec4 0, 0, 16;
    %assign/vec4 v000001b3566a6380_0, 0;
    %load/vec4 v000001b3566a7960_0;
    %cmpi/e 0, 0, 1;
    %jmp/0xz  T_84.37, 4;
    %pushi/vec4 2, 0, 2;
    %assign/vec4 v000001b3566a78c0_0, 0;
    %jmp T_84.38;
T_84.37 ;
    %pushi/vec4 0, 0, 2;
    %assign/vec4 v000001b3566a78c0_0, 0;
T_84.38 ;
    %jmp T_84.36;
T_84.35 ;
    %load/vec4 v000001b3566a6380_0;
    %addi 1, 0, 16;
    %assign/vec4 v000001b3566a6380_0, 0;
T_84.36 ;
    %jmp T_84.32;
T_84.30 ;
    %load/vec4 v000001b3566a6380_0;
    %pad/u 32;
    %cmpi/e 7, 0, 32;
    %jmp/0xz  T_84.39, 4;
    %pushi/vec4 0, 0, 16;
    %assign/vec4 v000001b3566a6380_0, 0;
    %load/vec4 v000001b3566a7960_0;
    %ix/load 5, 0, 0;
    %ix/getv 4, v000001b3566a66a0_0;
    %assign/vec4/off/d v000001b3566a7820_0, 4, 5;
    %load/vec4 v000001b3566a66a0_0;
    %cmpi/e 7, 0, 3;
    %jmp/0xz  T_84.41, 4;
    %pushi/vec4 3, 0, 2;
    %assign/vec4 v000001b3566a78c0_0, 0;
    %jmp T_84.42;
T_84.41 ;
    %load/vec4 v000001b3566a66a0_0;
    %addi 1, 0, 3;
    %assign/vec4 v000001b3566a66a0_0, 0;
T_84.42 ;
    %jmp T_84.40;
T_84.39 ;
    %load/vec4 v000001b3566a6380_0;
    %addi 1, 0, 16;
    %assign/vec4 v000001b3566a6380_0, 0;
T_84.40 ;
    %jmp T_84.32;
T_84.31 ;
    %load/vec4 v000001b3566a6380_0;
    %pad/u 32;
    %cmpi/e 7, 0, 32;
    %jmp/0xz  T_84.43, 4;
    %pushi/vec4 0, 0, 16;
    %assign/vec4 v000001b3566a6380_0, 0;
    %pushi/vec4 0, 0, 2;
    %assign/vec4 v000001b3566a78c0_0, 0;
    %jmp T_84.44;
T_84.43 ;
    %load/vec4 v000001b3566a6380_0;
    %addi 1, 0, 16;
    %assign/vec4 v000001b3566a6380_0, 0;
T_84.44 ;
    %jmp T_84.32;
T_84.32 ;
    %pop/vec4 1;
    %load/vec4 v000001b3566a7460_0;
    %flag_set/vec4 8;
    %jmp/0xz  T_84.45, 8;
    %load/vec4 v000001b3566a7820_0;
    %load/vec4 v000001b3566a6600_0;
    %pad/u 5;
    %ix/vec4 3;
    %ix/load 4, 0, 0; Constant delay
    %assign/vec4/a/d v000001b3566a52a0, 0, 4;
    %load/vec4 v000001b3566a6600_0;
    %addi 1, 0, 3;
    %assign/vec4 v000001b3566a6600_0, 0;
T_84.45 ;
    %load/vec4 v000001b3566a7460_0;
    %flag_set/vec4 9;
    %flag_get/vec4 9;
    %jmp/0 T_84.49, 9;
    %load/vec4 v000001b3566a7640_0;
    %flag_set/vec4 9;
    %flag_get/vec4 9;
    %jmp/0 T_84.50, 9;
    %load/vec4 v000001b3566a7780_0;
    %nor/r;
    %and;
T_84.50;
    %nor/r;
    %and;
T_84.49;
    %flag_set/vec4 8;
    %jmp/0xz  T_84.47, 8;
    %load/vec4 v000001b3566a7320_0;
    %addi 1, 0, 4;
    %assign/vec4 v000001b3566a7320_0, 0;
    %jmp T_84.48;
T_84.47 ;
    %load/vec4 v000001b3566a7460_0;
    %nor/r;
    %flag_set/vec4 9;
    %flag_get/vec4 9;
    %jmp/0 T_84.53, 9;
    %load/vec4 v000001b3566a7640_0;
    %flag_set/vec4 9;
    %flag_get/vec4 9;
    %jmp/0 T_84.54, 9;
    %load/vec4 v000001b3566a7780_0;
    %nor/r;
    %and;
T_84.54;
    %and;
T_84.53;
    %flag_set/vec4 8;
    %jmp/0xz  T_84.51, 8;
    %load/vec4 v000001b3566a7320_0;
    %subi 1, 0, 4;
    %assign/vec4 v000001b3566a7320_0, 0;
T_84.51 ;
T_84.48 ;
    %load/vec4 v000001b3566a7640_0;
    %flag_set/vec4 9;
    %flag_get/vec4 9;
    %jmp/0 T_84.57, 9;
    %load/vec4 v000001b3566a7780_0;
    %nor/r;
    %and;
T_84.57;
    %flag_set/vec4 8;
    %jmp/0xz  T_84.55, 8;
    %load/vec4 v000001b3566a5fc0_0;
    %addi 1, 0, 3;
    %assign/vec4 v000001b3566a5fc0_0, 0;
T_84.55 ;
T_84.1 ;
    %jmp T_84;
    .thread T_84;
    .scope S_000001b356684ef0;
T_85 ;
    %wait E_000001b3565dacb0;
    %load/vec4 v000001b3566a8180_0;
    %flag_set/vec4 8;
    %jmp/0xz  T_85.0, 8;
    %pushi/vec4 0, 0, 3;
    %assign/vec4 v000001b3566a7b40_0, 0;
    %jmp T_85.1;
T_85.0 ;
    %load/vec4 v000001b3566a84a0_0;
    %flag_set/vec4 8;
    %jmp/0xz  T_85.2, 8;
    %load/vec4 v000001b3566a7f00_0;
    %assign/vec4 v000001b3566a7b40_0, 0;
T_85.2 ;
T_85.1 ;
    %jmp T_85;
    .thread T_85;
    .scope S_000001b356684ef0;
T_86 ;
    %wait E_000001b3565dacb0;
    %load/vec4 v000001b3566a8180_0;
    %flag_set/vec4 8;
    %jmp/0xz  T_86.0, 8;
    %pushi/vec4 0, 0, 3;
    %assign/vec4 v000001b356698fa0_0, 0;
    %pushi/vec4 0, 0, 3;
    %assign/vec4 v000001b35669b200_0, 0;
    %pushi/vec4 0, 0, 4;
    %assign/vec4 v000001b35669abc0_0, 0;
    %pushi/vec4 0, 0, 3;
    %assign/vec4 v000001b35669b0c0_0, 0;
    %pushi/vec4 0, 0, 3;
    %assign/vec4 v000001b35669b020_0, 0;
    %pushi/vec4 0, 0, 4;
    %assign/vec4 v000001b356699180_0, 0;
    %pushi/vec4 0, 0, 2;
    %assign/vec4 v000001b35669a300_0, 0;
    %pushi/vec4 0, 0, 16;
    %assign/vec4 v000001b356699720_0, 0;
    %pushi/vec4 0, 0, 3;
    %assign/vec4 v000001b3566992c0_0, 0;
    %pushi/vec4 0, 0, 8;
    %assign/vec4 v000001b35669a120_0, 0;
    %pushi/vec4 1, 0, 1;
    %assign/vec4 v000001b356698c80_0, 0;
    %pushi/vec4 0, 0, 2;
    %assign/vec4 v000001b356698d20_0, 0;
    %pushi/vec4 0, 0, 16;
    %assign/vec4 v000001b35669ab20_0, 0;
    %pushi/vec4 0, 0, 3;
    %assign/vec4 v000001b35669af80_0, 0;
    %pushi/vec4 0, 0, 8;
    %assign/vec4 v000001b35669ac60_0, 0;
    %pushi/vec4 1, 0, 1;
    %assign/vec4 v000001b35669aa80_0, 0;
    %pushi/vec4 1, 0, 1;
    %assign/vec4 v000001b356699220_0, 0;
    %jmp T_86.1;
T_86.0 ;
    %load/vec4 v000001b3566a8680_0;
    %assign/vec4 v000001b35669aa80_0, 0;
    %load/vec4 v000001b35669aa80_0;
    %assign/vec4 v000001b356699220_0, 0;
    %load/vec4 v000001b35669a440_0;
    %flag_set/vec4 9;
    %flag_get/vec4 9;
    %jmp/0 T_86.4, 9;
    %load/vec4 v000001b3566997c0_0;
    %nor/r;
    %and;
T_86.4;
    %flag_set/vec4 8;
    %jmp/0xz  T_86.2, 8;
    %load/vec4 v000001b35669ae40_0;
    %load/vec4 v000001b356698fa0_0;
    %pad/u 5;
    %ix/vec4 3;
    %ix/load 4, 0, 0; Constant delay
    %assign/vec4/a/d v000001b356699c20, 0, 4;
    %load/vec4 v000001b356698fa0_0;
    %addi 1, 0, 3;
    %assign/vec4 v000001b356698fa0_0, 0;
T_86.2 ;
    %load/vec4 v000001b35669a440_0;
    %flag_set/vec4 10;
    %flag_get/vec4 10;
    %jmp/0 T_86.8, 10;
    %load/vec4 v000001b3566997c0_0;
    %nor/r;
    %and;
T_86.8;
    %flag_set/vec4 9;
    %flag_get/vec4 9;
    %jmp/0 T_86.7, 9;
    %load/vec4 v000001b35669a260_0;
    %nor/r;
    %and;
T_86.7;
    %flag_set/vec4 8;
    %jmp/0xz  T_86.5, 8;
    %load/vec4 v000001b35669abc0_0;
    %addi 1, 0, 4;
    %assign/vec4 v000001b35669abc0_0, 0;
    %jmp T_86.6;
T_86.5 ;
    %load/vec4 v000001b35669a440_0;
    %flag_set/vec4 10;
    %flag_get/vec4 10;
    %jmp/0 T_86.12, 10;
    %load/vec4 v000001b3566997c0_0;
    %nor/r;
    %and;
T_86.12;
    %nor/r;
    %flag_set/vec4 9;
    %flag_get/vec4 9;
    %jmp/0 T_86.11, 9;
    %load/vec4 v000001b35669a260_0;
    %and;
T_86.11;
    %flag_set/vec4 8;
    %jmp/0xz  T_86.9, 8;
    %load/vec4 v000001b35669abc0_0;
    %subi 1, 0, 4;
    %assign/vec4 v000001b35669abc0_0, 0;
T_86.9 ;
T_86.6 ;
    %load/vec4 v000001b35669a300_0;
    %dup/vec4;
    %pushi/vec4 0, 0, 2;
    %cmp/u;
    %jmp/1 T_86.13, 6;
    %dup/vec4;
    %pushi/vec4 1, 0, 2;
    %cmp/u;
    %jmp/1 T_86.14, 6;
    %dup/vec4;
    %pushi/vec4 2, 0, 2;
    %cmp/u;
    %jmp/1 T_86.15, 6;
    %dup/vec4;
    %pushi/vec4 3, 0, 2;
    %cmp/u;
    %jmp/1 T_86.16, 6;
    %jmp T_86.17;
T_86.13 ;
    %pushi/vec4 1, 0, 1;
    %assign/vec4 v000001b356698c80_0, 0;
    %pushi/vec4 0, 0, 16;
    %assign/vec4 v000001b356699720_0, 0;
    %pushi/vec4 0, 0, 3;
    %assign/vec4 v000001b3566992c0_0, 0;
    %load/vec4 v000001b3566999a0_0;
    %nor/r;
    %flag_set/vec4 8;
    %jmp/0xz  T_86.18, 8;
    %load/vec4 v000001b35669b200_0;
    %pad/u 5;
    %ix/vec4 4;
    %load/vec4a v000001b356699c20, 4;
    %assign/vec4 v000001b35669a120_0, 0;
    %load/vec4 v000001b35669b200_0;
    %addi 1, 0, 3;
    %assign/vec4 v000001b35669b200_0, 0;
    %pushi/vec4 1, 0, 2;
    %assign/vec4 v000001b35669a300_0, 0;
T_86.18 ;
    %jmp T_86.17;
T_86.14 ;
    %pushi/vec4 0, 0, 1;
    %assign/vec4 v000001b356698c80_0, 0;
    %load/vec4 v000001b356699720_0;
    %pad/u 32;
    %cmpi/e 7, 0, 32;
    %jmp/0xz  T_86.20, 4;
    %pushi/vec4 0, 0, 16;
    %assign/vec4 v000001b356699720_0, 0;
    %pushi/vec4 2, 0, 2;
    %assign/vec4 v000001b35669a300_0, 0;
    %jmp T_86.21;
T_86.20 ;
    %load/vec4 v000001b356699720_0;
    %addi 1, 0, 16;
    %assign/vec4 v000001b356699720_0, 0;
T_86.21 ;
    %jmp T_86.17;
T_86.15 ;
    %load/vec4 v000001b35669a120_0;
    %load/vec4 v000001b3566992c0_0;
    %part/u 1;
    %assign/vec4 v000001b356698c80_0, 0;
    %load/vec4 v000001b356699720_0;
    %pad/u 32;
    %cmpi/e 7, 0, 32;
    %jmp/0xz  T_86.22, 4;
    %pushi/vec4 0, 0, 16;
    %assign/vec4 v000001b356699720_0, 0;
    %load/vec4 v000001b3566992c0_0;
    %cmpi/e 7, 0, 3;
    %jmp/0xz  T_86.24, 4;
    %pushi/vec4 3, 0, 2;
    %assign/vec4 v000001b35669a300_0, 0;
    %jmp T_86.25;
T_86.24 ;
    %load/vec4 v000001b3566992c0_0;
    %addi 1, 0, 3;
    %assign/vec4 v000001b3566992c0_0, 0;
T_86.25 ;
    %jmp T_86.23;
T_86.22 ;
    %load/vec4 v000001b356699720_0;
    %addi 1, 0, 16;
    %assign/vec4 v000001b356699720_0, 0;
T_86.23 ;
    %jmp T_86.17;
T_86.16 ;
    %pushi/vec4 1, 0, 1;
    %assign/vec4 v000001b356698c80_0, 0;
    %load/vec4 v000001b356699720_0;
    %pad/u 32;
    %cmpi/e 7, 0, 32;
    %jmp/0xz  T_86.26, 4;
    %pushi/vec4 0, 0, 16;
    %assign/vec4 v000001b356699720_0, 0;
    %pushi/vec4 0, 0, 2;
    %assign/vec4 v000001b35669a300_0, 0;
    %jmp T_86.27;
T_86.26 ;
    %load/vec4 v000001b356699720_0;
    %addi 1, 0, 16;
    %assign/vec4 v000001b356699720_0, 0;
T_86.27 ;
    %jmp T_86.17;
T_86.17 ;
    %pop/vec4 1;
    %load/vec4 v000001b356698d20_0;
    %dup/vec4;
    %pushi/vec4 0, 0, 2;
    %cmp/u;
    %jmp/1 T_86.28, 6;
    %dup/vec4;
    %pushi/vec4 1, 0, 2;
    %cmp/u;
    %jmp/1 T_86.29, 6;
    %dup/vec4;
    %pushi/vec4 2, 0, 2;
    %cmp/u;
    %jmp/1 T_86.30, 6;
    %dup/vec4;
    %pushi/vec4 3, 0, 2;
    %cmp/u;
    %jmp/1 T_86.31, 6;
    %jmp T_86.32;
T_86.28 ;
    %pushi/vec4 0, 0, 16;
    %assign/vec4 v000001b35669ab20_0, 0;
    %pushi/vec4 0, 0, 3;
    %assign/vec4 v000001b35669af80_0, 0;
    %load/vec4 v000001b356699220_0;
    %cmpi/e 0, 0, 1;
    %jmp/0xz  T_86.33, 4;
    %pushi/vec4 1, 0, 2;
    %assign/vec4 v000001b356698d20_0, 0;
T_86.33 ;
    %jmp T_86.32;
T_86.29 ;
    %load/vec4 v000001b35669ab20_0;
    %pad/u 32;
    %cmpi/e 3, 0, 32;
    %jmp/0xz  T_86.35, 4;
    %pushi/vec4 0, 0, 16;
    %assign/vec4 v000001b35669ab20_0, 0;
    %load/vec4 v000001b356699220_0;
    %cmpi/e 0, 0, 1;
    %jmp/0xz  T_86.37, 4;
    %pushi/vec4 2, 0, 2;
    %assign/vec4 v000001b356698d20_0, 0;
    %jmp T_86.38;
T_86.37 ;
    %pushi/vec4 0, 0, 2;
    %assign/vec4 v000001b356698d20_0, 0;
T_86.38 ;
    %jmp T_86.36;
T_86.35 ;
    %load/vec4 v000001b35669ab20_0;
    %addi 1, 0, 16;
    %assign/vec4 v000001b35669ab20_0, 0;
T_86.36 ;
    %jmp T_86.32;
T_86.30 ;
    %load/vec4 v000001b35669ab20_0;
    %pad/u 32;
    %cmpi/e 7, 0, 32;
    %jmp/0xz  T_86.39, 4;
    %pushi/vec4 0, 0, 16;
    %assign/vec4 v000001b35669ab20_0, 0;
    %load/vec4 v000001b356699220_0;
    %ix/load 5, 0, 0;
    %ix/getv 4, v000001b35669af80_0;
    %assign/vec4/off/d v000001b35669ac60_0, 4, 5;
    %load/vec4 v000001b35669af80_0;
    %cmpi/e 7, 0, 3;
    %jmp/0xz  T_86.41, 4;
    %pushi/vec4 3, 0, 2;
    %assign/vec4 v000001b356698d20_0, 0;
    %jmp T_86.42;
T_86.41 ;
    %load/vec4 v000001b35669af80_0;
    %addi 1, 0, 3;
    %assign/vec4 v000001b35669af80_0, 0;
T_86.42 ;
    %jmp T_86.40;
T_86.39 ;
    %load/vec4 v000001b35669ab20_0;
    %addi 1, 0, 16;
    %assign/vec4 v000001b35669ab20_0, 0;
T_86.40 ;
    %jmp T_86.32;
T_86.31 ;
    %load/vec4 v000001b35669ab20_0;
    %pad/u 32;
    %cmpi/e 7, 0, 32;
    %jmp/0xz  T_86.43, 4;
    %pushi/vec4 0, 0, 16;
    %assign/vec4 v000001b35669ab20_0, 0;
    %pushi/vec4 0, 0, 2;
    %assign/vec4 v000001b356698d20_0, 0;
    %jmp T_86.44;
T_86.43 ;
    %load/vec4 v000001b35669ab20_0;
    %addi 1, 0, 16;
    %assign/vec4 v000001b35669ab20_0, 0;
T_86.44 ;
    %jmp T_86.32;
T_86.32 ;
    %pop/vec4 1;
    %load/vec4 v000001b35669a1c0_0;
    %flag_set/vec4 8;
    %jmp/0xz  T_86.45, 8;
    %load/vec4 v000001b35669ac60_0;
    %load/vec4 v000001b35669b0c0_0;
    %pad/u 5;
    %ix/vec4 3;
    %ix/load 4, 0, 0; Constant delay
    %assign/vec4/a/d v000001b356699680, 0, 4;
    %load/vec4 v000001b35669b0c0_0;
    %addi 1, 0, 3;
    %assign/vec4 v000001b35669b0c0_0, 0;
T_86.45 ;
    %load/vec4 v000001b35669a1c0_0;
    %flag_set/vec4 9;
    %flag_get/vec4 9;
    %jmp/0 T_86.49, 9;
    %load/vec4 v000001b3566a8040_0;
    %flag_set/vec4 9;
    %flag_get/vec4 9;
    %jmp/0 T_86.50, 9;
    %load/vec4 v000001b35669a3a0_0;
    %nor/r;
    %and;
T_86.50;
    %nor/r;
    %and;
T_86.49;
    %flag_set/vec4 8;
    %jmp/0xz  T_86.47, 8;
    %load/vec4 v000001b356699180_0;
    %addi 1, 0, 4;
    %assign/vec4 v000001b356699180_0, 0;
    %jmp T_86.48;
T_86.47 ;
    %load/vec4 v000001b35669a1c0_0;
    %nor/r;
    %flag_set/vec4 9;
    %flag_get/vec4 9;
    %jmp/0 T_86.53, 9;
    %load/vec4 v000001b3566a8040_0;
    %flag_set/vec4 9;
    %flag_get/vec4 9;
    %jmp/0 T_86.54, 9;
    %load/vec4 v000001b35669a3a0_0;
    %nor/r;
    %and;
T_86.54;
    %and;
T_86.53;
    %flag_set/vec4 8;
    %jmp/0xz  T_86.51, 8;
    %load/vec4 v000001b356699180_0;
    %subi 1, 0, 4;
    %assign/vec4 v000001b356699180_0, 0;
T_86.51 ;
T_86.48 ;
    %load/vec4 v000001b3566a8040_0;
    %flag_set/vec4 9;
    %flag_get/vec4 9;
    %jmp/0 T_86.57, 9;
    %load/vec4 v000001b35669a3a0_0;
    %nor/r;
    %and;
T_86.57;
    %flag_set/vec4 8;
    %jmp/0xz  T_86.55, 8;
    %load/vec4 v000001b35669b020_0;
    %addi 1, 0, 3;
    %assign/vec4 v000001b35669b020_0, 0;
T_86.55 ;
T_86.1 ;
    %jmp T_86;
    .thread T_86;
    .scope S_000001b356669ef0;
T_87 ;
    %wait E_000001b3565dacb0;
    %load/vec4 v000001b35669be80_0;
    %flag_set/vec4 8;
    %jmp/0xz  T_87.0, 8;
    %pushi/vec4 0, 0, 64;
    %assign/vec4 v000001b35669d1e0_0, 0;
    %pushi/vec4 4294967295, 0, 32;
    %concati/vec4 4294967295, 0, 32;
    %assign/vec4 v000001b35669d0a0_0, 0;
    %pushi/vec4 0, 0, 1;
    %assign/vec4 v000001b35669c7e0_0, 0;
    %jmp T_87.1;
T_87.0 ;
    %load/vec4 v000001b35669d1e0_0;
    %addi 1, 0, 64;
    %assign/vec4 v000001b35669d1e0_0, 0;
    %load/vec4 v000001b35669bf20_0;
    %flag_set/vec4 8;
    %jmp/0xz  T_87.2, 8;
    %load/vec4 v000001b35669c380_0;
    %dup/vec4;
    %pushi/vec4 49, 0, 6;
    %cmp/u;
    %jmp/1 T_87.4, 6;
    %dup/vec4;
    %pushi/vec4 50, 0, 6;
    %cmp/u;
    %jmp/1 T_87.5, 6;
    %dup/vec4;
    %pushi/vec4 51, 0, 6;
    %cmp/u;
    %jmp/1 T_87.6, 6;
    %dup/vec4;
    %pushi/vec4 52, 0, 6;
    %cmp/u;
    %jmp/1 T_87.7, 6;
    %dup/vec4;
    %pushi/vec4 48, 0, 6;
    %cmp/u;
    %jmp/1 T_87.8, 6;
    %jmp T_87.10;
T_87.4 ;
    %load/vec4 v000001b35669b2a0_0;
    %ix/load 4, 0, 0;
    %ix/load 5, 0, 0;
    %flag_set/imm 4, 0;
    %assign/vec4/off/d v000001b35669d0a0_0, 4, 5;
    %jmp T_87.10;
T_87.5 ;
    %load/vec4 v000001b35669b2a0_0;
    %ix/load 4, 32, 0;
    %ix/load 5, 0, 0;
    %flag_set/imm 4, 0;
    %assign/vec4/off/d v000001b35669d0a0_0, 4, 5;
    %jmp T_87.10;
T_87.6 ;
    %load/vec4 v000001b35669b2a0_0;
    %ix/load 4, 0, 0;
    %ix/load 5, 0, 0;
    %flag_set/imm 4, 0;
    %assign/vec4/off/d v000001b35669d1e0_0, 4, 5;
    %jmp T_87.10;
T_87.7 ;
    %load/vec4 v000001b35669b2a0_0;
    %ix/load 4, 32, 0;
    %ix/load 5, 0, 0;
    %flag_set/imm 4, 0;
    %assign/vec4/off/d v000001b35669d1e0_0, 4, 5;
    %jmp T_87.10;
T_87.8 ;
    %load/vec4 v000001b35669b2a0_0;
    %parti/s 1, 0, 2;
    %assign/vec4 v000001b35669c7e0_0, 0;
    %jmp T_87.10;
T_87.10 ;
    %pop/vec4 1;
T_87.2 ;
T_87.1 ;
    %jmp T_87;
    .thread T_87;
    .scope S_000001b356669ef0;
T_88 ;
    %wait E_000001b3565da230;
    %load/vec4 v000001b35669b700_0;
    %cmpi/u 8, 0, 6;
    %flag_or 5, 4;
    %jmp/0xz  T_88.0, 5;
    %load/vec4 v000001b35669d8c0_0;
    %store/vec4 v000001b35669cb00_0, 0, 32;
    %jmp T_88.1;
T_88.0 ;
    %load/vec4 v000001b35669b700_0;
    %cmpi/u 16, 0, 6;
    %flag_inv 5; GE is !LT
    %flag_get/vec4 5;
    %jmp/0 T_88.4, 5;
    %load/vec4 v000001b35669b700_0;
    %cmpi/u 31, 0, 6;
    %flag_get/vec4 4;
    %flag_get/vec4 5;
    %or;
    %and;
T_88.4;
    %flag_set/vec4 8;
    %jmp/0xz  T_88.2, 8;
    %load/vec4 v000001b35669b700_0;
    %parti/s 4, 2, 3;
    %dup/vec4;
    %pushi/vec4 4, 0, 4;
    %cmp/u;
    %jmp/1 T_88.5, 6;
    %dup/vec4;
    %pushi/vec4 5, 0, 4;
    %cmp/u;
    %jmp/1 T_88.6, 6;
    %dup/vec4;
    %pushi/vec4 6, 0, 4;
    %cmp/u;
    %jmp/1 T_88.7, 6;
    %dup/vec4;
    %pushi/vec4 7, 0, 4;
    %cmp/u;
    %jmp/1 T_88.8, 6;
    %pushi/vec4 0, 0, 32;
    %store/vec4 v000001b35669cb00_0, 0, 32;
    %jmp T_88.10;
T_88.5 ;
    %load/vec4 v000001b35669bca0_0;
    %store/vec4 v000001b35669cb00_0, 0, 32;
    %jmp T_88.10;
T_88.6 ;
    %load/vec4 v000001b35669c600_0;
    %store/vec4 v000001b35669cb00_0, 0, 32;
    %jmp T_88.10;
T_88.7 ;
    %load/vec4 v000001b35669bd40_0;
    %store/vec4 v000001b35669cb00_0, 0, 32;
    %jmp T_88.10;
T_88.8 ;
    %load/vec4 v000001b35669c100_0;
    %store/vec4 v000001b35669cb00_0, 0, 32;
    %jmp T_88.10;
T_88.10 ;
    %pop/vec4 1;
    %jmp T_88.3;
T_88.2 ;
    %load/vec4 v000001b35669b700_0;
    %cmpi/e 40, 0, 6;
    %jmp/0xz  T_88.11, 4;
    %load/vec4 v000001b35669da00_0;
    %store/vec4 v000001b35669cb00_0, 0, 32;
    %jmp T_88.12;
T_88.11 ;
    %load/vec4 v000001b35669b700_0;
    %dup/vec4;
    %pushi/vec4 48, 0, 6;
    %cmp/u;
    %jmp/1 T_88.13, 6;
    %dup/vec4;
    %pushi/vec4 49, 0, 6;
    %cmp/u;
    %jmp/1 T_88.14, 6;
    %dup/vec4;
    %pushi/vec4 50, 0, 6;
    %cmp/u;
    %jmp/1 T_88.15, 6;
    %dup/vec4;
    %pushi/vec4 51, 0, 6;
    %cmp/u;
    %jmp/1 T_88.16, 6;
    %dup/vec4;
    %pushi/vec4 52, 0, 6;
    %cmp/u;
    %jmp/1 T_88.17, 6;
    %pushi/vec4 0, 0, 32;
    %store/vec4 v000001b35669cb00_0, 0, 32;
    %jmp T_88.19;
T_88.13 ;
    %pushi/vec4 0, 0, 31;
    %load/vec4 v000001b35669c7e0_0;
    %concat/vec4; draw_concat_vec4
    %store/vec4 v000001b35669cb00_0, 0, 32;
    %jmp T_88.19;
T_88.14 ;
    %load/vec4 v000001b35669d0a0_0;
    %parti/s 32, 0, 2;
    %store/vec4 v000001b35669cb00_0, 0, 32;
    %jmp T_88.19;
T_88.15 ;
    %load/vec4 v000001b35669d0a0_0;
    %parti/s 32, 32, 7;
    %store/vec4 v000001b35669cb00_0, 0, 32;
    %jmp T_88.19;
T_88.16 ;
    %load/vec4 v000001b35669d1e0_0;
    %parti/s 32, 0, 2;
    %store/vec4 v000001b35669cb00_0, 0, 32;
    %jmp T_88.19;
T_88.17 ;
    %load/vec4 v000001b35669d1e0_0;
    %parti/s 32, 32, 7;
    %store/vec4 v000001b35669cb00_0, 0, 32;
    %jmp T_88.19;
T_88.19 ;
    %pop/vec4 1;
T_88.12 ;
T_88.3 ;
T_88.1 ;
    %jmp T_88;
    .thread T_88, $push;
    .scope S_000001b356669ef0;
T_89 ;
    %wait E_000001b3565d7af0;
    %load/vec4 v000001b35669d3c0_0;
    %assign/vec4 v000001b35669bc00_0, 0;
    %load/vec4 v000001b35669cb00_0;
    %assign/vec4 v000001b35669cc40_0, 0;
    %jmp T_89;
    .thread T_89;
    .scope S_000001b356162c40;
T_90 ;
    %wait E_000001b3565dad30;
    %load/vec4 v000001b3565f9010_0;
    %pad/u 7;
    %ix/vec4 4;
    %load/vec4a v000001b3565f8750, 4;
    %store/vec4 v000001b3565f6ef0_0, 0, 32;
    %load/vec4 v000001b3565f7df0_0;
    %pad/u 7;
    %ix/vec4 4;
    %load/vec4a v000001b3565f8750, 4;
    %store/vec4 v000001b3565f8070_0, 0, 32;
    %jmp T_90;
    .thread T_90, $push;
    .scope S_000001b356162c40;
T_91 ;
    %wait E_000001b3565dacb0;
    %load/vec4 v000001b3565f70d0_0;
    %flag_set/vec4 8;
    %jmp/0xz  T_91.0, 8;
    %fork t_7, S_000001b35666a210;
    %jmp t_6;
    .scope S_000001b35666a210;
t_7 ;
    %pushi/vec4 0, 0, 32;
    %store/vec4 v000001b3565f8430_0, 0, 32;
T_91.2 ;
    %load/vec4 v000001b3565f8430_0;
    %cmpi/s 32, 0, 32;
    %jmp/0xz T_91.3, 5;
    %pushi/vec4 0, 0, 32;
    %ix/getv/s 3, v000001b3565f8430_0;
    %ix/load 4, 0, 0; Constant delay
    %assign/vec4/a/d v000001b3565f8750, 0, 4;
    %load/vec4 v000001b3565f8430_0;
    %addi 1, 0, 32;
    %store/vec4 v000001b3565f8430_0, 0, 32;
    %jmp T_91.2;
T_91.3 ;
    %end;
    .scope S_000001b356162c40;
t_6 %join;
    %jmp T_91.1;
T_91.0 ;
    %load/vec4 v000001b3565f87f0_0;
    %flag_set/vec4 9;
    %flag_get/vec4 9;
    %jmp/0 T_91.6, 9;
    %load/vec4 v000001b3565f7210_0;
    %pushi/vec4 0, 0, 5;
    %cmp/ne;
    %flag_get/vec4 4;
    %and;
T_91.6;
    %flag_set/vec4 8;
    %jmp/0xz  T_91.4, 8;
    %load/vec4 v000001b3565f7d50_0;
    %load/vec4 v000001b3565f7210_0;
    %pad/u 7;
    %ix/vec4 3;
    %ix/load 4, 0, 0; Constant delay
    %assign/vec4/a/d v000001b3565f8750, 0, 4;
T_91.4 ;
T_91.1 ;
    %jmp T_91;
    .thread T_91;
    .scope S_000001b356162ab0;
T_92 ;
    %wait E_000001b3565d77f0;
    %load/vec4 v000001b3565f4fb0_0;
    %dup/vec4;
    %pushi/vec4 0, 0, 4;
    %cmp/u;
    %jmp/1 T_92.0, 6;
    %dup/vec4;
    %pushi/vec4 1, 0, 4;
    %cmp/u;
    %jmp/1 T_92.1, 6;
    %dup/vec4;
    %pushi/vec4 2, 0, 4;
    %cmp/u;
    %jmp/1 T_92.2, 6;
    %dup/vec4;
    %pushi/vec4 3, 0, 4;
    %cmp/u;
    %jmp/1 T_92.3, 6;
    %dup/vec4;
    %pushi/vec4 4, 0, 4;
    %cmp/u;
    %jmp/1 T_92.4, 6;
    %dup/vec4;
    %pushi/vec4 5, 0, 4;
    %cmp/u;
    %jmp/1 T_92.5, 6;
    %dup/vec4;
    %pushi/vec4 6, 0, 4;
    %cmp/u;
    %jmp/1 T_92.6, 6;
    %dup/vec4;
    %pushi/vec4 7, 0, 4;
    %cmp/u;
    %jmp/1 T_92.7, 6;
    %dup/vec4;
    %pushi/vec4 8, 0, 4;
    %cmp/u;
    %jmp/1 T_92.8, 6;
    %dup/vec4;
    %pushi/vec4 13, 0, 4;
    %cmp/u;
    %jmp/1 T_92.9, 6;
    %pushi/vec4 0, 0, 32;
    %store/vec4 v000001b3565f50f0_0, 0, 32;
    %jmp T_92.11;
T_92.0 ;
    %load/vec4 v000001b3565f8390_0;
    %load/vec4 v000001b3565f84d0_0;
    %add;
    %store/vec4 v000001b3565f50f0_0, 0, 32;
    %jmp T_92.11;
T_92.1 ;
    %load/vec4 v000001b3565f8390_0;
    %load/vec4 v000001b3565f84d0_0;
    %parti/s 5, 0, 2;
    %ix/vec4 4;
    %shiftl 4;
    %store/vec4 v000001b3565f50f0_0, 0, 32;
    %jmp T_92.11;
T_92.2 ;
    %load/vec4 v000001b3565f86b0_0;
    %load/vec4 v000001b3565f77b0_0;
    %cmp/s;
    %jmp/0xz  T_92.12, 5;
    %pushi/vec4 1, 0, 32;
    %store/vec4 v000001b3565f50f0_0, 0, 32;
    %jmp T_92.13;
T_92.12 ;
    %pushi/vec4 0, 0, 32;
    %store/vec4 v000001b3565f50f0_0, 0, 32;
T_92.13 ;
    %jmp T_92.11;
T_92.3 ;
    %load/vec4 v000001b3565f8390_0;
    %load/vec4 v000001b3565f84d0_0;
    %cmp/u;
    %jmp/0xz  T_92.14, 5;
    %pushi/vec4 1, 0, 32;
    %store/vec4 v000001b3565f50f0_0, 0, 32;
    %jmp T_92.15;
T_92.14 ;
    %pushi/vec4 0, 0, 32;
    %store/vec4 v000001b3565f50f0_0, 0, 32;
T_92.15 ;
    %jmp T_92.11;
T_92.4 ;
    %load/vec4 v000001b3565f8390_0;
    %load/vec4 v000001b3565f84d0_0;
    %xor;
    %store/vec4 v000001b3565f50f0_0, 0, 32;
    %jmp T_92.11;
T_92.5 ;
    %load/vec4 v000001b3565f8390_0;
    %load/vec4 v000001b3565f84d0_0;
    %parti/s 5, 0, 2;
    %ix/vec4 4;
    %shiftr 4;
    %store/vec4 v000001b3565f50f0_0, 0, 32;
    %jmp T_92.11;
T_92.6 ;
    %load/vec4 v000001b3565f8390_0;
    %load/vec4 v000001b3565f84d0_0;
    %or;
    %store/vec4 v000001b3565f50f0_0, 0, 32;
    %jmp T_92.11;
T_92.7 ;
    %load/vec4 v000001b3565f8390_0;
    %load/vec4 v000001b3565f84d0_0;
    %and;
    %store/vec4 v000001b3565f50f0_0, 0, 32;
    %jmp T_92.11;
T_92.8 ;
    %load/vec4 v000001b3565f8390_0;
    %load/vec4 v000001b3565f84d0_0;
    %sub;
    %store/vec4 v000001b3565f50f0_0, 0, 32;
    %jmp T_92.11;
T_92.9 ;
    %load/vec4 v000001b3565f86b0_0;
    %load/vec4 v000001b3565f84d0_0;
    %parti/s 5, 0, 2;
    %ix/vec4 4;
    %shiftr/s 4;
    %store/vec4 v000001b3565f50f0_0, 0, 32;
    %jmp T_92.11;
T_92.11 ;
    %pop/vec4 1;
    %jmp T_92;
    .thread T_92, $push;
    .scope S_000001b35616c610;
T_93 ;
    %wait E_000001b3565d75f0;
    %load/vec4 v000001b3565f95b0_0;
    %dup/vec4;
    %pushi/vec4 0, 0, 3;
    %cmp/u;
    %jmp/1 T_93.0, 6;
    %dup/vec4;
    %pushi/vec4 1, 0, 3;
    %cmp/u;
    %jmp/1 T_93.1, 6;
    %dup/vec4;
    %pushi/vec4 4, 0, 3;
    %cmp/u;
    %jmp/1 T_93.2, 6;
    %dup/vec4;
    %pushi/vec4 5, 0, 3;
    %cmp/u;
    %jmp/1 T_93.3, 6;
    %dup/vec4;
    %pushi/vec4 6, 0, 3;
    %cmp/u;
    %jmp/1 T_93.4, 6;
    %dup/vec4;
    %pushi/vec4 7, 0, 3;
    %cmp/u;
    %jmp/1 T_93.5, 6;
    %pushi/vec4 0, 0, 1;
    %store/vec4 v000001b3565fb310_0, 0, 1;
    %jmp T_93.7;
T_93.0 ;
    %load/vec4 v000001b3565529b0_0;
    %load/vec4 v000001b3564f1a60_0;
    %cmp/e;
    %flag_get/vec4 4;
    %store/vec4 v000001b3565fb310_0, 0, 1;
    %jmp T_93.7;
T_93.1 ;
    %load/vec4 v000001b3565529b0_0;
    %load/vec4 v000001b3564f1a60_0;
    %cmp/ne;
    %flag_get/vec4 4;
    %store/vec4 v000001b3565fb310_0, 0, 1;
    %jmp T_93.7;
T_93.2 ;
    %load/vec4 v000001b3565529b0_0;
    %load/vec4 v000001b3564f1a60_0;
    %cmp/s;
    %flag_get/vec4 5;
    %store/vec4 v000001b3565fb310_0, 0, 1;
    %jmp T_93.7;
T_93.3 ;
    %load/vec4 v000001b3564f1a60_0;
    %load/vec4 v000001b3565529b0_0;
    %cmp/s;
    %flag_get/vec4 4;
    %flag_get/vec4 5;
    %or;
    %store/vec4 v000001b3565fb310_0, 0, 1;
    %jmp T_93.7;
T_93.4 ;
    %load/vec4 v000001b3565529b0_0;
    %load/vec4 v000001b3564f1a60_0;
    %cmp/u;
    %flag_get/vec4 5;
    %store/vec4 v000001b3565fb310_0, 0, 1;
    %jmp T_93.7;
T_93.5 ;
    %load/vec4 v000001b3564f1a60_0;
    %load/vec4 v000001b3565529b0_0;
    %cmp/u;
    %flag_get/vec4 4;
    %flag_get/vec4 5;
    %or;
    %store/vec4 v000001b3565fb310_0, 0, 1;
    %jmp T_93.7;
T_93.7 ;
    %pop/vec4 1;
    %jmp T_93;
    .thread T_93, $push;
    .scope S_000001b35616c610;
T_94 ;
    %wait E_000001b3565d7f70;
    %pushi/vec4 0, 0, 32;
    %store/vec4 v000001b3564f17e0_0, 0, 32;
    %pushi/vec4 0, 0, 32;
    %store/vec4 v000001b3564efd00_0, 0, 32;
    %load/vec4 v000001b3565fc2b0_0;
    %flag_set/vec4 8;
    %jmp/0xz  T_94.0, 8;
    %load/vec4 v000001b3565fbc70_0;
    %flag_set/vec4 8;
    %jmp/0xz  T_94.2, 8;
    %pushi/vec4 2147483659, 0, 32;
    %store/vec4 v000001b3564f17e0_0, 0, 32;
    %jmp T_94.3;
T_94.2 ;
    %load/vec4 v000001b3565fbdb0_0;
    %flag_set/vec4 8;
    %jmp/0xz  T_94.4, 8;
    %pushi/vec4 2147483651, 0, 32;
    %store/vec4 v000001b3564f17e0_0, 0, 32;
    %jmp T_94.5;
T_94.4 ;
    %pushi/vec4 2147483655, 0, 32;
    %store/vec4 v000001b3564f17e0_0, 0, 32;
T_94.5 ;
T_94.3 ;
    %jmp T_94.1;
T_94.0 ;
    %load/vec4 v000001b3565fba90_0;
    %flag_set/vec4 8;
    %jmp/0xz  T_94.6, 8;
    %pushi/vec4 11, 0, 32;
    %store/vec4 v000001b3564f17e0_0, 0, 32;
    %jmp T_94.7;
T_94.6 ;
    %load/vec4 v000001b3565fb9f0_0;
    %flag_set/vec4 8;
    %jmp/0xz  T_94.8, 8;
    %pushi/vec4 3, 0, 32;
    %store/vec4 v000001b3564f17e0_0, 0, 32;
    %load/vec4 v000001b3565f7850_0;
    %store/vec4 v000001b3564efd00_0, 0, 32;
    %jmp T_94.9;
T_94.8 ;
    %pushi/vec4 2, 0, 32;
    %store/vec4 v000001b3564f17e0_0, 0, 32;
    %load/vec4 v000001b3565f8930_0;
    %store/vec4 v000001b3564efd00_0, 0, 32;
T_94.9 ;
T_94.7 ;
T_94.1 ;
    %jmp T_94;
    .thread T_94, $push;
    .scope S_000001b35616c610;
T_95 ;
    %wait E_000001b3565d7c30;
    %load/vec4 v000001b356552910_0;
    %store/vec4 v000001b356551e70_0, 0, 5;
    %load/vec4 v000001b356552c30_0;
    %store/vec4 v000001b3565509d0_0, 0, 5;
    %pushi/vec4 0, 0, 32;
    %store/vec4 v000001b35654ff30_0, 0, 32;
    %pushi/vec4 0, 0, 32;
    %store/vec4 v000001b356550f70_0, 0, 32;
    %pushi/vec4 0, 0, 4;
    %store/vec4 v000001b3565fb770_0, 0, 4;
    %pushi/vec4 0, 0, 32;
    %store/vec4 v000001b3565f90b0_0, 0, 32;
    %pushi/vec4 0, 0, 32;
    %store/vec4 v000001b3565f7670_0, 0, 32;
    %pushi/vec4 0, 0, 32;
    %store/vec4 v000001b3565fa4b0_0, 0, 32;
    %load/vec4 v000001b3565f7710_0;
    %addi 4, 0, 32;
    %store/vec4 v000001b356551a10_0, 0, 32;
    %pushi/vec4 3, 0, 2;
    %store/vec4 v000001b3564ef760_0, 0, 2;
    %pushi/vec4 0, 0, 32;
    %store/vec4 v000001b3565f6c70_0, 0, 32;
    %pushi/vec4 0, 0, 32;
    %store/vec4 v000001b3565f72b0_0, 0, 32;
    %pushi/vec4 0, 0, 32;
    %store/vec4 v000001b3565f9330_0, 0, 32;
    %pushi/vec4 7, 0, 3;
    %store/vec4 v000001b3565f7fd0_0, 0, 3;
    %pushi/vec4 7, 0, 3;
    %store/vec4 v000001b3565f75d0_0, 0, 3;
    %pushi/vec4 0, 0, 1;
    %store/vec4 v000001b3565fba90_0, 0, 1;
    %pushi/vec4 0, 0, 1;
    %store/vec4 v000001b3565fb9f0_0, 0, 1;
    %pushi/vec4 0, 0, 1;
    %store/vec4 v000001b3565f9ab0_0, 0, 1;
    %pushi/vec4 0, 0, 1;
    %store/vec4 v000001b356555610_0, 0, 1;
    %pushi/vec4 0, 0, 1;
    %store/vec4 v000001b3564f2dc0_0, 0, 1;
    %pushi/vec4 0, 0, 1;
    %store/vec4 v000001b3564f2aa0_0, 0, 1;
    %load/vec4 v000001b356551830_0;
    %dup/vec4;
    %pushi/vec4 55, 0, 7;
    %cmp/u;
    %jmp/1 T_95.0, 6;
    %dup/vec4;
    %pushi/vec4 23, 0, 7;
    %cmp/u;
    %jmp/1 T_95.1, 6;
    %dup/vec4;
    %pushi/vec4 111, 0, 7;
    %cmp/u;
    %jmp/1 T_95.2, 6;
    %dup/vec4;
    %pushi/vec4 103, 0, 7;
    %cmp/u;
    %jmp/1 T_95.3, 6;
    %dup/vec4;
    %pushi/vec4 99, 0, 7;
    %cmp/u;
    %jmp/1 T_95.4, 6;
    %dup/vec4;
    %pushi/vec4 3, 0, 7;
    %cmp/u;
    %jmp/1 T_95.5, 6;
    %dup/vec4;
    %pushi/vec4 35, 0, 7;
    %cmp/u;
    %jmp/1 T_95.6, 6;
    %dup/vec4;
    %pushi/vec4 19, 0, 7;
    %cmp/u;
    %jmp/1 T_95.7, 6;
    %dup/vec4;
    %pushi/vec4 51, 0, 7;
    %cmp/u;
    %jmp/1 T_95.8, 6;
    %dup/vec4;
    %pushi/vec4 15, 0, 7;
    %cmp/u;
    %jmp/1 T_95.9, 6;
    %dup/vec4;
    %pushi/vec4 115, 0, 7;
    %cmp/u;
    %jmp/1 T_95.10, 6;
    %pushi/vec4 3, 0, 2;
    %store/vec4 v000001b3564ef760_0, 0, 2;
    %pushi/vec4 1, 0, 1;
    %store/vec4 v000001b3565f9ab0_0, 0, 1;
    %jmp T_95.12;
T_95.0 ;
    %load/vec4 v000001b3565fc170_0;
    %store/vec4 v000001b3565f90b0_0, 0, 32;
    %pushi/vec4 0, 0, 2;
    %store/vec4 v000001b3564ef760_0, 0, 2;
    %jmp T_95.12;
T_95.1 ;
    %load/vec4 v000001b3565f7850_0;
    %load/vec4 v000001b3565fc170_0;
    %add;
    %store/vec4 v000001b3565f90b0_0, 0, 32;
    %pushi/vec4 0, 0, 2;
    %store/vec4 v000001b3564ef760_0, 0, 2;
    %jmp T_95.12;
T_95.2 ;
    %load/vec4 v000001b3565f7850_0;
    %addi 4, 0, 32;
    %store/vec4 v000001b3565f90b0_0, 0, 32;
    %load/vec4 v000001b3565f7850_0;
    %load/vec4 v000001b3565faaf0_0;
    %add;
    %store/vec4 v000001b356551a10_0, 0, 32;
    %pushi/vec4 0, 0, 2;
    %store/vec4 v000001b3564ef760_0, 0, 2;
    %jmp T_95.12;
T_95.3 ;
    %load/vec4 v000001b3565f7850_0;
    %addi 4, 0, 32;
    %store/vec4 v000001b3565f90b0_0, 0, 32;
    %load/vec4 v000001b3565529b0_0;
    %load/vec4 v000001b3565faa50_0;
    %add;
    %pushi/vec4 4294967294, 0, 32;
    %and;
    %store/vec4 v000001b356551a10_0, 0, 32;
    %pushi/vec4 0, 0, 2;
    %store/vec4 v000001b3564ef760_0, 0, 2;
    %jmp T_95.12;
T_95.4 ;
    %load/vec4 v000001b3565fb310_0;
    %flag_set/vec4 8;
    %jmp/0xz  T_95.13, 8;
    %load/vec4 v000001b3565f7850_0;
    %load/vec4 v000001b3565fa730_0;
    %add;
    %store/vec4 v000001b356551a10_0, 0, 32;
T_95.13 ;
    %pushi/vec4 3, 0, 2;
    %store/vec4 v000001b3564ef760_0, 0, 2;
    %jmp T_95.12;
T_95.5 ;
    %load/vec4 v000001b3565529b0_0;
    %store/vec4 v000001b35654ff30_0, 0, 32;
    %load/vec4 v000001b3565faa50_0;
    %store/vec4 v000001b356550f70_0, 0, 32;
    %pushi/vec4 0, 0, 4;
    %store/vec4 v000001b3565fb770_0, 0, 4;
    %load/vec4 v000001b3565fb270_0;
    %store/vec4 v000001b3565f6c70_0, 0, 32;
    %load/vec4 v000001b3565f95b0_0;
    %store/vec4 v000001b3565f7fd0_0, 0, 3;
    %pushi/vec4 2, 0, 2;
    %store/vec4 v000001b3564ef760_0, 0, 2;
    %jmp T_95.12;
T_95.6 ;
    %load/vec4 v000001b3565529b0_0;
    %store/vec4 v000001b35654ff30_0, 0, 32;
    %load/vec4 v000001b3565f98d0_0;
    %store/vec4 v000001b356550f70_0, 0, 32;
    %pushi/vec4 0, 0, 4;
    %store/vec4 v000001b3565fb770_0, 0, 4;
    %load/vec4 v000001b3565fb270_0;
    %store/vec4 v000001b3565f72b0_0, 0, 32;
    %load/vec4 v000001b3564f1a60_0;
    %store/vec4 v000001b3565f9330_0, 0, 32;
    %load/vec4 v000001b3565f95b0_0;
    %store/vec4 v000001b3565f75d0_0, 0, 3;
    %pushi/vec4 3, 0, 2;
    %store/vec4 v000001b3564ef760_0, 0, 2;
    %jmp T_95.12;
T_95.7 ;
    %load/vec4 v000001b3565529b0_0;
    %store/vec4 v000001b35654ff30_0, 0, 32;
    %load/vec4 v000001b3565faa50_0;
    %store/vec4 v000001b356550f70_0, 0, 32;
    %load/vec4 v000001b3565f95b0_0;
    %cmpi/e 5, 0, 3;
    %jmp/0xz  T_95.15, 4;
    %load/vec4 v000001b3565f8930_0;
    %parti/s 1, 30, 6;
    %load/vec4 v000001b3565f95b0_0;
    %concat/vec4; draw_concat_vec4
    %store/vec4 v000001b3565fb770_0, 0, 4;
    %jmp T_95.16;
T_95.15 ;
    %pushi/vec4 0, 0, 1;
    %load/vec4 v000001b3565f95b0_0;
    %concat/vec4; draw_concat_vec4
    %store/vec4 v000001b3565fb770_0, 0, 4;
T_95.16 ;
    %load/vec4 v000001b3565fb270_0;
    %store/vec4 v000001b3565f90b0_0, 0, 32;
    %pushi/vec4 0, 0, 2;
    %store/vec4 v000001b3564ef760_0, 0, 2;
    %jmp T_95.12;
T_95.8 ;
    %load/vec4 v000001b3565529b0_0;
    %store/vec4 v000001b35654ff30_0, 0, 32;
    %load/vec4 v000001b3564f1a60_0;
    %store/vec4 v000001b356550f70_0, 0, 32;
    %load/vec4 v000001b3565f8930_0;
    %parti/s 1, 30, 6;
    %load/vec4 v000001b3565f95b0_0;
    %concat/vec4; draw_concat_vec4
    %store/vec4 v000001b3565fb770_0, 0, 4;
    %load/vec4 v000001b3565fb270_0;
    %store/vec4 v000001b3565f90b0_0, 0, 32;
    %pushi/vec4 0, 0, 2;
    %store/vec4 v000001b3564ef760_0, 0, 2;
    %jmp T_95.12;
T_95.9 ;
    %pushi/vec4 3, 0, 2;
    %store/vec4 v000001b3564ef760_0, 0, 2;
    %jmp T_95.12;
T_95.10 ;
    %load/vec4 v000001b3565f95b0_0;
    %cmpi/e 0, 0, 3;
    %jmp/0xz  T_95.17, 4;
    %pushi/vec4 3, 0, 2;
    %store/vec4 v000001b3564ef760_0, 0, 2;
    %load/vec4 v000001b3565f8930_0;
    %parti/s 12, 20, 6;
    %cmpi/e 0, 0, 12;
    %jmp/0xz  T_95.19, 4;
    %pushi/vec4 1, 0, 1;
    %store/vec4 v000001b3565fba90_0, 0, 1;
    %jmp T_95.20;
T_95.19 ;
    %load/vec4 v000001b3565f8930_0;
    %parti/s 12, 20, 6;
    %cmpi/e 1, 0, 12;
    %jmp/0xz  T_95.21, 4;
    %pushi/vec4 1, 0, 1;
    %store/vec4 v000001b3565fb9f0_0, 0, 1;
    %jmp T_95.22;
T_95.21 ;
    %load/vec4 v000001b3565f8930_0;
    %parti/s 12, 20, 6;
    %cmpi/e 770, 0, 12;
    %jmp/0xz  T_95.23, 4;
    %pushi/vec4 1, 0, 1;
    %store/vec4 v000001b356555610_0, 0, 1;
T_95.23 ;
T_95.22 ;
T_95.20 ;
    %jmp T_95.18;
T_95.17 ;
    %pushi/vec4 1, 0, 2;
    %store/vec4 v000001b3564ef760_0, 0, 2;
    %load/vec4 v000001b3565fb3b0_0;
    %store/vec4 v000001b3565f4d30_0, 0, 12;
    %callf/vec4 TD_UART_tb.dut_irq.cpu.GetCSR, S_000001b35610e010;
    %store/vec4 v000001b3565fa4b0_0, 0, 32;
    %load/vec4 v000001b3565fbb30_0;
    %flag_set/vec4 8;
    %jmp/0xz  T_95.25, 8;
    %load/vec4 v000001b3565fb950_0;
    %store/vec4 v000001b3565fa4b0_0, 0, 32;
T_95.25 ;
    %load/vec4 v000001b3565fa4b0_0;
    %store/vec4 v000001b3565f90b0_0, 0, 32;
    %load/vec4 v000001b3565f95b0_0;
    %cmpi/e 1, 0, 3;
    %jmp/0xz  T_95.27, 4;
    %load/vec4 v000001b3565529b0_0;
    %store/vec4 v000001b3565f7670_0, 0, 32;
    %jmp T_95.28;
T_95.27 ;
    %load/vec4 v000001b3565f95b0_0;
    %cmpi/e 2, 0, 3;
    %jmp/0xz  T_95.29, 4;
    %load/vec4 v000001b3565fa4b0_0;
    %load/vec4 v000001b3565529b0_0;
    %or;
    %store/vec4 v000001b3565f7670_0, 0, 32;
    %jmp T_95.30;
T_95.29 ;
    %load/vec4 v000001b3565f95b0_0;
    %cmpi/e 3, 0, 3;
    %jmp/0xz  T_95.31, 4;
    %load/vec4 v000001b3565fa4b0_0;
    %load/vec4 v000001b3565529b0_0;
    %inv;
    %and;
    %store/vec4 v000001b3565f7670_0, 0, 32;
    %jmp T_95.32;
T_95.31 ;
    %load/vec4 v000001b3565f95b0_0;
    %cmpi/e 5, 0, 3;
    %jmp/0xz  T_95.33, 4;
    %load/vec4 v000001b356495f40_0;
    %store/vec4 v000001b3565f7670_0, 0, 32;
    %jmp T_95.34;
T_95.33 ;
    %load/vec4 v000001b3565f95b0_0;
    %cmpi/e 6, 0, 3;
    %jmp/0xz  T_95.35, 4;
    %load/vec4 v000001b3565fa4b0_0;
    %load/vec4 v000001b356495f40_0;
    %or;
    %store/vec4 v000001b3565f7670_0, 0, 32;
    %jmp T_95.36;
T_95.35 ;
    %load/vec4 v000001b3565f95b0_0;
    %cmpi/e 7, 0, 3;
    %jmp/0xz  T_95.37, 4;
    %load/vec4 v000001b3565fa4b0_0;
    %load/vec4 v000001b356495f40_0;
    %inv;
    %and;
    %store/vec4 v000001b3565f7670_0, 0, 32;
    %jmp T_95.38;
T_95.37 ;
    %load/vec4 v000001b3565fa4b0_0;
    %store/vec4 v000001b3565f7670_0, 0, 32;
T_95.38 ;
T_95.36 ;
T_95.34 ;
T_95.32 ;
T_95.30 ;
T_95.28 ;
T_95.18 ;
    %jmp T_95.12;
T_95.12 ;
    %pop/vec4 1;
    %load/vec4 v000001b356494fa0_0;
    %flag_set/vec4 8;
    %flag_get/vec4 8;
    %jmp/0 T_95.39, 8;
    %load/vec4 v000001b3565fc2b0_0;
    %flag_set/vec4 8;
    %jmp/1 T_95.42, 8;
    %load/vec4 v000001b3565fba90_0;
    %flag_set/vec4 9;
    %flag_or 8, 9;
T_95.42;
    %jmp/1 T_95.41, 8;
    %load/vec4 v000001b3565fb9f0_0;
    %flag_set/vec4 9;
    %flag_or 8, 9;
T_95.41;
    %flag_get/vec4 8;
    %jmp/1 T_95.40, 8;
    %load/vec4 v000001b3565f9ab0_0;
    %or;
T_95.40;
    %and;
T_95.39;
    %store/vec4 v000001b3564f2dc0_0, 0, 1;
    %load/vec4 v000001b356494fa0_0;
    %flag_set/vec4 8;
    %flag_get/vec4 8;
    %jmp/0 T_95.43, 8;
    %load/vec4 v000001b356555610_0;
    %and;
T_95.43;
    %store/vec4 v000001b3564f2aa0_0, 0, 1;
    %load/vec4 v000001b3564f2dc0_0;
    %flag_set/vec4 8;
    %jmp/0xz  T_95.44, 8;
    %load/vec4 v000001b356550930_0;
    %parti/s 30, 2, 3;
    %concati/vec4 0, 0, 2;
    %store/vec4 v000001b356551a10_0, 0, 32;
    %pushi/vec4 3, 0, 2;
    %store/vec4 v000001b3564ef760_0, 0, 2;
    %pushi/vec4 7, 0, 3;
    %store/vec4 v000001b3565f7fd0_0, 0, 3;
    %pushi/vec4 7, 0, 3;
    %store/vec4 v000001b3565f75d0_0, 0, 3;
    %jmp T_95.45;
T_95.44 ;
    %load/vec4 v000001b3564f2aa0_0;
    %flag_set/vec4 8;
    %jmp/0xz  T_95.46, 8;
    %load/vec4 v000001b356555cf0_0;
    %store/vec4 v000001b356551a10_0, 0, 32;
    %pushi/vec4 3, 0, 2;
    %store/vec4 v000001b3564ef760_0, 0, 2;
T_95.46 ;
T_95.45 ;
    %jmp T_95;
    .thread T_95, $push;
    .scope S_000001b35616c610;
T_96 ;
    %wait E_000001b3565dacb0;
    %load/vec4 v000001b3564f1d80_0;
    %flag_set/vec4 8;
    %jmp/0xz  T_96.0, 8;
    %pushi/vec4 0, 0, 32;
    %assign/vec4 v000001b3565f7710_0, 0;
    %pushi/vec4 0, 0, 32;
    %assign/vec4 v000001b3565f7850_0, 0;
    %pushi/vec4 0, 0, 1;
    %assign/vec4 v000001b3565f9830_0, 0;
    %pushi/vec4 0, 0, 64;
    %assign/vec4 v000001b3565fa550_0, 0;
    %pushi/vec4 0, 0, 64;
    %assign/vec4 v000001b3565fc350_0, 0;
    %pushi/vec4 0, 0, 32;
    %assign/vec4 v000001b3564f3860_0, 0;
    %pushi/vec4 0, 0, 5;
    %assign/vec4 v000001b3564f0de0_0, 0;
    %pushi/vec4 0, 0, 12;
    %assign/vec4 v000001b3564f3400_0, 0;
    %pushi/vec4 0, 0, 32;
    %assign/vec4 v000001b3564f1740_0, 0;
    %pushi/vec4 3, 0, 2;
    %assign/vec4 v000001b3564f0980_0, 0;
    %jmp T_96.1;
T_96.0 ;
    %load/vec4 v000001b356551a10_0;
    %assign/vec4 v000001b3565f7710_0, 0;
    %load/vec4 v000001b3565f7710_0;
    %assign/vec4 v000001b3565f7850_0, 0;
    %load/vec4 v000001b3565fa5f0_0;
    %assign/vec4 v000001b3565f9830_0, 0;
    %load/vec4 v000001b3565fa550_0;
    %addi 1, 0, 64;
    %assign/vec4 v000001b3565fa550_0, 0;
    %load/vec4 v000001b356494fa0_0;
    %flag_set/vec4 9;
    %flag_get/vec4 9;
    %jmp/0 T_96.4, 9;
    %load/vec4 v000001b3564f2dc0_0;
    %nor/r;
    %and;
T_96.4;
    %flag_set/vec4 8;
    %jmp/0xz  T_96.2, 8;
    %load/vec4 v000001b3565fc350_0;
    %addi 1, 0, 64;
    %assign/vec4 v000001b3565fc350_0, 0;
T_96.2 ;
    %load/vec4 v000001b3565f90b0_0;
    %assign/vec4 v000001b3564f3860_0, 0;
    %load/vec4 v000001b3565511f0_0;
    %assign/vec4 v000001b3564f0de0_0, 0;
    %load/vec4 v000001b3565fb3b0_0;
    %assign/vec4 v000001b3564f3400_0, 0;
    %load/vec4 v000001b3565f7670_0;
    %assign/vec4 v000001b3564f1740_0, 0;
    %load/vec4 v000001b3564ef760_0;
    %assign/vec4 v000001b3564f0980_0, 0;
T_96.1 ;
    %jmp T_96;
    .thread T_96;
    .scope S_000001b35616c610;
T_97 ;
    %wait E_000001b3565d7e30;
    %pushi/vec4 0, 0, 5;
    %store/vec4 v000001b3565f8610_0, 0, 5;
    %pushi/vec4 0, 0, 32;
    %store/vec4 v000001b3565f8570_0, 0, 32;
    %pushi/vec4 0, 0, 1;
    %store/vec4 v000001b3565f7170_0, 0, 1;
    %load/vec4 v000001b3564f0980_0;
    %cmpi/e 0, 0, 2;
    %jmp/0xz  T_97.0, 4;
    %load/vec4 v000001b3564f0de0_0;
    %store/vec4 v000001b3565f8610_0, 0, 5;
    %load/vec4 v000001b3564f3860_0;
    %store/vec4 v000001b3565f8570_0, 0, 32;
    %pushi/vec4 1, 0, 1;
    %store/vec4 v000001b3565f7170_0, 0, 1;
    %jmp T_97.1;
T_97.0 ;
    %load/vec4 v000001b3564f0980_0;
    %cmpi/e 1, 0, 2;
    %jmp/0xz  T_97.2, 4;
    %load/vec4 v000001b3564f0de0_0;
    %store/vec4 v000001b3565f8610_0, 0, 5;
    %load/vec4 v000001b3564f3860_0;
    %store/vec4 v000001b3565f8570_0, 0, 32;
    %pushi/vec4 1, 0, 1;
    %store/vec4 v000001b3565f7170_0, 0, 1;
    %jmp T_97.3;
T_97.2 ;
    %load/vec4 v000001b3564f0980_0;
    %cmpi/e 2, 0, 2;
    %jmp/0xz  T_97.4, 4;
    %load/vec4 v000001b3564f0de0_0;
    %store/vec4 v000001b3565f8610_0, 0, 5;
    %load/vec4 v000001b3565f7cb0_0;
    %store/vec4 v000001b3565f8570_0, 0, 32;
    %pushi/vec4 1, 0, 1;
    %store/vec4 v000001b3565f7170_0, 0, 1;
    %jmp T_97.5;
T_97.4 ;
    %pushi/vec4 0, 0, 1;
    %store/vec4 v000001b3565f7170_0, 0, 1;
T_97.5 ;
T_97.3 ;
T_97.1 ;
    %jmp T_97;
    .thread T_97, $push;
    .scope S_000001b35616c610;
T_98 ;
    %wait E_000001b3565dacb0;
    %load/vec4 v000001b3564f1d80_0;
    %flag_set/vec4 8;
    %jmp/0xz  T_98.0, 8;
    %pushi/vec4 0, 0, 32;
    %assign/vec4 v000001b356550750_0, 0;
    %pushi/vec4 0, 0, 32;
    %assign/vec4 v000001b356555070_0, 0;
    %pushi/vec4 0, 0, 32;
    %assign/vec4 v000001b356555110_0, 0;
    %pushi/vec4 0, 0, 32;
    %assign/vec4 v000001b356550930_0, 0;
    %pushi/vec4 0, 0, 32;
    %assign/vec4 v000001b356555a70_0, 0;
    %pushi/vec4 0, 0, 32;
    %assign/vec4 v000001b3565fbef0_0, 0;
    %pushi/vec4 0, 0, 32;
    %assign/vec4 v000001b356550890_0, 0;
    %pushi/vec4 0, 0, 32;
    %assign/vec4 v000001b356551650_0, 0;
    %jmp T_98.1;
T_98.0 ;
    %load/vec4 v000001b3564f0980_0;
    %cmpi/e 1, 0, 2;
    %jmp/0xz  T_98.2, 4;
    %load/vec4 v000001b3564f3400_0;
    %store/vec4 v000001b3565f4e70_0, 0, 12;
    %load/vec4 v000001b3564f1740_0;
    %store/vec4 v000001b3565f4f10_0, 0, 32;
    %fork TD_UART_tb.dut_irq.cpu.SetCSR, S_000001b35610e1a0;
    %join;
T_98.2 ;
    %load/vec4 v000001b3564f2dc0_0;
    %flag_set/vec4 8;
    %jmp/0xz  T_98.4, 8;
    %load/vec4 v000001b3565f7850_0;
    %assign/vec4 v000001b356555a70_0, 0;
    %load/vec4 v000001b3564f17e0_0;
    %assign/vec4 v000001b3565fbef0_0, 0;
    %load/vec4 v000001b3564efd00_0;
    %assign/vec4 v000001b356550890_0, 0;
    %load/vec4 v000001b356550750_0;
    %parti/s 1, 3, 3;
    %ix/load 4, 7, 0;
    %ix/load 5, 0, 0;
    %flag_set/imm 4, 0;
    %assign/vec4/off/d v000001b356550750_0, 4, 5;
    %pushi/vec4 0, 0, 1;
    %ix/load 4, 3, 0;
    %ix/load 5, 0, 0;
    %flag_set/imm 4, 0;
    %assign/vec4/off/d v000001b356550750_0, 4, 5;
    %pushi/vec4 3, 0, 2;
    %ix/load 4, 11, 0;
    %ix/load 5, 0, 0;
    %flag_set/imm 4, 0;
    %assign/vec4/off/d v000001b356550750_0, 4, 5;
    %jmp T_98.5;
T_98.4 ;
    %load/vec4 v000001b3564f2aa0_0;
    %flag_set/vec4 8;
    %jmp/0xz  T_98.6, 8;
    %load/vec4 v000001b356550750_0;
    %parti/s 1, 7, 4;
    %ix/load 4, 3, 0;
    %ix/load 5, 0, 0;
    %flag_set/imm 4, 0;
    %assign/vec4/off/d v000001b356550750_0, 4, 5;
    %pushi/vec4 1, 0, 1;
    %ix/load 4, 7, 0;
    %ix/load 5, 0, 0;
    %flag_set/imm 4, 0;
    %assign/vec4/off/d v000001b356550750_0, 4, 5;
    %pushi/vec4 3, 0, 2;
    %ix/load 4, 11, 0;
    %ix/load 5, 0, 0;
    %flag_set/imm 4, 0;
    %assign/vec4/off/d v000001b356550750_0, 4, 5;
T_98.6 ;
T_98.5 ;
T_98.1 ;
    %jmp T_98;
    .thread T_98;
    .scope S_000001b35616c480;
T_99 ;
    %wait E_000001b3565d7af0;
    %load/vec4 v000001b3565f4b50_0;
    %cmpi/e 0, 0, 3;
    %jmp/0xz  T_99.0, 4;
    %load/vec4 v000001b3565f4470_0;
    %parti/s 8, 0, 2;
    %load/vec4 v000001b3565f5730_0;
    %pad/u 18;
    %ix/vec4 3;
    %ix/load 4, 0, 0; Constant delay
    %assign/vec4/a/d v000001b3565f64f0, 0, 4;
    %jmp T_99.1;
T_99.0 ;
    %load/vec4 v000001b3565f4b50_0;
    %cmpi/e 1, 0, 3;
    %jmp/0xz  T_99.2, 4;
    %load/vec4 v000001b3565f4470_0;
    %parti/s 8, 0, 2;
    %load/vec4 v000001b3565f5730_0;
    %pad/u 18;
    %ix/vec4 3;
    %ix/load 4, 0, 0; Constant delay
    %assign/vec4/a/d v000001b3565f64f0, 0, 4;
    %load/vec4 v000001b3565f4470_0;
    %parti/s 8, 8, 5;
    %load/vec4 v000001b3565f5730_0;
    %pad/u 32;
    %addi 1, 0, 32;
    %ix/vec4 3;
    %ix/load 4, 0, 0; Constant delay
    %assign/vec4/a/d v000001b3565f64f0, 0, 4;
    %jmp T_99.3;
T_99.2 ;
    %load/vec4 v000001b3565f4b50_0;
    %cmpi/e 2, 0, 3;
    %jmp/0xz  T_99.4, 4;
    %load/vec4 v000001b3565f4470_0;
    %parti/s 8, 0, 2;
    %load/vec4 v000001b3565f5730_0;
    %pad/u 18;
    %ix/vec4 3;
    %ix/load 4, 0, 0; Constant delay
    %assign/vec4/a/d v000001b3565f64f0, 0, 4;
    %load/vec4 v000001b3565f4470_0;
    %parti/s 8, 8, 5;
    %load/vec4 v000001b3565f5730_0;
    %pad/u 32;
    %addi 1, 0, 32;
    %ix/vec4 3;
    %ix/load 4, 0, 0; Constant delay
    %assign/vec4/a/d v000001b3565f64f0, 0, 4;
    %load/vec4 v000001b3565f4470_0;
    %parti/s 8, 16, 6;
    %load/vec4 v000001b3565f5730_0;
    %pad/u 32;
    %addi 2, 0, 32;
    %ix/vec4 3;
    %ix/load 4, 0, 0; Constant delay
    %assign/vec4/a/d v000001b3565f64f0, 0, 4;
    %load/vec4 v000001b3565f4470_0;
    %parti/s 8, 24, 6;
    %load/vec4 v000001b3565f5730_0;
    %pad/u 32;
    %addi 3, 0, 32;
    %ix/vec4 3;
    %ix/load 4, 0, 0; Constant delay
    %assign/vec4/a/d v000001b3565f64f0, 0, 4;
T_99.4 ;
T_99.3 ;
T_99.1 ;
    %jmp T_99;
    .thread T_99;
    .scope S_000001b35616c480;
T_100 ;
    %wait E_000001b3565d7af0;
    %load/vec4 v000001b3565f4830_0;
    %cmpi/e 0, 0, 3;
    %jmp/0xz  T_100.0, 4;
    %load/vec4 v000001b3565f6770_0;
    %pad/u 18;
    %ix/vec4 4;
    %load/vec4a v000001b3565f64f0, 4;
    %parti/s 1, 7, 4;
    %replicate 24;
    %load/vec4 v000001b3565f6770_0;
    %pad/u 18;
    %ix/vec4 4;
    %load/vec4a v000001b3565f64f0, 4;
    %concat/vec4; draw_concat_vec4
    %assign/vec4 v000001b3565f5690_0, 0;
    %jmp T_100.1;
T_100.0 ;
    %load/vec4 v000001b3565f4830_0;
    %cmpi/e 1, 0, 3;
    %jmp/0xz  T_100.2, 4;
    %load/vec4 v000001b3565f6770_0;
    %pad/u 32;
    %addi 1, 0, 32;
    %ix/vec4 4;
    %load/vec4a v000001b3565f64f0, 4;
    %parti/s 1, 7, 4;
    %replicate 16;
    %load/vec4 v000001b3565f6770_0;
    %pad/u 32;
    %addi 1, 0, 32;
    %ix/vec4 4;
    %load/vec4a v000001b3565f64f0, 4;
    %concat/vec4; draw_concat_vec4
    %load/vec4 v000001b3565f6770_0;
    %pad/u 18;
    %ix/vec4 4;
    %load/vec4a v000001b3565f64f0, 4;
    %concat/vec4; draw_concat_vec4
    %assign/vec4 v000001b3565f5690_0, 0;
    %jmp T_100.3;
T_100.2 ;
    %load/vec4 v000001b3565f4830_0;
    %cmpi/e 2, 0, 3;
    %jmp/0xz  T_100.4, 4;
    %load/vec4 v000001b3565f6770_0;
    %pad/u 32;
    %addi 3, 0, 32;
    %ix/vec4 4;
    %load/vec4a v000001b3565f64f0, 4;
    %load/vec4 v000001b3565f6770_0;
    %pad/u 32;
    %addi 2, 0, 32;
    %ix/vec4 4;
    %load/vec4a v000001b3565f64f0, 4;
    %concat/vec4; draw_concat_vec4
    %load/vec4 v000001b3565f6770_0;
    %pad/u 32;
    %addi 1, 0, 32;
    %ix/vec4 4;
    %load/vec4a v000001b3565f64f0, 4;
    %concat/vec4; draw_concat_vec4
    %load/vec4 v000001b3565f6770_0;
    %pad/u 18;
    %ix/vec4 4;
    %load/vec4a v000001b3565f64f0, 4;
    %concat/vec4; draw_concat_vec4
    %assign/vec4 v000001b3565f5690_0, 0;
    %jmp T_100.5;
T_100.4 ;
    %load/vec4 v000001b3565f4830_0;
    %cmpi/e 4, 0, 3;
    %jmp/0xz  T_100.6, 4;
    %pushi/vec4 0, 0, 24;
    %load/vec4 v000001b3565f6770_0;
    %pad/u 18;
    %ix/vec4 4;
    %load/vec4a v000001b3565f64f0, 4;
    %concat/vec4; draw_concat_vec4
    %assign/vec4 v000001b3565f5690_0, 0;
    %jmp T_100.7;
T_100.6 ;
    %load/vec4 v000001b3565f4830_0;
    %cmpi/e 5, 0, 3;
    %jmp/0xz  T_100.8, 4;
    %pushi/vec4 0, 0, 16;
    %load/vec4 v000001b3565f6770_0;
    %pad/u 32;
    %addi 1, 0, 32;
    %ix/vec4 4;
    %load/vec4a v000001b3565f64f0, 4;
    %concat/vec4; draw_concat_vec4
    %load/vec4 v000001b3565f6770_0;
    %pad/u 18;
    %ix/vec4 4;
    %load/vec4a v000001b3565f64f0, 4;
    %concat/vec4; draw_concat_vec4
    %assign/vec4 v000001b3565f5690_0, 0;
    %jmp T_100.9;
T_100.8 ;
    %pushi/vec4 0, 0, 32;
    %assign/vec4 v000001b3565f5690_0, 0;
T_100.9 ;
T_100.7 ;
T_100.5 ;
T_100.3 ;
T_100.1 ;
    %load/vec4 v000001b3565f6630_0;
    %pad/u 32;
    %addi 3, 0, 32;
    %ix/vec4 4;
    %load/vec4a v000001b3565f64f0, 4;
    %load/vec4 v000001b3565f6630_0;
    %pad/u 32;
    %addi 2, 0, 32;
    %ix/vec4 4;
    %load/vec4a v000001b3565f64f0, 4;
    %concat/vec4; draw_concat_vec4
    %load/vec4 v000001b3565f6630_0;
    %pad/u 32;
    %addi 1, 0, 32;
    %ix/vec4 4;
    %load/vec4a v000001b3565f64f0, 4;
    %concat/vec4; draw_concat_vec4
    %load/vec4 v000001b3565f6630_0;
    %pad/u 18;
    %ix/vec4 4;
    %load/vec4a v000001b3565f64f0, 4;
    %concat/vec4; draw_concat_vec4
    %assign/vec4 v000001b3565f4650_0, 0;
    %jmp T_100;
    .thread T_100;
    .scope S_000001b35666a3a0;
T_101 ;
    %wait E_000001b3565dacb0;
    %load/vec4 v000001b3563f8fd0_0;
    %flag_set/vec4 8;
    %jmp/0xz  T_101.0, 8;
    %pushi/vec4 0, 0, 32;
    %assign/vec4 v000001b3563fad30_0, 0;
    %pushi/vec4 0, 0, 32;
    %assign/vec4 v000001b3563fadd0_0, 0;
    %pushi/vec4 0, 0, 32;
    %assign/vec4 v000001b3563fb050_0, 0;
    %jmp T_101.1;
T_101.0 ;
    %load/vec4 v000001b3563ed700_0;
    %assign/vec4 v000001b3563fad30_0, 0;
    %load/vec4 v000001b3563fad30_0;
    %assign/vec4 v000001b3563fadd0_0, 0;
    %load/vec4 v000001b3563fadd0_0;
    %assign/vec4 v000001b3563fb050_0, 0;
T_101.1 ;
    %jmp T_101;
    .thread T_101;
    .scope S_000001b35666a3a0;
T_102 ;
    %wait E_000001b3565dacb0;
    %load/vec4 v000001b3563f8fd0_0;
    %flag_set/vec4 8;
    %jmp/0xz  T_102.0, 8;
    %pushi/vec4 0, 0, 32;
    %assign/vec4 v000001b3563f0ae0_0, 0;
    %pushi/vec4 0, 0, 32;
    %assign/vec4 v000001b3563f0c20_0, 0;
    %pushi/vec4 0, 0, 32;
    %assign/vec4 v000001b3563ee600_0, 0;
    %pushi/vec4 0, 0, 32;
    %assign/vec4 v000001b3563eed80_0, 0;
    %pushi/vec4 0, 0, 32;
    %assign/vec4 v000001b3563eece0_0, 0;
    %jmp T_102.1;
T_102.0 ;
    %load/vec4 v000001b3563fc8b0_0;
    %flag_set/vec4 8;
    %jmp/0xz  T_102.2, 8;
    %load/vec4 v000001b3563f8b70_0;
    %dup/vec4;
    %pushi/vec4 1, 0, 4;
    %cmp/u;
    %jmp/1 T_102.4, 6;
    %dup/vec4;
    %pushi/vec4 2, 0, 4;
    %cmp/u;
    %jmp/1 T_102.5, 6;
    %dup/vec4;
    %pushi/vec4 3, 0, 4;
    %cmp/u;
    %jmp/1 T_102.6, 6;
    %dup/vec4;
    %pushi/vec4 4, 0, 4;
    %cmp/u;
    %jmp/1 T_102.7, 6;
    %dup/vec4;
    %pushi/vec4 5, 0, 4;
    %cmp/u;
    %jmp/1 T_102.8, 6;
    %dup/vec4;
    %pushi/vec4 6, 0, 4;
    %cmp/u;
    %jmp/1 T_102.9, 6;
    %dup/vec4;
    %pushi/vec4 7, 0, 4;
    %cmp/u;
    %jmp/1 T_102.10, 6;
    %jmp T_102.12;
T_102.4 ;
    %load/vec4 v000001b3563f0ae0_0;
    %load/vec4 v000001b3563f0c20_0;
    %inv;
    %and;
    %load/vec4 v000001b3563fc1d0_0;
    %or;
    %assign/vec4 v000001b3563f0ae0_0, 0;
    %jmp T_102.12;
T_102.5 ;
    %load/vec4 v000001b3563fc810_0;
    %assign/vec4 v000001b3563f0c20_0, 0;
    %jmp T_102.12;
T_102.6 ;
    %load/vec4 v000001b3563f0ae0_0;
    %load/vec4 v000001b3563fc1d0_0;
    %or;
    %assign/vec4 v000001b3563f0ae0_0, 0;
    %jmp T_102.12;
T_102.7 ;
    %load/vec4 v000001b3563f0ae0_0;
    %load/vec4 v000001b3563fc1d0_0;
    %inv;
    %and;
    %assign/vec4 v000001b3563f0ae0_0, 0;
    %jmp T_102.12;
T_102.8 ;
    %load/vec4 v000001b3563fc810_0;
    %assign/vec4 v000001b3563ee600_0, 0;
    %jmp T_102.12;
T_102.9 ;
    %load/vec4 v000001b3563fc810_0;
    %assign/vec4 v000001b3563eed80_0, 0;
    %jmp T_102.12;
T_102.10 ;
    %load/vec4 v000001b3563fc810_0;
    %assign/vec4 v000001b3563eece0_0, 0;
    %jmp T_102.12;
T_102.12 ;
    %pop/vec4 1;
T_102.2 ;
T_102.1 ;
    %jmp T_102;
    .thread T_102;
    .scope S_000001b35666a3a0;
T_103 ;
    %wait E_000001b3565dacb0;
    %load/vec4 v000001b3563f8fd0_0;
    %flag_set/vec4 8;
    %jmp/0xz  T_103.0, 8;
    %pushi/vec4 0, 0, 32;
    %assign/vec4 v000001b3563ed8e0_0, 0;
    %jmp T_103.1;
T_103.0 ;
    %load/vec4 v000001b3563ed8e0_0;
    %load/vec4 v000001b3563efaa0_0;
    %inv;
    %and;
    %load/vec4 v000001b3563ef5a0_0;
    %or;
    %assign/vec4 v000001b3563ed8e0_0, 0;
T_103.1 ;
    %jmp T_103;
    .thread T_103;
    .scope S_000001b35666a3a0;
T_104 ;
    %wait E_000001b3565dad70;
    %load/vec4 v000001b3563fac90_0;
    %dup/vec4;
    %pushi/vec4 0, 0, 4;
    %cmp/u;
    %jmp/1 T_104.0, 6;
    %dup/vec4;
    %pushi/vec4 1, 0, 4;
    %cmp/u;
    %jmp/1 T_104.1, 6;
    %dup/vec4;
    %pushi/vec4 2, 0, 4;
    %cmp/u;
    %jmp/1 T_104.2, 6;
    %dup/vec4;
    %pushi/vec4 5, 0, 4;
    %cmp/u;
    %jmp/1 T_104.3, 6;
    %dup/vec4;
    %pushi/vec4 6, 0, 4;
    %cmp/u;
    %jmp/1 T_104.4, 6;
    %dup/vec4;
    %pushi/vec4 7, 0, 4;
    %cmp/u;
    %jmp/1 T_104.5, 6;
    %dup/vec4;
    %pushi/vec4 8, 0, 4;
    %cmp/u;
    %jmp/1 T_104.6, 6;
    %pushi/vec4 0, 0, 32;
    %store/vec4 v000001b3563fa470_0, 0, 32;
    %jmp T_104.8;
T_104.0 ;
    %load/vec4 v000001b3563fadd0_0;
    %store/vec4 v000001b3563fa470_0, 0, 32;
    %jmp T_104.8;
T_104.1 ;
    %load/vec4 v000001b3563f0ae0_0;
    %store/vec4 v000001b3563fa470_0, 0, 32;
    %jmp T_104.8;
T_104.2 ;
    %load/vec4 v000001b3563f0c20_0;
    %store/vec4 v000001b3563fa470_0, 0, 32;
    %jmp T_104.8;
T_104.3 ;
    %load/vec4 v000001b3563ee600_0;
    %store/vec4 v000001b3563fa470_0, 0, 32;
    %jmp T_104.8;
T_104.4 ;
    %load/vec4 v000001b3563eed80_0;
    %store/vec4 v000001b3563fa470_0, 0, 32;
    %jmp T_104.8;
T_104.5 ;
    %load/vec4 v000001b3563eece0_0;
    %store/vec4 v000001b3563fa470_0, 0, 32;
    %jmp T_104.8;
T_104.6 ;
    %load/vec4 v000001b3563ed8e0_0;
    %store/vec4 v000001b3563fa470_0, 0, 32;
    %jmp T_104.8;
T_104.8 ;
    %pop/vec4 1;
    %jmp T_104;
    .thread T_104, $push;
    .scope S_000001b35666a530;
T_105 ;
    %wait E_000001b3565dacb0;
    %load/vec4 v000001b35666b640_0;
    %flag_set/vec4 8;
    %jmp/0xz  T_105.0, 8;
    %pushi/vec4 0, 0, 3;
    %assign/vec4 v000001b35636e250_0, 0;
    %jmp T_105.1;
T_105.0 ;
    %load/vec4 v000001b3563a3140_0;
    %flag_set/vec4 8;
    %jmp/0xz  T_105.2, 8;
    %load/vec4 v000001b35636eed0_0;
    %assign/vec4 v000001b35636e250_0, 0;
T_105.2 ;
T_105.1 ;
    %jmp T_105;
    .thread T_105;
    .scope S_000001b35666a530;
T_106 ;
    %wait E_000001b3565dacb0;
    %load/vec4 v000001b35666b640_0;
    %flag_set/vec4 8;
    %jmp/0xz  T_106.0, 8;
    %pushi/vec4 0, 0, 3;
    %assign/vec4 v000001b35666c360_0, 0;
    %pushi/vec4 0, 0, 3;
    %assign/vec4 v000001b35666c2c0_0, 0;
    %pushi/vec4 0, 0, 4;
    %assign/vec4 v000001b35666bd20_0, 0;
    %pushi/vec4 0, 0, 3;
    %assign/vec4 v000001b35666cae0_0, 0;
    %pushi/vec4 0, 0, 3;
    %assign/vec4 v000001b35666aba0_0, 0;
    %pushi/vec4 0, 0, 4;
    %assign/vec4 v000001b35666b140_0, 0;
    %pushi/vec4 0, 0, 2;
    %assign/vec4 v000001b35666aa60_0, 0;
    %pushi/vec4 0, 0, 16;
    %assign/vec4 v000001b35666b8c0_0, 0;
    %pushi/vec4 0, 0, 3;
    %assign/vec4 v000001b35666b320_0, 0;
    %pushi/vec4 0, 0, 8;
    %assign/vec4 v000001b35666b780_0, 0;
    %pushi/vec4 1, 0, 1;
    %assign/vec4 v000001b35666a740_0, 0;
    %pushi/vec4 0, 0, 2;
    %assign/vec4 v000001b35666baa0_0, 0;
    %pushi/vec4 0, 0, 16;
    %assign/vec4 v000001b35666ae20_0, 0;
    %pushi/vec4 0, 0, 3;
    %assign/vec4 v000001b35666cea0_0, 0;
    %pushi/vec4 0, 0, 8;
    %assign/vec4 v000001b35666c180_0, 0;
    %pushi/vec4 1, 0, 1;
    %assign/vec4 v000001b35666aec0_0, 0;
    %pushi/vec4 1, 0, 1;
    %assign/vec4 v000001b35666c900_0, 0;
    %jmp T_106.1;
T_106.0 ;
    %load/vec4 v000001b35666c860_0;
    %assign/vec4 v000001b35666aec0_0, 0;
    %load/vec4 v000001b35666aec0_0;
    %assign/vec4 v000001b35666c900_0, 0;
    %load/vec4 v000001b35666c720_0;
    %flag_set/vec4 9;
    %flag_get/vec4 9;
    %jmp/0 T_106.4, 9;
    %load/vec4 v000001b35666ab00_0;
    %nor/r;
    %and;
T_106.4;
    %flag_set/vec4 8;
    %jmp/0xz  T_106.2, 8;
    %load/vec4 v000001b35666ac40_0;
    %load/vec4 v000001b35666c360_0;
    %pad/u 5;
    %ix/vec4 3;
    %ix/load 4, 0, 0; Constant delay
    %assign/vec4/a/d v000001b35666c5e0, 0, 4;
    %load/vec4 v000001b35666c360_0;
    %addi 1, 0, 3;
    %assign/vec4 v000001b35666c360_0, 0;
T_106.2 ;
    %load/vec4 v000001b35666c720_0;
    %flag_set/vec4 10;
    %flag_get/vec4 10;
    %jmp/0 T_106.8, 10;
    %load/vec4 v000001b35666ab00_0;
    %nor/r;
    %and;
T_106.8;
    %flag_set/vec4 9;
    %flag_get/vec4 9;
    %jmp/0 T_106.7, 9;
    %load/vec4 v000001b35666cc20_0;
    %nor/r;
    %and;
T_106.7;
    %flag_set/vec4 8;
    %jmp/0xz  T_106.5, 8;
    %load/vec4 v000001b35666bd20_0;
    %addi 1, 0, 4;
    %assign/vec4 v000001b35666bd20_0, 0;
    %jmp T_106.6;
T_106.5 ;
    %load/vec4 v000001b35666c720_0;
    %flag_set/vec4 10;
    %flag_get/vec4 10;
    %jmp/0 T_106.12, 10;
    %load/vec4 v000001b35666ab00_0;
    %nor/r;
    %and;
T_106.12;
    %nor/r;
    %flag_set/vec4 9;
    %flag_get/vec4 9;
    %jmp/0 T_106.11, 9;
    %load/vec4 v000001b35666cc20_0;
    %and;
T_106.11;
    %flag_set/vec4 8;
    %jmp/0xz  T_106.9, 8;
    %load/vec4 v000001b35666bd20_0;
    %subi 1, 0, 4;
    %assign/vec4 v000001b35666bd20_0, 0;
T_106.9 ;
T_106.6 ;
    %load/vec4 v000001b35666aa60_0;
    %dup/vec4;
    %pushi/vec4 0, 0, 2;
    %cmp/u;
    %jmp/1 T_106.13, 6;
    %dup/vec4;
    %pushi/vec4 1, 0, 2;
    %cmp/u;
    %jmp/1 T_106.14, 6;
    %dup/vec4;
    %pushi/vec4 2, 0, 2;
    %cmp/u;
    %jmp/1 T_106.15, 6;
    %dup/vec4;
    %pushi/vec4 3, 0, 2;
    %cmp/u;
    %jmp/1 T_106.16, 6;
    %jmp T_106.17;
T_106.13 ;
    %pushi/vec4 1, 0, 1;
    %assign/vec4 v000001b35666a740_0, 0;
    %pushi/vec4 0, 0, 16;
    %assign/vec4 v000001b35666b8c0_0, 0;
    %pushi/vec4 0, 0, 3;
    %assign/vec4 v000001b35666b320_0, 0;
    %load/vec4 v000001b35666c220_0;
    %nor/r;
    %flag_set/vec4 8;
    %jmp/0xz  T_106.18, 8;
    %load/vec4 v000001b35666c2c0_0;
    %pad/u 5;
    %ix/vec4 4;
    %load/vec4a v000001b35666c5e0, 4;
    %assign/vec4 v000001b35666b780_0, 0;
    %load/vec4 v000001b35666c2c0_0;
    %addi 1, 0, 3;
    %assign/vec4 v000001b35666c2c0_0, 0;
    %pushi/vec4 1, 0, 2;
    %assign/vec4 v000001b35666aa60_0, 0;
T_106.18 ;
    %jmp T_106.17;
T_106.14 ;
    %pushi/vec4 0, 0, 1;
    %assign/vec4 v000001b35666a740_0, 0;
    %load/vec4 v000001b35666b8c0_0;
    %pad/u 32;
    %cmpi/e 7, 0, 32;
    %jmp/0xz  T_106.20, 4;
    %pushi/vec4 0, 0, 16;
    %assign/vec4 v000001b35666b8c0_0, 0;
    %pushi/vec4 2, 0, 2;
    %assign/vec4 v000001b35666aa60_0, 0;
    %jmp T_106.21;
T_106.20 ;
    %load/vec4 v000001b35666b8c0_0;
    %addi 1, 0, 16;
    %assign/vec4 v000001b35666b8c0_0, 0;
T_106.21 ;
    %jmp T_106.17;
T_106.15 ;
    %load/vec4 v000001b35666b780_0;
    %load/vec4 v000001b35666b320_0;
    %part/u 1;
    %assign/vec4 v000001b35666a740_0, 0;
    %load/vec4 v000001b35666b8c0_0;
    %pad/u 32;
    %cmpi/e 7, 0, 32;
    %jmp/0xz  T_106.22, 4;
    %pushi/vec4 0, 0, 16;
    %assign/vec4 v000001b35666b8c0_0, 0;
    %load/vec4 v000001b35666b320_0;
    %cmpi/e 7, 0, 3;
    %jmp/0xz  T_106.24, 4;
    %pushi/vec4 3, 0, 2;
    %assign/vec4 v000001b35666aa60_0, 0;
    %jmp T_106.25;
T_106.24 ;
    %load/vec4 v000001b35666b320_0;
    %addi 1, 0, 3;
    %assign/vec4 v000001b35666b320_0, 0;
T_106.25 ;
    %jmp T_106.23;
T_106.22 ;
    %load/vec4 v000001b35666b8c0_0;
    %addi 1, 0, 16;
    %assign/vec4 v000001b35666b8c0_0, 0;
T_106.23 ;
    %jmp T_106.17;
T_106.16 ;
    %pushi/vec4 1, 0, 1;
    %assign/vec4 v000001b35666a740_0, 0;
    %load/vec4 v000001b35666b8c0_0;
    %pad/u 32;
    %cmpi/e 7, 0, 32;
    %jmp/0xz  T_106.26, 4;
    %pushi/vec4 0, 0, 16;
    %assign/vec4 v000001b35666b8c0_0, 0;
    %pushi/vec4 0, 0, 2;
    %assign/vec4 v000001b35666aa60_0, 0;
    %jmp T_106.27;
T_106.26 ;
    %load/vec4 v000001b35666b8c0_0;
    %addi 1, 0, 16;
    %assign/vec4 v000001b35666b8c0_0, 0;
T_106.27 ;
    %jmp T_106.17;
T_106.17 ;
    %pop/vec4 1;
    %load/vec4 v000001b35666baa0_0;
    %dup/vec4;
    %pushi/vec4 0, 0, 2;
    %cmp/u;
    %jmp/1 T_106.28, 6;
    %dup/vec4;
    %pushi/vec4 1, 0, 2;
    %cmp/u;
    %jmp/1 T_106.29, 6;
    %dup/vec4;
    %pushi/vec4 2, 0, 2;
    %cmp/u;
    %jmp/1 T_106.30, 6;
    %dup/vec4;
    %pushi/vec4 3, 0, 2;
    %cmp/u;
    %jmp/1 T_106.31, 6;
    %jmp T_106.32;
T_106.28 ;
    %pushi/vec4 0, 0, 16;
    %assign/vec4 v000001b35666ae20_0, 0;
    %pushi/vec4 0, 0, 3;
    %assign/vec4 v000001b35666cea0_0, 0;
    %load/vec4 v000001b35666c900_0;
    %cmpi/e 0, 0, 1;
    %jmp/0xz  T_106.33, 4;
    %pushi/vec4 1, 0, 2;
    %assign/vec4 v000001b35666baa0_0, 0;
T_106.33 ;
    %jmp T_106.32;
T_106.29 ;
    %load/vec4 v000001b35666ae20_0;
    %pad/u 32;
    %cmpi/e 3, 0, 32;
    %jmp/0xz  T_106.35, 4;
    %pushi/vec4 0, 0, 16;
    %assign/vec4 v000001b35666ae20_0, 0;
    %load/vec4 v000001b35666c900_0;
    %cmpi/e 0, 0, 1;
    %jmp/0xz  T_106.37, 4;
    %pushi/vec4 2, 0, 2;
    %assign/vec4 v000001b35666baa0_0, 0;
    %jmp T_106.38;
T_106.37 ;
    %pushi/vec4 0, 0, 2;
    %assign/vec4 v000001b35666baa0_0, 0;
T_106.38 ;
    %jmp T_106.36;
T_106.35 ;
    %load/vec4 v000001b35666ae20_0;
    %addi 1, 0, 16;
    %assign/vec4 v000001b35666ae20_0, 0;
T_106.36 ;
    %jmp T_106.32;
T_106.30 ;
    %load/vec4 v000001b35666ae20_0;
    %pad/u 32;
    %cmpi/e 7, 0, 32;
    %jmp/0xz  T_106.39, 4;
    %pushi/vec4 0, 0, 16;
    %assign/vec4 v000001b35666ae20_0, 0;
    %load/vec4 v000001b35666c900_0;
    %ix/load 5, 0, 0;
    %ix/getv 4, v000001b35666cea0_0;
    %assign/vec4/off/d v000001b35666c180_0, 4, 5;
    %load/vec4 v000001b35666cea0_0;
    %cmpi/e 7, 0, 3;
    %jmp/0xz  T_106.41, 4;
    %pushi/vec4 3, 0, 2;
    %assign/vec4 v000001b35666baa0_0, 0;
    %jmp T_106.42;
T_106.41 ;
    %load/vec4 v000001b35666cea0_0;
    %addi 1, 0, 3;
    %assign/vec4 v000001b35666cea0_0, 0;
T_106.42 ;
    %jmp T_106.40;
T_106.39 ;
    %load/vec4 v000001b35666ae20_0;
    %addi 1, 0, 16;
    %assign/vec4 v000001b35666ae20_0, 0;
T_106.40 ;
    %jmp T_106.32;
T_106.31 ;
    %load/vec4 v000001b35666ae20_0;
    %pad/u 32;
    %cmpi/e 7, 0, 32;
    %jmp/0xz  T_106.43, 4;
    %pushi/vec4 0, 0, 16;
    %assign/vec4 v000001b35666ae20_0, 0;
    %pushi/vec4 0, 0, 2;
    %assign/vec4 v000001b35666baa0_0, 0;
    %jmp T_106.44;
T_106.43 ;
    %load/vec4 v000001b35666ae20_0;
    %addi 1, 0, 16;
    %assign/vec4 v000001b35666ae20_0, 0;
T_106.44 ;
    %jmp T_106.32;
T_106.32 ;
    %pop/vec4 1;
    %load/vec4 v000001b35666ccc0_0;
    %flag_set/vec4 8;
    %jmp/0xz  T_106.45, 8;
    %load/vec4 v000001b35666c180_0;
    %load/vec4 v000001b35666cae0_0;
    %pad/u 5;
    %ix/vec4 3;
    %ix/load 4, 0, 0; Constant delay
    %assign/vec4/a/d v000001b35666a9c0, 0, 4;
    %load/vec4 v000001b35666cae0_0;
    %addi 1, 0, 3;
    %assign/vec4 v000001b35666cae0_0, 0;
T_106.45 ;
    %load/vec4 v000001b35666ccc0_0;
    %flag_set/vec4 9;
    %flag_get/vec4 9;
    %jmp/0 T_106.49, 9;
    %load/vec4 v000001b356303b90_0;
    %flag_set/vec4 9;
    %flag_get/vec4 9;
    %jmp/0 T_106.50, 9;
    %load/vec4 v000001b35666b280_0;
    %nor/r;
    %and;
T_106.50;
    %nor/r;
    %and;
T_106.49;
    %flag_set/vec4 8;
    %jmp/0xz  T_106.47, 8;
    %load/vec4 v000001b35666b140_0;
    %addi 1, 0, 4;
    %assign/vec4 v000001b35666b140_0, 0;
    %jmp T_106.48;
T_106.47 ;
    %load/vec4 v000001b35666ccc0_0;
    %nor/r;
    %flag_set/vec4 9;
    %flag_get/vec4 9;
    %jmp/0 T_106.53, 9;
    %load/vec4 v000001b356303b90_0;
    %flag_set/vec4 9;
    %flag_get/vec4 9;
    %jmp/0 T_106.54, 9;
    %load/vec4 v000001b35666b280_0;
    %nor/r;
    %and;
T_106.54;
    %and;
T_106.53;
    %flag_set/vec4 8;
    %jmp/0xz  T_106.51, 8;
    %load/vec4 v000001b35666b140_0;
    %subi 1, 0, 4;
    %assign/vec4 v000001b35666b140_0, 0;
T_106.51 ;
T_106.48 ;
    %load/vec4 v000001b356303b90_0;
    %flag_set/vec4 9;
    %flag_get/vec4 9;
    %jmp/0 T_106.57, 9;
    %load/vec4 v000001b35666b280_0;
    %nor/r;
    %and;
T_106.57;
    %flag_set/vec4 8;
    %jmp/0xz  T_106.55, 8;
    %load/vec4 v000001b35666aba0_0;
    %addi 1, 0, 3;
    %assign/vec4 v000001b35666aba0_0, 0;
T_106.55 ;
T_106.1 ;
    %jmp T_106;
    .thread T_106;
    .scope S_000001b356669d60;
T_107 ;
    %wait E_000001b3565dacb0;
    %load/vec4 v000001b35666e660_0;
    %flag_set/vec4 8;
    %jmp/0xz  T_107.0, 8;
    %pushi/vec4 0, 0, 3;
    %assign/vec4 v000001b35666d8a0_0, 0;
    %jmp T_107.1;
T_107.0 ;
    %load/vec4 v000001b35666d940_0;
    %flag_set/vec4 8;
    %jmp/0xz  T_107.2, 8;
    %load/vec4 v000001b35666e340_0;
    %assign/vec4 v000001b35666d8a0_0, 0;
T_107.2 ;
T_107.1 ;
    %jmp T_107;
    .thread T_107;
    .scope S_000001b356669d60;
T_108 ;
    %wait E_000001b3565dacb0;
    %load/vec4 v000001b35666e660_0;
    %flag_set/vec4 8;
    %jmp/0xz  T_108.0, 8;
    %pushi/vec4 0, 0, 3;
    %assign/vec4 v000001b35666eac0_0, 0;
    %pushi/vec4 0, 0, 3;
    %assign/vec4 v000001b35666eca0_0, 0;
    %pushi/vec4 0, 0, 4;
    %assign/vec4 v000001b35666e3e0_0, 0;
    %pushi/vec4 0, 0, 3;
    %assign/vec4 v000001b35666d620_0, 0;
    %pushi/vec4 0, 0, 3;
    %assign/vec4 v000001b35666ec00_0, 0;
    %pushi/vec4 0, 0, 4;
    %assign/vec4 v000001b35666f600_0, 0;
    %pushi/vec4 0, 0, 2;
    %assign/vec4 v000001b35666f4c0_0, 0;
    %pushi/vec4 0, 0, 16;
    %assign/vec4 v000001b35666cf40_0, 0;
    %pushi/vec4 0, 0, 3;
    %assign/vec4 v000001b35666dc60_0, 0;
    %pushi/vec4 0, 0, 8;
    %assign/vec4 v000001b35666d800_0, 0;
    %pushi/vec4 1, 0, 1;
    %assign/vec4 v000001b35666f420_0, 0;
    %pushi/vec4 0, 0, 2;
    %assign/vec4 v000001b35666e700_0, 0;
    %pushi/vec4 0, 0, 16;
    %assign/vec4 v000001b35666e8e0_0, 0;
    %pushi/vec4 0, 0, 3;
    %assign/vec4 v000001b35666e980_0, 0;
    %pushi/vec4 0, 0, 8;
    %assign/vec4 v000001b35666eb60_0, 0;
    %pushi/vec4 1, 0, 1;
    %assign/vec4 v000001b35666dbc0_0, 0;
    %pushi/vec4 1, 0, 1;
    %assign/vec4 v000001b35666d440_0, 0;
    %jmp T_108.1;
T_108.0 ;
    %load/vec4 v000001b35666f1a0_0;
    %assign/vec4 v000001b35666dbc0_0, 0;
    %load/vec4 v000001b35666dbc0_0;
    %assign/vec4 v000001b35666d440_0, 0;
    %load/vec4 v000001b35666dd00_0;
    %flag_set/vec4 9;
    %flag_get/vec4 9;
    %jmp/0 T_108.4, 9;
    %load/vec4 v000001b35666de40_0;
    %nor/r;
    %and;
T_108.4;
    %flag_set/vec4 8;
    %jmp/0xz  T_108.2, 8;
    %load/vec4 v000001b35666efc0_0;
    %load/vec4 v000001b35666eac0_0;
    %pad/u 5;
    %ix/vec4 3;
    %ix/load 4, 0, 0; Constant delay
    %assign/vec4/a/d v000001b35666ede0, 0, 4;
    %load/vec4 v000001b35666eac0_0;
    %addi 1, 0, 3;
    %assign/vec4 v000001b35666eac0_0, 0;
T_108.2 ;
    %load/vec4 v000001b35666dd00_0;
    %flag_set/vec4 10;
    %flag_get/vec4 10;
    %jmp/0 T_108.8, 10;
    %load/vec4 v000001b35666de40_0;
    %nor/r;
    %and;
T_108.8;
    %flag_set/vec4 9;
    %flag_get/vec4 9;
    %jmp/0 T_108.7, 9;
    %load/vec4 v000001b35666f6a0_0;
    %nor/r;
    %and;
T_108.7;
    %flag_set/vec4 8;
    %jmp/0xz  T_108.5, 8;
    %load/vec4 v000001b35666e3e0_0;
    %addi 1, 0, 4;
    %assign/vec4 v000001b35666e3e0_0, 0;
    %jmp T_108.6;
T_108.5 ;
    %load/vec4 v000001b35666dd00_0;
    %flag_set/vec4 10;
    %flag_get/vec4 10;
    %jmp/0 T_108.12, 10;
    %load/vec4 v000001b35666de40_0;
    %nor/r;
    %and;
T_108.12;
    %nor/r;
    %flag_set/vec4 9;
    %flag_get/vec4 9;
    %jmp/0 T_108.11, 9;
    %load/vec4 v000001b35666f6a0_0;
    %and;
T_108.11;
    %flag_set/vec4 8;
    %jmp/0xz  T_108.9, 8;
    %load/vec4 v000001b35666e3e0_0;
    %subi 1, 0, 4;
    %assign/vec4 v000001b35666e3e0_0, 0;
T_108.9 ;
T_108.6 ;
    %load/vec4 v000001b35666f4c0_0;
    %dup/vec4;
    %pushi/vec4 0, 0, 2;
    %cmp/u;
    %jmp/1 T_108.13, 6;
    %dup/vec4;
    %pushi/vec4 1, 0, 2;
    %cmp/u;
    %jmp/1 T_108.14, 6;
    %dup/vec4;
    %pushi/vec4 2, 0, 2;
    %cmp/u;
    %jmp/1 T_108.15, 6;
    %dup/vec4;
    %pushi/vec4 3, 0, 2;
    %cmp/u;
    %jmp/1 T_108.16, 6;
    %jmp T_108.17;
T_108.13 ;
    %pushi/vec4 1, 0, 1;
    %assign/vec4 v000001b35666f420_0, 0;
    %pushi/vec4 0, 0, 16;
    %assign/vec4 v000001b35666cf40_0, 0;
    %pushi/vec4 0, 0, 3;
    %assign/vec4 v000001b35666dc60_0, 0;
    %load/vec4 v000001b35666f240_0;
    %nor/r;
    %flag_set/vec4 8;
    %jmp/0xz  T_108.18, 8;
    %load/vec4 v000001b35666eca0_0;
    %pad/u 5;
    %ix/vec4 4;
    %load/vec4a v000001b35666ede0, 4;
    %assign/vec4 v000001b35666d800_0, 0;
    %load/vec4 v000001b35666eca0_0;
    %addi 1, 0, 3;
    %assign/vec4 v000001b35666eca0_0, 0;
    %pushi/vec4 1, 0, 2;
    %assign/vec4 v000001b35666f4c0_0, 0;
T_108.18 ;
    %jmp T_108.17;
T_108.14 ;
    %pushi/vec4 0, 0, 1;
    %assign/vec4 v000001b35666f420_0, 0;
    %load/vec4 v000001b35666cf40_0;
    %pad/u 32;
    %cmpi/e 7, 0, 32;
    %jmp/0xz  T_108.20, 4;
    %pushi/vec4 0, 0, 16;
    %assign/vec4 v000001b35666cf40_0, 0;
    %pushi/vec4 2, 0, 2;
    %assign/vec4 v000001b35666f4c0_0, 0;
    %jmp T_108.21;
T_108.20 ;
    %load/vec4 v000001b35666cf40_0;
    %addi 1, 0, 16;
    %assign/vec4 v000001b35666cf40_0, 0;
T_108.21 ;
    %jmp T_108.17;
T_108.15 ;
    %load/vec4 v000001b35666d800_0;
    %load/vec4 v000001b35666dc60_0;
    %part/u 1;
    %assign/vec4 v000001b35666f420_0, 0;
    %load/vec4 v000001b35666cf40_0;
    %pad/u 32;
    %cmpi/e 7, 0, 32;
    %jmp/0xz  T_108.22, 4;
    %pushi/vec4 0, 0, 16;
    %assign/vec4 v000001b35666cf40_0, 0;
    %load/vec4 v000001b35666dc60_0;
    %cmpi/e 7, 0, 3;
    %jmp/0xz  T_108.24, 4;
    %pushi/vec4 3, 0, 2;
    %assign/vec4 v000001b35666f4c0_0, 0;
    %jmp T_108.25;
T_108.24 ;
    %load/vec4 v000001b35666dc60_0;
    %addi 1, 0, 3;
    %assign/vec4 v000001b35666dc60_0, 0;
T_108.25 ;
    %jmp T_108.23;
T_108.22 ;
    %load/vec4 v000001b35666cf40_0;
    %addi 1, 0, 16;
    %assign/vec4 v000001b35666cf40_0, 0;
T_108.23 ;
    %jmp T_108.17;
T_108.16 ;
    %pushi/vec4 1, 0, 1;
    %assign/vec4 v000001b35666f420_0, 0;
    %load/vec4 v000001b35666cf40_0;
    %pad/u 32;
    %cmpi/e 7, 0, 32;
    %jmp/0xz  T_108.26, 4;
    %pushi/vec4 0, 0, 16;
    %assign/vec4 v000001b35666cf40_0, 0;
    %pushi/vec4 0, 0, 2;
    %assign/vec4 v000001b35666f4c0_0, 0;
    %jmp T_108.27;
T_108.26 ;
    %load/vec4 v000001b35666cf40_0;
    %addi 1, 0, 16;
    %assign/vec4 v000001b35666cf40_0, 0;
T_108.27 ;
    %jmp T_108.17;
T_108.17 ;
    %pop/vec4 1;
    %load/vec4 v000001b35666e700_0;
    %dup/vec4;
    %pushi/vec4 0, 0, 2;
    %cmp/u;
    %jmp/1 T_108.28, 6;
    %dup/vec4;
    %pushi/vec4 1, 0, 2;
    %cmp/u;
    %jmp/1 T_108.29, 6;
    %dup/vec4;
    %pushi/vec4 2, 0, 2;
    %cmp/u;
    %jmp/1 T_108.30, 6;
    %dup/vec4;
    %pushi/vec4 3, 0, 2;
    %cmp/u;
    %jmp/1 T_108.31, 6;
    %jmp T_108.32;
T_108.28 ;
    %pushi/vec4 0, 0, 16;
    %assign/vec4 v000001b35666e8e0_0, 0;
    %pushi/vec4 0, 0, 3;
    %assign/vec4 v000001b35666e980_0, 0;
    %load/vec4 v000001b35666d440_0;
    %cmpi/e 0, 0, 1;
    %jmp/0xz  T_108.33, 4;
    %pushi/vec4 1, 0, 2;
    %assign/vec4 v000001b35666e700_0, 0;
T_108.33 ;
    %jmp T_108.32;
T_108.29 ;
    %load/vec4 v000001b35666e8e0_0;
    %pad/u 32;
    %cmpi/e 3, 0, 32;
    %jmp/0xz  T_108.35, 4;
    %pushi/vec4 0, 0, 16;
    %assign/vec4 v000001b35666e8e0_0, 0;
    %load/vec4 v000001b35666d440_0;
    %cmpi/e 0, 0, 1;
    %jmp/0xz  T_108.37, 4;
    %pushi/vec4 2, 0, 2;
    %assign/vec4 v000001b35666e700_0, 0;
    %jmp T_108.38;
T_108.37 ;
    %pushi/vec4 0, 0, 2;
    %assign/vec4 v000001b35666e700_0, 0;
T_108.38 ;
    %jmp T_108.36;
T_108.35 ;
    %load/vec4 v000001b35666e8e0_0;
    %addi 1, 0, 16;
    %assign/vec4 v000001b35666e8e0_0, 0;
T_108.36 ;
    %jmp T_108.32;
T_108.30 ;
    %load/vec4 v000001b35666e8e0_0;
    %pad/u 32;
    %cmpi/e 7, 0, 32;
    %jmp/0xz  T_108.39, 4;
    %pushi/vec4 0, 0, 16;
    %assign/vec4 v000001b35666e8e0_0, 0;
    %load/vec4 v000001b35666d440_0;
    %ix/load 5, 0, 0;
    %ix/getv 4, v000001b35666e980_0;
    %assign/vec4/off/d v000001b35666eb60_0, 4, 5;
    %load/vec4 v000001b35666e980_0;
    %cmpi/e 7, 0, 3;
    %jmp/0xz  T_108.41, 4;
    %pushi/vec4 3, 0, 2;
    %assign/vec4 v000001b35666e700_0, 0;
    %jmp T_108.42;
T_108.41 ;
    %load/vec4 v000001b35666e980_0;
    %addi 1, 0, 3;
    %assign/vec4 v000001b35666e980_0, 0;
T_108.42 ;
    %jmp T_108.40;
T_108.39 ;
    %load/vec4 v000001b35666e8e0_0;
    %addi 1, 0, 16;
    %assign/vec4 v000001b35666e8e0_0, 0;
T_108.40 ;
    %jmp T_108.32;
T_108.31 ;
    %load/vec4 v000001b35666e8e0_0;
    %pad/u 32;
    %cmpi/e 7, 0, 32;
    %jmp/0xz  T_108.43, 4;
    %pushi/vec4 0, 0, 16;
    %assign/vec4 v000001b35666e8e0_0, 0;
    %pushi/vec4 0, 0, 2;
    %assign/vec4 v000001b35666e700_0, 0;
    %jmp T_108.44;
T_108.43 ;
    %load/vec4 v000001b35666e8e0_0;
    %addi 1, 0, 16;
    %assign/vec4 v000001b35666e8e0_0, 0;
T_108.44 ;
    %jmp T_108.32;
T_108.32 ;
    %pop/vec4 1;
    %load/vec4 v000001b35666ea20_0;
    %flag_set/vec4 8;
    %jmp/0xz  T_108.45, 8;
    %load/vec4 v000001b35666eb60_0;
    %load/vec4 v000001b35666d620_0;
    %pad/u 5;
    %ix/vec4 3;
    %ix/load 4, 0, 0; Constant delay
    %assign/vec4/a/d v000001b35666d4e0, 0, 4;
    %load/vec4 v000001b35666d620_0;
    %addi 1, 0, 3;
    %assign/vec4 v000001b35666d620_0, 0;
T_108.45 ;
    %load/vec4 v000001b35666ea20_0;
    %flag_set/vec4 9;
    %flag_get/vec4 9;
    %jmp/0 T_108.49, 9;
    %load/vec4 v000001b35666d080_0;
    %flag_set/vec4 9;
    %flag_get/vec4 9;
    %jmp/0 T_108.50, 9;
    %load/vec4 v000001b35666d300_0;
    %nor/r;
    %and;
T_108.50;
    %nor/r;
    %and;
T_108.49;
    %flag_set/vec4 8;
    %jmp/0xz  T_108.47, 8;
    %load/vec4 v000001b35666f600_0;
    %addi 1, 0, 4;
    %assign/vec4 v000001b35666f600_0, 0;
    %jmp T_108.48;
T_108.47 ;
    %load/vec4 v000001b35666ea20_0;
    %nor/r;
    %flag_set/vec4 9;
    %flag_get/vec4 9;
    %jmp/0 T_108.53, 9;
    %load/vec4 v000001b35666d080_0;
    %flag_set/vec4 9;
    %flag_get/vec4 9;
    %jmp/0 T_108.54, 9;
    %load/vec4 v000001b35666d300_0;
    %nor/r;
    %and;
T_108.54;
    %and;
T_108.53;
    %flag_set/vec4 8;
    %jmp/0xz  T_108.51, 8;
    %load/vec4 v000001b35666f600_0;
    %subi 1, 0, 4;
    %assign/vec4 v000001b35666f600_0, 0;
T_108.51 ;
T_108.48 ;
    %load/vec4 v000001b35666d080_0;
    %flag_set/vec4 9;
    %flag_get/vec4 9;
    %jmp/0 T_108.57, 9;
    %load/vec4 v000001b35666d300_0;
    %nor/r;
    %and;
T_108.57;
    %flag_set/vec4 8;
    %jmp/0xz  T_108.55, 8;
    %load/vec4 v000001b35666ec00_0;
    %addi 1, 0, 3;
    %assign/vec4 v000001b35666ec00_0, 0;
T_108.55 ;
T_108.1 ;
    %jmp T_108;
    .thread T_108;
    .scope S_000001b3566698b0;
T_109 ;
    %wait E_000001b3565dacb0;
    %load/vec4 v000001b35666fd80_0;
    %flag_set/vec4 8;
    %jmp/0xz  T_109.0, 8;
    %pushi/vec4 0, 0, 3;
    %assign/vec4 v000001b35666f7e0_0, 0;
    %jmp T_109.1;
T_109.0 ;
    %load/vec4 v000001b35666fc40_0;
    %flag_set/vec4 8;
    %jmp/0xz  T_109.2, 8;
    %load/vec4 v000001b356670320_0;
    %assign/vec4 v000001b35666f7e0_0, 0;
T_109.2 ;
T_109.1 ;
    %jmp T_109;
    .thread T_109;
    .scope S_000001b3566698b0;
T_110 ;
    %wait E_000001b3565dacb0;
    %load/vec4 v000001b35666fd80_0;
    %flag_set/vec4 8;
    %jmp/0xz  T_110.0, 8;
    %pushi/vec4 0, 0, 3;
    %assign/vec4 v000001b356672120_0, 0;
    %pushi/vec4 0, 0, 3;
    %assign/vec4 v000001b356670a00_0, 0;
    %pushi/vec4 0, 0, 4;
    %assign/vec4 v000001b356670140_0, 0;
    %pushi/vec4 0, 0, 3;
    %assign/vec4 v000001b356670780_0, 0;
    %pushi/vec4 0, 0, 3;
    %assign/vec4 v000001b3566700a0_0, 0;
    %pushi/vec4 0, 0, 4;
    %assign/vec4 v000001b356670dc0_0, 0;
    %pushi/vec4 0, 0, 2;
    %assign/vec4 v000001b356670fa0_0, 0;
    %pushi/vec4 0, 0, 16;
    %assign/vec4 v000001b356671860_0, 0;
    %pushi/vec4 0, 0, 3;
    %assign/vec4 v000001b3566705a0_0, 0;
    %pushi/vec4 0, 0, 8;
    %assign/vec4 v000001b356670e60_0, 0;
    %pushi/vec4 1, 0, 1;
    %assign/vec4 v000001b356670640_0, 0;
    %pushi/vec4 0, 0, 2;
    %assign/vec4 v000001b356670460_0, 0;
    %pushi/vec4 0, 0, 16;
    %assign/vec4 v000001b356671a40_0, 0;
    %pushi/vec4 0, 0, 3;
    %assign/vec4 v000001b35666fba0_0, 0;
    %pushi/vec4 0, 0, 8;
    %assign/vec4 v000001b3566710e0_0, 0;
    %pushi/vec4 1, 0, 1;
    %assign/vec4 v000001b356670b40_0, 0;
    %pushi/vec4 1, 0, 1;
    %assign/vec4 v000001b3566715e0_0, 0;
    %jmp T_110.1;
T_110.0 ;
    %load/vec4 v000001b356671ae0_0;
    %assign/vec4 v000001b356670b40_0, 0;
    %load/vec4 v000001b356670b40_0;
    %assign/vec4 v000001b3566715e0_0, 0;
    %load/vec4 v000001b3566724e0_0;
    %flag_set/vec4 9;
    %flag_get/vec4 9;
    %jmp/0 T_110.4, 9;
    %load/vec4 v000001b356670d20_0;
    %nor/r;
    %and;
T_110.4;
    %flag_set/vec4 8;
    %jmp/0xz  T_110.2, 8;
    %load/vec4 v000001b356672440_0;
    %load/vec4 v000001b356672120_0;
    %pad/u 5;
    %ix/vec4 3;
    %ix/load 4, 0, 0; Constant delay
    %assign/vec4/a/d v000001b3566723a0, 0, 4;
    %load/vec4 v000001b356672120_0;
    %addi 1, 0, 3;
    %assign/vec4 v000001b356672120_0, 0;
T_110.2 ;
    %load/vec4 v000001b3566724e0_0;
    %flag_set/vec4 10;
    %flag_get/vec4 10;
    %jmp/0 T_110.8, 10;
    %load/vec4 v000001b356670d20_0;
    %nor/r;
    %and;
T_110.8;
    %flag_set/vec4 9;
    %flag_get/vec4 9;
    %jmp/0 T_110.7, 9;
    %load/vec4 v000001b356670960_0;
    %nor/r;
    %and;
T_110.7;
    %flag_set/vec4 8;
    %jmp/0xz  T_110.5, 8;
    %load/vec4 v000001b356670140_0;
    %addi 1, 0, 4;
    %assign/vec4 v000001b356670140_0, 0;
    %jmp T_110.6;
T_110.5 ;
    %load/vec4 v000001b3566724e0_0;
    %flag_set/vec4 10;
    %flag_get/vec4 10;
    %jmp/0 T_110.12, 10;
    %load/vec4 v000001b356670d20_0;
    %nor/r;
    %and;
T_110.12;
    %nor/r;
    %flag_set/vec4 9;
    %flag_get/vec4 9;
    %jmp/0 T_110.11, 9;
    %load/vec4 v000001b356670960_0;
    %and;
T_110.11;
    %flag_set/vec4 8;
    %jmp/0xz  T_110.9, 8;
    %load/vec4 v000001b356670140_0;
    %subi 1, 0, 4;
    %assign/vec4 v000001b356670140_0, 0;
T_110.9 ;
T_110.6 ;
    %load/vec4 v000001b356670fa0_0;
    %dup/vec4;
    %pushi/vec4 0, 0, 2;
    %cmp/u;
    %jmp/1 T_110.13, 6;
    %dup/vec4;
    %pushi/vec4 1, 0, 2;
    %cmp/u;
    %jmp/1 T_110.14, 6;
    %dup/vec4;
    %pushi/vec4 2, 0, 2;
    %cmp/u;
    %jmp/1 T_110.15, 6;
    %dup/vec4;
    %pushi/vec4 3, 0, 2;
    %cmp/u;
    %jmp/1 T_110.16, 6;
    %jmp T_110.17;
T_110.13 ;
    %pushi/vec4 1, 0, 1;
    %assign/vec4 v000001b356670640_0, 0;
    %pushi/vec4 0, 0, 16;
    %assign/vec4 v000001b356671860_0, 0;
    %pushi/vec4 0, 0, 3;
    %assign/vec4 v000001b3566705a0_0, 0;
    %load/vec4 v000001b356670c80_0;
    %nor/r;
    %flag_set/vec4 8;
    %jmp/0xz  T_110.18, 8;
    %load/vec4 v000001b356670a00_0;
    %pad/u 5;
    %ix/vec4 4;
    %load/vec4a v000001b3566723a0, 4;
    %assign/vec4 v000001b356670e60_0, 0;
    %load/vec4 v000001b356670a00_0;
    %addi 1, 0, 3;
    %assign/vec4 v000001b356670a00_0, 0;
    %pushi/vec4 1, 0, 2;
    %assign/vec4 v000001b356670fa0_0, 0;
T_110.18 ;
    %jmp T_110.17;
T_110.14 ;
    %pushi/vec4 0, 0, 1;
    %assign/vec4 v000001b356670640_0, 0;
    %load/vec4 v000001b356671860_0;
    %pad/u 32;
    %cmpi/e 7, 0, 32;
    %jmp/0xz  T_110.20, 4;
    %pushi/vec4 0, 0, 16;
    %assign/vec4 v000001b356671860_0, 0;
    %pushi/vec4 2, 0, 2;
    %assign/vec4 v000001b356670fa0_0, 0;
    %jmp T_110.21;
T_110.20 ;
    %load/vec4 v000001b356671860_0;
    %addi 1, 0, 16;
    %assign/vec4 v000001b356671860_0, 0;
T_110.21 ;
    %jmp T_110.17;
T_110.15 ;
    %load/vec4 v000001b356670e60_0;
    %load/vec4 v000001b3566705a0_0;
    %part/u 1;
    %assign/vec4 v000001b356670640_0, 0;
    %load/vec4 v000001b356671860_0;
    %pad/u 32;
    %cmpi/e 7, 0, 32;
    %jmp/0xz  T_110.22, 4;
    %pushi/vec4 0, 0, 16;
    %assign/vec4 v000001b356671860_0, 0;
    %load/vec4 v000001b3566705a0_0;
    %cmpi/e 7, 0, 3;
    %jmp/0xz  T_110.24, 4;
    %pushi/vec4 3, 0, 2;
    %assign/vec4 v000001b356670fa0_0, 0;
    %jmp T_110.25;
T_110.24 ;
    %load/vec4 v000001b3566705a0_0;
    %addi 1, 0, 3;
    %assign/vec4 v000001b3566705a0_0, 0;
T_110.25 ;
    %jmp T_110.23;
T_110.22 ;
    %load/vec4 v000001b356671860_0;
    %addi 1, 0, 16;
    %assign/vec4 v000001b356671860_0, 0;
T_110.23 ;
    %jmp T_110.17;
T_110.16 ;
    %pushi/vec4 1, 0, 1;
    %assign/vec4 v000001b356670640_0, 0;
    %load/vec4 v000001b356671860_0;
    %pad/u 32;
    %cmpi/e 7, 0, 32;
    %jmp/0xz  T_110.26, 4;
    %pushi/vec4 0, 0, 16;
    %assign/vec4 v000001b356671860_0, 0;
    %pushi/vec4 0, 0, 2;
    %assign/vec4 v000001b356670fa0_0, 0;
    %jmp T_110.27;
T_110.26 ;
    %load/vec4 v000001b356671860_0;
    %addi 1, 0, 16;
    %assign/vec4 v000001b356671860_0, 0;
T_110.27 ;
    %jmp T_110.17;
T_110.17 ;
    %pop/vec4 1;
    %load/vec4 v000001b356670460_0;
    %dup/vec4;
    %pushi/vec4 0, 0, 2;
    %cmp/u;
    %jmp/1 T_110.28, 6;
    %dup/vec4;
    %pushi/vec4 1, 0, 2;
    %cmp/u;
    %jmp/1 T_110.29, 6;
    %dup/vec4;
    %pushi/vec4 2, 0, 2;
    %cmp/u;
    %jmp/1 T_110.30, 6;
    %dup/vec4;
    %pushi/vec4 3, 0, 2;
    %cmp/u;
    %jmp/1 T_110.31, 6;
    %jmp T_110.32;
T_110.28 ;
    %pushi/vec4 0, 0, 16;
    %assign/vec4 v000001b356671a40_0, 0;
    %pushi/vec4 0, 0, 3;
    %assign/vec4 v000001b35666fba0_0, 0;
    %load/vec4 v000001b3566715e0_0;
    %cmpi/e 0, 0, 1;
    %jmp/0xz  T_110.33, 4;
    %pushi/vec4 1, 0, 2;
    %assign/vec4 v000001b356670460_0, 0;
T_110.33 ;
    %jmp T_110.32;
T_110.29 ;
    %load/vec4 v000001b356671a40_0;
    %pad/u 32;
    %cmpi/e 3, 0, 32;
    %jmp/0xz  T_110.35, 4;
    %pushi/vec4 0, 0, 16;
    %assign/vec4 v000001b356671a40_0, 0;
    %load/vec4 v000001b3566715e0_0;
    %cmpi/e 0, 0, 1;
    %jmp/0xz  T_110.37, 4;
    %pushi/vec4 2, 0, 2;
    %assign/vec4 v000001b356670460_0, 0;
    %jmp T_110.38;
T_110.37 ;
    %pushi/vec4 0, 0, 2;
    %assign/vec4 v000001b356670460_0, 0;
T_110.38 ;
    %jmp T_110.36;
T_110.35 ;
    %load/vec4 v000001b356671a40_0;
    %addi 1, 0, 16;
    %assign/vec4 v000001b356671a40_0, 0;
T_110.36 ;
    %jmp T_110.32;
T_110.30 ;
    %load/vec4 v000001b356671a40_0;
    %pad/u 32;
    %cmpi/e 7, 0, 32;
    %jmp/0xz  T_110.39, 4;
    %pushi/vec4 0, 0, 16;
    %assign/vec4 v000001b356671a40_0, 0;
    %load/vec4 v000001b3566715e0_0;
    %ix/load 5, 0, 0;
    %ix/getv 4, v000001b35666fba0_0;
    %assign/vec4/off/d v000001b3566710e0_0, 4, 5;
    %load/vec4 v000001b35666fba0_0;
    %cmpi/e 7, 0, 3;
    %jmp/0xz  T_110.41, 4;
    %pushi/vec4 3, 0, 2;
    %assign/vec4 v000001b356670460_0, 0;
    %jmp T_110.42;
T_110.41 ;
    %load/vec4 v000001b35666fba0_0;
    %addi 1, 0, 3;
    %assign/vec4 v000001b35666fba0_0, 0;
T_110.42 ;
    %jmp T_110.40;
T_110.39 ;
    %load/vec4 v000001b356671a40_0;
    %addi 1, 0, 16;
    %assign/vec4 v000001b356671a40_0, 0;
T_110.40 ;
    %jmp T_110.32;
T_110.31 ;
    %load/vec4 v000001b356671a40_0;
    %pad/u 32;
    %cmpi/e 7, 0, 32;
    %jmp/0xz  T_110.43, 4;
    %pushi/vec4 0, 0, 16;
    %assign/vec4 v000001b356671a40_0, 0;
    %pushi/vec4 0, 0, 2;
    %assign/vec4 v000001b356670460_0, 0;
    %jmp T_110.44;
T_110.43 ;
    %load/vec4 v000001b356671a40_0;
    %addi 1, 0, 16;
    %assign/vec4 v000001b356671a40_0, 0;
T_110.44 ;
    %jmp T_110.32;
T_110.32 ;
    %pop/vec4 1;
    %load/vec4 v000001b356670000_0;
    %flag_set/vec4 8;
    %jmp/0xz  T_110.45, 8;
    %load/vec4 v000001b3566710e0_0;
    %load/vec4 v000001b356670780_0;
    %pad/u 5;
    %ix/vec4 3;
    %ix/load 4, 0, 0; Constant delay
    %assign/vec4/a/d v000001b356671b80, 0, 4;
    %load/vec4 v000001b356670780_0;
    %addi 1, 0, 3;
    %assign/vec4 v000001b356670780_0, 0;
T_110.45 ;
    %load/vec4 v000001b356670000_0;
    %flag_set/vec4 9;
    %flag_get/vec4 9;
    %jmp/0 T_110.49, 9;
    %load/vec4 v000001b3566717c0_0;
    %flag_set/vec4 9;
    %flag_get/vec4 9;
    %jmp/0 T_110.50, 9;
    %load/vec4 v000001b356671680_0;
    %nor/r;
    %and;
T_110.50;
    %nor/r;
    %and;
T_110.49;
    %flag_set/vec4 8;
    %jmp/0xz  T_110.47, 8;
    %load/vec4 v000001b356670dc0_0;
    %addi 1, 0, 4;
    %assign/vec4 v000001b356670dc0_0, 0;
    %jmp T_110.48;
T_110.47 ;
    %load/vec4 v000001b356670000_0;
    %nor/r;
    %flag_set/vec4 9;
    %flag_get/vec4 9;
    %jmp/0 T_110.53, 9;
    %load/vec4 v000001b3566717c0_0;
    %flag_set/vec4 9;
    %flag_get/vec4 9;
    %jmp/0 T_110.54, 9;
    %load/vec4 v000001b356671680_0;
    %nor/r;
    %and;
T_110.54;
    %and;
T_110.53;
    %flag_set/vec4 8;
    %jmp/0xz  T_110.51, 8;
    %load/vec4 v000001b356670dc0_0;
    %subi 1, 0, 4;
    %assign/vec4 v000001b356670dc0_0, 0;
T_110.51 ;
T_110.48 ;
    %load/vec4 v000001b3566717c0_0;
    %flag_set/vec4 9;
    %flag_get/vec4 9;
    %jmp/0 T_110.57, 9;
    %load/vec4 v000001b356671680_0;
    %nor/r;
    %and;
T_110.57;
    %flag_set/vec4 8;
    %jmp/0xz  T_110.55, 8;
    %load/vec4 v000001b3566700a0_0;
    %addi 1, 0, 3;
    %assign/vec4 v000001b3566700a0_0, 0;
T_110.55 ;
T_110.1 ;
    %jmp T_110;
    .thread T_110;
    .scope S_000001b356669a40;
T_111 ;
    %wait E_000001b3565dacb0;
    %load/vec4 v000001b356673950_0;
    %flag_set/vec4 8;
    %jmp/0xz  T_111.0, 8;
    %pushi/vec4 0, 0, 3;
    %assign/vec4 v000001b356675070_0, 0;
    %jmp T_111.1;
T_111.0 ;
    %load/vec4 v000001b356675110_0;
    %flag_set/vec4 8;
    %jmp/0xz  T_111.2, 8;
    %load/vec4 v000001b356673630_0;
    %assign/vec4 v000001b356675070_0, 0;
T_111.2 ;
T_111.1 ;
    %jmp T_111;
    .thread T_111;
    .scope S_000001b356669a40;
T_112 ;
    %wait E_000001b3565dacb0;
    %load/vec4 v000001b356673950_0;
    %flag_set/vec4 8;
    %jmp/0xz  T_112.0, 8;
    %pushi/vec4 0, 0, 3;
    %assign/vec4 v000001b356677cd0_0, 0;
    %pushi/vec4 0, 0, 3;
    %assign/vec4 v000001b356677230_0, 0;
    %pushi/vec4 0, 0, 4;
    %assign/vec4 v000001b3566747b0_0, 0;
    %pushi/vec4 0, 0, 3;
    %assign/vec4 v000001b356675610_0, 0;
    %pushi/vec4 0, 0, 3;
    %assign/vec4 v000001b3566759d0_0, 0;
    %pushi/vec4 0, 0, 4;
    %assign/vec4 v000001b356673770_0, 0;
    %pushi/vec4 0, 0, 2;
    %assign/vec4 v000001b356677910_0, 0;
    %pushi/vec4 0, 0, 16;
    %assign/vec4 v000001b3566745d0_0, 0;
    %pushi/vec4 0, 0, 3;
    %assign/vec4 v000001b356674670_0, 0;
    %pushi/vec4 0, 0, 8;
    %assign/vec4 v000001b356677af0_0, 0;
    %pushi/vec4 1, 0, 1;
    %assign/vec4 v000001b356676830_0, 0;
    %pushi/vec4 0, 0, 2;
    %assign/vec4 v000001b3566754d0_0, 0;
    %pushi/vec4 0, 0, 16;
    %assign/vec4 v000001b356675390_0, 0;
    %pushi/vec4 0, 0, 3;
    %assign/vec4 v000001b356675930_0, 0;
    %pushi/vec4 0, 0, 8;
    %assign/vec4 v000001b356675430_0, 0;
    %pushi/vec4 1, 0, 1;
    %assign/vec4 v000001b3566734f0_0, 0;
    %pushi/vec4 1, 0, 1;
    %assign/vec4 v000001b356673c70_0, 0;
    %jmp T_112.1;
T_112.0 ;
    %load/vec4 v000001b3566757f0_0;
    %assign/vec4 v000001b3566734f0_0, 0;
    %load/vec4 v000001b3566734f0_0;
    %assign/vec4 v000001b356673c70_0, 0;
    %load/vec4 v000001b356677870_0;
    %flag_set/vec4 9;
    %flag_get/vec4 9;
    %jmp/0 T_112.4, 9;
    %load/vec4 v000001b3566748f0_0;
    %nor/r;
    %and;
T_112.4;
    %flag_set/vec4 8;
    %jmp/0xz  T_112.2, 8;
    %load/vec4 v000001b356677b90_0;
    %load/vec4 v000001b356677cd0_0;
    %pad/u 5;
    %ix/vec4 3;
    %ix/load 4, 0, 0; Constant delay
    %assign/vec4/a/d v000001b356675c50, 0, 4;
    %load/vec4 v000001b356677cd0_0;
    %addi 1, 0, 3;
    %assign/vec4 v000001b356677cd0_0, 0;
T_112.2 ;
    %load/vec4 v000001b356677870_0;
    %flag_set/vec4 10;
    %flag_get/vec4 10;
    %jmp/0 T_112.8, 10;
    %load/vec4 v000001b3566748f0_0;
    %nor/r;
    %and;
T_112.8;
    %flag_set/vec4 9;
    %flag_get/vec4 9;
    %jmp/0 T_112.7, 9;
    %load/vec4 v000001b356676c90_0;
    %nor/r;
    %and;
T_112.7;
    %flag_set/vec4 8;
    %jmp/0xz  T_112.5, 8;
    %load/vec4 v000001b3566747b0_0;
    %addi 1, 0, 4;
    %assign/vec4 v000001b3566747b0_0, 0;
    %jmp T_112.6;
T_112.5 ;
    %load/vec4 v000001b356677870_0;
    %flag_set/vec4 10;
    %flag_get/vec4 10;
    %jmp/0 T_112.12, 10;
    %load/vec4 v000001b3566748f0_0;
    %nor/r;
    %and;
T_112.12;
    %nor/r;
    %flag_set/vec4 9;
    %flag_get/vec4 9;
    %jmp/0 T_112.11, 9;
    %load/vec4 v000001b356676c90_0;
    %and;
T_112.11;
    %flag_set/vec4 8;
    %jmp/0xz  T_112.9, 8;
    %load/vec4 v000001b3566747b0_0;
    %subi 1, 0, 4;
    %assign/vec4 v000001b3566747b0_0, 0;
T_112.9 ;
T_112.6 ;
    %load/vec4 v000001b356677910_0;
    %dup/vec4;
    %pushi/vec4 0, 0, 2;
    %cmp/u;
    %jmp/1 T_112.13, 6;
    %dup/vec4;
    %pushi/vec4 1, 0, 2;
    %cmp/u;
    %jmp/1 T_112.14, 6;
    %dup/vec4;
    %pushi/vec4 2, 0, 2;
    %cmp/u;
    %jmp/1 T_112.15, 6;
    %dup/vec4;
    %pushi/vec4 3, 0, 2;
    %cmp/u;
    %jmp/1 T_112.16, 6;
    %jmp T_112.17;
T_112.13 ;
    %pushi/vec4 1, 0, 1;
    %assign/vec4 v000001b356676830_0, 0;
    %pushi/vec4 0, 0, 16;
    %assign/vec4 v000001b3566745d0_0, 0;
    %pushi/vec4 0, 0, 3;
    %assign/vec4 v000001b356674670_0, 0;
    %load/vec4 v000001b356674850_0;
    %nor/r;
    %flag_set/vec4 8;
    %jmp/0xz  T_112.18, 8;
    %load/vec4 v000001b356677230_0;
    %pad/u 5;
    %ix/vec4 4;
    %load/vec4a v000001b356675c50, 4;
    %assign/vec4 v000001b356677af0_0, 0;
    %load/vec4 v000001b356677230_0;
    %addi 1, 0, 3;
    %assign/vec4 v000001b356677230_0, 0;
    %pushi/vec4 1, 0, 2;
    %assign/vec4 v000001b356677910_0, 0;
T_112.18 ;
    %jmp T_112.17;
T_112.14 ;
    %pushi/vec4 0, 0, 1;
    %assign/vec4 v000001b356676830_0, 0;
    %load/vec4 v000001b3566745d0_0;
    %pad/u 32;
    %cmpi/e 7, 0, 32;
    %jmp/0xz  T_112.20, 4;
    %pushi/vec4 0, 0, 16;
    %assign/vec4 v000001b3566745d0_0, 0;
    %pushi/vec4 2, 0, 2;
    %assign/vec4 v000001b356677910_0, 0;
    %jmp T_112.21;
T_112.20 ;
    %load/vec4 v000001b3566745d0_0;
    %addi 1, 0, 16;
    %assign/vec4 v000001b3566745d0_0, 0;
T_112.21 ;
    %jmp T_112.17;
T_112.15 ;
    %load/vec4 v000001b356677af0_0;
    %load/vec4 v000001b356674670_0;
    %part/u 1;
    %assign/vec4 v000001b356676830_0, 0;
    %load/vec4 v000001b3566745d0_0;
    %pad/u 32;
    %cmpi/e 7, 0, 32;
    %jmp/0xz  T_112.22, 4;
    %pushi/vec4 0, 0, 16;
    %assign/vec4 v000001b3566745d0_0, 0;
    %load/vec4 v000001b356674670_0;
    %cmpi/e 7, 0, 3;
    %jmp/0xz  T_112.24, 4;
    %pushi/vec4 3, 0, 2;
    %assign/vec4 v000001b356677910_0, 0;
    %jmp T_112.25;
T_112.24 ;
    %load/vec4 v000001b356674670_0;
    %addi 1, 0, 3;
    %assign/vec4 v000001b356674670_0, 0;
T_112.25 ;
    %jmp T_112.23;
T_112.22 ;
    %load/vec4 v000001b3566745d0_0;
    %addi 1, 0, 16;
    %assign/vec4 v000001b3566745d0_0, 0;
T_112.23 ;
    %jmp T_112.17;
T_112.16 ;
    %pushi/vec4 1, 0, 1;
    %assign/vec4 v000001b356676830_0, 0;
    %load/vec4 v000001b3566745d0_0;
    %pad/u 32;
    %cmpi/e 7, 0, 32;
    %jmp/0xz  T_112.26, 4;
    %pushi/vec4 0, 0, 16;
    %assign/vec4 v000001b3566745d0_0, 0;
    %pushi/vec4 0, 0, 2;
    %assign/vec4 v000001b356677910_0, 0;
    %jmp T_112.27;
T_112.26 ;
    %load/vec4 v000001b3566745d0_0;
    %addi 1, 0, 16;
    %assign/vec4 v000001b3566745d0_0, 0;
T_112.27 ;
    %jmp T_112.17;
T_112.17 ;
    %pop/vec4 1;
    %load/vec4 v000001b3566754d0_0;
    %dup/vec4;
    %pushi/vec4 0, 0, 2;
    %cmp/u;
    %jmp/1 T_112.28, 6;
    %dup/vec4;
    %pushi/vec4 1, 0, 2;
    %cmp/u;
    %jmp/1 T_112.29, 6;
    %dup/vec4;
    %pushi/vec4 2, 0, 2;
    %cmp/u;
    %jmp/1 T_112.30, 6;
    %dup/vec4;
    %pushi/vec4 3, 0, 2;
    %cmp/u;
    %jmp/1 T_112.31, 6;
    %jmp T_112.32;
T_112.28 ;
    %pushi/vec4 0, 0, 16;
    %assign/vec4 v000001b356675390_0, 0;
    %pushi/vec4 0, 0, 3;
    %assign/vec4 v000001b356675930_0, 0;
    %load/vec4 v000001b356673c70_0;
    %cmpi/e 0, 0, 1;
    %jmp/0xz  T_112.33, 4;
    %pushi/vec4 1, 0, 2;
    %assign/vec4 v000001b3566754d0_0, 0;
T_112.33 ;
    %jmp T_112.32;
T_112.29 ;
    %load/vec4 v000001b356675390_0;
    %pad/u 32;
    %cmpi/e 3, 0, 32;
    %jmp/0xz  T_112.35, 4;
    %pushi/vec4 0, 0, 16;
    %assign/vec4 v000001b356675390_0, 0;
    %load/vec4 v000001b356673c70_0;
    %cmpi/e 0, 0, 1;
    %jmp/0xz  T_112.37, 4;
    %pushi/vec4 2, 0, 2;
    %assign/vec4 v000001b3566754d0_0, 0;
    %jmp T_112.38;
T_112.37 ;
    %pushi/vec4 0, 0, 2;
    %assign/vec4 v000001b3566754d0_0, 0;
T_112.38 ;
    %jmp T_112.36;
T_112.35 ;
    %load/vec4 v000001b356675390_0;
    %addi 1, 0, 16;
    %assign/vec4 v000001b356675390_0, 0;
T_112.36 ;
    %jmp T_112.32;
T_112.30 ;
    %load/vec4 v000001b356675390_0;
    %pad/u 32;
    %cmpi/e 7, 0, 32;
    %jmp/0xz  T_112.39, 4;
    %pushi/vec4 0, 0, 16;
    %assign/vec4 v000001b356675390_0, 0;
    %load/vec4 v000001b356673c70_0;
    %ix/load 5, 0, 0;
    %ix/getv 4, v000001b356675930_0;
    %assign/vec4/off/d v000001b356675430_0, 4, 5;
    %load/vec4 v000001b356675930_0;
    %cmpi/e 7, 0, 3;
    %jmp/0xz  T_112.41, 4;
    %pushi/vec4 3, 0, 2;
    %assign/vec4 v000001b3566754d0_0, 0;
    %jmp T_112.42;
T_112.41 ;
    %load/vec4 v000001b356675930_0;
    %addi 1, 0, 3;
    %assign/vec4 v000001b356675930_0, 0;
T_112.42 ;
    %jmp T_112.40;
T_112.39 ;
    %load/vec4 v000001b356675390_0;
    %addi 1, 0, 16;
    %assign/vec4 v000001b356675390_0, 0;
T_112.40 ;
    %jmp T_112.32;
T_112.31 ;
    %load/vec4 v000001b356675390_0;
    %pad/u 32;
    %cmpi/e 7, 0, 32;
    %jmp/0xz  T_112.43, 4;
    %pushi/vec4 0, 0, 16;
    %assign/vec4 v000001b356675390_0, 0;
    %pushi/vec4 0, 0, 2;
    %assign/vec4 v000001b3566754d0_0, 0;
    %jmp T_112.44;
T_112.43 ;
    %load/vec4 v000001b356675390_0;
    %addi 1, 0, 16;
    %assign/vec4 v000001b356675390_0, 0;
T_112.44 ;
    %jmp T_112.32;
T_112.32 ;
    %pop/vec4 1;
    %load/vec4 v000001b356673bd0_0;
    %flag_set/vec4 8;
    %jmp/0xz  T_112.45, 8;
    %load/vec4 v000001b356675430_0;
    %load/vec4 v000001b356675610_0;
    %pad/u 5;
    %ix/vec4 3;
    %ix/load 4, 0, 0; Constant delay
    %assign/vec4/a/d v000001b3566756b0, 0, 4;
    %load/vec4 v000001b356675610_0;
    %addi 1, 0, 3;
    %assign/vec4 v000001b356675610_0, 0;
T_112.45 ;
    %load/vec4 v000001b356673bd0_0;
    %flag_set/vec4 9;
    %flag_get/vec4 9;
    %jmp/0 T_112.49, 9;
    %load/vec4 v000001b3566738b0_0;
    %flag_set/vec4 9;
    %flag_get/vec4 9;
    %jmp/0 T_112.50, 9;
    %load/vec4 v000001b356674530_0;
    %nor/r;
    %and;
T_112.50;
    %nor/r;
    %and;
T_112.49;
    %flag_set/vec4 8;
    %jmp/0xz  T_112.47, 8;
    %load/vec4 v000001b356673770_0;
    %addi 1, 0, 4;
    %assign/vec4 v000001b356673770_0, 0;
    %jmp T_112.48;
T_112.47 ;
    %load/vec4 v000001b356673bd0_0;
    %nor/r;
    %flag_set/vec4 9;
    %flag_get/vec4 9;
    %jmp/0 T_112.53, 9;
    %load/vec4 v000001b3566738b0_0;
    %flag_set/vec4 9;
    %flag_get/vec4 9;
    %jmp/0 T_112.54, 9;
    %load/vec4 v000001b356674530_0;
    %nor/r;
    %and;
T_112.54;
    %and;
T_112.53;
    %flag_set/vec4 8;
    %jmp/0xz  T_112.51, 8;
    %load/vec4 v000001b356673770_0;
    %subi 1, 0, 4;
    %assign/vec4 v000001b356673770_0, 0;
T_112.51 ;
T_112.48 ;
    %load/vec4 v000001b3566738b0_0;
    %flag_set/vec4 9;
    %flag_get/vec4 9;
    %jmp/0 T_112.57, 9;
    %load/vec4 v000001b356674530_0;
    %nor/r;
    %and;
T_112.57;
    %flag_set/vec4 8;
    %jmp/0xz  T_112.55, 8;
    %load/vec4 v000001b3566759d0_0;
    %addi 1, 0, 3;
    %assign/vec4 v000001b3566759d0_0, 0;
T_112.55 ;
T_112.1 ;
    %jmp T_112;
    .thread T_112;
    .scope S_000001b35619d0e0;
T_113 ;
    %wait E_000001b3565dacb0;
    %load/vec4 v000001b356678630_0;
    %flag_set/vec4 8;
    %jmp/0xz  T_113.0, 8;
    %pushi/vec4 0, 0, 64;
    %assign/vec4 v000001b3566783b0_0, 0;
    %pushi/vec4 4294967295, 0, 32;
    %concati/vec4 4294967295, 0, 32;
    %assign/vec4 v000001b356679710_0, 0;
    %pushi/vec4 0, 0, 1;
    %assign/vec4 v000001b35667a110_0, 0;
    %jmp T_113.1;
T_113.0 ;
    %load/vec4 v000001b3566783b0_0;
    %addi 1, 0, 64;
    %assign/vec4 v000001b3566783b0_0, 0;
    %load/vec4 v000001b35667aa70_0;
    %flag_set/vec4 8;
    %jmp/0xz  T_113.2, 8;
    %load/vec4 v000001b356678590_0;
    %dup/vec4;
    %pushi/vec4 49, 0, 6;
    %cmp/u;
    %jmp/1 T_113.4, 6;
    %dup/vec4;
    %pushi/vec4 50, 0, 6;
    %cmp/u;
    %jmp/1 T_113.5, 6;
    %dup/vec4;
    %pushi/vec4 51, 0, 6;
    %cmp/u;
    %jmp/1 T_113.6, 6;
    %dup/vec4;
    %pushi/vec4 52, 0, 6;
    %cmp/u;
    %jmp/1 T_113.7, 6;
    %dup/vec4;
    %pushi/vec4 48, 0, 6;
    %cmp/u;
    %jmp/1 T_113.8, 6;
    %jmp T_113.10;
T_113.4 ;
    %load/vec4 v000001b356676dd0_0;
    %ix/load 4, 0, 0;
    %ix/load 5, 0, 0;
    %flag_set/imm 4, 0;
    %assign/vec4/off/d v000001b356679710_0, 4, 5;
    %jmp T_113.10;
T_113.5 ;
    %load/vec4 v000001b356676dd0_0;
    %ix/load 4, 32, 0;
    %ix/load 5, 0, 0;
    %flag_set/imm 4, 0;
    %assign/vec4/off/d v000001b356679710_0, 4, 5;
    %jmp T_113.10;
T_113.6 ;
    %load/vec4 v000001b356676dd0_0;
    %ix/load 4, 0, 0;
    %ix/load 5, 0, 0;
    %flag_set/imm 4, 0;
    %assign/vec4/off/d v000001b3566783b0_0, 4, 5;
    %jmp T_113.10;
T_113.7 ;
    %load/vec4 v000001b356676dd0_0;
    %ix/load 4, 32, 0;
    %ix/load 5, 0, 0;
    %flag_set/imm 4, 0;
    %assign/vec4/off/d v000001b3566783b0_0, 4, 5;
    %jmp T_113.10;
T_113.8 ;
    %load/vec4 v000001b356676dd0_0;
    %parti/s 1, 0, 2;
    %assign/vec4 v000001b35667a110_0, 0;
    %jmp T_113.10;
T_113.10 ;
    %pop/vec4 1;
T_113.2 ;
T_113.1 ;
    %jmp T_113;
    .thread T_113;
    .scope S_000001b35619d0e0;
T_114 ;
    %wait E_000001b3565d7330;
    %load/vec4 v000001b356679850_0;
    %cmpi/u 8, 0, 6;
    %flag_or 5, 4;
    %jmp/0xz  T_114.0, 5;
    %load/vec4 v000001b356678270_0;
    %store/vec4 v000001b356678ef0_0, 0, 32;
    %jmp T_114.1;
T_114.0 ;
    %load/vec4 v000001b356679850_0;
    %cmpi/u 16, 0, 6;
    %flag_inv 5; GE is !LT
    %flag_get/vec4 5;
    %jmp/0 T_114.4, 5;
    %load/vec4 v000001b356679850_0;
    %cmpi/u 31, 0, 6;
    %flag_get/vec4 4;
    %flag_get/vec4 5;
    %or;
    %and;
T_114.4;
    %flag_set/vec4 8;
    %jmp/0xz  T_114.2, 8;
    %load/vec4 v000001b356679850_0;
    %parti/s 4, 2, 3;
    %dup/vec4;
    %pushi/vec4 4, 0, 4;
    %cmp/u;
    %jmp/1 T_114.5, 6;
    %dup/vec4;
    %pushi/vec4 5, 0, 4;
    %cmp/u;
    %jmp/1 T_114.6, 6;
    %dup/vec4;
    %pushi/vec4 6, 0, 4;
    %cmp/u;
    %jmp/1 T_114.7, 6;
    %dup/vec4;
    %pushi/vec4 7, 0, 4;
    %cmp/u;
    %jmp/1 T_114.8, 6;
    %pushi/vec4 0, 0, 32;
    %store/vec4 v000001b356678ef0_0, 0, 32;
    %jmp T_114.10;
T_114.5 ;
    %load/vec4 v000001b356679ad0_0;
    %store/vec4 v000001b356678ef0_0, 0, 32;
    %jmp T_114.10;
T_114.6 ;
    %load/vec4 v000001b356678810_0;
    %store/vec4 v000001b356678ef0_0, 0, 32;
    %jmp T_114.10;
T_114.7 ;
    %load/vec4 v000001b356678c70_0;
    %store/vec4 v000001b356678ef0_0, 0, 32;
    %jmp T_114.10;
T_114.8 ;
    %load/vec4 v000001b356679c10_0;
    %store/vec4 v000001b356678ef0_0, 0, 32;
    %jmp T_114.10;
T_114.10 ;
    %pop/vec4 1;
    %jmp T_114.3;
T_114.2 ;
    %load/vec4 v000001b356679850_0;
    %cmpi/e 40, 0, 6;
    %jmp/0xz  T_114.11, 4;
    %load/vec4 v000001b356676d30_0;
    %store/vec4 v000001b356678ef0_0, 0, 32;
    %jmp T_114.12;
T_114.11 ;
    %load/vec4 v000001b356679850_0;
    %dup/vec4;
    %pushi/vec4 48, 0, 6;
    %cmp/u;
    %jmp/1 T_114.13, 6;
    %dup/vec4;
    %pushi/vec4 49, 0, 6;
    %cmp/u;
    %jmp/1 T_114.14, 6;
    %dup/vec4;
    %pushi/vec4 50, 0, 6;
    %cmp/u;
    %jmp/1 T_114.15, 6;
    %dup/vec4;
    %pushi/vec4 51, 0, 6;
    %cmp/u;
    %jmp/1 T_114.16, 6;
    %dup/vec4;
    %pushi/vec4 52, 0, 6;
    %cmp/u;
    %jmp/1 T_114.17, 6;
    %pushi/vec4 0, 0, 32;
    %store/vec4 v000001b356678ef0_0, 0, 32;
    %jmp T_114.19;
T_114.13 ;
    %pushi/vec4 0, 0, 31;
    %load/vec4 v000001b35667a110_0;
    %concat/vec4; draw_concat_vec4
    %store/vec4 v000001b356678ef0_0, 0, 32;
    %jmp T_114.19;
T_114.14 ;
    %load/vec4 v000001b356679710_0;
    %parti/s 32, 0, 2;
    %store/vec4 v000001b356678ef0_0, 0, 32;
    %jmp T_114.19;
T_114.15 ;
    %load/vec4 v000001b356679710_0;
    %parti/s 32, 32, 7;
    %store/vec4 v000001b356678ef0_0, 0, 32;
    %jmp T_114.19;
T_114.16 ;
    %load/vec4 v000001b3566783b0_0;
    %parti/s 32, 0, 2;
    %store/vec4 v000001b356678ef0_0, 0, 32;
    %jmp T_114.19;
T_114.17 ;
    %load/vec4 v000001b3566783b0_0;
    %parti/s 32, 32, 7;
    %store/vec4 v000001b356678ef0_0, 0, 32;
    %jmp T_114.19;
T_114.19 ;
    %pop/vec4 1;
T_114.12 ;
T_114.3 ;
T_114.1 ;
    %jmp T_114;
    .thread T_114, $push;
    .scope S_000001b35619d0e0;
T_115 ;
    %wait E_000001b3565d7af0;
    %load/vec4 v000001b35667a390_0;
    %assign/vec4 v000001b356678450_0, 0;
    %load/vec4 v000001b356678ef0_0;
    %assign/vec4 v000001b356678bd0_0, 0;
    %jmp T_115;
    .thread T_115;
    .scope S_000001b356610440;
T_116 ;
    %pushi/vec4 0, 0, 1;
    %store/vec4 v000001b3566ec070_0, 0, 1;
    %pushi/vec4 1, 0, 1;
    %store/vec4 v000001b3566eb030_0, 0, 1;
    %pushi/vec4 1, 0, 1;
    %store/vec4 v000001b3566eb850_0, 0, 1;
    %pushi/vec4 1, 0, 1;
    %store/vec4 v000001b3566ec750_0, 0, 1;
    %pushi/vec4 0, 0, 32;
    %store/vec4 v000001b3566ebc10_0, 0, 32;
    %end;
    .thread T_116;
    .scope S_000001b356610440;
T_117 ;
    %delay 5000, 0;
    %load/vec4 v000001b3566ec070_0;
    %inv;
    %store/vec4 v000001b3566ec070_0, 0, 1;
    %jmp T_117;
    .thread T_117;
    .scope S_000001b356610440;
T_118 ;
    %pushi/vec4 0, 0, 1;
    %store/vec4 v000001b3566eaf90_0, 0, 1;
    %pushi/vec4 0, 0, 8;
    %store/vec4 v000001b3566eac70_0, 0, 8;
    %wait E_000001b3565d76b0;
    %delay 120000, 0;
    %pushi/vec4 0, 0, 32;
    %store/vec4 v000001b3566ec6b0_0, 0, 32;
T_118.0 ;
    %load/vec4 v000001b3566ec6b0_0;
    %cmpi/s 8, 0, 32;
    %jmp/0xz T_118.1, 5;
    %load/vec4 v000001b3566ea950_0;
    %ix/getv/s 4, v000001b3566ec6b0_0;
    %store/vec4 v000001b3566eac70_0, 4, 1;
    %delay 80000, 0;
    %load/vec4 v000001b3566ec6b0_0;
    %addi 1, 0, 32;
    %store/vec4 v000001b3566ec6b0_0, 0, 32;
    %jmp T_118.0;
T_118.1 ;
    %pushi/vec4 1, 0, 1;
    %store/vec4 v000001b3566eaf90_0, 0, 1;
    %end;
    .thread T_118;
    .scope S_000001b356610440;
T_119 ;
    %pushi/vec4 1, 0, 1;
    %store/vec4 v000001b3566eb850_0, 0, 1;
    %delay 300000, 0;
    %pushi/vec4 0, 0, 1;
    %store/vec4 v000001b3566eb850_0, 0, 1;
    %delay 80000, 0;
    %pushi/vec4 0, 0, 32;
    %store/vec4 v000001b3566eb2b0_0, 0, 32;
T_119.0 ;
    %load/vec4 v000001b3566eb2b0_0;
    %cmpi/s 8, 0, 32;
    %jmp/0xz T_119.1, 5;
    %pushi/vec4 60, 0, 8;
    %load/vec4 v000001b3566eb2b0_0;
    %part/s 1;
    %store/vec4 v000001b3566eb850_0, 0, 1;
    %delay 80000, 0;
    %load/vec4 v000001b3566eb2b0_0;
    %addi 1, 0, 32;
    %store/vec4 v000001b3566eb2b0_0, 0, 32;
    %jmp T_119.0;
T_119.1 ;
    %pushi/vec4 1, 0, 1;
    %store/vec4 v000001b3566eb850_0, 0, 1;
    %end;
    .thread T_119;
    .scope S_000001b356610440;
T_120 ;
    %pushi/vec4 1, 0, 1;
    %store/vec4 v000001b3566ec750_0, 0, 1;
    %delay 300000, 0;
    %pushi/vec4 0, 0, 1;
    %store/vec4 v000001b3566ec750_0, 0, 1;
    %delay 80000, 0;
    %pushi/vec4 0, 0, 32;
    %store/vec4 v000001b3566ea270_0, 0, 32;
T_120.0 ;
    %load/vec4 v000001b3566ea270_0;
    %cmpi/s 8, 0, 32;
    %jmp/0xz T_120.1, 5;
    %pushi/vec4 165, 0, 8;
    %load/vec4 v000001b3566ea270_0;
    %part/s 1;
    %store/vec4 v000001b3566ec750_0, 0, 1;
    %delay 80000, 0;
    %load/vec4 v000001b3566ea270_0;
    %addi 1, 0, 32;
    %store/vec4 v000001b3566ea270_0, 0, 32;
    %jmp T_120.0;
T_120.1 ;
    %pushi/vec4 1, 0, 1;
    %store/vec4 v000001b3566ec750_0, 0, 1;
    %end;
    .thread T_120;
    .scope S_000001b356610440;
T_121 ;
    %pushi/vec4 0, 0, 32;
    %store/vec4 v000001b3566eaef0_0, 0, 32;
T_121.0 ;
    %load/vec4 v000001b3566eaef0_0;
    %cmpi/s 65536, 0, 32;
    %jmp/0xz T_121.1, 5;
    %pushi/vec4 0, 0, 8;
    %ix/getv/s 4, v000001b3566eaef0_0;
    %store/vec4a v000001b3566c7a00, 4, 0;
    %pushi/vec4 0, 0, 8;
    %ix/getv/s 4, v000001b3566eaef0_0;
    %store/vec4a v000001b35669d5a0, 4, 0;
    %pushi/vec4 0, 0, 8;
    %ix/getv/s 4, v000001b3566eaef0_0;
    %store/vec4a v000001b35667a430, 4, 0;
    %pushi/vec4 0, 0, 8;
    %ix/getv/s 4, v000001b3566eaef0_0;
    %store/vec4a v000001b3565f64f0, 4, 0;
    %load/vec4 v000001b3566eaef0_0;
    %addi 1, 0, 32;
    %store/vec4 v000001b3566eaef0_0, 0, 32;
    %jmp T_121.0;
T_121.1 ;
    %pushi/vec4 4093641363, 0, 32;
    %ix/load 4, 0, 0;
    %flag_set/imm 4, 0;
    %store/vec4a v000001b3566ebe90, 4, 0;
    %pushi/vec4 94372627, 0, 32;
    %ix/load 4, 1, 0;
    %flag_set/imm 4, 0;
    %store/vec4a v000001b3566ebe90, 4, 0;
    %pushi/vec4 6463523, 0, 32;
    %ix/load 4, 2, 0;
    %flag_set/imm 4, 0;
    %store/vec4a v000001b3566ebe90, 4, 0;
    %pushi/vec4 111, 0, 32;
    %ix/load 4, 3, 0;
    %flag_set/imm 4, 0;
    %store/vec4a v000001b3566ebe90, 4, 0;
    %pushi/vec4 4093641363, 0, 32;
    %ix/load 4, 0, 0;
    %flag_set/imm 4, 0;
    %store/vec4a v000001b3566ea4f0, 4, 0;
    %pushi/vec4 4366467, 0, 32;
    %ix/load 4, 1, 0;
    %flag_set/imm 4, 0;
    %store/vec4a v000001b3566ea4f0, 4, 0;
    %pushi/vec4 4255891, 0, 32;
    %ix/load 4, 2, 0;
    %flag_set/imm 4, 0;
    %store/vec4a v000001b3566ea4f0, 4, 0;
    %pushi/vec4 4261448931, 0, 32;
    %ix/load 4, 3, 0;
    %flag_set/imm 4, 0;
    %store/vec4a v000001b3566ea4f0, 4, 0;
    %pushi/vec4 172931, 0, 32;
    %ix/load 4, 4, 0;
    %flag_set/imm 4, 0;
    %store/vec4a v000001b3566ea4f0, 4, 0;
    %pushi/vec4 111, 0, 32;
    %ix/load 4, 5, 0;
    %flag_set/imm 4, 0;
    %store/vec4a v000001b3566ea4f0, 4, 0;
    %pushi/vec4 4093641363, 0, 32;
    %ix/load 4, 0, 0;
    %flag_set/imm 4, 0;
    %store/vec4a v000001b3566ead10, 4, 0;
    %pushi/vec4 68158227, 0, 32;
    %ix/load 4, 1, 0;
    %flag_set/imm 4, 0;
    %store/vec4a v000001b3566ead10, 4, 0;
    %pushi/vec4 6463523, 0, 32;
    %ix/load 4, 2, 0;
    %flag_set/imm 4, 0;
    %store/vec4a v000001b3566ead10, 4, 0;
    %pushi/vec4 4366467, 0, 32;
    %ix/load 4, 3, 0;
    %flag_set/imm 4, 0;
    %store/vec4a v000001b3566ead10, 4, 0;
    %pushi/vec4 4255891, 0, 32;
    %ix/load 4, 4, 0;
    %flag_set/imm 4, 0;
    %store/vec4a v000001b3566ead10, 4, 0;
    %pushi/vec4 4261448931, 0, 32;
    %ix/load 4, 5, 0;
    %flag_set/imm 4, 0;
    %store/vec4a v000001b3566ead10, 4, 0;
    %pushi/vec4 172931, 0, 32;
    %ix/load 4, 6, 0;
    %flag_set/imm 4, 0;
    %store/vec4a v000001b3566ead10, 4, 0;
    %pushi/vec4 111, 0, 32;
    %ix/load 4, 7, 0;
    %flag_set/imm 4, 0;
    %store/vec4a v000001b3566ead10, 4, 0;
    %pushi/vec4 4093641363, 0, 32;
    %ix/load 4, 0, 0;
    %flag_set/imm 4, 0;
    %store/vec4a v000001b3566eabd0, 4, 0;
    %pushi/vec4 1048723, 0, 32;
    %ix/load 4, 1, 0;
    %flag_set/imm 4, 0;
    %store/vec4a v000001b3566eabd0, 4, 0;
    %pushi/vec4 1221667, 0, 32;
    %ix/load 4, 2, 0;
    %flag_set/imm 4, 0;
    %store/vec4a v000001b3566eabd0, 4, 0;
    %pushi/vec4 111, 0, 32;
    %ix/load 4, 3, 0;
    %flag_set/imm 4, 0;
    %store/vec4a v000001b3566eabd0, 4, 0;
    %pushi/vec4 0, 0, 32;
    %store/vec4 v000001b3566eaef0_0, 0, 32;
T_121.2 ;
    %load/vec4 v000001b3566eaef0_0;
    %cmpi/s 4, 0, 32;
    %jmp/0xz T_121.3, 5;
    %load/vec4 v000001b3566eaef0_0;
    %store/vec4 v000001b3565f63b0_0, 0, 32;
    %ix/getv/s 4, v000001b3566eaef0_0;
    %load/vec4a v000001b3566ebe90, 4;
    %store/vec4 v000001b3565f6450_0, 0, 32;
    %fork TD_UART_tb.LT, S_000001b356181520;
    %join;
    %load/vec4 v000001b3566eaef0_0;
    %addi 1, 0, 32;
    %store/vec4 v000001b3566eaef0_0, 0, 32;
    %jmp T_121.2;
T_121.3 ;
    %pushi/vec4 0, 0, 32;
    %store/vec4 v000001b3566eaef0_0, 0, 32;
T_121.4 ;
    %load/vec4 v000001b3566eaef0_0;
    %cmpi/s 6, 0, 32;
    %jmp/0xz T_121.5, 5;
    %load/vec4 v000001b3566eaef0_0;
    %store/vec4 v000001b3565f5f50_0, 0, 32;
    %ix/getv/s 4, v000001b3566eaef0_0;
    %load/vec4a v000001b3566ea4f0, 4;
    %store/vec4 v000001b3565f6130_0, 0, 32;
    %fork TD_UART_tb.LR, S_000001b356181390;
    %join;
    %load/vec4 v000001b3566eaef0_0;
    %addi 1, 0, 32;
    %store/vec4 v000001b3566eaef0_0, 0, 32;
    %jmp T_121.4;
T_121.5 ;
    %pushi/vec4 0, 0, 32;
    %store/vec4 v000001b3566eaef0_0, 0, 32;
T_121.6 ;
    %load/vec4 v000001b3566eaef0_0;
    %cmpi/s 8, 0, 32;
    %jmp/0xz T_121.7, 5;
    %load/vec4 v000001b3566eaef0_0;
    %store/vec4 v000001b3565f6270_0, 0, 32;
    %ix/getv/s 4, v000001b3566eaef0_0;
    %load/vec4a v000001b3566ead10, 4;
    %store/vec4 v000001b3565f4dd0_0, 0, 32;
    %fork TD_UART_tb.LL, S_000001b3561bc000;
    %join;
    %load/vec4 v000001b3566eaef0_0;
    %addi 1, 0, 32;
    %store/vec4 v000001b3566eaef0_0, 0, 32;
    %jmp T_121.6;
T_121.7 ;
    %pushi/vec4 0, 0, 32;
    %store/vec4 v000001b3566eaef0_0, 0, 32;
T_121.8 ;
    %load/vec4 v000001b3566eaef0_0;
    %cmpi/s 4, 0, 32;
    %jmp/0xz T_121.9, 5;
    %load/vec4 v000001b3566eaef0_0;
    %store/vec4 v000001b3565f69f0_0, 0, 32;
    %ix/getv/s 4, v000001b3566eaef0_0;
    %load/vec4a v000001b3566eabd0, 4;
    %store/vec4 v000001b3565f6a90_0, 0, 32;
    %fork TD_UART_tb.LI, S_000001b3561bbe70;
    %join;
    %load/vec4 v000001b3566eaef0_0;
    %addi 1, 0, 32;
    %store/vec4 v000001b3566eaef0_0, 0, 32;
    %jmp T_121.8;
T_121.9 ;
    %delay 12000, 0;
    %pushi/vec4 0, 0, 1;
    %store/vec4 v000001b3566eb030_0, 0, 1;
    %delay 8000000, 0;
    %vpi_call 2 141 "$display", "==== UART checks ====" {0 0 0};
    %load/vec4 v000001b3566eaf90_0;
    %flag_set/vec4 9;
    %flag_get/vec4 9;
    %jmp/0 T_121.12, 9;
    %load/vec4 v000001b3566eac70_0;
    %pushi/vec4 90, 0, 8;
    %cmp/e;
    %flag_get/vec4 6;
    %and;
T_121.12;
    %flag_set/vec4 8;
    %jmp/0xz  T_121.10, 8;
    %vpi_call 2 144 "$display", "  ok   TX  : CPU transmitted 0x5A, decoded 0x%02h off tx line", v000001b3566eac70_0 {0 0 0};
    %jmp T_121.11;
T_121.10 ;
    %load/vec4 v000001b3566ebc10_0;
    %addi 1, 0, 32;
    %store/vec4 v000001b3566ebc10_0, 0, 32;
    %vpi_call 2 146 "$display", "  FAIL TX  : decoded 0x%02h (done=%0d) expected 0x5A", v000001b3566eac70_0, v000001b3566eaf90_0 {0 0 0};
T_121.11 ;
    %ix/load 4, 7, 0;
    %flag_set/imm 4, 0;
    %load/vec4a v000001b3566aeeb0, 4;
    %cmpi/e 60, 0, 32;
    %jmp/0xz  T_121.13, 6;
    %vpi_call 2 150 "$display", "  ok   RX  : CPU received injected byte 0x3C (x7=0x%08h)", &A<v000001b3566aeeb0, 7> {0 0 0};
    %jmp T_121.14;
T_121.13 ;
    %load/vec4 v000001b3566ebc10_0;
    %addi 1, 0, 32;
    %store/vec4 v000001b3566ebc10_0, 0, 32;
    %vpi_call 2 152 "$display", "  FAIL RX  : x7=0x%08h expected 0x0000003C", &A<v000001b3566aeeb0, 7> {0 0 0};
T_121.14 ;
    %ix/load 4, 7, 0;
    %flag_set/imm 4, 0;
    %load/vec4a v000001b356678950, 4;
    %cmpi/e 65, 0, 32;
    %jmp/0xz  T_121.15, 6;
    %vpi_call 2 156 "$display", "  ok   LOOP: CPU sent+received 0x41 (x7=0x%08h)", &A<v000001b356678950, 7> {0 0 0};
    %jmp T_121.16;
T_121.15 ;
    %load/vec4 v000001b3566ebc10_0;
    %addi 1, 0, 32;
    %store/vec4 v000001b3566ebc10_0, 0, 32;
    %vpi_call 2 158 "$display", "  FAIL LOOP: x7=0x%08h expected 0x00000041", &A<v000001b356678950, 7> {0 0 0};
T_121.16 ;
    %load/vec4 v000001b356679d50_0;
    %cmpi/e 1, 0, 1;
    %jmp/0xz  T_121.17, 6;
    %vpi_call 2 163 "$display", "  ok   IRQ  : uart0 irq asserted on injected byte with no CPU polling" {0 0 0};
    %jmp T_121.18;
T_121.17 ;
    %load/vec4 v000001b3566ebc10_0;
    %addi 1, 0, 32;
    %store/vec4 v000001b3566ebc10_0, 0, 32;
    %vpi_call 2 165 "$display", "  FAIL IRQ  : uart0 irq = %b, expected 1 (RX_IE armed, byte injected)", v000001b356679d50_0 {0 0 0};
T_121.18 ;
    %vpi_call 2 167 "$display", "====================" {0 0 0};
    %load/vec4 v000001b3566ebc10_0;
    %cmpi/e 0, 0, 32;
    %jmp/0xz  T_121.19, 4;
    %vpi_call 2 168 "$display", "ALL UART TESTS PASSED (TX, RX, LOOP, IRQ)" {0 0 0};
    %jmp T_121.20;
T_121.19 ;
    %vpi_call 2 169 "$display", "UART FAILED: %0d error(s)", v000001b3566ebc10_0 {0 0 0};
T_121.20 ;
    %vpi_call 2 170 "$finish" {0 0 0};
    %end;
    .thread T_121;
# The file index is used to find the file name in the following table.
:file_names 10;
    "N/A";
    "<interactive>";
    "UARTtb.v";
    "./TopLayer.v";
    "./BRAM.v";
    "./CPU.v";
    "./ALU.v";
    "./Registry.v";
    "./GPIO.v";
    "./UART.v";
